ISO-10303-21;
HEADER;
/* Generated by software containing ST-Developer
 * from STEP Tools, Inc. (www.steptools.com) 
 */

FILE_DESCRIPTION(
/* description */ (''),
/* implementation_level */ '2;1');

FILE_NAME(
/* name */ 'TRARM02_Base.step',
/* time_stamp */ '2026-06-11T09:07:42+09:00',
/* author */ (''),
/* organization */ (''),
/* preprocessor_version */ 'ST-DEVELOPER v20.1',
/* originating_system */ 'Autodesk Translation Framework v15.8.0.0',
/* authorisation */ '');

FILE_SCHEMA (('AUTOMOTIVE_DESIGN { 1 0 10303 214 3 1 1 }'));
ENDSEC;

DATA;
#10=MECHANICAL_DESIGN_GEOMETRIC_PRESENTATION_REPRESENTATION('',(#27,#28),
#3281);
#11=ITEM_DEFINED_TRANSFORMATION($,$,#1991,#2166);
#12=ITEM_DEFINED_TRANSFORMATION($,$,#2086,#2167);
#13=(
REPRESENTATION_RELATIONSHIP($,$,#3295,#3294)
REPRESENTATION_RELATIONSHIP_WITH_TRANSFORMATION(#11)
SHAPE_REPRESENTATION_RELATIONSHIP()
);
#14=(
REPRESENTATION_RELATIONSHIP($,$,#3296,#3294)
REPRESENTATION_RELATIONSHIP_WITH_TRANSFORMATION(#12)
SHAPE_REPRESENTATION_RELATIONSHIP()
);
#15=CONTEXT_DEPENDENT_SHAPE_REPRESENTATION(#13,#3292);
#16=CONTEXT_DEPENDENT_SHAPE_REPRESENTATION(#14,#3293);
#17=NEXT_ASSEMBLY_USAGE_OCCURRENCE(
'TRARM02_Base_Bottom_100x100x20 v1:1',
'TRARM02_Base_Bottom_100x100x20 v1:1',
'TRARM02_Base_Bottom_100x100x20 v1:1',#3298,#3299,
'TRARM02_Base_Bottom_100x100x20 v1:1');
#18=NEXT_ASSEMBLY_USAGE_OCCURRENCE('TRARM02_Base_Top_100x100x10 v1:1',
'TRARM02_Base_Top_100x100x10 v1:1','TRARM02_Base_Top_100x100x10 v1:1',#3298,
#3300,'TRARM02_Base_Top_100x100x10 v1:1');
#19=CONICAL_SURFACE('',#2103,2.5,0.785398163397447);
#20=CONICAL_SURFACE('',#2116,2.5,0.785398163397447);
#21=CONICAL_SURFACE('',#2120,2.5,0.785398163397448);
#22=CONICAL_SURFACE('',#2124,2.5,0.785398163397448);
#23=SHAPE_REPRESENTATION_RELATIONSHIP('SRR','None',#3295,#25);
#24=SHAPE_REPRESENTATION_RELATIONSHIP('SRR','None',#3296,#26);
#25=ADVANCED_BREP_SHAPE_REPRESENTATION('',(#29),#3279);
#26=ADVANCED_BREP_SHAPE_REPRESENTATION('',(#30),#3280);
#27=STYLED_ITEM('',(#3313),#29);
#28=STYLED_ITEM('',(#3313),#30);
#29=MANIFOLD_SOLID_BREP('\X2\BCF8CCB4\X0\4',#1965);
#30=MANIFOLD_SOLID_BREP('\X2\BCF8CCB4\X0\1',#1966);
#31=FACE_BOUND('',#294,.T.);
#32=FACE_BOUND('',#296,.T.);
#33=FACE_BOUND('',#298,.T.);
#34=FACE_BOUND('',#299,.T.);
#35=FACE_BOUND('',#301,.T.);
#36=FACE_BOUND('',#302,.T.);
#37=FACE_BOUND('',#304,.T.);
#38=FACE_BOUND('',#305,.T.);
#39=FACE_BOUND('',#307,.T.);
#40=FACE_BOUND('',#308,.T.);
#41=FACE_BOUND('',#324,.T.);
#42=FACE_BOUND('',#326,.T.);
#43=FACE_BOUND('',#327,.T.);
#44=FACE_BOUND('',#329,.T.);
#45=FACE_BOUND('',#330,.T.);
#46=FACE_BOUND('',#334,.T.);
#47=FACE_BOUND('',#345,.T.);
#48=FACE_BOUND('',#346,.T.);
#49=FACE_BOUND('',#350,.T.);
#50=FACE_BOUND('',#351,.T.);
#51=FACE_BOUND('',#357,.T.);
#52=FACE_BOUND('',#358,.T.);
#53=FACE_BOUND('',#359,.T.);
#54=FACE_BOUND('',#360,.T.);
#55=FACE_BOUND('',#371,.T.);
#56=FACE_BOUND('',#372,.T.);
#57=FACE_BOUND('',#373,.T.);
#58=FACE_BOUND('',#374,.T.);
#59=FACE_BOUND('',#375,.T.);
#60=FACE_BOUND('',#376,.T.);
#61=FACE_BOUND('',#377,.T.);
#62=FACE_BOUND('',#378,.T.);
#63=FACE_BOUND('',#379,.T.);
#64=FACE_BOUND('',#390,.T.);
#65=FACE_BOUND('',#391,.T.);
#66=FACE_BOUND('',#392,.T.);
#67=FACE_BOUND('',#393,.T.);
#68=FACE_BOUND('',#394,.T.);
#69=FACE_BOUND('',#418,.T.);
#70=FACE_BOUND('',#419,.T.);
#71=FACE_BOUND('',#420,.T.);
#72=FACE_BOUND('',#421,.T.);
#73=FACE_BOUND('',#422,.T.);
#74=CIRCLE('',#1999,2.1);
#75=CIRCLE('',#2000,2.1);
#76=CIRCLE('',#2002,2.1);
#77=CIRCLE('',#2003,2.1);
#78=CIRCLE('',#2005,2.1);
#79=CIRCLE('',#2006,2.1);
#80=CIRCLE('',#2008,2.1);
#81=CIRCLE('',#2009,2.1);
#82=CIRCLE('',#2011,3.);
#83=CIRCLE('',#2012,3.);
#84=CIRCLE('',#2013,1.45);
#85=CIRCLE('',#2015,3.);
#86=CIRCLE('',#2016,3.);
#87=CIRCLE('',#2017,1.45);
#88=CIRCLE('',#2023,1.45);
#89=CIRCLE('',#2025,1.45);
#90=CIRCLE('',#2026,1.45);
#91=CIRCLE('',#2028,1.45);
#92=CIRCLE('',#2030,1.45);
#93=CIRCLE('',#2031,1.45);
#94=CIRCLE('',#2039,2.1);
#95=CIRCLE('',#2040,2.1);
#96=CIRCLE('',#2042,2.1);
#97=CIRCLE('',#2043,2.1);
#98=CIRCLE('',#2045,2.1);
#99=CIRCLE('',#2046,2.1);
#100=CIRCLE('',#2048,2.1);
#101=CIRCLE('',#2049,2.1);
#102=CIRCLE('',#2051,3.);
#103=CIRCLE('',#2052,3.);
#104=CIRCLE('',#2056,3.);
#105=CIRCLE('',#2059,3.);
#106=CIRCLE('',#2060,3.);
#107=CIRCLE('',#2062,3.);
#108=CIRCLE('',#2065,3.);
#109=CIRCLE('',#2068,3.);
#110=CIRCLE('',#2071,3.);
#111=CIRCLE('',#2073,3.);
#112=CIRCLE('',#2075,3.);
#113=CIRCLE('',#2078,3.);
#114=CIRCLE('',#2088,2.25);
#115=CIRCLE('',#2089,2.25);
#116=CIRCLE('',#2091,2.25);
#117=CIRCLE('',#2092,2.25);
#118=CIRCLE('',#2094,2.25);
#119=CIRCLE('',#2095,2.25);
#120=CIRCLE('',#2101,2.25);
#121=CIRCLE('',#2102,2.25);
#122=CIRCLE('',#2104,3.5);
#123=CIRCLE('',#2105,1.5);
#124=CIRCLE('',#2107,3.);
#125=CIRCLE('',#2108,3.);
#126=CIRCLE('',#2109,3.);
#127=CIRCLE('',#2110,3.);
#128=CIRCLE('',#2111,3.5);
#129=CIRCLE('',#2112,3.5);
#130=CIRCLE('',#2113,3.5);
#131=CIRCLE('',#2115,1.5);
#132=CIRCLE('',#2117,1.5);
#133=CIRCLE('',#2119,1.5);
#134=CIRCLE('',#2121,1.5);
#135=CIRCLE('',#2123,1.5);
#136=CIRCLE('',#2125,1.5);
#137=CIRCLE('',#2127,1.5);
#138=CIRCLE('',#2129,3.);
#139=CIRCLE('',#2130,3.);
#140=CIRCLE('',#2133,3.);
#141=CIRCLE('',#2134,3.);
#142=CIRCLE('',#2135,3.);
#143=CIRCLE('',#2136,3.);
#144=CIRCLE('',#2137,3.);
#145=CIRCLE('',#2138,3.);
#146=CIRCLE('',#2139,3.);
#147=CIRCLE('',#2141,3.);
#148=CIRCLE('',#2144,3.);
#149=CIRCLE('',#2147,3.);
#150=CYLINDRICAL_SURFACE('',#1998,2.1);
#151=CYLINDRICAL_SURFACE('',#2001,2.1);
#152=CYLINDRICAL_SURFACE('',#2004,2.1);
#153=CYLINDRICAL_SURFACE('',#2007,2.1);
#154=CYLINDRICAL_SURFACE('',#2022,1.45);
#155=CYLINDRICAL_SURFACE('',#2024,1.45);
#156=CYLINDRICAL_SURFACE('',#2027,1.45);
#157=CYLINDRICAL_SURFACE('',#2029,1.45);
#158=CYLINDRICAL_SURFACE('',#2038,2.1);
#159=CYLINDRICAL_SURFACE('',#2041,2.1);
#160=CYLINDRICAL_SURFACE('',#2044,2.1);
#161=CYLINDRICAL_SURFACE('',#2047,2.1);
#162=CYLINDRICAL_SURFACE('',#2055,3.);
#163=CYLINDRICAL_SURFACE('',#2061,3.);
#164=CYLINDRICAL_SURFACE('',#2064,3.);
#165=CYLINDRICAL_SURFACE('',#2067,3.);
#166=CYLINDRICAL_SURFACE('',#2070,3.);
#167=CYLINDRICAL_SURFACE('',#2072,3.);
#168=CYLINDRICAL_SURFACE('',#2074,3.);
#169=CYLINDRICAL_SURFACE('',#2077,3.);
#170=CYLINDRICAL_SURFACE('',#2087,2.25);
#171=CYLINDRICAL_SURFACE('',#2090,2.25);
#172=CYLINDRICAL_SURFACE('',#2093,2.25);
#173=CYLINDRICAL_SURFACE('',#2100,2.25);
#174=CYLINDRICAL_SURFACE('',#2114,1.5);
#175=CYLINDRICAL_SURFACE('',#2118,1.5);
#176=CYLINDRICAL_SURFACE('',#2122,1.5);
#177=CYLINDRICAL_SURFACE('',#2126,1.5);
#178=CYLINDRICAL_SURFACE('',#2128,3.);
#179=CYLINDRICAL_SURFACE('',#2140,3.);
#180=CYLINDRICAL_SURFACE('',#2143,3.);
#181=CYLINDRICAL_SURFACE('',#2146,3.);
#182=CYLINDRICAL_SURFACE('',#2149,3.);
#183=CYLINDRICAL_SURFACE('',#2151,3.);
#184=CYLINDRICAL_SURFACE('',#2153,3.);
#185=CYLINDRICAL_SURFACE('',#2155,3.);
#186=FACE_OUTER_BOUND('',#283,.T.);
#187=FACE_OUTER_BOUND('',#284,.T.);
#188=FACE_OUTER_BOUND('',#285,.T.);
#189=FACE_OUTER_BOUND('',#286,.T.);
#190=FACE_OUTER_BOUND('',#287,.T.);
#191=FACE_OUTER_BOUND('',#288,.T.);
#192=FACE_OUTER_BOUND('',#289,.T.);
#193=FACE_OUTER_BOUND('',#290,.T.);
#194=FACE_OUTER_BOUND('',#291,.T.);
#195=FACE_OUTER_BOUND('',#292,.T.);
#196=FACE_OUTER_BOUND('',#293,.T.);
#197=FACE_OUTER_BOUND('',#295,.T.);
#198=FACE_OUTER_BOUND('',#297,.T.);
#199=FACE_OUTER_BOUND('',#300,.T.);
#200=FACE_OUTER_BOUND('',#303,.T.);
#201=FACE_OUTER_BOUND('',#306,.T.);
#202=FACE_OUTER_BOUND('',#309,.T.);
#203=FACE_OUTER_BOUND('',#310,.T.);
#204=FACE_OUTER_BOUND('',#311,.T.);
#205=FACE_OUTER_BOUND('',#312,.T.);
#206=FACE_OUTER_BOUND('',#313,.T.);
#207=FACE_OUTER_BOUND('',#314,.T.);
#208=FACE_OUTER_BOUND('',#315,.T.);
#209=FACE_OUTER_BOUND('',#316,.T.);
#210=FACE_OUTER_BOUND('',#317,.T.);
#211=FACE_OUTER_BOUND('',#318,.T.);
#212=FACE_OUTER_BOUND('',#319,.T.);
#213=FACE_OUTER_BOUND('',#320,.T.);
#214=FACE_OUTER_BOUND('',#321,.T.);
#215=FACE_OUTER_BOUND('',#322,.T.);
#216=FACE_OUTER_BOUND('',#323,.T.);
#217=FACE_OUTER_BOUND('',#325,.T.);
#218=FACE_OUTER_BOUND('',#328,.T.);
#219=FACE_OUTER_BOUND('',#331,.T.);
#220=FACE_OUTER_BOUND('',#332,.T.);
#221=FACE_OUTER_BOUND('',#333,.T.);
#222=FACE_OUTER_BOUND('',#335,.T.);
#223=FACE_OUTER_BOUND('',#336,.T.);
#224=FACE_OUTER_BOUND('',#337,.T.);
#225=FACE_OUTER_BOUND('',#338,.T.);
#226=FACE_OUTER_BOUND('',#339,.T.);
#227=FACE_OUTER_BOUND('',#340,.T.);
#228=FACE_OUTER_BOUND('',#341,.T.);
#229=FACE_OUTER_BOUND('',#342,.T.);
#230=FACE_OUTER_BOUND('',#343,.T.);
#231=FACE_OUTER_BOUND('',#344,.T.);
#232=FACE_OUTER_BOUND('',#347,.T.);
#233=FACE_OUTER_BOUND('',#348,.T.);
#234=FACE_OUTER_BOUND('',#349,.T.);
#235=FACE_OUTER_BOUND('',#352,.T.);
#236=FACE_OUTER_BOUND('',#353,.T.);
#237=FACE_OUTER_BOUND('',#354,.T.);
#238=FACE_OUTER_BOUND('',#355,.T.);
#239=FACE_OUTER_BOUND('',#356,.T.);
#240=FACE_OUTER_BOUND('',#361,.T.);
#241=FACE_OUTER_BOUND('',#362,.T.);
#242=FACE_OUTER_BOUND('',#363,.T.);
#243=FACE_OUTER_BOUND('',#364,.T.);
#244=FACE_OUTER_BOUND('',#365,.T.);
#245=FACE_OUTER_BOUND('',#366,.T.);
#246=FACE_OUTER_BOUND('',#367,.T.);
#247=FACE_OUTER_BOUND('',#368,.T.);
#248=FACE_OUTER_BOUND('',#369,.T.);
#249=FACE_OUTER_BOUND('',#370,.T.);
#250=FACE_OUTER_BOUND('',#380,.T.);
#251=FACE_OUTER_BOUND('',#381,.T.);
#252=FACE_OUTER_BOUND('',#382,.T.);
#253=FACE_OUTER_BOUND('',#383,.T.);
#254=FACE_OUTER_BOUND('',#384,.T.);
#255=FACE_OUTER_BOUND('',#385,.T.);
#256=FACE_OUTER_BOUND('',#386,.T.);
#257=FACE_OUTER_BOUND('',#387,.T.);
#258=FACE_OUTER_BOUND('',#388,.T.);
#259=FACE_OUTER_BOUND('',#389,.T.);
#260=FACE_OUTER_BOUND('',#395,.T.);
#261=FACE_OUTER_BOUND('',#396,.T.);
#262=FACE_OUTER_BOUND('',#397,.T.);
#263=FACE_OUTER_BOUND('',#398,.T.);
#264=FACE_OUTER_BOUND('',#399,.T.);
#265=FACE_OUTER_BOUND('',#400,.T.);
#266=FACE_OUTER_BOUND('',#401,.T.);
#267=FACE_OUTER_BOUND('',#402,.T.);
#268=FACE_OUTER_BOUND('',#403,.T.);
#269=FACE_OUTER_BOUND('',#404,.T.);
#270=FACE_OUTER_BOUND('',#405,.T.);
#271=FACE_OUTER_BOUND('',#406,.T.);
#272=FACE_OUTER_BOUND('',#407,.T.);
#273=FACE_OUTER_BOUND('',#408,.T.);
#274=FACE_OUTER_BOUND('',#409,.T.);
#275=FACE_OUTER_BOUND('',#410,.T.);
#276=FACE_OUTER_BOUND('',#411,.T.);
#277=FACE_OUTER_BOUND('',#412,.T.);
#278=FACE_OUTER_BOUND('',#413,.T.);
#279=FACE_OUTER_BOUND('',#414,.T.);
#280=FACE_OUTER_BOUND('',#415,.T.);
#281=FACE_OUTER_BOUND('',#416,.T.);
#282=FACE_OUTER_BOUND('',#417,.T.);
#283=EDGE_LOOP('',(#1267,#1268,#1269,#1270));
#284=EDGE_LOOP('',(#1271,#1272,#1273,#1274));
#285=EDGE_LOOP('',(#1275,#1276,#1277,#1278));
#286=EDGE_LOOP('',(#1279,#1280,#1281,#1282));
#287=EDGE_LOOP('',(#1283,#1284,#1285,#1286));
#288=EDGE_LOOP('',(#1287,#1288,#1289,#1290));
#289=EDGE_LOOP('',(#1291,#1292,#1293,#1294));
#290=EDGE_LOOP('',(#1295,#1296,#1297,#1298));
#291=EDGE_LOOP('',(#1299,#1300,#1301,#1302));
#292=EDGE_LOOP('',(#1303,#1304,#1305,#1306));
#293=EDGE_LOOP('',(#1307,#1308,#1309,#1310,#1311,#1312,#1313,#1314,#1315,
#1316));
#294=EDGE_LOOP('',(#1317));
#295=EDGE_LOOP('',(#1318,#1319,#1320,#1321,#1322,#1323,#1324,#1325,#1326,
#1327));
#296=EDGE_LOOP('',(#1328));
#297=EDGE_LOOP('',(#1329,#1330,#1331,#1332,#1333,#1334,#1335,#1336));
#298=EDGE_LOOP('',(#1337));
#299=EDGE_LOOP('',(#1338));
#300=EDGE_LOOP('',(#1339,#1340,#1341,#1342,#1343,#1344,#1345,#1346));
#301=EDGE_LOOP('',(#1347));
#302=EDGE_LOOP('',(#1348));
#303=EDGE_LOOP('',(#1349,#1350,#1351,#1352,#1353,#1354,#1355,#1356));
#304=EDGE_LOOP('',(#1357));
#305=EDGE_LOOP('',(#1358));
#306=EDGE_LOOP('',(#1359,#1360,#1361,#1362,#1363,#1364,#1365,#1366));
#307=EDGE_LOOP('',(#1367));
#308=EDGE_LOOP('',(#1368));
#309=EDGE_LOOP('',(#1369,#1370,#1371,#1372));
#310=EDGE_LOOP('',(#1373,#1374,#1375,#1376));
#311=EDGE_LOOP('',(#1377,#1378,#1379,#1380));
#312=EDGE_LOOP('',(#1381,#1382,#1383,#1384));
#313=EDGE_LOOP('',(#1385,#1386,#1387,#1388));
#314=EDGE_LOOP('',(#1389,#1390,#1391,#1392));
#315=EDGE_LOOP('',(#1393,#1394,#1395,#1396));
#316=EDGE_LOOP('',(#1397,#1398,#1399,#1400));
#317=EDGE_LOOP('',(#1401,#1402,#1403,#1404));
#318=EDGE_LOOP('',(#1405,#1406,#1407,#1408));
#319=EDGE_LOOP('',(#1409,#1410,#1411,#1412));
#320=EDGE_LOOP('',(#1413,#1414,#1415,#1416));
#321=EDGE_LOOP('',(#1417,#1418,#1419,#1420));
#322=EDGE_LOOP('',(#1421,#1422,#1423,#1424));
#323=EDGE_LOOP('',(#1425,#1426,#1427,#1428,#1429,#1430,#1431,#1432,#1433,
#1434));
#324=EDGE_LOOP('',(#1435));
#325=EDGE_LOOP('',(#1436,#1437,#1438,#1439,#1440,#1441,#1442,#1443));
#326=EDGE_LOOP('',(#1444));
#327=EDGE_LOOP('',(#1445));
#328=EDGE_LOOP('',(#1446,#1447,#1448,#1449,#1450,#1451,#1452,#1453));
#329=EDGE_LOOP('',(#1454));
#330=EDGE_LOOP('',(#1455));
#331=EDGE_LOOP('',(#1456,#1457,#1458,#1459));
#332=EDGE_LOOP('',(#1460,#1461,#1462,#1463));
#333=EDGE_LOOP('',(#1464,#1465,#1466,#1467,#1468,#1469,#1470,#1471,#1472,
#1473));
#334=EDGE_LOOP('',(#1474));
#335=EDGE_LOOP('',(#1475,#1476,#1477,#1478));
#336=EDGE_LOOP('',(#1479,#1480,#1481,#1482));
#337=EDGE_LOOP('',(#1483,#1484,#1485,#1486));
#338=EDGE_LOOP('',(#1487,#1488,#1489,#1490));
#339=EDGE_LOOP('',(#1491,#1492,#1493,#1494));
#340=EDGE_LOOP('',(#1495,#1496,#1497,#1498));
#341=EDGE_LOOP('',(#1499,#1500,#1501,#1502));
#342=EDGE_LOOP('',(#1503,#1504,#1505,#1506));
#343=EDGE_LOOP('',(#1507,#1508,#1509,#1510));
#344=EDGE_LOOP('',(#1511,#1512,#1513,#1514,#1515,#1516,#1517,#1518));
#345=EDGE_LOOP('',(#1519));
#346=EDGE_LOOP('',(#1520));
#347=EDGE_LOOP('',(#1521,#1522,#1523,#1524));
#348=EDGE_LOOP('',(#1525,#1526,#1527,#1528));
#349=EDGE_LOOP('',(#1529,#1530,#1531,#1532,#1533,#1534,#1535,#1536));
#350=EDGE_LOOP('',(#1537));
#351=EDGE_LOOP('',(#1538));
#352=EDGE_LOOP('',(#1539,#1540,#1541,#1542));
#353=EDGE_LOOP('',(#1543,#1544,#1545,#1546));
#354=EDGE_LOOP('',(#1547,#1548,#1549,#1550));
#355=EDGE_LOOP('',(#1551,#1552,#1553,#1554,#1555,#1556,#1557,#1558,#1559,
#1560,#1561,#1562,#1563,#1564,#1565,#1566));
#356=EDGE_LOOP('',(#1567,#1568,#1569,#1570,#1571,#1572,#1573,#1574));
#357=EDGE_LOOP('',(#1575));
#358=EDGE_LOOP('',(#1576));
#359=EDGE_LOOP('',(#1577));
#360=EDGE_LOOP('',(#1578));
#361=EDGE_LOOP('',(#1579,#1580,#1581,#1582));
#362=EDGE_LOOP('',(#1583,#1584,#1585,#1586));
#363=EDGE_LOOP('',(#1587,#1588,#1589,#1590));
#364=EDGE_LOOP('',(#1591,#1592,#1593,#1594));
#365=EDGE_LOOP('',(#1595,#1596,#1597,#1598));
#366=EDGE_LOOP('',(#1599,#1600,#1601,#1602));
#367=EDGE_LOOP('',(#1603,#1604,#1605,#1606));
#368=EDGE_LOOP('',(#1607,#1608,#1609,#1610));
#369=EDGE_LOOP('',(#1611,#1612,#1613,#1614));
#370=EDGE_LOOP('',(#1615,#1616,#1617,#1618,#1619,#1620,#1621,#1622));
#371=EDGE_LOOP('',(#1623));
#372=EDGE_LOOP('',(#1624));
#373=EDGE_LOOP('',(#1625));
#374=EDGE_LOOP('',(#1626,#1627,#1628,#1629));
#375=EDGE_LOOP('',(#1630));
#376=EDGE_LOOP('',(#1631));
#377=EDGE_LOOP('',(#1632));
#378=EDGE_LOOP('',(#1633));
#379=EDGE_LOOP('',(#1634));
#380=EDGE_LOOP('',(#1635,#1636,#1637,#1638));
#381=EDGE_LOOP('',(#1639,#1640,#1641,#1642));
#382=EDGE_LOOP('',(#1643,#1644,#1645,#1646));
#383=EDGE_LOOP('',(#1647,#1648,#1649,#1650));
#384=EDGE_LOOP('',(#1651,#1652,#1653,#1654));
#385=EDGE_LOOP('',(#1655,#1656,#1657,#1658));
#386=EDGE_LOOP('',(#1659,#1660,#1661,#1662));
#387=EDGE_LOOP('',(#1663,#1664,#1665,#1666));
#388=EDGE_LOOP('',(#1667,#1668,#1669,#1670));
#389=EDGE_LOOP('',(#1671,#1672,#1673,#1674,#1675,#1676,#1677,#1678));
#390=EDGE_LOOP('',(#1679));
#391=EDGE_LOOP('',(#1680));
#392=EDGE_LOOP('',(#1681));
#393=EDGE_LOOP('',(#1682));
#394=EDGE_LOOP('',(#1683,#1684,#1685,#1686,#1687,#1688,#1689,#1690,#1691,
#1692,#1693,#1694,#1695,#1696,#1697,#1698));
#395=EDGE_LOOP('',(#1699,#1700,#1701,#1702));
#396=EDGE_LOOP('',(#1703,#1704,#1705,#1706));
#397=EDGE_LOOP('',(#1707,#1708,#1709,#1710));
#398=EDGE_LOOP('',(#1711,#1712,#1713,#1714));
#399=EDGE_LOOP('',(#1715,#1716,#1717,#1718));
#400=EDGE_LOOP('',(#1719,#1720,#1721,#1722));
#401=EDGE_LOOP('',(#1723,#1724,#1725,#1726));
#402=EDGE_LOOP('',(#1727,#1728,#1729,#1730));
#403=EDGE_LOOP('',(#1731,#1732,#1733,#1734));
#404=EDGE_LOOP('',(#1735,#1736,#1737,#1738));
#405=EDGE_LOOP('',(#1739,#1740,#1741,#1742));
#406=EDGE_LOOP('',(#1743,#1744,#1745,#1746));
#407=EDGE_LOOP('',(#1747,#1748,#1749,#1750));
#408=EDGE_LOOP('',(#1751,#1752,#1753,#1754));
#409=EDGE_LOOP('',(#1755,#1756,#1757,#1758));
#410=EDGE_LOOP('',(#1759,#1760,#1761,#1762));
#411=EDGE_LOOP('',(#1763,#1764,#1765,#1766));
#412=EDGE_LOOP('',(#1767,#1768,#1769,#1770));
#413=EDGE_LOOP('',(#1771,#1772,#1773,#1774));
#414=EDGE_LOOP('',(#1775,#1776,#1777,#1778));
#415=EDGE_LOOP('',(#1779,#1780,#1781,#1782));
#416=EDGE_LOOP('',(#1783,#1784,#1785,#1786));
#417=EDGE_LOOP('',(#1787,#1788,#1789,#1790,#1791,#1792,#1793,#1794,#1795,
#1796,#1797,#1798,#1799,#1800,#1801,#1802));
#418=EDGE_LOOP('',(#1803));
#419=EDGE_LOOP('',(#1804));
#420=EDGE_LOOP('',(#1805));
#421=EDGE_LOOP('',(#1806,#1807,#1808,#1809));
#422=EDGE_LOOP('',(#1810));
#423=LINE('',#2725,#619);
#424=LINE('',#2727,#620);
#425=LINE('',#2729,#621);
#426=LINE('',#2730,#622);
#427=LINE('',#2734,#623);
#428=LINE('',#2736,#624);
#429=LINE('',#2738,#625);
#430=LINE('',#2739,#626);
#431=LINE('',#2742,#627);
#432=LINE('',#2744,#628);
#433=LINE('',#2745,#629);
#434=LINE('',#2748,#630);
#435=LINE('',#2750,#631);
#436=LINE('',#2751,#632);
#437=LINE('',#2754,#633);
#438=LINE('',#2756,#634);
#439=LINE('',#2757,#635);
#440=LINE('',#2760,#636);
#441=LINE('',#2762,#637);
#442=LINE('',#2763,#638);
#443=LINE('',#2768,#639);
#444=LINE('',#2774,#640);
#445=LINE('',#2780,#641);
#446=LINE('',#2786,#642);
#447=LINE('',#2790,#643);
#448=LINE('',#2792,#644);
#449=LINE('',#2796,#645);
#450=LINE('',#2798,#646);
#451=LINE('',#2800,#647);
#452=LINE('',#2802,#648);
#453=LINE('',#2805,#649);
#454=LINE('',#2810,#650);
#455=LINE('',#2814,#651);
#456=LINE('',#2816,#652);
#457=LINE('',#2818,#653);
#458=LINE('',#2820,#654);
#459=LINE('',#2824,#655);
#460=LINE('',#2825,#656);
#461=LINE('',#2830,#657);
#462=LINE('',#2832,#658);
#463=LINE('',#2834,#659);
#464=LINE('',#2835,#660);
#465=LINE('',#2838,#661);
#466=LINE('',#2840,#662);
#467=LINE('',#2842,#663);
#468=LINE('',#2843,#664);
#469=LINE('',#2846,#665);
#470=LINE('',#2848,#666);
#471=LINE('',#2850,#667);
#472=LINE('',#2851,#668);
#473=LINE('',#2854,#669);
#474=LINE('',#2856,#670);
#475=LINE('',#2858,#671);
#476=LINE('',#2859,#672);
#477=LINE('',#2862,#673);
#478=LINE('',#2868,#674);
#479=LINE('',#2872,#675);
#480=LINE('',#2878,#676);
#481=LINE('',#2882,#677);
#482=LINE('',#2884,#678);
#483=LINE('',#2885,#679);
#484=LINE('',#2889,#680);
#485=LINE('',#2891,#681);
#486=LINE('',#2893,#682);
#487=LINE('',#2894,#683);
#488=LINE('',#2897,#684);
#489=LINE('',#2899,#685);
#490=LINE('',#2900,#686);
#491=LINE('',#2902,#687);
#492=LINE('',#2903,#688);
#493=LINE('',#2907,#689);
#494=LINE('',#2909,#690);
#495=LINE('',#2911,#691);
#496=LINE('',#2912,#692);
#497=LINE('',#2914,#693);
#498=LINE('',#2915,#694);
#499=LINE('',#2920,#695);
#500=LINE('',#2926,#696);
#501=LINE('',#2932,#697);
#502=LINE('',#2938,#698);
#503=LINE('',#2943,#699);
#504=LINE('',#2945,#700);
#505=LINE('',#2947,#701);
#506=LINE('',#2950,#702);
#507=LINE('',#2953,#703);
#508=LINE('',#2955,#704);
#509=LINE('',#2957,#705);
#510=LINE('',#2958,#706);
#511=LINE('',#2961,#707);
#512=LINE('',#2963,#708);
#513=LINE('',#2964,#709);
#514=LINE('',#2967,#710);
#515=LINE('',#2970,#711);
#516=LINE('',#2973,#712);
#517=LINE('',#2974,#713);
#518=LINE('',#2977,#714);
#519=LINE('',#2981,#715);
#520=LINE('',#2982,#716);
#521=LINE('',#2986,#717);
#522=LINE('',#2989,#718);
#523=LINE('',#2991,#719);
#524=LINE('',#2994,#720);
#525=LINE('',#2997,#721);
#526=LINE('',#2999,#722);
#527=LINE('',#3002,#723);
#528=LINE('',#3005,#724);
#529=LINE('',#3007,#725);
#530=LINE('',#3015,#726);
#531=LINE('',#3018,#727);
#532=LINE('',#3019,#728);
#533=LINE('',#3023,#729);
#534=LINE('',#3026,#730);
#535=LINE('',#3027,#731);
#536=LINE('',#3029,#732);
#537=LINE('',#3031,#733);
#538=LINE('',#3033,#734);
#539=LINE('',#3041,#735);
#540=LINE('',#3047,#736);
#541=LINE('',#3053,#737);
#542=LINE('',#3058,#738);
#543=LINE('',#3060,#739);
#544=LINE('',#3062,#740);
#545=LINE('',#3063,#741);
#546=LINE('',#3066,#742);
#547=LINE('',#3068,#743);
#548=LINE('',#3069,#744);
#549=LINE('',#3072,#745);
#550=LINE('',#3074,#746);
#551=LINE('',#3075,#747);
#552=LINE('',#3077,#748);
#553=LINE('',#3078,#749);
#554=LINE('',#3083,#750);
#555=LINE('',#3089,#751);
#556=LINE('',#3096,#752);
#557=LINE('',#3100,#753);
#558=LINE('',#3104,#754);
#559=LINE('',#3107,#755);
#560=LINE('',#3117,#756);
#561=LINE('',#3120,#757);
#562=LINE('',#3125,#758);
#563=LINE('',#3128,#759);
#564=LINE('',#3133,#760);
#565=LINE('',#3136,#761);
#566=LINE('',#3141,#762);
#567=LINE('',#3147,#763);
#568=LINE('',#3150,#764);
#569=LINE('',#3153,#765);
#570=LINE('',#3155,#766);
#571=LINE('',#3156,#767);
#572=LINE('',#3162,#768);
#573=LINE('',#3166,#769);
#574=LINE('',#3170,#770);
#575=LINE('',#3173,#771);
#576=LINE('',#3175,#772);
#577=LINE('',#3177,#773);
#578=LINE('',#3179,#774);
#579=LINE('',#3183,#775);
#580=LINE('',#3185,#776);
#581=LINE('',#3187,#777);
#582=LINE('',#3191,#778);
#583=LINE('',#3193,#779);
#584=LINE('',#3195,#780);
#585=LINE('',#3199,#781);
#586=LINE('',#3200,#782);
#587=LINE('',#3203,#783);
#588=LINE('',#3206,#784);
#589=LINE('',#3209,#785);
#590=LINE('',#3210,#786);
#591=LINE('',#3213,#787);
#592=LINE('',#3216,#788);
#593=LINE('',#3219,#789);
#594=LINE('',#3220,#790);
#595=LINE('',#3223,#791);
#596=LINE('',#3226,#792);
#597=LINE('',#3229,#793);
#598=LINE('',#3230,#794);
#599=LINE('',#3232,#795);
#600=LINE('',#3233,#796);
#601=LINE('',#3235,#797);
#602=LINE('',#3237,#798);
#603=LINE('',#3239,#799);
#604=LINE('',#3241,#800);
#605=LINE('',#3243,#801);
#606=LINE('',#3245,#802);
#607=LINE('',#3249,#803);
#608=LINE('',#3250,#804);
#609=LINE('',#3252,#805);
#610=LINE('',#3255,#806);
#611=LINE('',#3256,#807);
#612=LINE('',#3258,#808);
#613=LINE('',#3261,#809);
#614=LINE('',#3262,#810);
#615=LINE('',#3264,#811);
#616=LINE('',#3267,#812);
#617=LINE('',#3268,#813);
#618=LINE('',#3270,#814);
#619=VECTOR('',#2174,10.);
#620=VECTOR('',#2175,10.);
#621=VECTOR('',#2176,10.);
#622=VECTOR('',#2177,10.);
#623=VECTOR('',#2180,10.);
#624=VECTOR('',#2181,10.);
#625=VECTOR('',#2182,10.);
#626=VECTOR('',#2183,10.);
#627=VECTOR('',#2186,10.);
#628=VECTOR('',#2187,10.);
#629=VECTOR('',#2188,10.);
#630=VECTOR('',#2191,10.);
#631=VECTOR('',#2192,10.);
#632=VECTOR('',#2193,10.);
#633=VECTOR('',#2196,10.);
#634=VECTOR('',#2197,10.);
#635=VECTOR('',#2198,10.);
#636=VECTOR('',#2201,10.);
#637=VECTOR('',#2202,10.);
#638=VECTOR('',#2203,10.);
#639=VECTOR('',#2208,2.1);
#640=VECTOR('',#2215,2.1);
#641=VECTOR('',#2222,2.1);
#642=VECTOR('',#2229,2.1);
#643=VECTOR('',#2234,10.);
#644=VECTOR('',#2235,10.);
#645=VECTOR('',#2238,10.);
#646=VECTOR('',#2239,10.);
#647=VECTOR('',#2240,10.);
#648=VECTOR('',#2241,10.);
#649=VECTOR('',#2244,10.);
#650=VECTOR('',#2249,10.);
#651=VECTOR('',#2252,10.);
#652=VECTOR('',#2253,10.);
#653=VECTOR('',#2254,10.);
#654=VECTOR('',#2255,10.);
#655=VECTOR('',#2258,10.);
#656=VECTOR('',#2259,10.);
#657=VECTOR('',#2264,10.);
#658=VECTOR('',#2265,10.);
#659=VECTOR('',#2266,10.);
#660=VECTOR('',#2267,10.);
#661=VECTOR('',#2270,10.);
#662=VECTOR('',#2271,10.);
#663=VECTOR('',#2272,10.);
#664=VECTOR('',#2273,10.);
#665=VECTOR('',#2276,10.);
#666=VECTOR('',#2277,10.);
#667=VECTOR('',#2278,10.);
#668=VECTOR('',#2279,10.);
#669=VECTOR('',#2282,10.);
#670=VECTOR('',#2283,10.);
#671=VECTOR('',#2284,10.);
#672=VECTOR('',#2285,10.);
#673=VECTOR('',#2288,1.45);
#674=VECTOR('',#2295,1.45);
#675=VECTOR('',#2300,1.45);
#676=VECTOR('',#2307,1.45);
#677=VECTOR('',#2312,10.);
#678=VECTOR('',#2313,10.);
#679=VECTOR('',#2314,10.);
#680=VECTOR('',#2317,10.);
#681=VECTOR('',#2318,10.);
#682=VECTOR('',#2319,10.);
#683=VECTOR('',#2320,10.);
#684=VECTOR('',#2323,10.);
#685=VECTOR('',#2324,10.);
#686=VECTOR('',#2325,10.);
#687=VECTOR('',#2328,10.);
#688=VECTOR('',#2329,10.);
#689=VECTOR('',#2332,10.);
#690=VECTOR('',#2333,10.);
#691=VECTOR('',#2334,10.);
#692=VECTOR('',#2335,10.);
#693=VECTOR('',#2338,10.);
#694=VECTOR('',#2339,10.);
#695=VECTOR('',#2344,2.1);
#696=VECTOR('',#2351,2.1);
#697=VECTOR('',#2358,2.1);
#698=VECTOR('',#2365,2.1);
#699=VECTOR('',#2372,10.);
#700=VECTOR('',#2373,10.);
#701=VECTOR('',#2374,10.);
#702=VECTOR('',#2377,10.);
#703=VECTOR('',#2380,10.);
#704=VECTOR('',#2381,10.);
#705=VECTOR('',#2382,10.);
#706=VECTOR('',#2383,10.);
#707=VECTOR('',#2386,10.);
#708=VECTOR('',#2387,10.);
#709=VECTOR('',#2388,10.);
#710=VECTOR('',#2391,10.);
#711=VECTOR('',#2394,10.);
#712=VECTOR('',#2397,10.);
#713=VECTOR('',#2398,10.);
#714=VECTOR('',#2401,10.);
#715=VECTOR('',#2404,10.);
#716=VECTOR('',#2405,10.);
#717=VECTOR('',#2410,10.);
#718=VECTOR('',#2413,10.);
#719=VECTOR('',#2416,10.);
#720=VECTOR('',#2419,10.);
#721=VECTOR('',#2422,10.);
#722=VECTOR('',#2425,10.);
#723=VECTOR('',#2428,10.);
#724=VECTOR('',#2431,10.);
#725=VECTOR('',#2434,10.);
#726=VECTOR('',#2447,10.);
#727=VECTOR('',#2450,10.);
#728=VECTOR('',#2451,10.);
#729=VECTOR('',#2458,10.);
#730=VECTOR('',#2461,10.);
#731=VECTOR('',#2462,10.);
#732=VECTOR('',#2465,10.);
#733=VECTOR('',#2468,10.);
#734=VECTOR('',#2471,10.);
#735=VECTOR('',#2482,2.25);
#736=VECTOR('',#2489,2.25);
#737=VECTOR('',#2496,2.25);
#738=VECTOR('',#2501,10.);
#739=VECTOR('',#2502,10.);
#740=VECTOR('',#2503,10.);
#741=VECTOR('',#2504,10.);
#742=VECTOR('',#2507,10.);
#743=VECTOR('',#2508,10.);
#744=VECTOR('',#2509,10.);
#745=VECTOR('',#2512,10.);
#746=VECTOR('',#2513,10.);
#747=VECTOR('',#2514,10.);
#748=VECTOR('',#2517,10.);
#749=VECTOR('',#2518,10.);
#750=VECTOR('',#2523,2.25);
#751=VECTOR('',#2530,2.5);
#752=VECTOR('',#2537,10.);
#753=VECTOR('',#2540,10.);
#754=VECTOR('',#2543,10.);
#755=VECTOR('',#2546,10.);
#756=VECTOR('',#2557,1.5);
#757=VECTOR('',#2560,2.5);
#758=VECTOR('',#2567,1.5);
#759=VECTOR('',#2570,2.5);
#760=VECTOR('',#2577,1.5);
#761=VECTOR('',#2580,2.5);
#762=VECTOR('',#2587,1.5);
#763=VECTOR('',#2592,10.);
#764=VECTOR('',#2595,10.);
#765=VECTOR('',#2598,10.);
#766=VECTOR('',#2599,10.);
#767=VECTOR('',#2600,10.);
#768=VECTOR('',#2605,10.);
#769=VECTOR('',#2608,10.);
#770=VECTOR('',#2611,10.);
#771=VECTOR('',#2614,10.);
#772=VECTOR('',#2615,10.);
#773=VECTOR('',#2616,10.);
#774=VECTOR('',#2617,10.);
#775=VECTOR('',#2620,10.);
#776=VECTOR('',#2621,10.);
#777=VECTOR('',#2622,10.);
#778=VECTOR('',#2625,10.);
#779=VECTOR('',#2626,10.);
#780=VECTOR('',#2627,10.);
#781=VECTOR('',#2630,10.);
#782=VECTOR('',#2631,10.);
#783=VECTOR('',#2634,10.);
#784=VECTOR('',#2637,10.);
#785=VECTOR('',#2640,10.);
#786=VECTOR('',#2641,10.);
#787=VECTOR('',#2644,10.);
#788=VECTOR('',#2647,10.);
#789=VECTOR('',#2650,10.);
#790=VECTOR('',#2651,10.);
#791=VECTOR('',#2654,10.);
#792=VECTOR('',#2657,10.);
#793=VECTOR('',#2660,10.);
#794=VECTOR('',#2661,10.);
#795=VECTOR('',#2664,10.);
#796=VECTOR('',#2665,10.);
#797=VECTOR('',#2668,10.);
#798=VECTOR('',#2671,10.);
#799=VECTOR('',#2674,10.);
#800=VECTOR('',#2677,10.);
#801=VECTOR('',#2680,10.);
#802=VECTOR('',#2683,10.);
#803=VECTOR('',#2688,10.);
#804=VECTOR('',#2689,10.);
#805=VECTOR('',#2692,10.);
#806=VECTOR('',#2695,10.);
#807=VECTOR('',#2696,10.);
#808=VECTOR('',#2699,10.);
#809=VECTOR('',#2702,10.);
#810=VECTOR('',#2703,10.);
#811=VECTOR('',#2706,10.);
#812=VECTOR('',#2709,10.);
#813=VECTOR('',#2710,10.);
#814=VECTOR('',#2713,10.);
#815=VERTEX_POINT('',#2723);
#816=VERTEX_POINT('',#2724);
#817=VERTEX_POINT('',#2726);
#818=VERTEX_POINT('',#2728);
#819=VERTEX_POINT('',#2732);
#820=VERTEX_POINT('',#2733);
#821=VERTEX_POINT('',#2735);
#822=VERTEX_POINT('',#2737);
#823=VERTEX_POINT('',#2741);
#824=VERTEX_POINT('',#2743);
#825=VERTEX_POINT('',#2747);
#826=VERTEX_POINT('',#2749);
#827=VERTEX_POINT('',#2753);
#828=VERTEX_POINT('',#2755);
#829=VERTEX_POINT('',#2759);
#830=VERTEX_POINT('',#2761);
#831=VERTEX_POINT('',#2765);
#832=VERTEX_POINT('',#2767);
#833=VERTEX_POINT('',#2771);
#834=VERTEX_POINT('',#2773);
#835=VERTEX_POINT('',#2777);
#836=VERTEX_POINT('',#2779);
#837=VERTEX_POINT('',#2783);
#838=VERTEX_POINT('',#2785);
#839=VERTEX_POINT('',#2789);
#840=VERTEX_POINT('',#2791);
#841=VERTEX_POINT('',#2793);
#842=VERTEX_POINT('',#2795);
#843=VERTEX_POINT('',#2797);
#844=VERTEX_POINT('',#2799);
#845=VERTEX_POINT('',#2801);
#846=VERTEX_POINT('',#2803);
#847=VERTEX_POINT('',#2806);
#848=VERTEX_POINT('',#2809);
#849=VERTEX_POINT('',#2811);
#850=VERTEX_POINT('',#2813);
#851=VERTEX_POINT('',#2815);
#852=VERTEX_POINT('',#2817);
#853=VERTEX_POINT('',#2819);
#854=VERTEX_POINT('',#2821);
#855=VERTEX_POINT('',#2823);
#856=VERTEX_POINT('',#2826);
#857=VERTEX_POINT('',#2829);
#858=VERTEX_POINT('',#2831);
#859=VERTEX_POINT('',#2833);
#860=VERTEX_POINT('',#2837);
#861=VERTEX_POINT('',#2839);
#862=VERTEX_POINT('',#2841);
#863=VERTEX_POINT('',#2845);
#864=VERTEX_POINT('',#2847);
#865=VERTEX_POINT('',#2849);
#866=VERTEX_POINT('',#2853);
#867=VERTEX_POINT('',#2855);
#868=VERTEX_POINT('',#2857);
#869=VERTEX_POINT('',#2861);
#870=VERTEX_POINT('',#2865);
#871=VERTEX_POINT('',#2867);
#872=VERTEX_POINT('',#2871);
#873=VERTEX_POINT('',#2875);
#874=VERTEX_POINT('',#2877);
#875=VERTEX_POINT('',#2881);
#876=VERTEX_POINT('',#2883);
#877=VERTEX_POINT('',#2887);
#878=VERTEX_POINT('',#2888);
#879=VERTEX_POINT('',#2890);
#880=VERTEX_POINT('',#2892);
#881=VERTEX_POINT('',#2896);
#882=VERTEX_POINT('',#2898);
#883=VERTEX_POINT('',#2905);
#884=VERTEX_POINT('',#2906);
#885=VERTEX_POINT('',#2908);
#886=VERTEX_POINT('',#2910);
#887=VERTEX_POINT('',#2917);
#888=VERTEX_POINT('',#2919);
#889=VERTEX_POINT('',#2923);
#890=VERTEX_POINT('',#2925);
#891=VERTEX_POINT('',#2929);
#892=VERTEX_POINT('',#2931);
#893=VERTEX_POINT('',#2935);
#894=VERTEX_POINT('',#2937);
#895=VERTEX_POINT('',#2941);
#896=VERTEX_POINT('',#2944);
#897=VERTEX_POINT('',#2946);
#898=VERTEX_POINT('',#2948);
#899=VERTEX_POINT('',#2952);
#900=VERTEX_POINT('',#2954);
#901=VERTEX_POINT('',#2956);
#902=VERTEX_POINT('',#2960);
#903=VERTEX_POINT('',#2962);
#904=VERTEX_POINT('',#2966);
#905=VERTEX_POINT('',#2968);
#906=VERTEX_POINT('',#2972);
#907=VERTEX_POINT('',#2976);
#908=VERTEX_POINT('',#2978);
#909=VERTEX_POINT('',#2980);
#910=VERTEX_POINT('',#2985);
#911=VERTEX_POINT('',#2987);
#912=VERTEX_POINT('',#2993);
#913=VERTEX_POINT('',#2995);
#914=VERTEX_POINT('',#3001);
#915=VERTEX_POINT('',#3003);
#916=VERTEX_POINT('',#3013);
#917=VERTEX_POINT('',#3017);
#918=VERTEX_POINT('',#3025);
#919=VERTEX_POINT('',#3038);
#920=VERTEX_POINT('',#3040);
#921=VERTEX_POINT('',#3044);
#922=VERTEX_POINT('',#3046);
#923=VERTEX_POINT('',#3050);
#924=VERTEX_POINT('',#3052);
#925=VERTEX_POINT('',#3056);
#926=VERTEX_POINT('',#3057);
#927=VERTEX_POINT('',#3059);
#928=VERTEX_POINT('',#3061);
#929=VERTEX_POINT('',#3065);
#930=VERTEX_POINT('',#3067);
#931=VERTEX_POINT('',#3071);
#932=VERTEX_POINT('',#3073);
#933=VERTEX_POINT('',#3080);
#934=VERTEX_POINT('',#3082);
#935=VERTEX_POINT('',#3086);
#936=VERTEX_POINT('',#3088);
#937=VERTEX_POINT('',#3092);
#938=VERTEX_POINT('',#3093);
#939=VERTEX_POINT('',#3095);
#940=VERTEX_POINT('',#3097);
#941=VERTEX_POINT('',#3099);
#942=VERTEX_POINT('',#3101);
#943=VERTEX_POINT('',#3103);
#944=VERTEX_POINT('',#3105);
#945=VERTEX_POINT('',#3108);
#946=VERTEX_POINT('',#3110);
#947=VERTEX_POINT('',#3112);
#948=VERTEX_POINT('',#3115);
#949=VERTEX_POINT('',#3119);
#950=VERTEX_POINT('',#3123);
#951=VERTEX_POINT('',#3127);
#952=VERTEX_POINT('',#3131);
#953=VERTEX_POINT('',#3135);
#954=VERTEX_POINT('',#3139);
#955=VERTEX_POINT('',#3143);
#956=VERTEX_POINT('',#3144);
#957=VERTEX_POINT('',#3146);
#958=VERTEX_POINT('',#3148);
#959=VERTEX_POINT('',#3152);
#960=VERTEX_POINT('',#3154);
#961=VERTEX_POINT('',#3158);
#962=VERTEX_POINT('',#3159);
#963=VERTEX_POINT('',#3161);
#964=VERTEX_POINT('',#3163);
#965=VERTEX_POINT('',#3165);
#966=VERTEX_POINT('',#3167);
#967=VERTEX_POINT('',#3169);
#968=VERTEX_POINT('',#3171);
#969=VERTEX_POINT('',#3174);
#970=VERTEX_POINT('',#3176);
#971=VERTEX_POINT('',#3178);
#972=VERTEX_POINT('',#3180);
#973=VERTEX_POINT('',#3182);
#974=VERTEX_POINT('',#3184);
#975=VERTEX_POINT('',#3186);
#976=VERTEX_POINT('',#3188);
#977=VERTEX_POINT('',#3190);
#978=VERTEX_POINT('',#3192);
#979=VERTEX_POINT('',#3194);
#980=VERTEX_POINT('',#3196);
#981=VERTEX_POINT('',#3198);
#982=VERTEX_POINT('',#3202);
#983=VERTEX_POINT('',#3204);
#984=VERTEX_POINT('',#3208);
#985=VERTEX_POINT('',#3212);
#986=VERTEX_POINT('',#3214);
#987=VERTEX_POINT('',#3218);
#988=VERTEX_POINT('',#3222);
#989=VERTEX_POINT('',#3224);
#990=VERTEX_POINT('',#3228);
#991=VERTEX_POINT('',#3248);
#992=VERTEX_POINT('',#3254);
#993=VERTEX_POINT('',#3260);
#994=VERTEX_POINT('',#3266);
#995=EDGE_CURVE('',#815,#816,#423,.T.);
#996=EDGE_CURVE('',#817,#815,#424,.T.);
#997=EDGE_CURVE('',#818,#817,#425,.T.);
#998=EDGE_CURVE('',#818,#816,#426,.T.);
#999=EDGE_CURVE('',#819,#820,#427,.T.);
#1000=EDGE_CURVE('',#819,#821,#428,.T.);
#1001=EDGE_CURVE('',#822,#821,#429,.T.);
#1002=EDGE_CURVE('',#820,#822,#430,.T.);
#1003=EDGE_CURVE('',#823,#815,#431,.T.);
#1004=EDGE_CURVE('',#824,#823,#432,.T.);
#1005=EDGE_CURVE('',#817,#824,#433,.T.);
#1006=EDGE_CURVE('',#820,#825,#434,.T.);
#1007=EDGE_CURVE('',#826,#822,#435,.T.);
#1008=EDGE_CURVE('',#825,#826,#436,.T.);
#1009=EDGE_CURVE('',#816,#827,#437,.T.);
#1010=EDGE_CURVE('',#828,#818,#438,.T.);
#1011=EDGE_CURVE('',#827,#828,#439,.T.);
#1012=EDGE_CURVE('',#829,#819,#440,.T.);
#1013=EDGE_CURVE('',#830,#829,#441,.T.);
#1014=EDGE_CURVE('',#821,#830,#442,.T.);
#1015=EDGE_CURVE('',#831,#831,#74,.T.);
#1016=EDGE_CURVE('',#831,#832,#443,.T.);
#1017=EDGE_CURVE('',#832,#832,#75,.T.);
#1018=EDGE_CURVE('',#833,#833,#76,.T.);
#1019=EDGE_CURVE('',#833,#834,#444,.T.);
#1020=EDGE_CURVE('',#834,#834,#77,.T.);
#1021=EDGE_CURVE('',#835,#835,#78,.T.);
#1022=EDGE_CURVE('',#835,#836,#445,.T.);
#1023=EDGE_CURVE('',#836,#836,#79,.T.);
#1024=EDGE_CURVE('',#837,#837,#80,.T.);
#1025=EDGE_CURVE('',#837,#838,#446,.T.);
#1026=EDGE_CURVE('',#838,#838,#81,.T.);
#1027=EDGE_CURVE('',#829,#839,#447,.T.);
#1028=EDGE_CURVE('',#839,#840,#448,.T.);
#1029=EDGE_CURVE('',#841,#840,#82,.T.);
#1030=EDGE_CURVE('',#841,#842,#449,.T.);
#1031=EDGE_CURVE('',#842,#843,#450,.T.);
#1032=EDGE_CURVE('',#843,#844,#451,.T.);
#1033=EDGE_CURVE('',#844,#845,#452,.T.);
#1034=EDGE_CURVE('',#846,#845,#83,.T.);
#1035=EDGE_CURVE('',#846,#830,#453,.T.);
#1036=EDGE_CURVE('',#847,#847,#84,.T.);
#1037=EDGE_CURVE('',#828,#848,#454,.T.);
#1038=EDGE_CURVE('',#849,#848,#85,.T.);
#1039=EDGE_CURVE('',#849,#850,#455,.T.);
#1040=EDGE_CURVE('',#850,#851,#456,.T.);
#1041=EDGE_CURVE('',#851,#852,#457,.T.);
#1042=EDGE_CURVE('',#852,#853,#458,.T.);
#1043=EDGE_CURVE('',#854,#853,#86,.T.);
#1044=EDGE_CURVE('',#854,#855,#459,.T.);
#1045=EDGE_CURVE('',#855,#827,#460,.T.);
#1046=EDGE_CURVE('',#856,#856,#87,.T.);
#1047=EDGE_CURVE('',#857,#846,#461,.T.);
#1048=EDGE_CURVE('',#857,#858,#462,.T.);
#1049=EDGE_CURVE('',#859,#858,#463,.T.);
#1050=EDGE_CURVE('',#826,#859,#464,.T.);
#1051=EDGE_CURVE('',#860,#825,#465,.T.);
#1052=EDGE_CURVE('',#861,#860,#466,.T.);
#1053=EDGE_CURVE('',#862,#861,#467,.T.);
#1054=EDGE_CURVE('',#862,#839,#468,.T.);
#1055=EDGE_CURVE('',#863,#855,#469,.T.);
#1056=EDGE_CURVE('',#864,#863,#470,.T.);
#1057=EDGE_CURVE('',#864,#865,#471,.T.);
#1058=EDGE_CURVE('',#823,#865,#472,.T.);
#1059=EDGE_CURVE('',#866,#824,#473,.T.);
#1060=EDGE_CURVE('',#867,#866,#474,.T.);
#1061=EDGE_CURVE('',#867,#868,#475,.T.);
#1062=EDGE_CURVE('',#848,#868,#476,.T.);
#1063=EDGE_CURVE('',#856,#869,#477,.T.);
#1064=EDGE_CURVE('',#869,#869,#88,.T.);
#1065=EDGE_CURVE('',#870,#870,#89,.T.);
#1066=EDGE_CURVE('',#870,#871,#478,.T.);
#1067=EDGE_CURVE('',#871,#871,#90,.T.);
#1068=EDGE_CURVE('',#847,#872,#479,.T.);
#1069=EDGE_CURVE('',#872,#872,#91,.T.);
#1070=EDGE_CURVE('',#873,#873,#92,.T.);
#1071=EDGE_CURVE('',#873,#874,#480,.T.);
#1072=EDGE_CURVE('',#874,#874,#93,.T.);
#1073=EDGE_CURVE('',#851,#875,#481,.T.);
#1074=EDGE_CURVE('',#876,#850,#482,.T.);
#1075=EDGE_CURVE('',#876,#875,#483,.T.);
#1076=EDGE_CURVE('',#877,#878,#484,.T.);
#1077=EDGE_CURVE('',#877,#879,#485,.T.);
#1078=EDGE_CURVE('',#880,#879,#486,.T.);
#1079=EDGE_CURVE('',#878,#880,#487,.T.);
#1080=EDGE_CURVE('',#875,#881,#488,.T.);
#1081=EDGE_CURVE('',#882,#876,#489,.T.);
#1082=EDGE_CURVE('',#882,#881,#490,.T.);
#1083=EDGE_CURVE('',#881,#843,#491,.T.);
#1084=EDGE_CURVE('',#844,#882,#492,.T.);
#1085=EDGE_CURVE('',#883,#884,#493,.T.);
#1086=EDGE_CURVE('',#885,#883,#494,.T.);
#1087=EDGE_CURVE('',#886,#885,#495,.T.);
#1088=EDGE_CURVE('',#884,#886,#496,.T.);
#1089=EDGE_CURVE('',#884,#877,#497,.T.);
#1090=EDGE_CURVE('',#879,#886,#498,.T.);
#1091=EDGE_CURVE('',#887,#887,#94,.T.);
#1092=EDGE_CURVE('',#887,#888,#499,.T.);
#1093=EDGE_CURVE('',#888,#888,#95,.T.);
#1094=EDGE_CURVE('',#889,#889,#96,.T.);
#1095=EDGE_CURVE('',#889,#890,#500,.T.);
#1096=EDGE_CURVE('',#890,#890,#97,.T.);
#1097=EDGE_CURVE('',#891,#891,#98,.T.);
#1098=EDGE_CURVE('',#891,#892,#501,.T.);
#1099=EDGE_CURVE('',#892,#892,#99,.T.);
#1100=EDGE_CURVE('',#893,#893,#100,.T.);
#1101=EDGE_CURVE('',#893,#894,#502,.T.);
#1102=EDGE_CURVE('',#894,#894,#101,.T.);
#1103=EDGE_CURVE('',#895,#859,#102,.T.);
#1104=EDGE_CURVE('',#895,#885,#503,.T.);
#1105=EDGE_CURVE('',#883,#896,#504,.T.);
#1106=EDGE_CURVE('',#896,#897,#505,.T.);
#1107=EDGE_CURVE('',#898,#897,#103,.T.);
#1108=EDGE_CURVE('',#898,#860,#506,.T.);
#1109=EDGE_CURVE('',#899,#895,#507,.T.);
#1110=EDGE_CURVE('',#899,#900,#508,.T.);
#1111=EDGE_CURVE('',#901,#900,#509,.T.);
#1112=EDGE_CURVE('',#880,#901,#510,.T.);
#1113=EDGE_CURVE('',#902,#842,#511,.T.);
#1114=EDGE_CURVE('',#903,#902,#512,.T.);
#1115=EDGE_CURVE('',#903,#852,#513,.T.);
#1116=EDGE_CURVE('',#897,#904,#514,.T.);
#1117=EDGE_CURVE('',#904,#905,#104,.F.);
#1118=EDGE_CURVE('',#905,#898,#515,.T.);
#1119=EDGE_CURVE('',#906,#896,#516,.T.);
#1120=EDGE_CURVE('',#904,#906,#517,.T.);
#1121=EDGE_CURVE('',#865,#907,#518,.T.);
#1122=EDGE_CURVE('',#908,#907,#105,.T.);
#1123=EDGE_CURVE('',#908,#909,#519,.T.);
#1124=EDGE_CURVE('',#909,#878,#520,.T.);
#1125=EDGE_CURVE('',#866,#901,#106,.T.);
#1126=EDGE_CURVE('',#840,#910,#521,.T.);
#1127=EDGE_CURVE('',#910,#911,#107,.F.);
#1128=EDGE_CURVE('',#911,#841,#522,.T.);
#1129=EDGE_CURVE('',#910,#862,#523,.T.);
#1130=EDGE_CURVE('',#853,#912,#524,.T.);
#1131=EDGE_CURVE('',#912,#913,#108,.F.);
#1132=EDGE_CURVE('',#913,#854,#525,.T.);
#1133=EDGE_CURVE('',#912,#903,#526,.T.);
#1134=EDGE_CURVE('',#907,#914,#527,.T.);
#1135=EDGE_CURVE('',#914,#915,#109,.F.);
#1136=EDGE_CURVE('',#915,#908,#528,.T.);
#1137=EDGE_CURVE('',#914,#864,#529,.T.);
#1138=EDGE_CURVE('',#900,#867,#110,.T.);
#1139=EDGE_CURVE('',#858,#899,#111,.T.);
#1140=EDGE_CURVE('',#868,#916,#112,.T.);
#1141=EDGE_CURVE('',#916,#849,#530,.T.);
#1142=EDGE_CURVE('',#916,#917,#531,.T.);
#1143=EDGE_CURVE('',#845,#917,#532,.T.);
#1144=EDGE_CURVE('',#917,#857,#113,.T.);
#1145=EDGE_CURVE('',#861,#905,#533,.T.);
#1146=EDGE_CURVE('',#918,#909,#534,.T.);
#1147=EDGE_CURVE('',#906,#918,#535,.T.);
#1148=EDGE_CURVE('',#918,#915,#536,.T.);
#1149=EDGE_CURVE('',#863,#913,#537,.T.);
#1150=EDGE_CURVE('',#902,#911,#538,.T.);
#1151=EDGE_CURVE('',#919,#919,#114,.T.);
#1152=EDGE_CURVE('',#919,#920,#539,.T.);
#1153=EDGE_CURVE('',#920,#920,#115,.T.);
#1154=EDGE_CURVE('',#921,#921,#116,.T.);
#1155=EDGE_CURVE('',#921,#922,#540,.T.);
#1156=EDGE_CURVE('',#922,#922,#117,.T.);
#1157=EDGE_CURVE('',#923,#923,#118,.T.);
#1158=EDGE_CURVE('',#923,#924,#541,.T.);
#1159=EDGE_CURVE('',#924,#924,#119,.T.);
#1160=EDGE_CURVE('',#925,#926,#542,.T.);
#1161=EDGE_CURVE('',#925,#927,#543,.T.);
#1162=EDGE_CURVE('',#928,#927,#544,.T.);
#1163=EDGE_CURVE('',#926,#928,#545,.T.);
#1164=EDGE_CURVE('',#929,#925,#546,.T.);
#1165=EDGE_CURVE('',#929,#930,#547,.T.);
#1166=EDGE_CURVE('',#927,#930,#548,.T.);
#1167=EDGE_CURVE('',#931,#929,#549,.T.);
#1168=EDGE_CURVE('',#931,#932,#550,.T.);
#1169=EDGE_CURVE('',#930,#932,#551,.T.);
#1170=EDGE_CURVE('',#926,#931,#552,.T.);
#1171=EDGE_CURVE('',#932,#928,#553,.T.);
#1172=EDGE_CURVE('',#933,#933,#120,.T.);
#1173=EDGE_CURVE('',#933,#934,#554,.T.);
#1174=EDGE_CURVE('',#934,#934,#121,.T.);
#1175=EDGE_CURVE('',#935,#935,#122,.T.);
#1176=EDGE_CURVE('',#935,#936,#555,.T.);
#1177=EDGE_CURVE('',#936,#936,#123,.T.);
#1178=EDGE_CURVE('',#937,#938,#124,.T.);
#1179=EDGE_CURVE('',#939,#937,#556,.T.);
#1180=EDGE_CURVE('',#940,#939,#125,.T.);
#1181=EDGE_CURVE('',#941,#940,#557,.T.);
#1182=EDGE_CURVE('',#942,#941,#126,.T.);
#1183=EDGE_CURVE('',#943,#942,#558,.T.);
#1184=EDGE_CURVE('',#944,#943,#127,.T.);
#1185=EDGE_CURVE('',#938,#944,#559,.T.);
#1186=EDGE_CURVE('',#945,#945,#128,.T.);
#1187=EDGE_CURVE('',#946,#946,#129,.T.);
#1188=EDGE_CURVE('',#947,#947,#130,.T.);
#1189=EDGE_CURVE('',#948,#948,#131,.T.);
#1190=EDGE_CURVE('',#948,#936,#560,.T.);
#1191=EDGE_CURVE('',#945,#949,#561,.T.);
#1192=EDGE_CURVE('',#949,#949,#132,.T.);
#1193=EDGE_CURVE('',#950,#950,#133,.T.);
#1194=EDGE_CURVE('',#950,#949,#562,.T.);
#1195=EDGE_CURVE('',#947,#951,#563,.T.);
#1196=EDGE_CURVE('',#951,#951,#134,.T.);
#1197=EDGE_CURVE('',#952,#952,#135,.T.);
#1198=EDGE_CURVE('',#952,#951,#564,.T.);
#1199=EDGE_CURVE('',#946,#953,#565,.T.);
#1200=EDGE_CURVE('',#953,#953,#136,.T.);
#1201=EDGE_CURVE('',#954,#954,#137,.T.);
#1202=EDGE_CURVE('',#954,#953,#566,.T.);
#1203=EDGE_CURVE('',#955,#956,#138,.T.);
#1204=EDGE_CURVE('',#956,#957,#567,.T.);
#1205=EDGE_CURVE('',#957,#958,#139,.F.);
#1206=EDGE_CURVE('',#958,#955,#568,.T.);
#1207=EDGE_CURVE('',#959,#956,#569,.T.);
#1208=EDGE_CURVE('',#960,#959,#570,.T.);
#1209=EDGE_CURVE('',#957,#960,#571,.T.);
#1210=EDGE_CURVE('',#961,#962,#140,.T.);
#1211=EDGE_CURVE('',#961,#963,#572,.T.);
#1212=EDGE_CURVE('',#964,#963,#141,.T.);
#1213=EDGE_CURVE('',#964,#965,#573,.T.);
#1214=EDGE_CURVE('',#966,#965,#142,.T.);
#1215=EDGE_CURVE('',#966,#967,#574,.T.);
#1216=EDGE_CURVE('',#968,#967,#143,.T.);
#1217=EDGE_CURVE('',#968,#962,#575,.T.);
#1218=EDGE_CURVE('',#955,#969,#576,.T.);
#1219=EDGE_CURVE('',#969,#970,#577,.T.);
#1220=EDGE_CURVE('',#970,#971,#578,.T.);
#1221=EDGE_CURVE('',#972,#971,#144,.T.);
#1222=EDGE_CURVE('',#972,#973,#579,.T.);
#1223=EDGE_CURVE('',#973,#974,#580,.T.);
#1224=EDGE_CURVE('',#974,#975,#581,.T.);
#1225=EDGE_CURVE('',#976,#975,#145,.T.);
#1226=EDGE_CURVE('',#976,#977,#582,.T.);
#1227=EDGE_CURVE('',#977,#978,#583,.T.);
#1228=EDGE_CURVE('',#978,#979,#584,.T.);
#1229=EDGE_CURVE('',#980,#979,#146,.T.);
#1230=EDGE_CURVE('',#980,#981,#585,.T.);
#1231=EDGE_CURVE('',#981,#959,#586,.T.);
#1232=EDGE_CURVE('',#979,#982,#587,.T.);
#1233=EDGE_CURVE('',#982,#983,#147,.F.);
#1234=EDGE_CURVE('',#983,#980,#588,.T.);
#1235=EDGE_CURVE('',#984,#978,#589,.T.);
#1236=EDGE_CURVE('',#982,#984,#590,.T.);
#1237=EDGE_CURVE('',#971,#985,#591,.T.);
#1238=EDGE_CURVE('',#985,#986,#148,.F.);
#1239=EDGE_CURVE('',#986,#972,#592,.T.);
#1240=EDGE_CURVE('',#987,#970,#593,.T.);
#1241=EDGE_CURVE('',#985,#987,#594,.T.);
#1242=EDGE_CURVE('',#975,#988,#595,.T.);
#1243=EDGE_CURVE('',#988,#989,#149,.F.);
#1244=EDGE_CURVE('',#989,#976,#596,.T.);
#1245=EDGE_CURVE('',#990,#974,#597,.T.);
#1246=EDGE_CURVE('',#988,#990,#598,.T.);
#1247=EDGE_CURVE('',#962,#937,#599,.T.);
#1248=EDGE_CURVE('',#938,#961,#600,.T.);
#1249=EDGE_CURVE('',#939,#968,#601,.T.);
#1250=EDGE_CURVE('',#967,#940,#602,.T.);
#1251=EDGE_CURVE('',#941,#966,#603,.T.);
#1252=EDGE_CURVE('',#965,#942,#604,.T.);
#1253=EDGE_CURVE('',#943,#964,#605,.T.);
#1254=EDGE_CURVE('',#963,#944,#606,.T.);
#1255=EDGE_CURVE('',#987,#991,#607,.T.);
#1256=EDGE_CURVE('',#991,#969,#608,.T.);
#1257=EDGE_CURVE('',#991,#958,#609,.T.);
#1258=EDGE_CURVE('',#960,#992,#610,.T.);
#1259=EDGE_CURVE('',#992,#981,#611,.T.);
#1260=EDGE_CURVE('',#992,#983,#612,.T.);
#1261=EDGE_CURVE('',#984,#993,#613,.T.);
#1262=EDGE_CURVE('',#993,#977,#614,.T.);
#1263=EDGE_CURVE('',#993,#989,#615,.T.);
#1264=EDGE_CURVE('',#990,#994,#616,.T.);
#1265=EDGE_CURVE('',#994,#973,#617,.T.);
#1266=EDGE_CURVE('',#994,#986,#618,.T.);
#1267=ORIENTED_EDGE('',*,*,#995,.F.);
#1268=ORIENTED_EDGE('',*,*,#996,.F.);
#1269=ORIENTED_EDGE('',*,*,#997,.F.);
#1270=ORIENTED_EDGE('',*,*,#998,.T.);
#1271=ORIENTED_EDGE('',*,*,#999,.F.);
#1272=ORIENTED_EDGE('',*,*,#1000,.T.);
#1273=ORIENTED_EDGE('',*,*,#1001,.F.);
#1274=ORIENTED_EDGE('',*,*,#1002,.F.);
#1275=ORIENTED_EDGE('',*,*,#1003,.F.);
#1276=ORIENTED_EDGE('',*,*,#1004,.F.);
#1277=ORIENTED_EDGE('',*,*,#1005,.F.);
#1278=ORIENTED_EDGE('',*,*,#996,.T.);
#1279=ORIENTED_EDGE('',*,*,#1006,.F.);
#1280=ORIENTED_EDGE('',*,*,#1002,.T.);
#1281=ORIENTED_EDGE('',*,*,#1007,.F.);
#1282=ORIENTED_EDGE('',*,*,#1008,.F.);
#1283=ORIENTED_EDGE('',*,*,#1009,.F.);
#1284=ORIENTED_EDGE('',*,*,#998,.F.);
#1285=ORIENTED_EDGE('',*,*,#1010,.F.);
#1286=ORIENTED_EDGE('',*,*,#1011,.F.);
#1287=ORIENTED_EDGE('',*,*,#1012,.F.);
#1288=ORIENTED_EDGE('',*,*,#1013,.F.);
#1289=ORIENTED_EDGE('',*,*,#1014,.F.);
#1290=ORIENTED_EDGE('',*,*,#1000,.F.);
#1291=ORIENTED_EDGE('',*,*,#1015,.F.);
#1292=ORIENTED_EDGE('',*,*,#1016,.T.);
#1293=ORIENTED_EDGE('',*,*,#1017,.F.);
#1294=ORIENTED_EDGE('',*,*,#1016,.F.);
#1295=ORIENTED_EDGE('',*,*,#1018,.F.);
#1296=ORIENTED_EDGE('',*,*,#1019,.T.);
#1297=ORIENTED_EDGE('',*,*,#1020,.F.);
#1298=ORIENTED_EDGE('',*,*,#1019,.F.);
#1299=ORIENTED_EDGE('',*,*,#1021,.F.);
#1300=ORIENTED_EDGE('',*,*,#1022,.T.);
#1301=ORIENTED_EDGE('',*,*,#1023,.F.);
#1302=ORIENTED_EDGE('',*,*,#1022,.F.);
#1303=ORIENTED_EDGE('',*,*,#1024,.F.);
#1304=ORIENTED_EDGE('',*,*,#1025,.T.);
#1305=ORIENTED_EDGE('',*,*,#1026,.F.);
#1306=ORIENTED_EDGE('',*,*,#1025,.F.);
#1307=ORIENTED_EDGE('',*,*,#1013,.T.);
#1308=ORIENTED_EDGE('',*,*,#1027,.T.);
#1309=ORIENTED_EDGE('',*,*,#1028,.T.);
#1310=ORIENTED_EDGE('',*,*,#1029,.F.);
#1311=ORIENTED_EDGE('',*,*,#1030,.T.);
#1312=ORIENTED_EDGE('',*,*,#1031,.T.);
#1313=ORIENTED_EDGE('',*,*,#1032,.T.);
#1314=ORIENTED_EDGE('',*,*,#1033,.T.);
#1315=ORIENTED_EDGE('',*,*,#1034,.F.);
#1316=ORIENTED_EDGE('',*,*,#1035,.T.);
#1317=ORIENTED_EDGE('',*,*,#1036,.T.);
#1318=ORIENTED_EDGE('',*,*,#1011,.T.);
#1319=ORIENTED_EDGE('',*,*,#1037,.T.);
#1320=ORIENTED_EDGE('',*,*,#1038,.F.);
#1321=ORIENTED_EDGE('',*,*,#1039,.T.);
#1322=ORIENTED_EDGE('',*,*,#1040,.T.);
#1323=ORIENTED_EDGE('',*,*,#1041,.T.);
#1324=ORIENTED_EDGE('',*,*,#1042,.T.);
#1325=ORIENTED_EDGE('',*,*,#1043,.F.);
#1326=ORIENTED_EDGE('',*,*,#1044,.T.);
#1327=ORIENTED_EDGE('',*,*,#1045,.T.);
#1328=ORIENTED_EDGE('',*,*,#1046,.T.);
#1329=ORIENTED_EDGE('',*,*,#1007,.T.);
#1330=ORIENTED_EDGE('',*,*,#1001,.T.);
#1331=ORIENTED_EDGE('',*,*,#1014,.T.);
#1332=ORIENTED_EDGE('',*,*,#1035,.F.);
#1333=ORIENTED_EDGE('',*,*,#1047,.F.);
#1334=ORIENTED_EDGE('',*,*,#1048,.T.);
#1335=ORIENTED_EDGE('',*,*,#1049,.F.);
#1336=ORIENTED_EDGE('',*,*,#1050,.F.);
#1337=ORIENTED_EDGE('',*,*,#1026,.T.);
#1338=ORIENTED_EDGE('',*,*,#1020,.T.);
#1339=ORIENTED_EDGE('',*,*,#1012,.T.);
#1340=ORIENTED_EDGE('',*,*,#999,.T.);
#1341=ORIENTED_EDGE('',*,*,#1006,.T.);
#1342=ORIENTED_EDGE('',*,*,#1051,.F.);
#1343=ORIENTED_EDGE('',*,*,#1052,.F.);
#1344=ORIENTED_EDGE('',*,*,#1053,.F.);
#1345=ORIENTED_EDGE('',*,*,#1054,.T.);
#1346=ORIENTED_EDGE('',*,*,#1027,.F.);
#1347=ORIENTED_EDGE('',*,*,#1024,.T.);
#1348=ORIENTED_EDGE('',*,*,#1018,.T.);
#1349=ORIENTED_EDGE('',*,*,#1003,.T.);
#1350=ORIENTED_EDGE('',*,*,#995,.T.);
#1351=ORIENTED_EDGE('',*,*,#1009,.T.);
#1352=ORIENTED_EDGE('',*,*,#1045,.F.);
#1353=ORIENTED_EDGE('',*,*,#1055,.F.);
#1354=ORIENTED_EDGE('',*,*,#1056,.F.);
#1355=ORIENTED_EDGE('',*,*,#1057,.T.);
#1356=ORIENTED_EDGE('',*,*,#1058,.F.);
#1357=ORIENTED_EDGE('',*,*,#1023,.T.);
#1358=ORIENTED_EDGE('',*,*,#1017,.T.);
#1359=ORIENTED_EDGE('',*,*,#1010,.T.);
#1360=ORIENTED_EDGE('',*,*,#997,.T.);
#1361=ORIENTED_EDGE('',*,*,#1005,.T.);
#1362=ORIENTED_EDGE('',*,*,#1059,.F.);
#1363=ORIENTED_EDGE('',*,*,#1060,.F.);
#1364=ORIENTED_EDGE('',*,*,#1061,.T.);
#1365=ORIENTED_EDGE('',*,*,#1062,.F.);
#1366=ORIENTED_EDGE('',*,*,#1037,.F.);
#1367=ORIENTED_EDGE('',*,*,#1021,.T.);
#1368=ORIENTED_EDGE('',*,*,#1015,.T.);
#1369=ORIENTED_EDGE('',*,*,#1046,.F.);
#1370=ORIENTED_EDGE('',*,*,#1063,.T.);
#1371=ORIENTED_EDGE('',*,*,#1064,.F.);
#1372=ORIENTED_EDGE('',*,*,#1063,.F.);
#1373=ORIENTED_EDGE('',*,*,#1065,.F.);
#1374=ORIENTED_EDGE('',*,*,#1066,.T.);
#1375=ORIENTED_EDGE('',*,*,#1067,.F.);
#1376=ORIENTED_EDGE('',*,*,#1066,.F.);
#1377=ORIENTED_EDGE('',*,*,#1036,.F.);
#1378=ORIENTED_EDGE('',*,*,#1068,.T.);
#1379=ORIENTED_EDGE('',*,*,#1069,.F.);
#1380=ORIENTED_EDGE('',*,*,#1068,.F.);
#1381=ORIENTED_EDGE('',*,*,#1070,.F.);
#1382=ORIENTED_EDGE('',*,*,#1071,.T.);
#1383=ORIENTED_EDGE('',*,*,#1072,.F.);
#1384=ORIENTED_EDGE('',*,*,#1071,.F.);
#1385=ORIENTED_EDGE('',*,*,#1073,.F.);
#1386=ORIENTED_EDGE('',*,*,#1040,.F.);
#1387=ORIENTED_EDGE('',*,*,#1074,.F.);
#1388=ORIENTED_EDGE('',*,*,#1075,.T.);
#1389=ORIENTED_EDGE('',*,*,#1076,.F.);
#1390=ORIENTED_EDGE('',*,*,#1077,.T.);
#1391=ORIENTED_EDGE('',*,*,#1078,.F.);
#1392=ORIENTED_EDGE('',*,*,#1079,.F.);
#1393=ORIENTED_EDGE('',*,*,#1080,.F.);
#1394=ORIENTED_EDGE('',*,*,#1075,.F.);
#1395=ORIENTED_EDGE('',*,*,#1081,.F.);
#1396=ORIENTED_EDGE('',*,*,#1082,.T.);
#1397=ORIENTED_EDGE('',*,*,#1083,.F.);
#1398=ORIENTED_EDGE('',*,*,#1082,.F.);
#1399=ORIENTED_EDGE('',*,*,#1084,.F.);
#1400=ORIENTED_EDGE('',*,*,#1032,.F.);
#1401=ORIENTED_EDGE('',*,*,#1085,.F.);
#1402=ORIENTED_EDGE('',*,*,#1086,.F.);
#1403=ORIENTED_EDGE('',*,*,#1087,.F.);
#1404=ORIENTED_EDGE('',*,*,#1088,.F.);
#1405=ORIENTED_EDGE('',*,*,#1089,.F.);
#1406=ORIENTED_EDGE('',*,*,#1088,.T.);
#1407=ORIENTED_EDGE('',*,*,#1090,.F.);
#1408=ORIENTED_EDGE('',*,*,#1077,.F.);
#1409=ORIENTED_EDGE('',*,*,#1091,.F.);
#1410=ORIENTED_EDGE('',*,*,#1092,.T.);
#1411=ORIENTED_EDGE('',*,*,#1093,.F.);
#1412=ORIENTED_EDGE('',*,*,#1092,.F.);
#1413=ORIENTED_EDGE('',*,*,#1094,.F.);
#1414=ORIENTED_EDGE('',*,*,#1095,.T.);
#1415=ORIENTED_EDGE('',*,*,#1096,.F.);
#1416=ORIENTED_EDGE('',*,*,#1095,.F.);
#1417=ORIENTED_EDGE('',*,*,#1097,.F.);
#1418=ORIENTED_EDGE('',*,*,#1098,.T.);
#1419=ORIENTED_EDGE('',*,*,#1099,.F.);
#1420=ORIENTED_EDGE('',*,*,#1098,.F.);
#1421=ORIENTED_EDGE('',*,*,#1100,.F.);
#1422=ORIENTED_EDGE('',*,*,#1101,.T.);
#1423=ORIENTED_EDGE('',*,*,#1102,.F.);
#1424=ORIENTED_EDGE('',*,*,#1101,.F.);
#1425=ORIENTED_EDGE('',*,*,#1008,.T.);
#1426=ORIENTED_EDGE('',*,*,#1050,.T.);
#1427=ORIENTED_EDGE('',*,*,#1103,.F.);
#1428=ORIENTED_EDGE('',*,*,#1104,.T.);
#1429=ORIENTED_EDGE('',*,*,#1086,.T.);
#1430=ORIENTED_EDGE('',*,*,#1105,.T.);
#1431=ORIENTED_EDGE('',*,*,#1106,.T.);
#1432=ORIENTED_EDGE('',*,*,#1107,.F.);
#1433=ORIENTED_EDGE('',*,*,#1108,.T.);
#1434=ORIENTED_EDGE('',*,*,#1051,.T.);
#1435=ORIENTED_EDGE('',*,*,#1070,.T.);
#1436=ORIENTED_EDGE('',*,*,#1078,.T.);
#1437=ORIENTED_EDGE('',*,*,#1090,.T.);
#1438=ORIENTED_EDGE('',*,*,#1087,.T.);
#1439=ORIENTED_EDGE('',*,*,#1104,.F.);
#1440=ORIENTED_EDGE('',*,*,#1109,.F.);
#1441=ORIENTED_EDGE('',*,*,#1110,.T.);
#1442=ORIENTED_EDGE('',*,*,#1111,.F.);
#1443=ORIENTED_EDGE('',*,*,#1112,.F.);
#1444=ORIENTED_EDGE('',*,*,#1102,.T.);
#1445=ORIENTED_EDGE('',*,*,#1096,.T.);
#1446=ORIENTED_EDGE('',*,*,#1073,.T.);
#1447=ORIENTED_EDGE('',*,*,#1080,.T.);
#1448=ORIENTED_EDGE('',*,*,#1083,.T.);
#1449=ORIENTED_EDGE('',*,*,#1031,.F.);
#1450=ORIENTED_EDGE('',*,*,#1113,.F.);
#1451=ORIENTED_EDGE('',*,*,#1114,.F.);
#1452=ORIENTED_EDGE('',*,*,#1115,.T.);
#1453=ORIENTED_EDGE('',*,*,#1041,.F.);
#1454=ORIENTED_EDGE('',*,*,#1099,.T.);
#1455=ORIENTED_EDGE('',*,*,#1093,.T.);
#1456=ORIENTED_EDGE('',*,*,#1107,.T.);
#1457=ORIENTED_EDGE('',*,*,#1116,.T.);
#1458=ORIENTED_EDGE('',*,*,#1117,.T.);
#1459=ORIENTED_EDGE('',*,*,#1118,.T.);
#1460=ORIENTED_EDGE('',*,*,#1116,.F.);
#1461=ORIENTED_EDGE('',*,*,#1106,.F.);
#1462=ORIENTED_EDGE('',*,*,#1119,.F.);
#1463=ORIENTED_EDGE('',*,*,#1120,.F.);
#1464=ORIENTED_EDGE('',*,*,#1004,.T.);
#1465=ORIENTED_EDGE('',*,*,#1058,.T.);
#1466=ORIENTED_EDGE('',*,*,#1121,.T.);
#1467=ORIENTED_EDGE('',*,*,#1122,.F.);
#1468=ORIENTED_EDGE('',*,*,#1123,.T.);
#1469=ORIENTED_EDGE('',*,*,#1124,.T.);
#1470=ORIENTED_EDGE('',*,*,#1079,.T.);
#1471=ORIENTED_EDGE('',*,*,#1112,.T.);
#1472=ORIENTED_EDGE('',*,*,#1125,.F.);
#1473=ORIENTED_EDGE('',*,*,#1059,.T.);
#1474=ORIENTED_EDGE('',*,*,#1065,.T.);
#1475=ORIENTED_EDGE('',*,*,#1029,.T.);
#1476=ORIENTED_EDGE('',*,*,#1126,.T.);
#1477=ORIENTED_EDGE('',*,*,#1127,.T.);
#1478=ORIENTED_EDGE('',*,*,#1128,.T.);
#1479=ORIENTED_EDGE('',*,*,#1126,.F.);
#1480=ORIENTED_EDGE('',*,*,#1028,.F.);
#1481=ORIENTED_EDGE('',*,*,#1054,.F.);
#1482=ORIENTED_EDGE('',*,*,#1129,.F.);
#1483=ORIENTED_EDGE('',*,*,#1043,.T.);
#1484=ORIENTED_EDGE('',*,*,#1130,.T.);
#1485=ORIENTED_EDGE('',*,*,#1131,.T.);
#1486=ORIENTED_EDGE('',*,*,#1132,.T.);
#1487=ORIENTED_EDGE('',*,*,#1130,.F.);
#1488=ORIENTED_EDGE('',*,*,#1042,.F.);
#1489=ORIENTED_EDGE('',*,*,#1115,.F.);
#1490=ORIENTED_EDGE('',*,*,#1133,.F.);
#1491=ORIENTED_EDGE('',*,*,#1122,.T.);
#1492=ORIENTED_EDGE('',*,*,#1134,.T.);
#1493=ORIENTED_EDGE('',*,*,#1135,.T.);
#1494=ORIENTED_EDGE('',*,*,#1136,.T.);
#1495=ORIENTED_EDGE('',*,*,#1134,.F.);
#1496=ORIENTED_EDGE('',*,*,#1121,.F.);
#1497=ORIENTED_EDGE('',*,*,#1057,.F.);
#1498=ORIENTED_EDGE('',*,*,#1137,.F.);
#1499=ORIENTED_EDGE('',*,*,#1125,.T.);
#1500=ORIENTED_EDGE('',*,*,#1111,.T.);
#1501=ORIENTED_EDGE('',*,*,#1138,.T.);
#1502=ORIENTED_EDGE('',*,*,#1060,.T.);
#1503=ORIENTED_EDGE('',*,*,#1103,.T.);
#1504=ORIENTED_EDGE('',*,*,#1049,.T.);
#1505=ORIENTED_EDGE('',*,*,#1139,.T.);
#1506=ORIENTED_EDGE('',*,*,#1109,.T.);
#1507=ORIENTED_EDGE('',*,*,#1038,.T.);
#1508=ORIENTED_EDGE('',*,*,#1062,.T.);
#1509=ORIENTED_EDGE('',*,*,#1140,.T.);
#1510=ORIENTED_EDGE('',*,*,#1141,.T.);
#1511=ORIENTED_EDGE('',*,*,#1074,.T.);
#1512=ORIENTED_EDGE('',*,*,#1039,.F.);
#1513=ORIENTED_EDGE('',*,*,#1141,.F.);
#1514=ORIENTED_EDGE('',*,*,#1142,.T.);
#1515=ORIENTED_EDGE('',*,*,#1143,.F.);
#1516=ORIENTED_EDGE('',*,*,#1033,.F.);
#1517=ORIENTED_EDGE('',*,*,#1084,.T.);
#1518=ORIENTED_EDGE('',*,*,#1081,.T.);
#1519=ORIENTED_EDGE('',*,*,#1091,.T.);
#1520=ORIENTED_EDGE('',*,*,#1097,.T.);
#1521=ORIENTED_EDGE('',*,*,#1034,.T.);
#1522=ORIENTED_EDGE('',*,*,#1143,.T.);
#1523=ORIENTED_EDGE('',*,*,#1144,.T.);
#1524=ORIENTED_EDGE('',*,*,#1047,.T.);
#1525=ORIENTED_EDGE('',*,*,#1118,.F.);
#1526=ORIENTED_EDGE('',*,*,#1145,.F.);
#1527=ORIENTED_EDGE('',*,*,#1052,.T.);
#1528=ORIENTED_EDGE('',*,*,#1108,.F.);
#1529=ORIENTED_EDGE('',*,*,#1076,.T.);
#1530=ORIENTED_EDGE('',*,*,#1124,.F.);
#1531=ORIENTED_EDGE('',*,*,#1146,.F.);
#1532=ORIENTED_EDGE('',*,*,#1147,.F.);
#1533=ORIENTED_EDGE('',*,*,#1119,.T.);
#1534=ORIENTED_EDGE('',*,*,#1105,.F.);
#1535=ORIENTED_EDGE('',*,*,#1085,.T.);
#1536=ORIENTED_EDGE('',*,*,#1089,.T.);
#1537=ORIENTED_EDGE('',*,*,#1094,.T.);
#1538=ORIENTED_EDGE('',*,*,#1100,.T.);
#1539=ORIENTED_EDGE('',*,*,#1136,.F.);
#1540=ORIENTED_EDGE('',*,*,#1148,.F.);
#1541=ORIENTED_EDGE('',*,*,#1146,.T.);
#1542=ORIENTED_EDGE('',*,*,#1123,.F.);
#1543=ORIENTED_EDGE('',*,*,#1132,.F.);
#1544=ORIENTED_EDGE('',*,*,#1149,.F.);
#1545=ORIENTED_EDGE('',*,*,#1055,.T.);
#1546=ORIENTED_EDGE('',*,*,#1044,.F.);
#1547=ORIENTED_EDGE('',*,*,#1128,.F.);
#1548=ORIENTED_EDGE('',*,*,#1150,.F.);
#1549=ORIENTED_EDGE('',*,*,#1113,.T.);
#1550=ORIENTED_EDGE('',*,*,#1030,.F.);
#1551=ORIENTED_EDGE('',*,*,#1129,.T.);
#1552=ORIENTED_EDGE('',*,*,#1053,.T.);
#1553=ORIENTED_EDGE('',*,*,#1145,.T.);
#1554=ORIENTED_EDGE('',*,*,#1117,.F.);
#1555=ORIENTED_EDGE('',*,*,#1120,.T.);
#1556=ORIENTED_EDGE('',*,*,#1147,.T.);
#1557=ORIENTED_EDGE('',*,*,#1148,.T.);
#1558=ORIENTED_EDGE('',*,*,#1135,.F.);
#1559=ORIENTED_EDGE('',*,*,#1137,.T.);
#1560=ORIENTED_EDGE('',*,*,#1056,.T.);
#1561=ORIENTED_EDGE('',*,*,#1149,.T.);
#1562=ORIENTED_EDGE('',*,*,#1131,.F.);
#1563=ORIENTED_EDGE('',*,*,#1133,.T.);
#1564=ORIENTED_EDGE('',*,*,#1114,.T.);
#1565=ORIENTED_EDGE('',*,*,#1150,.T.);
#1566=ORIENTED_EDGE('',*,*,#1127,.F.);
#1567=ORIENTED_EDGE('',*,*,#1138,.F.);
#1568=ORIENTED_EDGE('',*,*,#1110,.F.);
#1569=ORIENTED_EDGE('',*,*,#1139,.F.);
#1570=ORIENTED_EDGE('',*,*,#1048,.F.);
#1571=ORIENTED_EDGE('',*,*,#1144,.F.);
#1572=ORIENTED_EDGE('',*,*,#1142,.F.);
#1573=ORIENTED_EDGE('',*,*,#1140,.F.);
#1574=ORIENTED_EDGE('',*,*,#1061,.F.);
#1575=ORIENTED_EDGE('',*,*,#1064,.T.);
#1576=ORIENTED_EDGE('',*,*,#1067,.T.);
#1577=ORIENTED_EDGE('',*,*,#1069,.T.);
#1578=ORIENTED_EDGE('',*,*,#1072,.T.);
#1579=ORIENTED_EDGE('',*,*,#1151,.F.);
#1580=ORIENTED_EDGE('',*,*,#1152,.T.);
#1581=ORIENTED_EDGE('',*,*,#1153,.F.);
#1582=ORIENTED_EDGE('',*,*,#1152,.F.);
#1583=ORIENTED_EDGE('',*,*,#1154,.F.);
#1584=ORIENTED_EDGE('',*,*,#1155,.T.);
#1585=ORIENTED_EDGE('',*,*,#1156,.F.);
#1586=ORIENTED_EDGE('',*,*,#1155,.F.);
#1587=ORIENTED_EDGE('',*,*,#1157,.F.);
#1588=ORIENTED_EDGE('',*,*,#1158,.T.);
#1589=ORIENTED_EDGE('',*,*,#1159,.F.);
#1590=ORIENTED_EDGE('',*,*,#1158,.F.);
#1591=ORIENTED_EDGE('',*,*,#1160,.F.);
#1592=ORIENTED_EDGE('',*,*,#1161,.T.);
#1593=ORIENTED_EDGE('',*,*,#1162,.F.);
#1594=ORIENTED_EDGE('',*,*,#1163,.F.);
#1595=ORIENTED_EDGE('',*,*,#1164,.F.);
#1596=ORIENTED_EDGE('',*,*,#1165,.T.);
#1597=ORIENTED_EDGE('',*,*,#1166,.F.);
#1598=ORIENTED_EDGE('',*,*,#1161,.F.);
#1599=ORIENTED_EDGE('',*,*,#1167,.F.);
#1600=ORIENTED_EDGE('',*,*,#1168,.T.);
#1601=ORIENTED_EDGE('',*,*,#1169,.F.);
#1602=ORIENTED_EDGE('',*,*,#1165,.F.);
#1603=ORIENTED_EDGE('',*,*,#1170,.F.);
#1604=ORIENTED_EDGE('',*,*,#1163,.T.);
#1605=ORIENTED_EDGE('',*,*,#1171,.F.);
#1606=ORIENTED_EDGE('',*,*,#1168,.F.);
#1607=ORIENTED_EDGE('',*,*,#1172,.F.);
#1608=ORIENTED_EDGE('',*,*,#1173,.T.);
#1609=ORIENTED_EDGE('',*,*,#1174,.F.);
#1610=ORIENTED_EDGE('',*,*,#1173,.F.);
#1611=ORIENTED_EDGE('',*,*,#1175,.T.);
#1612=ORIENTED_EDGE('',*,*,#1176,.T.);
#1613=ORIENTED_EDGE('',*,*,#1177,.T.);
#1614=ORIENTED_EDGE('',*,*,#1176,.F.);
#1615=ORIENTED_EDGE('',*,*,#1178,.F.);
#1616=ORIENTED_EDGE('',*,*,#1179,.F.);
#1617=ORIENTED_EDGE('',*,*,#1180,.F.);
#1618=ORIENTED_EDGE('',*,*,#1181,.F.);
#1619=ORIENTED_EDGE('',*,*,#1182,.F.);
#1620=ORIENTED_EDGE('',*,*,#1183,.F.);
#1621=ORIENTED_EDGE('',*,*,#1184,.F.);
#1622=ORIENTED_EDGE('',*,*,#1185,.F.);
#1623=ORIENTED_EDGE('',*,*,#1153,.T.);
#1624=ORIENTED_EDGE('',*,*,#1156,.T.);
#1625=ORIENTED_EDGE('',*,*,#1159,.T.);
#1626=ORIENTED_EDGE('',*,*,#1162,.T.);
#1627=ORIENTED_EDGE('',*,*,#1166,.T.);
#1628=ORIENTED_EDGE('',*,*,#1169,.T.);
#1629=ORIENTED_EDGE('',*,*,#1171,.T.);
#1630=ORIENTED_EDGE('',*,*,#1174,.T.);
#1631=ORIENTED_EDGE('',*,*,#1186,.F.);
#1632=ORIENTED_EDGE('',*,*,#1187,.F.);
#1633=ORIENTED_EDGE('',*,*,#1188,.F.);
#1634=ORIENTED_EDGE('',*,*,#1175,.F.);
#1635=ORIENTED_EDGE('',*,*,#1189,.F.);
#1636=ORIENTED_EDGE('',*,*,#1190,.T.);
#1637=ORIENTED_EDGE('',*,*,#1177,.F.);
#1638=ORIENTED_EDGE('',*,*,#1190,.F.);
#1639=ORIENTED_EDGE('',*,*,#1186,.T.);
#1640=ORIENTED_EDGE('',*,*,#1191,.T.);
#1641=ORIENTED_EDGE('',*,*,#1192,.T.);
#1642=ORIENTED_EDGE('',*,*,#1191,.F.);
#1643=ORIENTED_EDGE('',*,*,#1193,.F.);
#1644=ORIENTED_EDGE('',*,*,#1194,.T.);
#1645=ORIENTED_EDGE('',*,*,#1192,.F.);
#1646=ORIENTED_EDGE('',*,*,#1194,.F.);
#1647=ORIENTED_EDGE('',*,*,#1188,.T.);
#1648=ORIENTED_EDGE('',*,*,#1195,.T.);
#1649=ORIENTED_EDGE('',*,*,#1196,.T.);
#1650=ORIENTED_EDGE('',*,*,#1195,.F.);
#1651=ORIENTED_EDGE('',*,*,#1197,.F.);
#1652=ORIENTED_EDGE('',*,*,#1198,.T.);
#1653=ORIENTED_EDGE('',*,*,#1196,.F.);
#1654=ORIENTED_EDGE('',*,*,#1198,.F.);
#1655=ORIENTED_EDGE('',*,*,#1187,.T.);
#1656=ORIENTED_EDGE('',*,*,#1199,.T.);
#1657=ORIENTED_EDGE('',*,*,#1200,.T.);
#1658=ORIENTED_EDGE('',*,*,#1199,.F.);
#1659=ORIENTED_EDGE('',*,*,#1201,.F.);
#1660=ORIENTED_EDGE('',*,*,#1202,.T.);
#1661=ORIENTED_EDGE('',*,*,#1200,.F.);
#1662=ORIENTED_EDGE('',*,*,#1202,.F.);
#1663=ORIENTED_EDGE('',*,*,#1203,.T.);
#1664=ORIENTED_EDGE('',*,*,#1204,.T.);
#1665=ORIENTED_EDGE('',*,*,#1205,.T.);
#1666=ORIENTED_EDGE('',*,*,#1206,.T.);
#1667=ORIENTED_EDGE('',*,*,#1204,.F.);
#1668=ORIENTED_EDGE('',*,*,#1207,.F.);
#1669=ORIENTED_EDGE('',*,*,#1208,.F.);
#1670=ORIENTED_EDGE('',*,*,#1209,.F.);
#1671=ORIENTED_EDGE('',*,*,#1210,.F.);
#1672=ORIENTED_EDGE('',*,*,#1211,.T.);
#1673=ORIENTED_EDGE('',*,*,#1212,.F.);
#1674=ORIENTED_EDGE('',*,*,#1213,.T.);
#1675=ORIENTED_EDGE('',*,*,#1214,.F.);
#1676=ORIENTED_EDGE('',*,*,#1215,.T.);
#1677=ORIENTED_EDGE('',*,*,#1216,.F.);
#1678=ORIENTED_EDGE('',*,*,#1217,.T.);
#1679=ORIENTED_EDGE('',*,*,#1189,.T.);
#1680=ORIENTED_EDGE('',*,*,#1193,.T.);
#1681=ORIENTED_EDGE('',*,*,#1201,.T.);
#1682=ORIENTED_EDGE('',*,*,#1197,.T.);
#1683=ORIENTED_EDGE('',*,*,#1203,.F.);
#1684=ORIENTED_EDGE('',*,*,#1218,.T.);
#1685=ORIENTED_EDGE('',*,*,#1219,.T.);
#1686=ORIENTED_EDGE('',*,*,#1220,.T.);
#1687=ORIENTED_EDGE('',*,*,#1221,.F.);
#1688=ORIENTED_EDGE('',*,*,#1222,.T.);
#1689=ORIENTED_EDGE('',*,*,#1223,.T.);
#1690=ORIENTED_EDGE('',*,*,#1224,.T.);
#1691=ORIENTED_EDGE('',*,*,#1225,.F.);
#1692=ORIENTED_EDGE('',*,*,#1226,.T.);
#1693=ORIENTED_EDGE('',*,*,#1227,.T.);
#1694=ORIENTED_EDGE('',*,*,#1228,.T.);
#1695=ORIENTED_EDGE('',*,*,#1229,.F.);
#1696=ORIENTED_EDGE('',*,*,#1230,.T.);
#1697=ORIENTED_EDGE('',*,*,#1231,.T.);
#1698=ORIENTED_EDGE('',*,*,#1207,.T.);
#1699=ORIENTED_EDGE('',*,*,#1229,.T.);
#1700=ORIENTED_EDGE('',*,*,#1232,.T.);
#1701=ORIENTED_EDGE('',*,*,#1233,.T.);
#1702=ORIENTED_EDGE('',*,*,#1234,.T.);
#1703=ORIENTED_EDGE('',*,*,#1232,.F.);
#1704=ORIENTED_EDGE('',*,*,#1228,.F.);
#1705=ORIENTED_EDGE('',*,*,#1235,.F.);
#1706=ORIENTED_EDGE('',*,*,#1236,.F.);
#1707=ORIENTED_EDGE('',*,*,#1221,.T.);
#1708=ORIENTED_EDGE('',*,*,#1237,.T.);
#1709=ORIENTED_EDGE('',*,*,#1238,.T.);
#1710=ORIENTED_EDGE('',*,*,#1239,.T.);
#1711=ORIENTED_EDGE('',*,*,#1237,.F.);
#1712=ORIENTED_EDGE('',*,*,#1220,.F.);
#1713=ORIENTED_EDGE('',*,*,#1240,.F.);
#1714=ORIENTED_EDGE('',*,*,#1241,.F.);
#1715=ORIENTED_EDGE('',*,*,#1225,.T.);
#1716=ORIENTED_EDGE('',*,*,#1242,.T.);
#1717=ORIENTED_EDGE('',*,*,#1243,.T.);
#1718=ORIENTED_EDGE('',*,*,#1244,.T.);
#1719=ORIENTED_EDGE('',*,*,#1242,.F.);
#1720=ORIENTED_EDGE('',*,*,#1224,.F.);
#1721=ORIENTED_EDGE('',*,*,#1245,.F.);
#1722=ORIENTED_EDGE('',*,*,#1246,.F.);
#1723=ORIENTED_EDGE('',*,*,#1210,.T.);
#1724=ORIENTED_EDGE('',*,*,#1247,.T.);
#1725=ORIENTED_EDGE('',*,*,#1178,.T.);
#1726=ORIENTED_EDGE('',*,*,#1248,.T.);
#1727=ORIENTED_EDGE('',*,*,#1247,.F.);
#1728=ORIENTED_EDGE('',*,*,#1217,.F.);
#1729=ORIENTED_EDGE('',*,*,#1249,.F.);
#1730=ORIENTED_EDGE('',*,*,#1179,.T.);
#1731=ORIENTED_EDGE('',*,*,#1216,.T.);
#1732=ORIENTED_EDGE('',*,*,#1250,.T.);
#1733=ORIENTED_EDGE('',*,*,#1180,.T.);
#1734=ORIENTED_EDGE('',*,*,#1249,.T.);
#1735=ORIENTED_EDGE('',*,*,#1250,.F.);
#1736=ORIENTED_EDGE('',*,*,#1215,.F.);
#1737=ORIENTED_EDGE('',*,*,#1251,.F.);
#1738=ORIENTED_EDGE('',*,*,#1181,.T.);
#1739=ORIENTED_EDGE('',*,*,#1214,.T.);
#1740=ORIENTED_EDGE('',*,*,#1252,.T.);
#1741=ORIENTED_EDGE('',*,*,#1182,.T.);
#1742=ORIENTED_EDGE('',*,*,#1251,.T.);
#1743=ORIENTED_EDGE('',*,*,#1252,.F.);
#1744=ORIENTED_EDGE('',*,*,#1213,.F.);
#1745=ORIENTED_EDGE('',*,*,#1253,.F.);
#1746=ORIENTED_EDGE('',*,*,#1183,.T.);
#1747=ORIENTED_EDGE('',*,*,#1212,.T.);
#1748=ORIENTED_EDGE('',*,*,#1254,.T.);
#1749=ORIENTED_EDGE('',*,*,#1184,.T.);
#1750=ORIENTED_EDGE('',*,*,#1253,.T.);
#1751=ORIENTED_EDGE('',*,*,#1248,.F.);
#1752=ORIENTED_EDGE('',*,*,#1185,.T.);
#1753=ORIENTED_EDGE('',*,*,#1254,.F.);
#1754=ORIENTED_EDGE('',*,*,#1211,.F.);
#1755=ORIENTED_EDGE('',*,*,#1255,.F.);
#1756=ORIENTED_EDGE('',*,*,#1240,.T.);
#1757=ORIENTED_EDGE('',*,*,#1219,.F.);
#1758=ORIENTED_EDGE('',*,*,#1256,.F.);
#1759=ORIENTED_EDGE('',*,*,#1206,.F.);
#1760=ORIENTED_EDGE('',*,*,#1257,.F.);
#1761=ORIENTED_EDGE('',*,*,#1256,.T.);
#1762=ORIENTED_EDGE('',*,*,#1218,.F.);
#1763=ORIENTED_EDGE('',*,*,#1258,.F.);
#1764=ORIENTED_EDGE('',*,*,#1208,.T.);
#1765=ORIENTED_EDGE('',*,*,#1231,.F.);
#1766=ORIENTED_EDGE('',*,*,#1259,.F.);
#1767=ORIENTED_EDGE('',*,*,#1234,.F.);
#1768=ORIENTED_EDGE('',*,*,#1260,.F.);
#1769=ORIENTED_EDGE('',*,*,#1259,.T.);
#1770=ORIENTED_EDGE('',*,*,#1230,.F.);
#1771=ORIENTED_EDGE('',*,*,#1261,.F.);
#1772=ORIENTED_EDGE('',*,*,#1235,.T.);
#1773=ORIENTED_EDGE('',*,*,#1227,.F.);
#1774=ORIENTED_EDGE('',*,*,#1262,.F.);
#1775=ORIENTED_EDGE('',*,*,#1244,.F.);
#1776=ORIENTED_EDGE('',*,*,#1263,.F.);
#1777=ORIENTED_EDGE('',*,*,#1262,.T.);
#1778=ORIENTED_EDGE('',*,*,#1226,.F.);
#1779=ORIENTED_EDGE('',*,*,#1264,.F.);
#1780=ORIENTED_EDGE('',*,*,#1245,.T.);
#1781=ORIENTED_EDGE('',*,*,#1223,.F.);
#1782=ORIENTED_EDGE('',*,*,#1265,.F.);
#1783=ORIENTED_EDGE('',*,*,#1239,.F.);
#1784=ORIENTED_EDGE('',*,*,#1266,.F.);
#1785=ORIENTED_EDGE('',*,*,#1265,.T.);
#1786=ORIENTED_EDGE('',*,*,#1222,.F.);
#1787=ORIENTED_EDGE('',*,*,#1255,.T.);
#1788=ORIENTED_EDGE('',*,*,#1257,.T.);
#1789=ORIENTED_EDGE('',*,*,#1205,.F.);
#1790=ORIENTED_EDGE('',*,*,#1209,.T.);
#1791=ORIENTED_EDGE('',*,*,#1258,.T.);
#1792=ORIENTED_EDGE('',*,*,#1260,.T.);
#1793=ORIENTED_EDGE('',*,*,#1233,.F.);
#1794=ORIENTED_EDGE('',*,*,#1236,.T.);
#1795=ORIENTED_EDGE('',*,*,#1261,.T.);
#1796=ORIENTED_EDGE('',*,*,#1263,.T.);
#1797=ORIENTED_EDGE('',*,*,#1243,.F.);
#1798=ORIENTED_EDGE('',*,*,#1246,.T.);
#1799=ORIENTED_EDGE('',*,*,#1264,.T.);
#1800=ORIENTED_EDGE('',*,*,#1266,.T.);
#1801=ORIENTED_EDGE('',*,*,#1238,.F.);
#1802=ORIENTED_EDGE('',*,*,#1241,.T.);
#1803=ORIENTED_EDGE('',*,*,#1151,.T.);
#1804=ORIENTED_EDGE('',*,*,#1154,.T.);
#1805=ORIENTED_EDGE('',*,*,#1157,.T.);
#1806=ORIENTED_EDGE('',*,*,#1160,.T.);
#1807=ORIENTED_EDGE('',*,*,#1170,.T.);
#1808=ORIENTED_EDGE('',*,*,#1167,.T.);
#1809=ORIENTED_EDGE('',*,*,#1164,.T.);
#1810=ORIENTED_EDGE('',*,*,#1172,.T.);
#1811=PLANE('',#1992);
#1812=PLANE('',#1993);
#1813=PLANE('',#1994);
#1814=PLANE('',#1995);
#1815=PLANE('',#1996);
#1816=PLANE('',#1997);
#1817=PLANE('',#2010);
#1818=PLANE('',#2014);
#1819=PLANE('',#2018);
#1820=PLANE('',#2019);
#1821=PLANE('',#2020);
#1822=PLANE('',#2021);
#1823=PLANE('',#2032);
#1824=PLANE('',#2033);
#1825=PLANE('',#2034);
#1826=PLANE('',#2035);
#1827=PLANE('',#2036);
#1828=PLANE('',#2037);
#1829=PLANE('',#2050);
#1830=PLANE('',#2053);
#1831=PLANE('',#2054);
#1832=PLANE('',#2057);
#1833=PLANE('',#2058);
#1834=PLANE('',#2063);
#1835=PLANE('',#2066);
#1836=PLANE('',#2069);
#1837=PLANE('',#2076);
#1838=PLANE('',#2079);
#1839=PLANE('',#2080);
#1840=PLANE('',#2081);
#1841=PLANE('',#2082);
#1842=PLANE('',#2083);
#1843=PLANE('',#2084);
#1844=PLANE('',#2085);
#1845=PLANE('',#2096);
#1846=PLANE('',#2097);
#1847=PLANE('',#2098);
#1848=PLANE('',#2099);
#1849=PLANE('',#2106);
#1850=PLANE('',#2131);
#1851=PLANE('',#2132);
#1852=PLANE('',#2142);
#1853=PLANE('',#2145);
#1854=PLANE('',#2148);
#1855=PLANE('',#2150);
#1856=PLANE('',#2152);
#1857=PLANE('',#2154);
#1858=PLANE('',#2156);
#1859=PLANE('',#2157);
#1860=PLANE('',#2158);
#1861=PLANE('',#2159);
#1862=PLANE('',#2160);
#1863=PLANE('',#2161);
#1864=PLANE('',#2162);
#1865=PLANE('',#2163);
#1866=PLANE('',#2164);
#1867=PLANE('',#2165);
#1868=ADVANCED_FACE('',(#186),#1811,.F.);
#1869=ADVANCED_FACE('',(#187),#1812,.F.);
#1870=ADVANCED_FACE('',(#188),#1813,.F.);
#1871=ADVANCED_FACE('',(#189),#1814,.F.);
#1872=ADVANCED_FACE('',(#190),#1815,.F.);
#1873=ADVANCED_FACE('',(#191),#1816,.F.);
#1874=ADVANCED_FACE('',(#192),#150,.F.);
#1875=ADVANCED_FACE('',(#193),#151,.F.);
#1876=ADVANCED_FACE('',(#194),#152,.F.);
#1877=ADVANCED_FACE('',(#195),#153,.F.);
#1878=ADVANCED_FACE('',(#196,#31),#1817,.T.);
#1879=ADVANCED_FACE('',(#197,#32),#1818,.T.);
#1880=ADVANCED_FACE('',(#198,#33,#34),#1819,.T.);
#1881=ADVANCED_FACE('',(#199,#35,#36),#1820,.T.);
#1882=ADVANCED_FACE('',(#200,#37,#38),#1821,.T.);
#1883=ADVANCED_FACE('',(#201,#39,#40),#1822,.T.);
#1884=ADVANCED_FACE('',(#202),#154,.F.);
#1885=ADVANCED_FACE('',(#203),#155,.F.);
#1886=ADVANCED_FACE('',(#204),#156,.F.);
#1887=ADVANCED_FACE('',(#205),#157,.F.);
#1888=ADVANCED_FACE('',(#206),#1823,.F.);
#1889=ADVANCED_FACE('',(#207),#1824,.F.);
#1890=ADVANCED_FACE('',(#208),#1825,.F.);
#1891=ADVANCED_FACE('',(#209),#1826,.F.);
#1892=ADVANCED_FACE('',(#210),#1827,.F.);
#1893=ADVANCED_FACE('',(#211),#1828,.F.);
#1894=ADVANCED_FACE('',(#212),#158,.F.);
#1895=ADVANCED_FACE('',(#213),#159,.F.);
#1896=ADVANCED_FACE('',(#214),#160,.F.);
#1897=ADVANCED_FACE('',(#215),#161,.F.);
#1898=ADVANCED_FACE('',(#216,#41),#1829,.T.);
#1899=ADVANCED_FACE('',(#217,#42,#43),#1830,.T.);
#1900=ADVANCED_FACE('',(#218,#44,#45),#1831,.T.);
#1901=ADVANCED_FACE('',(#219),#162,.T.);
#1902=ADVANCED_FACE('',(#220),#1832,.T.);
#1903=ADVANCED_FACE('',(#221,#46),#1833,.T.);
#1904=ADVANCED_FACE('',(#222),#163,.T.);
#1905=ADVANCED_FACE('',(#223),#1834,.T.);
#1906=ADVANCED_FACE('',(#224),#164,.T.);
#1907=ADVANCED_FACE('',(#225),#1835,.T.);
#1908=ADVANCED_FACE('',(#226),#165,.T.);
#1909=ADVANCED_FACE('',(#227),#1836,.T.);
#1910=ADVANCED_FACE('',(#228),#166,.T.);
#1911=ADVANCED_FACE('',(#229),#167,.T.);
#1912=ADVANCED_FACE('',(#230),#168,.T.);
#1913=ADVANCED_FACE('',(#231,#47,#48),#1837,.T.);
#1914=ADVANCED_FACE('',(#232),#169,.T.);
#1915=ADVANCED_FACE('',(#233),#1838,.T.);
#1916=ADVANCED_FACE('',(#234,#49,#50),#1839,.T.);
#1917=ADVANCED_FACE('',(#235),#1840,.T.);
#1918=ADVANCED_FACE('',(#236),#1841,.T.);
#1919=ADVANCED_FACE('',(#237),#1842,.T.);
#1920=ADVANCED_FACE('',(#238),#1843,.T.);
#1921=ADVANCED_FACE('',(#239,#51,#52,#53,#54),#1844,.F.);
#1922=ADVANCED_FACE('',(#240),#170,.F.);
#1923=ADVANCED_FACE('',(#241),#171,.F.);
#1924=ADVANCED_FACE('',(#242),#172,.F.);
#1925=ADVANCED_FACE('',(#243),#1845,.F.);
#1926=ADVANCED_FACE('',(#244),#1846,.F.);
#1927=ADVANCED_FACE('',(#245),#1847,.F.);
#1928=ADVANCED_FACE('',(#246),#1848,.F.);
#1929=ADVANCED_FACE('',(#247),#173,.F.);
#1930=ADVANCED_FACE('',(#248),#19,.F.);
#1931=ADVANCED_FACE('',(#249,#55,#56,#57,#58,#59,#60,#61,#62,#63),#1849,
 .F.);
#1932=ADVANCED_FACE('',(#250),#174,.F.);
#1933=ADVANCED_FACE('',(#251),#20,.F.);
#1934=ADVANCED_FACE('',(#252),#175,.F.);
#1935=ADVANCED_FACE('',(#253),#21,.F.);
#1936=ADVANCED_FACE('',(#254),#176,.F.);
#1937=ADVANCED_FACE('',(#255),#22,.F.);
#1938=ADVANCED_FACE('',(#256),#177,.F.);
#1939=ADVANCED_FACE('',(#257),#178,.T.);
#1940=ADVANCED_FACE('',(#258),#1850,.T.);
#1941=ADVANCED_FACE('',(#259,#64,#65,#66,#67,#68),#1851,.T.);
#1942=ADVANCED_FACE('',(#260),#179,.T.);
#1943=ADVANCED_FACE('',(#261),#1852,.T.);
#1944=ADVANCED_FACE('',(#262),#180,.T.);
#1945=ADVANCED_FACE('',(#263),#1853,.T.);
#1946=ADVANCED_FACE('',(#264),#181,.T.);
#1947=ADVANCED_FACE('',(#265),#1854,.T.);
#1948=ADVANCED_FACE('',(#266),#182,.T.);
#1949=ADVANCED_FACE('',(#267),#1855,.T.);
#1950=ADVANCED_FACE('',(#268),#183,.T.);
#1951=ADVANCED_FACE('',(#269),#1856,.T.);
#1952=ADVANCED_FACE('',(#270),#184,.T.);
#1953=ADVANCED_FACE('',(#271),#1857,.T.);
#1954=ADVANCED_FACE('',(#272),#185,.T.);
#1955=ADVANCED_FACE('',(#273),#1858,.T.);
#1956=ADVANCED_FACE('',(#274),#1859,.T.);
#1957=ADVANCED_FACE('',(#275),#1860,.T.);
#1958=ADVANCED_FACE('',(#276),#1861,.T.);
#1959=ADVANCED_FACE('',(#277),#1862,.T.);
#1960=ADVANCED_FACE('',(#278),#1863,.T.);
#1961=ADVANCED_FACE('',(#279),#1864,.T.);
#1962=ADVANCED_FACE('',(#280),#1865,.T.);
#1963=ADVANCED_FACE('',(#281),#1866,.T.);
#1964=ADVANCED_FACE('',(#282,#69,#70,#71,#72,#73),#1867,.T.);
#1965=CLOSED_SHELL('',(#1868,#1869,#1870,#1871,#1872,#1873,#1874,#1875,
#1876,#1877,#1878,#1879,#1880,#1881,#1882,#1883,#1884,#1885,#1886,#1887,
#1888,#1889,#1890,#1891,#1892,#1893,#1894,#1895,#1896,#1897,#1898,#1899,
#1900,#1901,#1902,#1903,#1904,#1905,#1906,#1907,#1908,#1909,#1910,#1911,
#1912,#1913,#1914,#1915,#1916,#1917,#1918,#1919,#1920,#1921));
#1966=CLOSED_SHELL('',(#1922,#1923,#1924,#1925,#1926,#1927,#1928,#1929,
#1930,#1931,#1932,#1933,#1934,#1935,#1936,#1937,#1938,#1939,#1940,#1941,
#1942,#1943,#1944,#1945,#1946,#1947,#1948,#1949,#1950,#1951,#1952,#1953,
#1954,#1955,#1956,#1957,#1958,#1959,#1960,#1961,#1962,#1963,#1964));
#1967=DERIVED_UNIT_ELEMENT(#1971,1.);
#1968=DERIVED_UNIT_ELEMENT(#3283,-3.);
#1969=DERIVED_UNIT_ELEMENT(#1971,1.);
#1970=DERIVED_UNIT_ELEMENT(#3283,-3.);
#1971=(
MASS_UNIT()
NAMED_UNIT(*)
SI_UNIT(.KILO.,.GRAM.)
);
#1972=DERIVED_UNIT((#1967,#1968));
#1973=DERIVED_UNIT((#1969,#1970));
#1974=MEASURE_REPRESENTATION_ITEM('density measure',
POSITIVE_RATIO_MEASURE(7850.),#1972);
#1975=MEASURE_REPRESENTATION_ITEM('density measure',
POSITIVE_RATIO_MEASURE(7850.),#1973);
#1976=PROPERTY_DEFINITION_REPRESENTATION(#1986,#1980);
#1977=PROPERTY_DEFINITION_REPRESENTATION(#1987,#1981);
#1978=PROPERTY_DEFINITION_REPRESENTATION(#1988,#1982);
#1979=PROPERTY_DEFINITION_REPRESENTATION(#1989,#1983);
#1980=REPRESENTATION('material name',(#1984),#3279);
#1981=REPRESENTATION('density',(#1974),#3279);
#1982=REPRESENTATION('material name',(#1985),#3280);
#1983=REPRESENTATION('density',(#1975),#3280);
#1984=DESCRIPTIVE_REPRESENTATION_ITEM('\X2\AC15CCA0\X0\','\X2\AC15CCA0\X0\');
#1985=DESCRIPTIVE_REPRESENTATION_ITEM('\X2\AC15CCA0\X0\','\X2\AC15CCA0\X0\');
#1986=PROPERTY_DEFINITION('material property','material name',#3299);
#1987=PROPERTY_DEFINITION('material property','density of part',#3299);
#1988=PROPERTY_DEFINITION('material property','material name',#3300);
#1989=PROPERTY_DEFINITION('material property','density of part',#3300);
#1990=AXIS2_PLACEMENT_3D('',#2720,#2168,#2169);
#1991=AXIS2_PLACEMENT_3D('',#2721,#2170,#2171);
#1992=AXIS2_PLACEMENT_3D('',#2722,#2172,#2173);
#1993=AXIS2_PLACEMENT_3D('',#2731,#2178,#2179);
#1994=AXIS2_PLACEMENT_3D('',#2740,#2184,#2185);
#1995=AXIS2_PLACEMENT_3D('',#2746,#2189,#2190);
#1996=AXIS2_PLACEMENT_3D('',#2752,#2194,#2195);
#1997=AXIS2_PLACEMENT_3D('',#2758,#2199,#2200);
#1998=AXIS2_PLACEMENT_3D('',#2764,#2204,#2205);
#1999=AXIS2_PLACEMENT_3D('',#2766,#2206,#2207);
#2000=AXIS2_PLACEMENT_3D('',#2769,#2209,#2210);
#2001=AXIS2_PLACEMENT_3D('',#2770,#2211,#2212);
#2002=AXIS2_PLACEMENT_3D('',#2772,#2213,#2214);
#2003=AXIS2_PLACEMENT_3D('',#2775,#2216,#2217);
#2004=AXIS2_PLACEMENT_3D('',#2776,#2218,#2219);
#2005=AXIS2_PLACEMENT_3D('',#2778,#2220,#2221);
#2006=AXIS2_PLACEMENT_3D('',#2781,#2223,#2224);
#2007=AXIS2_PLACEMENT_3D('',#2782,#2225,#2226);
#2008=AXIS2_PLACEMENT_3D('',#2784,#2227,#2228);
#2009=AXIS2_PLACEMENT_3D('',#2787,#2230,#2231);
#2010=AXIS2_PLACEMENT_3D('',#2788,#2232,#2233);
#2011=AXIS2_PLACEMENT_3D('',#2794,#2236,#2237);
#2012=AXIS2_PLACEMENT_3D('',#2804,#2242,#2243);
#2013=AXIS2_PLACEMENT_3D('',#2807,#2245,#2246);
#2014=AXIS2_PLACEMENT_3D('',#2808,#2247,#2248);
#2015=AXIS2_PLACEMENT_3D('',#2812,#2250,#2251);
#2016=AXIS2_PLACEMENT_3D('',#2822,#2256,#2257);
#2017=AXIS2_PLACEMENT_3D('',#2827,#2260,#2261);
#2018=AXIS2_PLACEMENT_3D('',#2828,#2262,#2263);
#2019=AXIS2_PLACEMENT_3D('',#2836,#2268,#2269);
#2020=AXIS2_PLACEMENT_3D('',#2844,#2274,#2275);
#2021=AXIS2_PLACEMENT_3D('',#2852,#2280,#2281);
#2022=AXIS2_PLACEMENT_3D('',#2860,#2286,#2287);
#2023=AXIS2_PLACEMENT_3D('',#2863,#2289,#2290);
#2024=AXIS2_PLACEMENT_3D('',#2864,#2291,#2292);
#2025=AXIS2_PLACEMENT_3D('',#2866,#2293,#2294);
#2026=AXIS2_PLACEMENT_3D('',#2869,#2296,#2297);
#2027=AXIS2_PLACEMENT_3D('',#2870,#2298,#2299);
#2028=AXIS2_PLACEMENT_3D('',#2873,#2301,#2302);
#2029=AXIS2_PLACEMENT_3D('',#2874,#2303,#2304);
#2030=AXIS2_PLACEMENT_3D('',#2876,#2305,#2306);
#2031=AXIS2_PLACEMENT_3D('',#2879,#2308,#2309);
#2032=AXIS2_PLACEMENT_3D('',#2880,#2310,#2311);
#2033=AXIS2_PLACEMENT_3D('',#2886,#2315,#2316);
#2034=AXIS2_PLACEMENT_3D('',#2895,#2321,#2322);
#2035=AXIS2_PLACEMENT_3D('',#2901,#2326,#2327);
#2036=AXIS2_PLACEMENT_3D('',#2904,#2330,#2331);
#2037=AXIS2_PLACEMENT_3D('',#2913,#2336,#2337);
#2038=AXIS2_PLACEMENT_3D('',#2916,#2340,#2341);
#2039=AXIS2_PLACEMENT_3D('',#2918,#2342,#2343);
#2040=AXIS2_PLACEMENT_3D('',#2921,#2345,#2346);
#2041=AXIS2_PLACEMENT_3D('',#2922,#2347,#2348);
#2042=AXIS2_PLACEMENT_3D('',#2924,#2349,#2350);
#2043=AXIS2_PLACEMENT_3D('',#2927,#2352,#2353);
#2044=AXIS2_PLACEMENT_3D('',#2928,#2354,#2355);
#2045=AXIS2_PLACEMENT_3D('',#2930,#2356,#2357);
#2046=AXIS2_PLACEMENT_3D('',#2933,#2359,#2360);
#2047=AXIS2_PLACEMENT_3D('',#2934,#2361,#2362);
#2048=AXIS2_PLACEMENT_3D('',#2936,#2363,#2364);
#2049=AXIS2_PLACEMENT_3D('',#2939,#2366,#2367);
#2050=AXIS2_PLACEMENT_3D('',#2940,#2368,#2369);
#2051=AXIS2_PLACEMENT_3D('',#2942,#2370,#2371);
#2052=AXIS2_PLACEMENT_3D('',#2949,#2375,#2376);
#2053=AXIS2_PLACEMENT_3D('',#2951,#2378,#2379);
#2054=AXIS2_PLACEMENT_3D('',#2959,#2384,#2385);
#2055=AXIS2_PLACEMENT_3D('',#2965,#2389,#2390);
#2056=AXIS2_PLACEMENT_3D('',#2969,#2392,#2393);
#2057=AXIS2_PLACEMENT_3D('',#2971,#2395,#2396);
#2058=AXIS2_PLACEMENT_3D('',#2975,#2399,#2400);
#2059=AXIS2_PLACEMENT_3D('',#2979,#2402,#2403);
#2060=AXIS2_PLACEMENT_3D('',#2983,#2406,#2407);
#2061=AXIS2_PLACEMENT_3D('',#2984,#2408,#2409);
#2062=AXIS2_PLACEMENT_3D('',#2988,#2411,#2412);
#2063=AXIS2_PLACEMENT_3D('',#2990,#2414,#2415);
#2064=AXIS2_PLACEMENT_3D('',#2992,#2417,#2418);
#2065=AXIS2_PLACEMENT_3D('',#2996,#2420,#2421);
#2066=AXIS2_PLACEMENT_3D('',#2998,#2423,#2424);
#2067=AXIS2_PLACEMENT_3D('',#3000,#2426,#2427);
#2068=AXIS2_PLACEMENT_3D('',#3004,#2429,#2430);
#2069=AXIS2_PLACEMENT_3D('',#3006,#2432,#2433);
#2070=AXIS2_PLACEMENT_3D('',#3008,#2435,#2436);
#2071=AXIS2_PLACEMENT_3D('',#3009,#2437,#2438);
#2072=AXIS2_PLACEMENT_3D('',#3010,#2439,#2440);
#2073=AXIS2_PLACEMENT_3D('',#3011,#2441,#2442);
#2074=AXIS2_PLACEMENT_3D('',#3012,#2443,#2444);
#2075=AXIS2_PLACEMENT_3D('',#3014,#2445,#2446);
#2076=AXIS2_PLACEMENT_3D('',#3016,#2448,#2449);
#2077=AXIS2_PLACEMENT_3D('',#3020,#2452,#2453);
#2078=AXIS2_PLACEMENT_3D('',#3021,#2454,#2455);
#2079=AXIS2_PLACEMENT_3D('',#3022,#2456,#2457);
#2080=AXIS2_PLACEMENT_3D('',#3024,#2459,#2460);
#2081=AXIS2_PLACEMENT_3D('',#3028,#2463,#2464);
#2082=AXIS2_PLACEMENT_3D('',#3030,#2466,#2467);
#2083=AXIS2_PLACEMENT_3D('',#3032,#2469,#2470);
#2084=AXIS2_PLACEMENT_3D('',#3034,#2472,#2473);
#2085=AXIS2_PLACEMENT_3D('',#3035,#2474,#2475);
#2086=AXIS2_PLACEMENT_3D('',#3036,#2476,#2477);
#2087=AXIS2_PLACEMENT_3D('',#3037,#2478,#2479);
#2088=AXIS2_PLACEMENT_3D('',#3039,#2480,#2481);
#2089=AXIS2_PLACEMENT_3D('',#3042,#2483,#2484);
#2090=AXIS2_PLACEMENT_3D('',#3043,#2485,#2486);
#2091=AXIS2_PLACEMENT_3D('',#3045,#2487,#2488);
#2092=AXIS2_PLACEMENT_3D('',#3048,#2490,#2491);
#2093=AXIS2_PLACEMENT_3D('',#3049,#2492,#2493);
#2094=AXIS2_PLACEMENT_3D('',#3051,#2494,#2495);
#2095=AXIS2_PLACEMENT_3D('',#3054,#2497,#2498);
#2096=AXIS2_PLACEMENT_3D('',#3055,#2499,#2500);
#2097=AXIS2_PLACEMENT_3D('',#3064,#2505,#2506);
#2098=AXIS2_PLACEMENT_3D('',#3070,#2510,#2511);
#2099=AXIS2_PLACEMENT_3D('',#3076,#2515,#2516);
#2100=AXIS2_PLACEMENT_3D('',#3079,#2519,#2520);
#2101=AXIS2_PLACEMENT_3D('',#3081,#2521,#2522);
#2102=AXIS2_PLACEMENT_3D('',#3084,#2524,#2525);
#2103=AXIS2_PLACEMENT_3D('',#3085,#2526,#2527);
#2104=AXIS2_PLACEMENT_3D('',#3087,#2528,#2529);
#2105=AXIS2_PLACEMENT_3D('',#3090,#2531,#2532);
#2106=AXIS2_PLACEMENT_3D('',#3091,#2533,#2534);
#2107=AXIS2_PLACEMENT_3D('',#3094,#2535,#2536);
#2108=AXIS2_PLACEMENT_3D('',#3098,#2538,#2539);
#2109=AXIS2_PLACEMENT_3D('',#3102,#2541,#2542);
#2110=AXIS2_PLACEMENT_3D('',#3106,#2544,#2545);
#2111=AXIS2_PLACEMENT_3D('',#3109,#2547,#2548);
#2112=AXIS2_PLACEMENT_3D('',#3111,#2549,#2550);
#2113=AXIS2_PLACEMENT_3D('',#3113,#2551,#2552);
#2114=AXIS2_PLACEMENT_3D('',#3114,#2553,#2554);
#2115=AXIS2_PLACEMENT_3D('',#3116,#2555,#2556);
#2116=AXIS2_PLACEMENT_3D('',#3118,#2558,#2559);
#2117=AXIS2_PLACEMENT_3D('',#3121,#2561,#2562);
#2118=AXIS2_PLACEMENT_3D('',#3122,#2563,#2564);
#2119=AXIS2_PLACEMENT_3D('',#3124,#2565,#2566);
#2120=AXIS2_PLACEMENT_3D('',#3126,#2568,#2569);
#2121=AXIS2_PLACEMENT_3D('',#3129,#2571,#2572);
#2122=AXIS2_PLACEMENT_3D('',#3130,#2573,#2574);
#2123=AXIS2_PLACEMENT_3D('',#3132,#2575,#2576);
#2124=AXIS2_PLACEMENT_3D('',#3134,#2578,#2579);
#2125=AXIS2_PLACEMENT_3D('',#3137,#2581,#2582);
#2126=AXIS2_PLACEMENT_3D('',#3138,#2583,#2584);
#2127=AXIS2_PLACEMENT_3D('',#3140,#2585,#2586);
#2128=AXIS2_PLACEMENT_3D('',#3142,#2588,#2589);
#2129=AXIS2_PLACEMENT_3D('',#3145,#2590,#2591);
#2130=AXIS2_PLACEMENT_3D('',#3149,#2593,#2594);
#2131=AXIS2_PLACEMENT_3D('',#3151,#2596,#2597);
#2132=AXIS2_PLACEMENT_3D('',#3157,#2601,#2602);
#2133=AXIS2_PLACEMENT_3D('',#3160,#2603,#2604);
#2134=AXIS2_PLACEMENT_3D('',#3164,#2606,#2607);
#2135=AXIS2_PLACEMENT_3D('',#3168,#2609,#2610);
#2136=AXIS2_PLACEMENT_3D('',#3172,#2612,#2613);
#2137=AXIS2_PLACEMENT_3D('',#3181,#2618,#2619);
#2138=AXIS2_PLACEMENT_3D('',#3189,#2623,#2624);
#2139=AXIS2_PLACEMENT_3D('',#3197,#2628,#2629);
#2140=AXIS2_PLACEMENT_3D('',#3201,#2632,#2633);
#2141=AXIS2_PLACEMENT_3D('',#3205,#2635,#2636);
#2142=AXIS2_PLACEMENT_3D('',#3207,#2638,#2639);
#2143=AXIS2_PLACEMENT_3D('',#3211,#2642,#2643);
#2144=AXIS2_PLACEMENT_3D('',#3215,#2645,#2646);
#2145=AXIS2_PLACEMENT_3D('',#3217,#2648,#2649);
#2146=AXIS2_PLACEMENT_3D('',#3221,#2652,#2653);
#2147=AXIS2_PLACEMENT_3D('',#3225,#2655,#2656);
#2148=AXIS2_PLACEMENT_3D('',#3227,#2658,#2659);
#2149=AXIS2_PLACEMENT_3D('',#3231,#2662,#2663);
#2150=AXIS2_PLACEMENT_3D('',#3234,#2666,#2667);
#2151=AXIS2_PLACEMENT_3D('',#3236,#2669,#2670);
#2152=AXIS2_PLACEMENT_3D('',#3238,#2672,#2673);
#2153=AXIS2_PLACEMENT_3D('',#3240,#2675,#2676);
#2154=AXIS2_PLACEMENT_3D('',#3242,#2678,#2679);
#2155=AXIS2_PLACEMENT_3D('',#3244,#2681,#2682);
#2156=AXIS2_PLACEMENT_3D('',#3246,#2684,#2685);
#2157=AXIS2_PLACEMENT_3D('',#3247,#2686,#2687);
#2158=AXIS2_PLACEMENT_3D('',#3251,#2690,#2691);
#2159=AXIS2_PLACEMENT_3D('',#3253,#2693,#2694);
#2160=AXIS2_PLACEMENT_3D('',#3257,#2697,#2698);
#2161=AXIS2_PLACEMENT_3D('',#3259,#2700,#2701);
#2162=AXIS2_PLACEMENT_3D('',#3263,#2704,#2705);
#2163=AXIS2_PLACEMENT_3D('',#3265,#2707,#2708);
#2164=AXIS2_PLACEMENT_3D('',#3269,#2711,#2712);
#2165=AXIS2_PLACEMENT_3D('',#3271,#2714,#2715);
#2166=AXIS2_PLACEMENT_3D('',#3272,#2716,#2717);
#2167=AXIS2_PLACEMENT_3D('',#3273,#2718,#2719);
#2168=DIRECTION('axis',(0.,0.,1.));
#2169=DIRECTION('refdir',(1.,0.,0.));
#2170=DIRECTION('axis',(0.,0.,1.));
#2171=DIRECTION('refdir',(1.,0.,0.));
#2172=DIRECTION('center_axis',(0.,2.58191401075618E-16,-1.));
#2173=DIRECTION('ref_axis',(1.23259516440783E-33,1.,2.58191401075618E-16));
#2174=DIRECTION('',(0.,-1.,-2.58191401075618E-16));
#2175=DIRECTION('',(1.,0.,0.));
#2176=DIRECTION('',(1.23259516440783E-33,1.,2.58191401075618E-16));
#2177=DIRECTION('',(1.,0.,0.));
#2178=DIRECTION('center_axis',(0.,2.58191401075618E-16,-1.));
#2179=DIRECTION('ref_axis',(1.23259516440783E-33,1.,2.58191401075618E-16));
#2180=DIRECTION('',(0.,1.,2.58191401075618E-16));
#2181=DIRECTION('',(1.,0.,0.));
#2182=DIRECTION('',(0.,-1.,-2.58191401075618E-16));
#2183=DIRECTION('',(1.,0.,0.));
#2184=DIRECTION('center_axis',(0.,0.991997911723619,-0.126254279673916));
#2185=DIRECTION('ref_axis',(1.55620414611863E-34,0.126254279673916,0.991997911723619));
#2186=DIRECTION('',(0.,-0.126254279673916,-0.991997911723619));
#2187=DIRECTION('',(1.,0.,0.));
#2188=DIRECTION('',(1.55620414611863E-34,0.126254279673916,0.991997911723619));
#2189=DIRECTION('center_axis',(0.,0.991997911723619,-0.126254279673916));
#2190=DIRECTION('ref_axis',(1.55620414611863E-34,0.126254279673916,0.991997911723619));
#2191=DIRECTION('',(0.,0.126254279673916,0.991997911723619));
#2192=DIRECTION('',(0.,-0.126254279673916,-0.991997911723619));
#2193=DIRECTION('',(1.,0.,0.));
#2194=DIRECTION('center_axis',(0.,-0.991997911723619,-0.126254279673913));
#2195=DIRECTION('ref_axis',(1.55620414611859E-34,0.126254279673913,-0.991997911723619));
#2196=DIRECTION('',(0.,-0.126254279673913,0.991997911723619));
#2197=DIRECTION('',(1.55620414611859E-34,0.126254279673913,-0.991997911723619));
#2198=DIRECTION('',(-1.,0.,0.));
#2199=DIRECTION('center_axis',(0.,-0.991997911723619,-0.126254279673913));
#2200=DIRECTION('ref_axis',(1.55620414611859E-34,0.126254279673913,-0.991997911723619));
#2201=DIRECTION('',(0.,0.126254279673913,-0.991997911723619));
#2202=DIRECTION('',(-1.,0.,0.));
#2203=DIRECTION('',(0.,-0.126254279673913,0.991997911723619));
#2204=DIRECTION('center_axis',(1.,0.,0.));
#2205=DIRECTION('ref_axis',(0.,-1.,0.));
#2206=DIRECTION('center_axis',(1.,-1.23259516440783E-33,0.));
#2207=DIRECTION('ref_axis',(0.,-1.,0.));
#2208=DIRECTION('',(1.,0.,0.));
#2209=DIRECTION('center_axis',(-1.,0.,0.));
#2210=DIRECTION('ref_axis',(0.,-1.,0.));
#2211=DIRECTION('center_axis',(1.,0.,0.));
#2212=DIRECTION('ref_axis',(0.,-1.,0.));
#2213=DIRECTION('center_axis',(1.,0.,0.));
#2214=DIRECTION('ref_axis',(0.,-1.,0.));
#2215=DIRECTION('',(1.,0.,0.));
#2216=DIRECTION('center_axis',(-1.,0.,0.));
#2217=DIRECTION('ref_axis',(0.,-1.,0.));
#2218=DIRECTION('center_axis',(1.,0.,0.));
#2219=DIRECTION('ref_axis',(0.,-1.,0.));
#2220=DIRECTION('center_axis',(1.,-1.23259516440783E-33,0.));
#2221=DIRECTION('ref_axis',(0.,-1.,0.));
#2222=DIRECTION('',(1.,0.,0.));
#2223=DIRECTION('center_axis',(-1.,0.,0.));
#2224=DIRECTION('ref_axis',(0.,-1.,0.));
#2225=DIRECTION('center_axis',(1.,0.,0.));
#2226=DIRECTION('ref_axis',(0.,-1.,0.));
#2227=DIRECTION('center_axis',(1.,0.,0.));
#2228=DIRECTION('ref_axis',(0.,-1.,0.));
#2229=DIRECTION('',(1.,0.,0.));
#2230=DIRECTION('center_axis',(-1.,0.,0.));
#2231=DIRECTION('ref_axis',(0.,-1.,0.));
#2232=DIRECTION('center_axis',(0.,0.,1.));
#2233=DIRECTION('ref_axis',(1.,0.,0.));
#2234=DIRECTION('',(0.,-1.,0.));
#2235=DIRECTION('',(-1.,2.77555756156289E-16,0.));
#2236=DIRECTION('center_axis',(0.,0.,-1.));
#2237=DIRECTION('ref_axis',(-0.707106781186548,0.707106781186547,0.));
#2238=DIRECTION('',(0.,-1.,0.));
#2239=DIRECTION('',(-1.,0.,0.));
#2240=DIRECTION('',(0.,-1.,0.));
#2241=DIRECTION('',(1.,0.,0.));
#2242=DIRECTION('center_axis',(0.,0.,-1.));
#2243=DIRECTION('ref_axis',(0.707106781186548,-0.707106781186547,0.));
#2244=DIRECTION('',(0.,1.,0.));
#2245=DIRECTION('center_axis',(0.,0.,-1.));
#2246=DIRECTION('ref_axis',(-1.,0.,0.));
#2247=DIRECTION('center_axis',(0.,0.,1.));
#2248=DIRECTION('ref_axis',(1.,0.,0.));
#2249=DIRECTION('',(0.,-1.,0.));
#2250=DIRECTION('center_axis',(0.,0.,-1.));
#2251=DIRECTION('ref_axis',(-0.707106781186548,-0.707106781186547,0.));
#2252=DIRECTION('',(1.,0.,0.));
#2253=DIRECTION('',(0.,1.,0.));
#2254=DIRECTION('',(-1.,0.,0.));
#2255=DIRECTION('',(1.38777878078145E-16,1.,0.));
#2256=DIRECTION('center_axis',(0.,0.,-1.));
#2257=DIRECTION('ref_axis',(0.707106781186548,0.707106781186547,0.));
#2258=DIRECTION('',(-1.,5.55111514357805E-16,0.));
#2259=DIRECTION('',(0.,1.,0.));
#2260=DIRECTION('center_axis',(0.,0.,-1.));
#2261=DIRECTION('ref_axis',(-1.,0.,0.));
#2262=DIRECTION('center_axis',(1.,0.,0.));
#2263=DIRECTION('ref_axis',(0.,1.,0.));
#2264=DIRECTION('',(0.,0.,1.));
#2265=DIRECTION('',(0.,1.,0.));
#2266=DIRECTION('',(0.,0.,-1.));
#2267=DIRECTION('',(0.,1.,0.));
#2268=DIRECTION('center_axis',(-1.,0.,0.));
#2269=DIRECTION('ref_axis',(0.,-1.,0.));
#2270=DIRECTION('',(0.,-1.,0.));
#2271=DIRECTION('',(0.,0.,1.));
#2272=DIRECTION('',(0.,1.,0.));
#2273=DIRECTION('',(0.,0.,1.));
#2274=DIRECTION('center_axis',(1.,0.,0.));
#2275=DIRECTION('ref_axis',(0.,1.,0.));
#2276=DIRECTION('',(0.,0.,1.));
#2277=DIRECTION('',(0.,-1.,0.));
#2278=DIRECTION('',(0.,0.,1.));
#2279=DIRECTION('',(0.,1.,0.));
#2280=DIRECTION('center_axis',(-1.,1.23259516440783E-33,0.));
#2281=DIRECTION('ref_axis',(-1.23259516440783E-33,-1.,0.));
#2282=DIRECTION('',(0.,-1.,0.));
#2283=DIRECTION('',(0.,0.,1.));
#2284=DIRECTION('',(-1.23259516440783E-33,-1.,0.));
#2285=DIRECTION('',(0.,0.,-1.));
#2286=DIRECTION('center_axis',(0.,0.,-1.));
#2287=DIRECTION('ref_axis',(-1.,0.,0.));
#2288=DIRECTION('',(0.,0.,-1.));
#2289=DIRECTION('center_axis',(0.,0.,1.));
#2290=DIRECTION('ref_axis',(-1.,0.,0.));
#2291=DIRECTION('center_axis',(0.,0.,-1.));
#2292=DIRECTION('ref_axis',(-1.,0.,0.));
#2293=DIRECTION('center_axis',(0.,0.,-1.));
#2294=DIRECTION('ref_axis',(-1.,0.,0.));
#2295=DIRECTION('',(0.,0.,-1.));
#2296=DIRECTION('center_axis',(0.,0.,1.));
#2297=DIRECTION('ref_axis',(-1.,0.,0.));
#2298=DIRECTION('center_axis',(0.,0.,-1.));
#2299=DIRECTION('ref_axis',(-1.,0.,0.));
#2300=DIRECTION('',(0.,0.,-1.));
#2301=DIRECTION('center_axis',(0.,0.,1.));
#2302=DIRECTION('ref_axis',(-1.,0.,0.));
#2303=DIRECTION('center_axis',(0.,0.,-1.));
#2304=DIRECTION('ref_axis',(-1.,0.,0.));
#2305=DIRECTION('center_axis',(0.,0.,-1.));
#2306=DIRECTION('ref_axis',(-1.,0.,0.));
#2307=DIRECTION('',(0.,0.,-1.));
#2308=DIRECTION('center_axis',(0.,0.,1.));
#2309=DIRECTION('ref_axis',(-1.,0.,0.));
#2310=DIRECTION('center_axis',(-0.991997911723619,0.,-0.126254279673916));
#2311=DIRECTION('ref_axis',(-0.126254279673916,2.22314878016948E-34,0.991997911723619));
#2312=DIRECTION('',(0.126254279673916,0.,-0.991997911723619));
#2313=DIRECTION('',(-0.126254279673916,1.55620414611863E-34,0.991997911723619));
#2314=DIRECTION('',(0.,1.,0.));
#2315=DIRECTION('center_axis',(-0.991997911723619,0.,-0.126254279673916));
#2316=DIRECTION('ref_axis',(-0.126254279673916,2.22314878016948E-34,0.991997911723619));
#2317=DIRECTION('',(-0.126254279673916,0.,0.991997911723619));
#2318=DIRECTION('',(0.,1.,0.));
#2319=DIRECTION('',(0.126254279673916,0.,-0.991997911723619));
#2320=DIRECTION('',(0.,1.,0.));
#2321=DIRECTION('center_axis',(-2.58191401075618E-16,0.,-1.));
#2322=DIRECTION('ref_axis',(-1.,1.76085023486833E-33,2.58191401075618E-16));
#2323=DIRECTION('',(1.,0.,-2.58191401075618E-16));
#2324=DIRECTION('',(-1.,1.23259516440783E-33,2.58191401075618E-16));
#2325=DIRECTION('',(0.,1.,0.));
#2326=DIRECTION('center_axis',(0.991997911723619,0.,-0.126254279673913));
#2327=DIRECTION('ref_axis',(-0.126254279673913,2.22314878016942E-34,-0.991997911723619));
#2328=DIRECTION('',(0.126254279673913,0.,0.991997911723619));
#2329=DIRECTION('',(-0.126254279673913,1.55620414611859E-34,-0.991997911723619));
#2330=DIRECTION('center_axis',(0.991997911723619,0.,-0.126254279673913));
#2331=DIRECTION('ref_axis',(-0.126254279673913,2.22314878016942E-34,-0.991997911723619));
#2332=DIRECTION('',(-0.126254279673913,0.,-0.991997911723619));
#2333=DIRECTION('',(0.,-1.,0.));
#2334=DIRECTION('',(0.126254279673913,0.,0.991997911723619));
#2335=DIRECTION('',(0.,1.,0.));
#2336=DIRECTION('center_axis',(-2.58191401075618E-16,0.,-1.));
#2337=DIRECTION('ref_axis',(-1.,1.76085023486833E-33,2.58191401075618E-16));
#2338=DIRECTION('',(-1.,0.,2.58191401075618E-16));
#2339=DIRECTION('',(1.,0.,-2.58191401075618E-16));
#2340=DIRECTION('center_axis',(0.,1.,0.));
#2341=DIRECTION('ref_axis',(1.,0.,0.));
#2342=DIRECTION('center_axis',(1.23259516440783E-33,1.,0.));
#2343=DIRECTION('ref_axis',(1.,0.,0.));
#2344=DIRECTION('',(0.,1.,0.));
#2345=DIRECTION('center_axis',(0.,-1.,0.));
#2346=DIRECTION('ref_axis',(1.,0.,0.));
#2347=DIRECTION('center_axis',(0.,1.,0.));
#2348=DIRECTION('ref_axis',(1.,0.,0.));
#2349=DIRECTION('center_axis',(0.,1.,0.));
#2350=DIRECTION('ref_axis',(1.,0.,0.));
#2351=DIRECTION('',(0.,1.,0.));
#2352=DIRECTION('center_axis',(0.,-1.,0.));
#2353=DIRECTION('ref_axis',(1.,0.,0.));
#2354=DIRECTION('center_axis',(0.,1.,0.));
#2355=DIRECTION('ref_axis',(1.,0.,0.));
#2356=DIRECTION('center_axis',(1.23259516440783E-33,1.,0.));
#2357=DIRECTION('ref_axis',(1.,0.,0.));
#2358=DIRECTION('',(0.,1.,0.));
#2359=DIRECTION('center_axis',(0.,-1.,0.));
#2360=DIRECTION('ref_axis',(1.,0.,0.));
#2361=DIRECTION('center_axis',(0.,1.,0.));
#2362=DIRECTION('ref_axis',(1.,0.,0.));
#2363=DIRECTION('center_axis',(0.,1.,0.));
#2364=DIRECTION('ref_axis',(1.,0.,0.));
#2365=DIRECTION('',(0.,1.,0.));
#2366=DIRECTION('center_axis',(0.,-1.,0.));
#2367=DIRECTION('ref_axis',(1.,0.,0.));
#2368=DIRECTION('center_axis',(0.,0.,1.));
#2369=DIRECTION('ref_axis',(1.,0.,0.));
#2370=DIRECTION('center_axis',(0.,0.,-1.));
#2371=DIRECTION('ref_axis',(0.707106781186548,0.707106781186548,0.));
#2372=DIRECTION('',(-1.,0.,0.));
#2373=DIRECTION('',(1.,0.,0.));
#2374=DIRECTION('',(0.,-1.,0.));
#2375=DIRECTION('center_axis',(0.,0.,-1.));
#2376=DIRECTION('ref_axis',(-0.707106781186548,-0.707106781186548,0.));
#2377=DIRECTION('',(1.,0.,0.));
#2378=DIRECTION('center_axis',(0.,1.,0.));
#2379=DIRECTION('ref_axis',(-1.,0.,0.));
#2380=DIRECTION('',(0.,0.,1.));
#2381=DIRECTION('',(-1.,0.,0.));
#2382=DIRECTION('',(0.,0.,-1.));
#2383=DIRECTION('',(-1.,0.,0.));
#2384=DIRECTION('center_axis',(0.,1.,0.));
#2385=DIRECTION('ref_axis',(-1.,0.,0.));
#2386=DIRECTION('',(0.,0.,1.));
#2387=DIRECTION('',(1.,0.,0.));
#2388=DIRECTION('',(0.,0.,1.));
#2389=DIRECTION('center_axis',(0.,0.,1.));
#2390=DIRECTION('ref_axis',(-0.707106781186548,-0.707106781186548,0.));
#2391=DIRECTION('',(0.,0.,-1.));
#2392=DIRECTION('center_axis',(0.,0.,-1.));
#2393=DIRECTION('ref_axis',(-0.707106781186548,-0.707106781186548,0.));
#2394=DIRECTION('',(0.,0.,1.));
#2395=DIRECTION('center_axis',(-1.,0.,0.));
#2396=DIRECTION('ref_axis',(0.,-1.,0.));
#2397=DIRECTION('',(0.,0.,1.));
#2398=DIRECTION('',(0.,1.,0.));
#2399=DIRECTION('center_axis',(0.,0.,1.));
#2400=DIRECTION('ref_axis',(1.,0.,0.));
#2401=DIRECTION('',(1.,2.22044604925031E-15,0.));
#2402=DIRECTION('center_axis',(0.,0.,-1.));
#2403=DIRECTION('ref_axis',(0.707106781186548,-0.707106781186548,0.));
#2404=DIRECTION('',(4.16333634234434E-16,1.,0.));
#2405=DIRECTION('',(1.,0.,0.));
#2406=DIRECTION('center_axis',(0.,0.,-1.));
#2407=DIRECTION('ref_axis',(-0.707106781186546,0.707106781186549,0.));
#2408=DIRECTION('center_axis',(0.,0.,1.));
#2409=DIRECTION('ref_axis',(-0.707106781186548,0.707106781186547,0.));
#2410=DIRECTION('',(0.,0.,-1.));
#2411=DIRECTION('center_axis',(0.,0.,-1.));
#2412=DIRECTION('ref_axis',(-0.707106781186548,0.707106781186547,0.));
#2413=DIRECTION('',(0.,0.,1.));
#2414=DIRECTION('center_axis',(2.77555756156289E-16,1.,0.));
#2415=DIRECTION('ref_axis',(-1.,2.77555756156289E-16,0.));
#2416=DIRECTION('',(1.,-2.77555756156289E-16,0.));
#2417=DIRECTION('center_axis',(0.,0.,1.));
#2418=DIRECTION('ref_axis',(0.707106781186548,0.707106781186547,0.));
#2419=DIRECTION('',(0.,0.,-1.));
#2420=DIRECTION('center_axis',(0.,0.,-1.));
#2421=DIRECTION('ref_axis',(0.707106781186548,0.707106781186547,0.));
#2422=DIRECTION('',(0.,0.,1.));
#2423=DIRECTION('center_axis',(1.,-1.38777878078145E-16,0.));
#2424=DIRECTION('ref_axis',(1.38777878078145E-16,1.,0.));
#2425=DIRECTION('',(-1.38777878078145E-16,-1.,0.));
#2426=DIRECTION('center_axis',(0.,0.,1.));
#2427=DIRECTION('ref_axis',(0.707106781186548,-0.707106781186548,0.));
#2428=DIRECTION('',(0.,0.,-1.));
#2429=DIRECTION('center_axis',(0.,0.,-1.));
#2430=DIRECTION('ref_axis',(0.707106781186548,-0.707106781186548,0.));
#2431=DIRECTION('',(0.,0.,1.));
#2432=DIRECTION('center_axis',(2.22044604925031E-15,-1.,0.));
#2433=DIRECTION('ref_axis',(1.,2.22044604925031E-15,0.));
#2434=DIRECTION('',(-1.,-2.22044604925031E-15,0.));
#2435=DIRECTION('center_axis',(0.,0.,1.));
#2436=DIRECTION('ref_axis',(-0.707106781186546,0.707106781186549,0.));
#2437=DIRECTION('center_axis',(0.,0.,1.));
#2438=DIRECTION('ref_axis',(-0.707106781186546,0.707106781186549,0.));
#2439=DIRECTION('center_axis',(0.,0.,1.));
#2440=DIRECTION('ref_axis',(0.707106781186548,0.707106781186548,0.));
#2441=DIRECTION('center_axis',(0.,0.,1.));
#2442=DIRECTION('ref_axis',(0.707106781186548,0.707106781186548,0.));
#2443=DIRECTION('center_axis',(0.,0.,1.));
#2444=DIRECTION('ref_axis',(-0.707106781186548,-0.707106781186547,0.));
#2445=DIRECTION('center_axis',(0.,0.,1.));
#2446=DIRECTION('ref_axis',(-0.707106781186548,-0.707106781186547,0.));
#2447=DIRECTION('',(0.,0.,1.));
#2448=DIRECTION('center_axis',(-1.23259516440783E-33,-1.,0.));
#2449=DIRECTION('ref_axis',(1.,-1.23259516440783E-33,0.));
#2450=DIRECTION('',(1.,-1.23259516440783E-33,0.));
#2451=DIRECTION('',(0.,0.,-1.));
#2452=DIRECTION('center_axis',(0.,0.,1.));
#2453=DIRECTION('ref_axis',(0.707106781186548,-0.707106781186547,0.));
#2454=DIRECTION('center_axis',(0.,0.,1.));
#2455=DIRECTION('ref_axis',(0.707106781186548,-0.707106781186547,0.));
#2456=DIRECTION('center_axis',(0.,-1.,0.));
#2457=DIRECTION('ref_axis',(1.,0.,0.));
#2458=DIRECTION('',(-1.,0.,0.));
#2459=DIRECTION('center_axis',(0.,-1.,0.));
#2460=DIRECTION('ref_axis',(1.,0.,0.));
#2461=DIRECTION('',(0.,0.,1.));
#2462=DIRECTION('',(-1.,0.,0.));
#2463=DIRECTION('center_axis',(1.,-4.16333634234434E-16,0.));
#2464=DIRECTION('ref_axis',(4.16333634234434E-16,1.,0.));
#2465=DIRECTION('',(-4.16333634234434E-16,-1.,0.));
#2466=DIRECTION('center_axis',(5.55111514357805E-16,1.,0.));
#2467=DIRECTION('ref_axis',(-1.,5.55111514357805E-16,0.));
#2468=DIRECTION('',(1.,-5.55111514357805E-16,0.));
#2469=DIRECTION('center_axis',(-1.,0.,0.));
#2470=DIRECTION('ref_axis',(0.,-1.,0.));
#2471=DIRECTION('',(0.,1.,0.));
#2472=DIRECTION('center_axis',(0.,0.,1.));
#2473=DIRECTION('ref_axis',(1.,0.,0.));
#2474=DIRECTION('center_axis',(0.,0.,1.));
#2475=DIRECTION('ref_axis',(1.,0.,0.));
#2476=DIRECTION('axis',(0.,0.,1.));
#2477=DIRECTION('refdir',(1.,0.,0.));
#2478=DIRECTION('center_axis',(0.,0.,-1.));
#2479=DIRECTION('ref_axis',(-1.,0.,0.));
#2480=DIRECTION('center_axis',(0.,0.,-1.));
#2481=DIRECTION('ref_axis',(-1.,0.,0.));
#2482=DIRECTION('',(0.,0.,-1.));
#2483=DIRECTION('center_axis',(0.,0.,1.));
#2484=DIRECTION('ref_axis',(-1.,0.,0.));
#2485=DIRECTION('center_axis',(0.,0.,-1.));
#2486=DIRECTION('ref_axis',(-1.,0.,0.));
#2487=DIRECTION('center_axis',(0.,0.,-1.));
#2488=DIRECTION('ref_axis',(-1.,0.,0.));
#2489=DIRECTION('',(0.,0.,-1.));
#2490=DIRECTION('center_axis',(0.,0.,1.));
#2491=DIRECTION('ref_axis',(-1.,0.,0.));
#2492=DIRECTION('center_axis',(0.,0.,-1.));
#2493=DIRECTION('ref_axis',(-1.,0.,0.));
#2494=DIRECTION('center_axis',(0.,0.,-1.));
#2495=DIRECTION('ref_axis',(-1.,0.,0.));
#2496=DIRECTION('',(0.,0.,-1.));
#2497=DIRECTION('center_axis',(0.,0.,1.));
#2498=DIRECTION('ref_axis',(-1.,0.,0.));
#2499=DIRECTION('center_axis',(1.,-8.62309145339928E-16,0.));
#2500=DIRECTION('ref_axis',(-8.62309145339928E-16,-1.,0.));
#2501=DIRECTION('',(-8.62309145339928E-16,-1.,0.));
#2502=DIRECTION('',(0.,0.,-1.));
#2503=DIRECTION('',(8.62309145339928E-16,1.,0.));
#2504=DIRECTION('',(0.,0.,-1.));
#2505=DIRECTION('center_axis',(0.,1.,0.));
#2506=DIRECTION('ref_axis',(1.,0.,0.));
#2507=DIRECTION('',(1.,0.,0.));
#2508=DIRECTION('',(0.,0.,-1.));
#2509=DIRECTION('',(-1.,0.,0.));
#2510=DIRECTION('center_axis',(-1.,0.,0.));
#2511=DIRECTION('ref_axis',(0.,1.,0.));
#2512=DIRECTION('',(0.,1.,0.));
#2513=DIRECTION('',(0.,0.,-1.));
#2514=DIRECTION('',(0.,-1.,0.));
#2515=DIRECTION('center_axis',(-1.08314441426845E-16,-1.,0.));
#2516=DIRECTION('ref_axis',(-1.,1.08314441426845E-16,0.));
#2517=DIRECTION('',(-1.,1.08314441426845E-16,0.));
#2518=DIRECTION('',(1.,-1.08314441426845E-16,0.));
#2519=DIRECTION('center_axis',(0.,0.,-1.));
#2520=DIRECTION('ref_axis',(-1.,0.,0.));
#2521=DIRECTION('center_axis',(0.,0.,-1.));
#2522=DIRECTION('ref_axis',(-1.,0.,0.));
#2523=DIRECTION('',(0.,0.,-1.));
#2524=DIRECTION('center_axis',(0.,0.,1.));
#2525=DIRECTION('ref_axis',(-1.,0.,0.));
#2526=DIRECTION('center_axis',(0.,0.,-1.));
#2527=DIRECTION('ref_axis',(-1.,0.,0.));
#2528=DIRECTION('center_axis',(0.,0.,-1.));
#2529=DIRECTION('ref_axis',(-1.,0.,0.));
#2530=DIRECTION('',(-0.707106781186546,8.65956056235492E-17,0.707106781186549));
#2531=DIRECTION('center_axis',(0.,0.,1.));
#2532=DIRECTION('ref_axis',(-1.,0.,0.));
#2533=DIRECTION('center_axis',(0.,0.,1.));
#2534=DIRECTION('ref_axis',(1.,0.,0.));
#2535=DIRECTION('center_axis',(0.,0.,1.));
#2536=DIRECTION('ref_axis',(-0.707106781186546,0.707106781186549,0.));
#2537=DIRECTION('',(-1.,0.,0.));
#2538=DIRECTION('center_axis',(0.,0.,1.));
#2539=DIRECTION('ref_axis',(0.707106781186548,0.707106781186548,0.));
#2540=DIRECTION('',(0.,1.,0.));
#2541=DIRECTION('center_axis',(0.,0.,1.));
#2542=DIRECTION('ref_axis',(0.707106781186548,-0.707106781186547,0.));
#2543=DIRECTION('',(1.,0.,0.));
#2544=DIRECTION('center_axis',(0.,0.,1.));
#2545=DIRECTION('ref_axis',(-0.707106781186548,-0.707106781186547,0.));
#2546=DIRECTION('',(-2.46519032881566E-33,-1.,0.));
#2547=DIRECTION('center_axis',(0.,0.,-1.));
#2548=DIRECTION('ref_axis',(-1.,0.,0.));
#2549=DIRECTION('center_axis',(0.,0.,-1.));
#2550=DIRECTION('ref_axis',(-1.,0.,0.));
#2551=DIRECTION('center_axis',(0.,0.,-1.));
#2552=DIRECTION('ref_axis',(-1.,0.,0.));
#2553=DIRECTION('center_axis',(0.,0.,-1.));
#2554=DIRECTION('ref_axis',(-1.,0.,0.));
#2555=DIRECTION('center_axis',(0.,0.,-1.));
#2556=DIRECTION('ref_axis',(-1.,0.,0.));
#2557=DIRECTION('',(0.,0.,-1.));
#2558=DIRECTION('center_axis',(0.,0.,-1.));
#2559=DIRECTION('ref_axis',(-1.,0.,0.));
#2560=DIRECTION('',(-0.707106781186546,8.65956056235492E-17,0.707106781186549));
#2561=DIRECTION('center_axis',(0.,0.,1.));
#2562=DIRECTION('ref_axis',(-1.,0.,0.));
#2563=DIRECTION('center_axis',(0.,0.,-1.));
#2564=DIRECTION('ref_axis',(-1.,0.,0.));
#2565=DIRECTION('center_axis',(0.,0.,-1.));
#2566=DIRECTION('ref_axis',(-1.,0.,0.));
#2567=DIRECTION('',(0.,0.,-1.));
#2568=DIRECTION('center_axis',(0.,0.,-1.));
#2569=DIRECTION('ref_axis',(-1.,0.,0.));
#2570=DIRECTION('',(-0.707106781186548,8.65956056235493E-17,0.707106781186547));
#2571=DIRECTION('center_axis',(0.,0.,1.));
#2572=DIRECTION('ref_axis',(-1.,0.,0.));
#2573=DIRECTION('center_axis',(0.,0.,-1.));
#2574=DIRECTION('ref_axis',(-1.,0.,0.));
#2575=DIRECTION('center_axis',(0.,0.,-1.));
#2576=DIRECTION('ref_axis',(-1.,0.,0.));
#2577=DIRECTION('',(0.,0.,-1.));
#2578=DIRECTION('center_axis',(0.,0.,-1.));
#2579=DIRECTION('ref_axis',(-1.,0.,0.));
#2580=DIRECTION('',(-0.707106781186548,8.65956056235493E-17,0.707106781186547));
#2581=DIRECTION('center_axis',(0.,0.,1.));
#2582=DIRECTION('ref_axis',(-1.,0.,0.));
#2583=DIRECTION('center_axis',(0.,0.,-1.));
#2584=DIRECTION('ref_axis',(-1.,0.,0.));
#2585=DIRECTION('center_axis',(0.,0.,-1.));
#2586=DIRECTION('ref_axis',(-1.,0.,0.));
#2587=DIRECTION('',(0.,0.,-1.));
#2588=DIRECTION('center_axis',(0.,0.,1.));
#2589=DIRECTION('ref_axis',(-0.707106781186548,0.707106781186547,0.));
#2590=DIRECTION('center_axis',(0.,0.,-1.));
#2591=DIRECTION('ref_axis',(-0.707106781186548,0.707106781186547,0.));
#2592=DIRECTION('',(0.,0.,-1.));
#2593=DIRECTION('center_axis',(0.,0.,-1.));
#2594=DIRECTION('ref_axis',(-0.707106781186548,0.707106781186547,0.));
#2595=DIRECTION('',(0.,0.,1.));
#2596=DIRECTION('center_axis',(-2.77555756156289E-16,1.,0.));
#2597=DIRECTION('ref_axis',(-1.,-2.77555756156289E-16,0.));
#2598=DIRECTION('',(-1.,-2.77555756156289E-16,0.));
#2599=DIRECTION('',(0.,0.,1.));
#2600=DIRECTION('',(1.,2.77555756156289E-16,0.));
#2601=DIRECTION('center_axis',(0.,0.,1.));
#2602=DIRECTION('ref_axis',(1.,0.,0.));
#2603=DIRECTION('center_axis',(0.,0.,-1.));
#2604=DIRECTION('ref_axis',(-0.707106781186546,0.707106781186549,0.));
#2605=DIRECTION('',(0.,-1.,0.));
#2606=DIRECTION('center_axis',(0.,0.,-1.));
#2607=DIRECTION('ref_axis',(-0.707106781186548,-0.707106781186547,0.));
#2608=DIRECTION('',(1.,0.,0.));
#2609=DIRECTION('center_axis',(0.,0.,-1.));
#2610=DIRECTION('ref_axis',(0.707106781186548,-0.707106781186547,0.));
#2611=DIRECTION('',(0.,1.,0.));
#2612=DIRECTION('center_axis',(0.,0.,-1.));
#2613=DIRECTION('ref_axis',(0.707106781186548,0.707106781186548,0.));
#2614=DIRECTION('',(-1.,0.,0.));
#2615=DIRECTION('',(0.,-1.,0.));
#2616=DIRECTION('',(-1.,0.,0.));
#2617=DIRECTION('',(0.,1.,0.));
#2618=DIRECTION('center_axis',(0.,0.,-1.));
#2619=DIRECTION('ref_axis',(0.707106781186548,0.707106781186548,0.));
#2620=DIRECTION('',(-1.,0.,0.));
#2621=DIRECTION('',(0.,1.,0.));
#2622=DIRECTION('',(1.,0.,0.));
#2623=DIRECTION('center_axis',(0.,0.,-1.));
#2624=DIRECTION('ref_axis',(0.707106781186547,-0.707106781186548,0.));
#2625=DIRECTION('',(2.77555756156289E-16,1.,0.));
#2626=DIRECTION('',(1.,0.,0.));
#2627=DIRECTION('',(0.,-1.,0.));
#2628=DIRECTION('center_axis',(0.,0.,-1.));
#2629=DIRECTION('ref_axis',(-0.707106781186548,-0.707106781186548,0.));
#2630=DIRECTION('',(1.,0.,0.));
#2631=DIRECTION('',(0.,-1.,0.));
#2632=DIRECTION('center_axis',(0.,0.,1.));
#2633=DIRECTION('ref_axis',(-0.707106781186548,-0.707106781186548,0.));
#2634=DIRECTION('',(0.,0.,-1.));
#2635=DIRECTION('center_axis',(0.,0.,-1.));
#2636=DIRECTION('ref_axis',(-0.707106781186548,-0.707106781186548,0.));
#2637=DIRECTION('',(0.,0.,1.));
#2638=DIRECTION('center_axis',(-1.,0.,0.));
#2639=DIRECTION('ref_axis',(0.,-1.,0.));
#2640=DIRECTION('',(0.,0.,1.));
#2641=DIRECTION('',(0.,1.,0.));
#2642=DIRECTION('center_axis',(0.,0.,1.));
#2643=DIRECTION('ref_axis',(0.707106781186548,0.707106781186548,0.));
#2644=DIRECTION('',(0.,0.,-1.));
#2645=DIRECTION('center_axis',(0.,0.,-1.));
#2646=DIRECTION('ref_axis',(0.707106781186548,0.707106781186548,0.));
#2647=DIRECTION('',(0.,0.,1.));
#2648=DIRECTION('center_axis',(1.,0.,0.));
#2649=DIRECTION('ref_axis',(0.,1.,0.));
#2650=DIRECTION('',(0.,0.,1.));
#2651=DIRECTION('',(0.,-1.,0.));
#2652=DIRECTION('center_axis',(0.,0.,1.));
#2653=DIRECTION('ref_axis',(0.707106781186547,-0.707106781186548,0.));
#2654=DIRECTION('',(0.,0.,-1.));
#2655=DIRECTION('center_axis',(0.,0.,-1.));
#2656=DIRECTION('ref_axis',(0.707106781186547,-0.707106781186548,0.));
#2657=DIRECTION('',(0.,0.,1.));
#2658=DIRECTION('center_axis',(0.,-1.,0.));
#2659=DIRECTION('ref_axis',(1.,0.,0.));
#2660=DIRECTION('',(0.,0.,1.));
#2661=DIRECTION('',(-1.,0.,0.));
#2662=DIRECTION('center_axis',(0.,0.,1.));
#2663=DIRECTION('ref_axis',(-0.707106781186546,0.707106781186549,0.));
#2664=DIRECTION('',(0.,0.,-1.));
#2665=DIRECTION('',(0.,0.,1.));
#2666=DIRECTION('center_axis',(0.,1.,0.));
#2667=DIRECTION('ref_axis',(-1.,0.,0.));
#2668=DIRECTION('',(0.,0.,1.));
#2669=DIRECTION('center_axis',(0.,0.,1.));
#2670=DIRECTION('ref_axis',(0.707106781186548,0.707106781186548,0.));
#2671=DIRECTION('',(0.,0.,-1.));
#2672=DIRECTION('center_axis',(1.,0.,0.));
#2673=DIRECTION('ref_axis',(0.,1.,0.));
#2674=DIRECTION('',(0.,0.,1.));
#2675=DIRECTION('center_axis',(0.,0.,1.));
#2676=DIRECTION('ref_axis',(0.707106781186548,-0.707106781186547,0.));
#2677=DIRECTION('',(0.,0.,-1.));
#2678=DIRECTION('center_axis',(0.,-1.,0.));
#2679=DIRECTION('ref_axis',(1.,0.,0.));
#2680=DIRECTION('',(0.,0.,1.));
#2681=DIRECTION('center_axis',(0.,0.,1.));
#2682=DIRECTION('ref_axis',(-0.707106781186548,-0.707106781186547,0.));
#2683=DIRECTION('',(0.,0.,-1.));
#2684=DIRECTION('center_axis',(-1.,2.46519032881566E-33,0.));
#2685=DIRECTION('ref_axis',(-2.46519032881566E-33,-1.,0.));
#2686=DIRECTION('center_axis',(0.,1.,0.));
#2687=DIRECTION('ref_axis',(-1.,0.,0.));
#2688=DIRECTION('',(1.,0.,0.));
#2689=DIRECTION('',(0.,0.,1.));
#2690=DIRECTION('center_axis',(-1.,0.,0.));
#2691=DIRECTION('ref_axis',(0.,-1.,0.));
#2692=DIRECTION('',(0.,1.,0.));
#2693=DIRECTION('center_axis',(-1.,0.,0.));
#2694=DIRECTION('ref_axis',(0.,-1.,0.));
#2695=DIRECTION('',(0.,1.,0.));
#2696=DIRECTION('',(0.,0.,1.));
#2697=DIRECTION('center_axis',(0.,-1.,0.));
#2698=DIRECTION('ref_axis',(1.,0.,0.));
#2699=DIRECTION('',(-1.,0.,0.));
#2700=DIRECTION('center_axis',(0.,-1.,0.));
#2701=DIRECTION('ref_axis',(1.,0.,0.));
#2702=DIRECTION('',(-1.,0.,0.));
#2703=DIRECTION('',(0.,0.,1.));
#2704=DIRECTION('center_axis',(1.,-2.77555756156289E-16,0.));
#2705=DIRECTION('ref_axis',(2.77555756156289E-16,1.,0.));
#2706=DIRECTION('',(-2.77555756156289E-16,-1.,0.));
#2707=DIRECTION('center_axis',(1.,0.,0.));
#2708=DIRECTION('ref_axis',(0.,1.,0.));
#2709=DIRECTION('',(0.,-1.,0.));
#2710=DIRECTION('',(0.,0.,1.));
#2711=DIRECTION('center_axis',(0.,1.,0.));
#2712=DIRECTION('ref_axis',(-1.,0.,0.));
#2713=DIRECTION('',(1.,0.,0.));
#2714=DIRECTION('center_axis',(0.,0.,1.));
#2715=DIRECTION('ref_axis',(1.,0.,0.));
#2716=DIRECTION('',(0.,-1.38777878078145E-16,1.));
#2717=DIRECTION('',(1.,0.,0.));
#2718=DIRECTION('',(1.00656318982072E-46,1.38777878078141E-16,-1.));
#2719=DIRECTION('',(1.,9.16493969184749E-65,-6.60403503697243E-49));
#2720=CARTESIAN_POINT('',(0.,0.,0.));
#2721=CARTESIAN_POINT('',(0.,0.,0.));
#2722=CARTESIAN_POINT('Origin',(5.10294398064842E-32,41.4,9.));
#2723=CARTESIAN_POINT('',(2.,58.6,9.));
#2724=CARTESIAN_POINT('',(2.,41.4,9.));
#2725=CARTESIAN_POINT('',(2.,25.7,8.99999999999999));
#2726=CARTESIAN_POINT('',(7.22300766342989E-32,58.6,9.));
#2727=CARTESIAN_POINT('',(7.22300766342989E-32,58.6,9.));
#2728=CARTESIAN_POINT('',(5.10294398064842E-32,41.4,9.));
#2729=CARTESIAN_POINT('',(8.71444781236336E-32,70.7,9.00000000000001));
#2730=CARTESIAN_POINT('',(5.10294398064842E-32,41.4,9.));
#2731=CARTESIAN_POINT('Origin',(5.10294398064842E-32,41.4,9.));
#2732=CARTESIAN_POINT('',(98.,41.4,9.));
#2733=CARTESIAN_POINT('',(98.,58.6,9.));
#2734=CARTESIAN_POINT('',(98.,65.7,9.));
#2735=CARTESIAN_POINT('',(100.,41.4,9.));
#2736=CARTESIAN_POINT('',(5.10294398064842E-32,41.4,9.));
#2737=CARTESIAN_POINT('',(100.,58.6,9.));
#2738=CARTESIAN_POINT('',(100.,20.7,8.99999999999999));
#2739=CARTESIAN_POINT('',(7.22300766342989E-32,58.6,9.));
#2740=CARTESIAN_POINT('Origin',(7.22300766342989E-32,58.6,9.));
#2741=CARTESIAN_POINT('',(2.,60.,20.));
#2742=CARTESIAN_POINT('',(2.,57.7743005855562,2.51236174365645));
#2743=CARTESIAN_POINT('',(7.39557098644699E-32,60.,20.));
#2744=CARTESIAN_POINT('',(25.,60.,20.));
#2745=CARTESIAN_POINT('',(7.19420968532066E-32,58.3663630448926,7.16428106701369));
#2746=CARTESIAN_POINT('Origin',(7.22300766342989E-32,58.6,9.));
#2747=CARTESIAN_POINT('',(98.,60.,20.));
#2748=CARTESIAN_POINT('',(98.,58.4119063109954,7.52212101496424));
#2749=CARTESIAN_POINT('',(100.,60.,20.));
#2750=CARTESIAN_POINT('',(100.,57.5693558880937,0.90208197787895));
#2751=CARTESIAN_POINT('',(25.,60.,20.));
#2752=CARTESIAN_POINT('Origin',(4.93038065763132E-32,40.,20.));
#2753=CARTESIAN_POINT('',(2.,40.,20.));
#2754=CARTESIAN_POINT('',(2.,40.8880936890045,13.0221210149642));
#2755=CARTESIAN_POINT('',(4.93038065763132E-32,40.,20.));
#2756=CARTESIAN_POINT('',(5.14369901399598E-32,41.7306441119063,6.40208197787904));
#2757=CARTESIAN_POINT('',(25.,40.,20.));
#2758=CARTESIAN_POINT('Origin',(4.93038065763132E-32,40.,20.));
#2759=CARTESIAN_POINT('',(98.,40.,20.));
#2760=CARTESIAN_POINT('',(98.,41.5256994144437,8.01236174365652));
#2761=CARTESIAN_POINT('',(100.,40.,20.));
#2762=CARTESIAN_POINT('',(25.,40.,20.));
#2763=CARTESIAN_POINT('',(100.,40.9336369551073,12.6642810670136));
#2764=CARTESIAN_POINT('Origin',(7.70371977754894E-32,62.5,14.5));
#2765=CARTESIAN_POINT('',(7.96256476207459E-32,64.6,14.5));
#2766=CARTESIAN_POINT('Origin',(1.23259516440783E-31,62.5,14.5));
#2767=CARTESIAN_POINT('',(2.,64.6,14.5));
#2768=CARTESIAN_POINT('',(7.70371977754894E-32,64.6,14.5));
#2769=CARTESIAN_POINT('Origin',(2.,62.5,14.5));
#2770=CARTESIAN_POINT('Origin',(7.70371977754894E-32,62.5,14.5));
#2771=CARTESIAN_POINT('',(98.,64.6,14.5));
#2772=CARTESIAN_POINT('Origin',(98.,62.5,14.5));
#2773=CARTESIAN_POINT('',(100.,64.6,14.5));
#2774=CARTESIAN_POINT('',(7.70371977754894E-32,64.6,14.5));
#2775=CARTESIAN_POINT('Origin',(100.,62.5,14.5));
#2776=CARTESIAN_POINT('Origin',(4.62223186652937E-32,37.5,14.5));
#2777=CARTESIAN_POINT('',(4.88107685105501E-32,39.6,14.5));
#2778=CARTESIAN_POINT('Origin',(1.23259516440783E-31,37.5,14.5));
#2779=CARTESIAN_POINT('',(2.,39.6,14.5));
#2780=CARTESIAN_POINT('',(4.62223186652937E-32,39.6,14.5));
#2781=CARTESIAN_POINT('Origin',(2.,37.5,14.5));
#2782=CARTESIAN_POINT('Origin',(4.62223186652937E-32,37.5,14.5));
#2783=CARTESIAN_POINT('',(98.,39.6,14.5));
#2784=CARTESIAN_POINT('Origin',(98.,37.5,14.5));
#2785=CARTESIAN_POINT('',(100.,39.6,14.5));
#2786=CARTESIAN_POINT('',(4.62223186652937E-32,39.6,14.5));
#2787=CARTESIAN_POINT('Origin',(100.,37.5,14.5));
#2788=CARTESIAN_POINT('Origin',(50.,50.,20.));
#2789=CARTESIAN_POINT('',(98.,10.,20.));
#2790=CARTESIAN_POINT('',(98.,90.,20.));
#2791=CARTESIAN_POINT('',(93.,10.,20.));
#2792=CARTESIAN_POINT('',(90.,10.,20.));
#2793=CARTESIAN_POINT('',(90.,7.,20.));
#2794=CARTESIAN_POINT('Origin',(93.,7.,20.));
#2795=CARTESIAN_POINT('',(90.,2.,20.));
#2796=CARTESIAN_POINT('',(90.,2.,20.));
#2797=CARTESIAN_POINT('',(60.,2.,20.));
#2798=CARTESIAN_POINT('',(90.,2.,20.));
#2799=CARTESIAN_POINT('',(60.,-1.056510140921E-31,20.));
#2800=CARTESIAN_POINT('',(60.,25.,20.));
#2801=CARTESIAN_POINT('',(97.,0.,20.));
#2802=CARTESIAN_POINT('',(100.,0.,20.));
#2803=CARTESIAN_POINT('',(100.,3.00000000000001,20.));
#2804=CARTESIAN_POINT('Origin',(97.,3.,20.));
#2805=CARTESIAN_POINT('',(100.,100.,20.));
#2806=CARTESIAN_POINT('',(96.45,5.,20.));
#2807=CARTESIAN_POINT('Origin',(95.,5.,20.));
#2808=CARTESIAN_POINT('Origin',(50.,50.,20.));
#2809=CARTESIAN_POINT('',(1.23259516440783E-31,3.,20.));
#2810=CARTESIAN_POINT('',(1.23259516440783E-31,0.,20.));
#2811=CARTESIAN_POINT('',(3.00000000000001,0.,20.));
#2812=CARTESIAN_POINT('Origin',(3.,3.,20.));
#2813=CARTESIAN_POINT('',(40.,-7.04340093947332E-32,20.));
#2814=CARTESIAN_POINT('',(100.,0.,20.));
#2815=CARTESIAN_POINT('',(40.,2.,20.));
#2816=CARTESIAN_POINT('',(40.,25.,20.));
#2817=CARTESIAN_POINT('',(9.99999997052518,2.,20.));
#2818=CARTESIAN_POINT('',(90.,2.,20.));
#2819=CARTESIAN_POINT('',(9.99999997052517,7.,20.));
#2820=CARTESIAN_POINT('',(9.99999997052517,10.,20.));
#2821=CARTESIAN_POINT('',(6.99999997052517,10.,20.));
#2822=CARTESIAN_POINT('Origin',(6.99999997052517,7.,20.));
#2823=CARTESIAN_POINT('',(1.99999999999999,10.,20.));
#2824=CARTESIAN_POINT('',(2.,10.,20.));
#2825=CARTESIAN_POINT('',(2.,10.,20.));
#2826=CARTESIAN_POINT('',(6.45,5.,20.));
#2827=CARTESIAN_POINT('Origin',(5.,5.,20.));
#2828=CARTESIAN_POINT('Origin',(100.,-1.23259516440783E-31,0.));
#2829=CARTESIAN_POINT('',(100.,3.,0.));
#2830=CARTESIAN_POINT('',(100.,3.,0.));
#2831=CARTESIAN_POINT('',(100.,97.,0.));
#2832=CARTESIAN_POINT('',(100.,-1.23259516440783E-31,0.));
#2833=CARTESIAN_POINT('',(100.,97.,20.));
#2834=CARTESIAN_POINT('',(100.,97.,0.));
#2835=CARTESIAN_POINT('',(100.,100.,20.));
#2836=CARTESIAN_POINT('Origin',(98.,90.,2.));
#2837=CARTESIAN_POINT('',(98.,90.,20.));
#2838=CARTESIAN_POINT('',(98.,90.,20.));
#2839=CARTESIAN_POINT('',(98.,90.,2.));
#2840=CARTESIAN_POINT('',(98.,90.,2.));
#2841=CARTESIAN_POINT('',(98.,10.,2.));
#2842=CARTESIAN_POINT('',(98.,70.,2.));
#2843=CARTESIAN_POINT('',(98.,10.,2.));
#2844=CARTESIAN_POINT('Origin',(2.,10.,2.));
#2845=CARTESIAN_POINT('',(2.,10.,2.));
#2846=CARTESIAN_POINT('',(2.,10.,2.));
#2847=CARTESIAN_POINT('',(2.,90.,2.));
#2848=CARTESIAN_POINT('',(2.,30.,2.));
#2849=CARTESIAN_POINT('',(1.99999999999999,90.,20.));
#2850=CARTESIAN_POINT('',(2.,90.,2.));
#2851=CARTESIAN_POINT('',(2.,10.,20.));
#2852=CARTESIAN_POINT('Origin',(1.23259516440783E-31,100.,0.));
#2853=CARTESIAN_POINT('',(1.23259516440783E-31,97.,20.));
#2854=CARTESIAN_POINT('',(1.23259516440783E-31,0.,20.));
#2855=CARTESIAN_POINT('',(1.1956173094756E-31,97.,0.));
#2856=CARTESIAN_POINT('',(0.,97.,0.));
#2857=CARTESIAN_POINT('',(3.6977854932235E-33,3.00000000000001,0.));
#2858=CARTESIAN_POINT('',(1.23259516440783E-31,100.,0.));
#2859=CARTESIAN_POINT('',(0.,3.,0.));
#2860=CARTESIAN_POINT('Origin',(5.,5.,20.));
#2861=CARTESIAN_POINT('',(6.45,5.,0.));
#2862=CARTESIAN_POINT('',(6.45,5.,20.));
#2863=CARTESIAN_POINT('Origin',(5.,5.,0.));
#2864=CARTESIAN_POINT('Origin',(5.,95.,20.));
#2865=CARTESIAN_POINT('',(6.45,95.,20.));
#2866=CARTESIAN_POINT('Origin',(5.,95.,20.));
#2867=CARTESIAN_POINT('',(6.45,95.,0.));
#2868=CARTESIAN_POINT('',(6.45,95.,20.));
#2869=CARTESIAN_POINT('Origin',(5.,95.,0.));
#2870=CARTESIAN_POINT('Origin',(95.,5.,20.));
#2871=CARTESIAN_POINT('',(96.45,5.,0.));
#2872=CARTESIAN_POINT('',(96.45,5.,20.));
#2873=CARTESIAN_POINT('Origin',(95.,5.,0.));
#2874=CARTESIAN_POINT('Origin',(95.,95.,20.));
#2875=CARTESIAN_POINT('',(96.45,95.,20.));
#2876=CARTESIAN_POINT('Origin',(95.,95.,20.));
#2877=CARTESIAN_POINT('',(96.45,95.,0.));
#2878=CARTESIAN_POINT('',(96.45,95.,20.));
#2879=CARTESIAN_POINT('Origin',(95.,95.,0.));
#2880=CARTESIAN_POINT('Origin',(41.4,-7.28991997235489E-32,9.));
#2881=CARTESIAN_POINT('',(41.4,2.,9.));
#2882=CARTESIAN_POINT('',(42.2256994144438,2.,2.51236174365644));
#2883=CARTESIAN_POINT('',(41.4,-7.28991997235489E-32,9.));
#2884=CARTESIAN_POINT('',(41.6336369551074,-5.13174195875765E-32,7.16428106701369));
#2885=CARTESIAN_POINT('',(41.4,-7.28991997235489E-32,9.));
#2886=CARTESIAN_POINT('Origin',(41.4,-7.28991997235489E-32,9.));
#2887=CARTESIAN_POINT('',(41.4,98.,9.));
#2888=CARTESIAN_POINT('',(40.,98.,20.));
#2889=CARTESIAN_POINT('',(41.5880936890046,98.,7.52212101496424));
#2890=CARTESIAN_POINT('',(41.4,100.,9.));
#2891=CARTESIAN_POINT('',(41.4,-7.28991997235489E-32,9.));
#2892=CARTESIAN_POINT('',(40.,100.,20.));
#2893=CARTESIAN_POINT('',(42.4306441119063,100.,0.90208197787895));
#2894=CARTESIAN_POINT('',(40.,25.,20.));
#2895=CARTESIAN_POINT('Origin',(58.6,-1.03185823763284E-31,9.));
#2896=CARTESIAN_POINT('',(58.6,2.,9.));
#2897=CARTESIAN_POINT('',(74.3,2.,8.99999999999999));
#2898=CARTESIAN_POINT('',(58.6,-1.03185823763284E-31,9.));
#2899=CARTESIAN_POINT('',(29.3,-3.61150383171495E-32,9.00000000000001));
#2900=CARTESIAN_POINT('',(58.6,-1.03185823763284E-31,9.));
#2901=CARTESIAN_POINT('Origin',(60.,-1.056510140921E-31,20.));
#2902=CARTESIAN_POINT('',(59.1119063109955,2.,13.0221210149642));
#2903=CARTESIAN_POINT('',(58.2693558880937,-7.18225263008233E-32,6.40208197787904));
#2904=CARTESIAN_POINT('Origin',(60.,-1.056510140921E-31,20.));
#2905=CARTESIAN_POINT('',(60.,98.,20.));
#2906=CARTESIAN_POINT('',(58.6,98.,9.));
#2907=CARTESIAN_POINT('',(58.4743005855563,98.,8.01236174365652));
#2908=CARTESIAN_POINT('',(60.,100.,20.));
#2909=CARTESIAN_POINT('',(60.,25.,20.));
#2910=CARTESIAN_POINT('',(58.6,100.,9.));
#2911=CARTESIAN_POINT('',(59.0663630448927,100.,12.6642810670136));
#2912=CARTESIAN_POINT('',(58.6,-1.03185823763284E-31,9.));
#2913=CARTESIAN_POINT('Origin',(58.6,-1.03185823763284E-31,9.));
#2914=CARTESIAN_POINT('',(34.3,98.,9.));
#2915=CARTESIAN_POINT('',(79.3,100.,8.99999999999999));
#2916=CARTESIAN_POINT('Origin',(62.5,-1.10053139679271E-31,14.5));
#2917=CARTESIAN_POINT('',(60.4,-1.06355354186047E-31,14.5));
#2918=CARTESIAN_POINT('Origin',(62.5,0.,14.5));
#2919=CARTESIAN_POINT('',(60.4,2.,14.5));
#2920=CARTESIAN_POINT('',(60.4,-1.10053139679271E-31,14.5));
#2921=CARTESIAN_POINT('Origin',(62.5,2.,14.5));
#2922=CARTESIAN_POINT('Origin',(62.5,-1.10053139679271E-31,14.5));
#2923=CARTESIAN_POINT('',(60.4,98.,14.5));
#2924=CARTESIAN_POINT('Origin',(62.5,98.,14.5));
#2925=CARTESIAN_POINT('',(60.4,100.,14.5));
#2926=CARTESIAN_POINT('',(60.4,-1.10053139679271E-31,14.5));
#2927=CARTESIAN_POINT('Origin',(62.5,100.,14.5));
#2928=CARTESIAN_POINT('Origin',(37.5,-6.60318838075624E-32,14.5));
#2929=CARTESIAN_POINT('',(35.4,-6.23340983143389E-32,14.5));
#2930=CARTESIAN_POINT('Origin',(37.5,0.,14.5));
#2931=CARTESIAN_POINT('',(35.4,2.,14.5));
#2932=CARTESIAN_POINT('',(35.4,-6.60318838075624E-32,14.5));
#2933=CARTESIAN_POINT('Origin',(37.5,2.,14.5));
#2934=CARTESIAN_POINT('Origin',(37.5,-6.60318838075624E-32,14.5));
#2935=CARTESIAN_POINT('',(35.4,98.,14.5));
#2936=CARTESIAN_POINT('Origin',(37.5,98.,14.5));
#2937=CARTESIAN_POINT('',(35.4,100.,14.5));
#2938=CARTESIAN_POINT('',(35.4,-6.60318838075624E-32,14.5));
#2939=CARTESIAN_POINT('Origin',(37.5,100.,14.5));
#2940=CARTESIAN_POINT('Origin',(50.,50.,20.));
#2941=CARTESIAN_POINT('',(97.,100.,20.));
#2942=CARTESIAN_POINT('Origin',(97.,97.,20.));
#2943=CARTESIAN_POINT('',(1.23259516440783E-31,100.,20.));
#2944=CARTESIAN_POINT('',(90.,98.,20.));
#2945=CARTESIAN_POINT('',(10.,98.,20.));
#2946=CARTESIAN_POINT('',(90.,93.,20.));
#2947=CARTESIAN_POINT('',(90.,98.,20.));
#2948=CARTESIAN_POINT('',(93.,90.,20.));
#2949=CARTESIAN_POINT('Origin',(93.,93.,20.));
#2950=CARTESIAN_POINT('',(90.,90.,20.));
#2951=CARTESIAN_POINT('Origin',(100.,100.,0.));
#2952=CARTESIAN_POINT('',(97.,100.,0.));
#2953=CARTESIAN_POINT('',(97.,100.,0.));
#2954=CARTESIAN_POINT('',(3.00000000000001,100.,0.));
#2955=CARTESIAN_POINT('',(100.,100.,0.));
#2956=CARTESIAN_POINT('',(3.,100.,20.));
#2957=CARTESIAN_POINT('',(3.,100.,0.));
#2958=CARTESIAN_POINT('',(1.23259516440783E-31,100.,20.));
#2959=CARTESIAN_POINT('Origin',(90.,2.,2.));
#2960=CARTESIAN_POINT('',(90.,2.,2.));
#2961=CARTESIAN_POINT('',(90.,2.,2.));
#2962=CARTESIAN_POINT('',(9.99999997052517,2.,2.));
#2963=CARTESIAN_POINT('',(70.,2.,2.));
#2964=CARTESIAN_POINT('',(9.99999997052517,2.,2.));
#2965=CARTESIAN_POINT('Origin',(93.,93.,2.));
#2966=CARTESIAN_POINT('',(90.,93.,2.));
#2967=CARTESIAN_POINT('',(90.,93.,2.));
#2968=CARTESIAN_POINT('',(93.,90.,2.));
#2969=CARTESIAN_POINT('Origin',(93.,93.,2.));
#2970=CARTESIAN_POINT('',(93.,90.,2.));
#2971=CARTESIAN_POINT('Origin',(90.,98.,2.));
#2972=CARTESIAN_POINT('',(90.,98.,2.));
#2973=CARTESIAN_POINT('',(90.,98.,2.));
#2974=CARTESIAN_POINT('',(90.,74.,2.));
#2975=CARTESIAN_POINT('Origin',(50.,50.,20.));
#2976=CARTESIAN_POINT('',(7.,90.,20.));
#2977=CARTESIAN_POINT('',(2.,90.,20.));
#2978=CARTESIAN_POINT('',(10.,93.,20.));
#2979=CARTESIAN_POINT('Origin',(7.,93.,20.));
#2980=CARTESIAN_POINT('',(10.,98.,20.));
#2981=CARTESIAN_POINT('',(10.,90.,20.));
#2982=CARTESIAN_POINT('',(10.,98.,20.));
#2983=CARTESIAN_POINT('Origin',(3.,97.,20.));
#2984=CARTESIAN_POINT('Origin',(93.,7.,2.));
#2985=CARTESIAN_POINT('',(93.,10.,2.));
#2986=CARTESIAN_POINT('',(93.,10.,2.));
#2987=CARTESIAN_POINT('',(90.,7.,2.));
#2988=CARTESIAN_POINT('Origin',(93.,7.,2.));
#2989=CARTESIAN_POINT('',(90.,7.,2.));
#2990=CARTESIAN_POINT('Origin',(98.,10.,2.));
#2991=CARTESIAN_POINT('',(74.,10.,2.));
#2992=CARTESIAN_POINT('Origin',(6.99999997052517,7.,2.));
#2993=CARTESIAN_POINT('',(9.99999997052517,7.,2.));
#2994=CARTESIAN_POINT('',(9.99999997052517,7.,2.));
#2995=CARTESIAN_POINT('',(6.99999997052517,10.,2.));
#2996=CARTESIAN_POINT('Origin',(6.99999997052517,7.,2.));
#2997=CARTESIAN_POINT('',(6.99999997052517,10.,2.));
#2998=CARTESIAN_POINT('Origin',(9.99999997052517,2.,2.));
#2999=CARTESIAN_POINT('',(9.99999997052517,26.,2.));
#3000=CARTESIAN_POINT('Origin',(7.,93.,2.));
#3001=CARTESIAN_POINT('',(7.,90.,2.));
#3002=CARTESIAN_POINT('',(7.,90.,2.));
#3003=CARTESIAN_POINT('',(10.,93.,2.));
#3004=CARTESIAN_POINT('Origin',(7.,93.,2.));
#3005=CARTESIAN_POINT('',(10.,93.,2.));
#3006=CARTESIAN_POINT('Origin',(2.,90.,2.));
#3007=CARTESIAN_POINT('',(26.,90.0000000000001,2.));
#3008=CARTESIAN_POINT('Origin',(3.,97.,0.));
#3009=CARTESIAN_POINT('Origin',(3.,97.,0.));
#3010=CARTESIAN_POINT('Origin',(97.,97.,0.));
#3011=CARTESIAN_POINT('Origin',(97.,97.,0.));
#3012=CARTESIAN_POINT('Origin',(3.,3.,0.));
#3013=CARTESIAN_POINT('',(3.,-3.69778549322349E-33,0.));
#3014=CARTESIAN_POINT('Origin',(3.,3.,0.));
#3015=CARTESIAN_POINT('',(3.,0.,0.));
#3016=CARTESIAN_POINT('Origin',(0.,0.,0.));
#3017=CARTESIAN_POINT('',(97.,-1.1956173094756E-31,0.));
#3018=CARTESIAN_POINT('',(0.,0.,0.));
#3019=CARTESIAN_POINT('',(97.,0.,0.));
#3020=CARTESIAN_POINT('Origin',(97.,3.,0.));
#3021=CARTESIAN_POINT('Origin',(97.,3.,0.));
#3022=CARTESIAN_POINT('Origin',(90.,90.,2.));
#3023=CARTESIAN_POINT('',(70.,90.,2.));
#3024=CARTESIAN_POINT('Origin',(10.,98.,2.));
#3025=CARTESIAN_POINT('',(10.,98.,2.));
#3026=CARTESIAN_POINT('',(10.,98.,2.));
#3027=CARTESIAN_POINT('',(30.,98.,2.));
#3028=CARTESIAN_POINT('Origin',(10.,90.,2.));
#3029=CARTESIAN_POINT('',(9.99999999999999,70.,2.));
#3030=CARTESIAN_POINT('Origin',(9.99999997052517,10.,2.));
#3031=CARTESIAN_POINT('',(29.9999999852626,9.99999999999999,2.));
#3032=CARTESIAN_POINT('Origin',(90.,10.,2.));
#3033=CARTESIAN_POINT('',(90.,30.,2.));
#3034=CARTESIAN_POINT('Origin',(50.,50.,2.));
#3035=CARTESIAN_POINT('Origin',(50.,50.,0.));
#3036=CARTESIAN_POINT('',(0.,0.,0.));
#3037=CARTESIAN_POINT('Origin',(35.5,45.1,2.));
#3038=CARTESIAN_POINT('',(37.75,45.1,2.));
#3039=CARTESIAN_POINT('Origin',(35.5,45.1,2.));
#3040=CARTESIAN_POINT('',(37.75,45.1,0.));
#3041=CARTESIAN_POINT('',(37.75,45.1,2.));
#3042=CARTESIAN_POINT('Origin',(35.5,45.1,0.));
#3043=CARTESIAN_POINT('Origin',(35.5,55.1,2.));
#3044=CARTESIAN_POINT('',(37.75,55.1,2.));
#3045=CARTESIAN_POINT('Origin',(35.5,55.1,2.));
#3046=CARTESIAN_POINT('',(37.75,55.1,0.));
#3047=CARTESIAN_POINT('',(37.75,55.1,2.));
#3048=CARTESIAN_POINT('Origin',(35.5,55.1,0.));
#3049=CARTESIAN_POINT('Origin',(84.5,55.1,2.));
#3050=CARTESIAN_POINT('',(86.75,55.1,2.));
#3051=CARTESIAN_POINT('Origin',(84.5,55.1,2.));
#3052=CARTESIAN_POINT('',(86.75,55.1,0.));
#3053=CARTESIAN_POINT('',(86.75,55.1,2.));
#3054=CARTESIAN_POINT('Origin',(84.5,55.1,0.));
#3055=CARTESIAN_POINT('Origin',(80.5,60.3,2.));
#3056=CARTESIAN_POINT('',(80.5,60.3,2.));
#3057=CARTESIAN_POINT('',(80.5,39.7,2.));
#3058=CARTESIAN_POINT('',(80.5,55.15,2.));
#3059=CARTESIAN_POINT('',(80.5,60.3,0.));
#3060=CARTESIAN_POINT('',(80.5,60.3,2.));
#3061=CARTESIAN_POINT('',(80.5,39.7,0.));
#3062=CARTESIAN_POINT('',(80.5,55.15,0.));
#3063=CARTESIAN_POINT('',(80.5,39.7,2.));
#3064=CARTESIAN_POINT('Origin',(39.5,60.3,2.));
#3065=CARTESIAN_POINT('',(39.5,60.3,2.));
#3066=CARTESIAN_POINT('',(44.75,60.3,2.));
#3067=CARTESIAN_POINT('',(39.5,60.3,0.));
#3068=CARTESIAN_POINT('',(39.5,60.3,2.));
#3069=CARTESIAN_POINT('',(44.75,60.3,0.));
#3070=CARTESIAN_POINT('Origin',(39.5,39.7,2.));
#3071=CARTESIAN_POINT('',(39.5,39.7,2.));
#3072=CARTESIAN_POINT('',(39.5,44.85,2.));
#3073=CARTESIAN_POINT('',(39.5,39.7,0.));
#3074=CARTESIAN_POINT('',(39.5,39.7,2.));
#3075=CARTESIAN_POINT('',(39.5,44.85,0.));
#3076=CARTESIAN_POINT('Origin',(80.5,39.7,2.));
#3077=CARTESIAN_POINT('',(65.25,39.7,2.));
#3078=CARTESIAN_POINT('',(65.25,39.7,0.));
#3079=CARTESIAN_POINT('Origin',(84.5,45.1,2.));
#3080=CARTESIAN_POINT('',(86.75,45.1,2.));
#3081=CARTESIAN_POINT('Origin',(84.5,45.1,2.));
#3082=CARTESIAN_POINT('',(86.75,45.1,0.));
#3083=CARTESIAN_POINT('',(86.75,45.1,2.));
#3084=CARTESIAN_POINT('Origin',(84.5,45.1,0.));
#3085=CARTESIAN_POINT('Origin',(95.,95.,1.));
#3086=CARTESIAN_POINT('',(98.5,95.,0.));
#3087=CARTESIAN_POINT('Origin',(95.,95.,0.));
#3088=CARTESIAN_POINT('',(96.5,95.,2.));
#3089=CARTESIAN_POINT('',(97.5,95.,1.));
#3090=CARTESIAN_POINT('Origin',(95.,95.,2.));
#3091=CARTESIAN_POINT('Origin',(50.,50.,0.));
#3092=CARTESIAN_POINT('',(3.00000000000001,100.,0.));
#3093=CARTESIAN_POINT('',(2.39123461895119E-31,97.,0.));
#3094=CARTESIAN_POINT('Origin',(3.,97.,0.));
#3095=CARTESIAN_POINT('',(97.,100.,0.));
#3096=CARTESIAN_POINT('',(100.,100.,0.));
#3097=CARTESIAN_POINT('',(100.,97.,0.));
#3098=CARTESIAN_POINT('Origin',(97.,97.,0.));
#3099=CARTESIAN_POINT('',(100.,3.,0.));
#3100=CARTESIAN_POINT('',(100.,0.,0.));
#3101=CARTESIAN_POINT('',(97.,0.,0.));
#3102=CARTESIAN_POINT('Origin',(97.,3.,0.));
#3103=CARTESIAN_POINT('',(3.,0.,0.));
#3104=CARTESIAN_POINT('',(0.,0.,0.));
#3105=CARTESIAN_POINT('',(7.39557098644699E-33,3.00000000000001,0.));
#3106=CARTESIAN_POINT('Origin',(3.,3.,0.));
#3107=CARTESIAN_POINT('',(2.46519032881566E-31,100.,0.));
#3108=CARTESIAN_POINT('',(98.5,5.,0.));
#3109=CARTESIAN_POINT('Origin',(95.,5.,0.));
#3110=CARTESIAN_POINT('',(8.5,95.,0.));
#3111=CARTESIAN_POINT('Origin',(5.,95.,0.));
#3112=CARTESIAN_POINT('',(8.5,5.,0.));
#3113=CARTESIAN_POINT('Origin',(5.,5.,0.));
#3114=CARTESIAN_POINT('Origin',(95.,95.,10.));
#3115=CARTESIAN_POINT('',(96.5,95.,10.));
#3116=CARTESIAN_POINT('Origin',(95.,95.,10.));
#3117=CARTESIAN_POINT('',(96.5,95.,10.));
#3118=CARTESIAN_POINT('Origin',(95.,5.,1.));
#3119=CARTESIAN_POINT('',(96.5,5.,2.));
#3120=CARTESIAN_POINT('',(97.5,5.,1.));
#3121=CARTESIAN_POINT('Origin',(95.,5.,2.));
#3122=CARTESIAN_POINT('Origin',(95.,5.,10.));
#3123=CARTESIAN_POINT('',(96.5,5.,10.));
#3124=CARTESIAN_POINT('Origin',(95.,5.,10.));
#3125=CARTESIAN_POINT('',(96.5,5.,10.));
#3126=CARTESIAN_POINT('Origin',(5.,5.,1.));
#3127=CARTESIAN_POINT('',(6.5,5.,2.));
#3128=CARTESIAN_POINT('',(7.5,5.,1.));
#3129=CARTESIAN_POINT('Origin',(5.,5.,2.));
#3130=CARTESIAN_POINT('Origin',(5.,5.,10.));
#3131=CARTESIAN_POINT('',(6.5,5.,10.));
#3132=CARTESIAN_POINT('Origin',(5.,5.,10.));
#3133=CARTESIAN_POINT('',(6.5,5.,10.));
#3134=CARTESIAN_POINT('Origin',(5.,95.,1.));
#3135=CARTESIAN_POINT('',(6.5,95.,2.));
#3136=CARTESIAN_POINT('',(7.5,95.,1.));
#3137=CARTESIAN_POINT('Origin',(5.,95.,2.));
#3138=CARTESIAN_POINT('Origin',(5.,95.,10.));
#3139=CARTESIAN_POINT('',(6.5,95.,10.));
#3140=CARTESIAN_POINT('Origin',(5.,95.,10.));
#3141=CARTESIAN_POINT('',(6.5,95.,10.));
#3142=CARTESIAN_POINT('Origin',(93.,7.,2.));
#3143=CARTESIAN_POINT('',(90.,7.,10.));
#3144=CARTESIAN_POINT('',(93.,10.,10.));
#3145=CARTESIAN_POINT('Origin',(93.,7.,10.));
#3146=CARTESIAN_POINT('',(93.,10.,2.));
#3147=CARTESIAN_POINT('',(93.,10.,2.));
#3148=CARTESIAN_POINT('',(90.,7.,2.));
#3149=CARTESIAN_POINT('Origin',(93.,7.,2.));
#3150=CARTESIAN_POINT('',(90.,7.,2.));
#3151=CARTESIAN_POINT('Origin',(98.,10.,2.));
#3152=CARTESIAN_POINT('',(98.,10.,10.));
#3153=CARTESIAN_POINT('',(98.,10.,10.));
#3154=CARTESIAN_POINT('',(98.,10.,2.));
#3155=CARTESIAN_POINT('',(98.,10.,2.));
#3156=CARTESIAN_POINT('',(74.,10.,2.));
#3157=CARTESIAN_POINT('Origin',(50.,50.,10.));
#3158=CARTESIAN_POINT('',(2.46519032881566E-31,97.,10.));
#3159=CARTESIAN_POINT('',(3.,100.,10.));
#3160=CARTESIAN_POINT('Origin',(3.,97.,10.));
#3161=CARTESIAN_POINT('',(2.46519032881566E-31,3.,10.));
#3162=CARTESIAN_POINT('',(2.46519032881566E-31,0.,10.));
#3163=CARTESIAN_POINT('',(3.00000000000001,0.,10.));
#3164=CARTESIAN_POINT('Origin',(3.,3.,10.));
#3165=CARTESIAN_POINT('',(97.,0.,10.));
#3166=CARTESIAN_POINT('',(100.,0.,10.));
#3167=CARTESIAN_POINT('',(100.,3.00000000000001,10.));
#3168=CARTESIAN_POINT('Origin',(97.,3.,10.));
#3169=CARTESIAN_POINT('',(100.,97.,10.));
#3170=CARTESIAN_POINT('',(100.,100.,10.));
#3171=CARTESIAN_POINT('',(97.,100.,10.));
#3172=CARTESIAN_POINT('Origin',(97.,97.,10.));
#3173=CARTESIAN_POINT('',(2.46519032881566E-31,100.,10.));
#3174=CARTESIAN_POINT('',(90.,2.,10.));
#3175=CARTESIAN_POINT('',(90.,10.,10.));
#3176=CARTESIAN_POINT('',(10.,2.,10.));
#3177=CARTESIAN_POINT('',(90.,2.,10.));
#3178=CARTESIAN_POINT('',(10.,7.,10.));
#3179=CARTESIAN_POINT('',(10.,2.,10.));
#3180=CARTESIAN_POINT('',(7.,10.,10.));
#3181=CARTESIAN_POINT('Origin',(7.,7.,10.));
#3182=CARTESIAN_POINT('',(2.,10.,10.));
#3183=CARTESIAN_POINT('',(10.,10.,10.));
#3184=CARTESIAN_POINT('',(2.,90.,10.));
#3185=CARTESIAN_POINT('',(2.,10.,10.));
#3186=CARTESIAN_POINT('',(7.00000000000001,90.,10.));
#3187=CARTESIAN_POINT('',(2.,90.,10.));
#3188=CARTESIAN_POINT('',(10.,93.,10.));
#3189=CARTESIAN_POINT('Origin',(7.00000000000001,93.,10.));
#3190=CARTESIAN_POINT('',(10.,98.,10.));
#3191=CARTESIAN_POINT('',(10.,90.,10.));
#3192=CARTESIAN_POINT('',(90.,98.,10.));
#3193=CARTESIAN_POINT('',(10.,98.,10.));
#3194=CARTESIAN_POINT('',(90.,93.,10.));
#3195=CARTESIAN_POINT('',(90.,98.,10.));
#3196=CARTESIAN_POINT('',(93.,90.,10.));
#3197=CARTESIAN_POINT('Origin',(93.,93.,10.));
#3198=CARTESIAN_POINT('',(98.,90.,10.));
#3199=CARTESIAN_POINT('',(90.,90.,10.));
#3200=CARTESIAN_POINT('',(98.,90.,10.));
#3201=CARTESIAN_POINT('Origin',(93.,93.,2.));
#3202=CARTESIAN_POINT('',(90.,93.,2.));
#3203=CARTESIAN_POINT('',(90.,93.,2.));
#3204=CARTESIAN_POINT('',(93.,90.,2.));
#3205=CARTESIAN_POINT('Origin',(93.,93.,2.));
#3206=CARTESIAN_POINT('',(93.,90.,2.));
#3207=CARTESIAN_POINT('Origin',(90.,98.,2.));
#3208=CARTESIAN_POINT('',(90.,98.,2.));
#3209=CARTESIAN_POINT('',(90.,98.,2.));
#3210=CARTESIAN_POINT('',(90.,74.,2.));
#3211=CARTESIAN_POINT('Origin',(7.,7.,2.));
#3212=CARTESIAN_POINT('',(10.,7.,2.));
#3213=CARTESIAN_POINT('',(10.,7.,2.));
#3214=CARTESIAN_POINT('',(7.,10.,2.));
#3215=CARTESIAN_POINT('Origin',(7.,7.,2.));
#3216=CARTESIAN_POINT('',(7.,10.,2.));
#3217=CARTESIAN_POINT('Origin',(10.,2.,2.));
#3218=CARTESIAN_POINT('',(10.,2.,2.));
#3219=CARTESIAN_POINT('',(10.,2.,2.));
#3220=CARTESIAN_POINT('',(10.,26.,2.));
#3221=CARTESIAN_POINT('Origin',(7.00000000000001,93.,2.));
#3222=CARTESIAN_POINT('',(7.00000000000001,90.,2.));
#3223=CARTESIAN_POINT('',(7.00000000000001,90.,2.));
#3224=CARTESIAN_POINT('',(10.,93.,2.));
#3225=CARTESIAN_POINT('Origin',(7.00000000000001,93.,2.));
#3226=CARTESIAN_POINT('',(10.,93.,2.));
#3227=CARTESIAN_POINT('Origin',(2.,90.,2.));
#3228=CARTESIAN_POINT('',(2.,90.,2.));
#3229=CARTESIAN_POINT('',(2.,90.,2.));
#3230=CARTESIAN_POINT('',(26.,90.,2.));
#3231=CARTESIAN_POINT('Origin',(3.,97.,0.));
#3232=CARTESIAN_POINT('',(3.,100.,0.));
#3233=CARTESIAN_POINT('',(0.,97.,0.));
#3234=CARTESIAN_POINT('Origin',(100.,100.,0.));
#3235=CARTESIAN_POINT('',(97.,100.,0.));
#3236=CARTESIAN_POINT('Origin',(97.,97.,0.));
#3237=CARTESIAN_POINT('',(100.,97.,0.));
#3238=CARTESIAN_POINT('Origin',(100.,0.,0.));
#3239=CARTESIAN_POINT('',(100.,3.,0.));
#3240=CARTESIAN_POINT('Origin',(97.,3.,0.));
#3241=CARTESIAN_POINT('',(97.,0.,0.));
#3242=CARTESIAN_POINT('Origin',(0.,0.,0.));
#3243=CARTESIAN_POINT('',(3.,0.,0.));
#3244=CARTESIAN_POINT('Origin',(3.,3.,0.));
#3245=CARTESIAN_POINT('',(0.,3.,0.));
#3246=CARTESIAN_POINT('Origin',(2.46519032881566E-31,100.,0.));
#3247=CARTESIAN_POINT('Origin',(90.,2.,2.));
#3248=CARTESIAN_POINT('',(90.,2.,2.));
#3249=CARTESIAN_POINT('',(70.,2.,2.));
#3250=CARTESIAN_POINT('',(90.,2.,2.));
#3251=CARTESIAN_POINT('Origin',(90.,10.,2.));
#3252=CARTESIAN_POINT('',(90.,30.,2.));
#3253=CARTESIAN_POINT('Origin',(98.,90.,2.));
#3254=CARTESIAN_POINT('',(98.,90.,2.));
#3255=CARTESIAN_POINT('',(98.,70.,2.));
#3256=CARTESIAN_POINT('',(98.,90.,2.));
#3257=CARTESIAN_POINT('Origin',(90.,90.,2.));
#3258=CARTESIAN_POINT('',(70.,90.,2.));
#3259=CARTESIAN_POINT('Origin',(10.,98.,2.));
#3260=CARTESIAN_POINT('',(10.,98.,2.));
#3261=CARTESIAN_POINT('',(30.,98.,2.));
#3262=CARTESIAN_POINT('',(10.,98.,2.));
#3263=CARTESIAN_POINT('Origin',(10.,90.,2.));
#3264=CARTESIAN_POINT('',(10.,70.,2.));
#3265=CARTESIAN_POINT('Origin',(2.,10.,2.));
#3266=CARTESIAN_POINT('',(2.,10.,2.));
#3267=CARTESIAN_POINT('',(2.,30.,2.));
#3268=CARTESIAN_POINT('',(2.,10.,2.));
#3269=CARTESIAN_POINT('Origin',(10.,10.,2.));
#3270=CARTESIAN_POINT('',(30.,10.,2.));
#3271=CARTESIAN_POINT('Origin',(50.,50.,2.));
#3272=CARTESIAN_POINT('',(-50.,-50.,0.));
#3273=CARTESIAN_POINT('',(-50.,50.,30.));
#3274=UNCERTAINTY_MEASURE_WITH_UNIT(LENGTH_MEASURE(0.01),#3282,
'DISTANCE_ACCURACY_VALUE',
'Maximum model space distance between geometric entities at asserted c
onnectivities');
#3275=UNCERTAINTY_MEASURE_WITH_UNIT(LENGTH_MEASURE(0.01),#3282,
'DISTANCE_ACCURACY_VALUE',
'Maximum model space distance between geometric entities at asserted c
onnectivities');
#3276=UNCERTAINTY_MEASURE_WITH_UNIT(LENGTH_MEASURE(0.01),#3282,
'DISTANCE_ACCURACY_VALUE',
'Maximum model space distance between geometric entities at asserted c
onnectivities');
#3277=UNCERTAINTY_MEASURE_WITH_UNIT(LENGTH_MEASURE(0.01),#3282,
'DISTANCE_ACCURACY_VALUE',
'Maximum model space distance between geometric entities at asserted c
onnectivities');
#3278=(
GEOMETRIC_REPRESENTATION_CONTEXT(3)
GLOBAL_UNCERTAINTY_ASSIGNED_CONTEXT((#3274))
GLOBAL_UNIT_ASSIGNED_CONTEXT((#3282,#3284,#3285))
REPRESENTATION_CONTEXT('','3D')
);
#3279=(
GEOMETRIC_REPRESENTATION_CONTEXT(3)
GLOBAL_UNCERTAINTY_ASSIGNED_CONTEXT((#3275))
GLOBAL_UNIT_ASSIGNED_CONTEXT((#3282,#3284,#3285))
REPRESENTATION_CONTEXT('','3D')
);
#3280=(
GEOMETRIC_REPRESENTATION_CONTEXT(3)
GLOBAL_UNCERTAINTY_ASSIGNED_CONTEXT((#3276))
GLOBAL_UNIT_ASSIGNED_CONTEXT((#3282,#3284,#3285))
REPRESENTATION_CONTEXT('','3D')
);
#3281=(
GEOMETRIC_REPRESENTATION_CONTEXT(3)
GLOBAL_UNCERTAINTY_ASSIGNED_CONTEXT((#3277))
GLOBAL_UNIT_ASSIGNED_CONTEXT((#3282,#3284,#3285))
REPRESENTATION_CONTEXT('','3D')
);
#3282=(
LENGTH_UNIT()
NAMED_UNIT(*)
SI_UNIT(.MILLI.,.METRE.)
);
#3283=(
LENGTH_UNIT()
NAMED_UNIT(*)
SI_UNIT($,.METRE.)
);
#3284=(
NAMED_UNIT(*)
PLANE_ANGLE_UNIT()
SI_UNIT($,.RADIAN.)
);
#3285=(
NAMED_UNIT(*)
SI_UNIT($,.STERADIAN.)
SOLID_ANGLE_UNIT()
);
#3286=SHAPE_DEFINITION_REPRESENTATION(#3289,#3294);
#3287=SHAPE_DEFINITION_REPRESENTATION(#3290,#3295);
#3288=SHAPE_DEFINITION_REPRESENTATION(#3291,#3296);
#3289=PRODUCT_DEFINITION_SHAPE('',$,#3298);
#3290=PRODUCT_DEFINITION_SHAPE('',$,#3299);
#3291=PRODUCT_DEFINITION_SHAPE('',$,#3300);
#3292=PRODUCT_DEFINITION_SHAPE($,$,#17);
#3293=PRODUCT_DEFINITION_SHAPE($,$,#18);
#3294=SHAPE_REPRESENTATION('',(#1990,#2166,#2167),#3278);
#3295=SHAPE_REPRESENTATION('',(#1991),#3279);
#3296=SHAPE_REPRESENTATION('',(#2086),#3280);
#3297=PRODUCT_DEFINITION_CONTEXT('part definition',#3308,'design');
#3298=PRODUCT_DEFINITION('(\X2\C800C7A5B418C9C0\X0\ \X2\C54AC74C\X0\)',
'(\X2\C800C7A5B418C9C0\X0\ \X2\C54AC74C\X0\)',#3301,#3297);
#3299=PRODUCT_DEFINITION('TRARM02_Base_Bottom_100x100x20 v1',
'TRARM02_Base_Bottom_100x100x20 v1',#3302,#3297);
#3300=PRODUCT_DEFINITION('TRARM02_Base_Top_100x100x10 v1',
'TRARM02_Base_Top_100x100x10 v1',#3303,#3297);
#3301=PRODUCT_DEFINITION_FORMATION('',$,#3310);
#3302=PRODUCT_DEFINITION_FORMATION('',$,#3311);
#3303=PRODUCT_DEFINITION_FORMATION('',$,#3312);
#3304=PRODUCT_RELATED_PRODUCT_CATEGORY('(\X2\C800C7A5B418C9C0\X0\ \X2\C54AC74C\X0\)',
'(\X2\C800C7A5B418C9C0\X0\ \X2\C54AC74C\X0\)',(#3310));
#3305=PRODUCT_RELATED_PRODUCT_CATEGORY(
'TRARM02_Base_Bottom_100x100x20 v1','TRARM02_Base_Bottom_100x100x20 v1',
(#3311));
#3306=PRODUCT_RELATED_PRODUCT_CATEGORY('TRARM02_Base_Top_100x100x10 v1',
'TRARM02_Base_Top_100x100x10 v1',(#3312));
#3307=APPLICATION_PROTOCOL_DEFINITION('international standard',
'automotive_design',2009,#3308);
#3308=APPLICATION_CONTEXT(
'Core Data for Automotive Mechanical Design Process');
#3309=PRODUCT_CONTEXT('part definition',#3308,'mechanical');
#3310=PRODUCT('(\X2\C800C7A5B418C9C0\X0\ \X2\C54AC74C\X0\)',
'(\X2\C800C7A5B418C9C0\X0\ \X2\C54AC74C\X0\)',$,(#3309));
#3311=PRODUCT('TRARM02_Base_Bottom_100x100x20 v1',
'TRARM02_Base_Bottom_100x100x20 v1',$,(#3309));
#3312=PRODUCT('TRARM02_Base_Top_100x100x10 v1',
'TRARM02_Base_Top_100x100x10 v1',$,(#3309));
#3313=PRESENTATION_STYLE_ASSIGNMENT((#3314));
#3314=SURFACE_STYLE_USAGE(.BOTH.,#3315);
#3315=SURFACE_SIDE_STYLE('',(#3316));
#3316=SURFACE_STYLE_FILL_AREA(#3317);
#3317=FILL_AREA_STYLE('\X2\AC15CCA0\X0\ - \X2\C0C8D2F4\X0\',(#3318));
#3318=FILL_AREA_STYLE_COLOUR('\X2\AC15CCA0\X0\ - \X2\C0C8D2F4\X0\',#3319);
#3319=COLOUR_RGB('\X2\AC15CCA0\X0\ - \X2\C0C8D2F4\X0\',0.627450980392157,
0.627450980392157,0.627450980392157);
ENDSEC;
END-ISO-10303-21;
