ISO-10303-21;
HEADER;
/* Generated by software containing ST-Developer
 * from STEP Tools, Inc. (www.steptools.com) 
 */

FILE_DESCRIPTION(
/* description */ (''),
/* implementation_level */ '2;1');

FILE_NAME(
/* name */ 'TRARM02_Link1.step',
/* time_stamp */ '2026-06-11T09:07:52+09:00',
/* author */ (''),
/* organization */ (''),
/* preprocessor_version */ 'ST-DEVELOPER v20.1',
/* originating_system */ 'Autodesk Translation Framework v15.8.0.0',
/* authorisation */ '');

FILE_SCHEMA (('AUTOMOTIVE_DESIGN { 1 0 10303 214 3 1 1 }'));
ENDSEC;

DATA;
#10=MECHANICAL_DESIGN_GEOMETRIC_PRESENTATION_REPRESENTATION('',(#33,#34,
#35),#4722);
#11=ITEM_DEFINED_TRANSFORMATION($,$,#2739,#3034);
#12=ITEM_DEFINED_TRANSFORMATION($,$,#2853,#3035);
#13=ITEM_DEFINED_TRANSFORMATION($,$,#2980,#3036);
#14=(
REPRESENTATION_RELATIONSHIP($,$,#4739,#4738)
REPRESENTATION_RELATIONSHIP_WITH_TRANSFORMATION(#11)
SHAPE_REPRESENTATION_RELATIONSHIP()
);
#15=(
REPRESENTATION_RELATIONSHIP($,$,#4740,#4738)
REPRESENTATION_RELATIONSHIP_WITH_TRANSFORMATION(#12)
SHAPE_REPRESENTATION_RELATIONSHIP()
);
#16=(
REPRESENTATION_RELATIONSHIP($,$,#4741,#4738)
REPRESENTATION_RELATIONSHIP_WITH_TRANSFORMATION(#13)
SHAPE_REPRESENTATION_RELATIONSHIP()
);
#17=CONTEXT_DEPENDENT_SHAPE_REPRESENTATION(#14,#4735);
#18=CONTEXT_DEPENDENT_SHAPE_REPRESENTATION(#15,#4736);
#19=CONTEXT_DEPENDENT_SHAPE_REPRESENTATION(#16,#4737);
#20=NEXT_ASSEMBLY_USAGE_OCCURRENCE('TRARM02_Link1A_R90x20 v1:1',
'TRARM02_Link1A_R90x20 v1:1','TRARM02_Link1A_R90x20 v1:1',#4743,#4744,
'TRARM02_Link1A_R90x20 v1:1');
#21=NEXT_ASSEMBLY_USAGE_OCCURRENCE('TRARM02_Link1B_50x50x43 v1:1',
'TRARM02_Link1B_50x50x43 v1:1','TRARM02_Link1B_50x50x43 v1:1',#4743,#4745,
'TRARM02_Link1B_50x50x43 v1:1');
#22=NEXT_ASSEMBLY_USAGE_OCCURRENCE('TRARM02_Link1C_50x50x7 v1:1',
'TRARM02_Link1C_50x50x7 v1:1','TRARM02_Link1C_50x50x7 v1:1',#4743,#4746,
'TRARM02_Link1C_50x50x7 v1:1');
#23=CONICAL_SURFACE('',#2893,2.5,0.785398163397449);
#24=CONICAL_SURFACE('',#2895,2.5,0.785398163397449);
#25=CONICAL_SURFACE('',#2897,2.5,0.785398163397449);
#26=CONICAL_SURFACE('',#2899,2.5,0.785398163397449);
#27=SHAPE_REPRESENTATION_RELATIONSHIP('SRR','None',#4739,#30);
#28=SHAPE_REPRESENTATION_RELATIONSHIP('SRR','None',#4740,#31);
#29=SHAPE_REPRESENTATION_RELATIONSHIP('SRR','None',#4741,#32);
#30=ADVANCED_BREP_SHAPE_REPRESENTATION('',(#36),#4719);
#31=ADVANCED_BREP_SHAPE_REPRESENTATION('',(#37),#4720);
#32=ADVANCED_BREP_SHAPE_REPRESENTATION('',(#38),#4721);
#33=STYLED_ITEM('',(#4762),#36);
#34=STYLED_ITEM('',(#4762),#37);
#35=STYLED_ITEM('',(#4762),#38);
#36=MANIFOLD_SOLID_BREP('\X2\BCF8CCB4\X0\1',#2701);
#37=MANIFOLD_SOLID_BREP('\X2\BCF8CCB4\X0\1',#2702);
#38=MANIFOLD_SOLID_BREP('\X2\BCF8CCB4\X0\1',#2703);
#39=TOROIDAL_SURFACE('',#2771,1.99999999999999,1.);
#40=TOROIDAL_SURFACE('',#2782,2.,1.);
#41=TOROIDAL_SURFACE('',#2793,2.,1.);
#42=TOROIDAL_SURFACE('',#2804,2.,1.);
#43=TOROIDAL_SURFACE('',#2843,43.,2.);
#44=TOROIDAL_SURFACE('',#2873,3.4,1.4);
#45=TOROIDAL_SURFACE('',#2886,3.4,1.4);
#46=TOROIDAL_SURFACE('',#2910,23.,2.);
#47=B_SPLINE_CURVE_WITH_KNOTS('',3,(#3938,#3939,#3940,#3941,#3942,#3943,
#3944,#3945,#3946,#3947),.UNSPECIFIED.,.F.,.F.,(4,2,2,2,4),(0.304046784644083,
0.341675843001807,0.37930490135953,0.417613660834806,0.455922420310082),
 .UNSPECIFIED.);
#48=B_SPLINE_CURVE_WITH_KNOTS('',3,(#3958,#3959,#3960,#3961,#3962,#3963,
#3964,#3965,#3966,#3967),.UNSPECIFIED.,.F.,.F.,(4,2,2,2,4),(0.153577274750435,
0.193000623238114,0.232423971725793,0.27002883008733,0.307633688448868),
 .UNSPECIFIED.);
#49=B_SPLINE_CURVE_WITH_KNOTS('',3,(#3991,#3992,#3993,#3994,#3995,#3996,
#3997,#3998,#3999,#4000),.UNSPECIFIED.,.F.,.F.,(4,2,2,2,4),(0.307633688448868,
0.345238546810406,0.382843405171943,0.422266753659622,0.461690102147301),
 .UNSPECIFIED.);
#50=B_SPLINE_CURVE_WITH_KNOTS('',3,(#4011,#4012,#4013,#4014,#4015,#4016,
#4017,#4018,#4019,#4020),.UNSPECIFIED.,.F.,.F.,(4,2,2,2,4),(0.152171148978084,
0.19047990845336,0.228788667928636,0.266417726286359,0.304046784644083),
 .UNSPECIFIED.);
#51=B_SPLINE_CURVE_WITH_KNOTS('',3,(#4044,#4045,#4046,#4047,#4048,#4049,
#4050,#4051,#4052,#4053),.UNSPECIFIED.,.F.,.F.,(4,2,2,2,4),(0.304046784644083,
0.341675843001807,0.379304901359531,0.417613660834806,0.455922420310082),
 .UNSPECIFIED.);
#52=B_SPLINE_CURVE_WITH_KNOTS('',3,(#4064,#4065,#4066,#4067,#4068,#4069,
#4070,#4071,#4072,#4073),.UNSPECIFIED.,.F.,.F.,(4,2,2,2,4),(0.153577274750435,
0.193000623238114,0.232423971725793,0.27002883008733,0.307633688448868),
 .UNSPECIFIED.);
#53=B_SPLINE_CURVE_WITH_KNOTS('',3,(#4097,#4098,#4099,#4100,#4101,#4102,
#4103,#4104,#4105,#4106),.UNSPECIFIED.,.F.,.F.,(4,2,2,2,4),(0.307633688448868,
0.345238546810405,0.382843405171943,0.422266753659621,0.4616901021473),
 .UNSPECIFIED.);
#54=B_SPLINE_CURVE_WITH_KNOTS('',3,(#4117,#4118,#4119,#4120,#4121,#4122,
#4123,#4124,#4125,#4126),.UNSPECIFIED.,.F.,.F.,(4,2,2,2,4),(0.152171148978084,
0.19047990845336,0.228788667928636,0.26641772628636,0.304046784644083),
 .UNSPECIFIED.);
#55=B_SPLINE_CURVE_WITH_KNOTS('',3,(#4264,#4265,#4266,#4267,#4268,#4269),
 .UNSPECIFIED.,.F.,.F.,(4,2,4),(0.,0.182562961234333,0.297021355879786),
 .UNSPECIFIED.);
#56=B_SPLINE_CURVE_WITH_KNOTS('',3,(#4301,#4302,#4303,#4304,#4305,#4306),
 .UNSPECIFIED.,.F.,.F.,(4,2,4),(0.745675947777956,0.860134342423409,1.04269730365774),
 .UNSPECIFIED.);
#57=FACE_BOUND('',#479,.T.);
#58=FACE_BOUND('',#480,.T.);
#59=FACE_BOUND('',#481,.T.);
#60=FACE_BOUND('',#516,.T.);
#61=FACE_BOUND('',#517,.T.);
#62=FACE_BOUND('',#518,.T.);
#63=FACE_BOUND('',#525,.T.);
#64=FACE_BOUND('',#526,.T.);
#65=FACE_BOUND('',#527,.T.);
#66=FACE_BOUND('',#528,.T.);
#67=FACE_BOUND('',#529,.T.);
#68=FACE_BOUND('',#530,.T.);
#69=FACE_BOUND('',#531,.T.);
#70=FACE_BOUND('',#532,.T.);
#71=FACE_BOUND('',#533,.T.);
#72=FACE_BOUND('',#536,.T.);
#73=FACE_BOUND('',#549,.T.);
#74=FACE_BOUND('',#550,.T.);
#75=FACE_BOUND('',#554,.T.);
#76=FACE_BOUND('',#555,.T.);
#77=FACE_BOUND('',#562,.T.);
#78=FACE_BOUND('',#563,.T.);
#79=FACE_BOUND('',#564,.T.);
#80=FACE_BOUND('',#565,.T.);
#81=FACE_BOUND('',#566,.T.);
#82=FACE_BOUND('',#567,.T.);
#83=FACE_BOUND('',#568,.T.);
#84=FACE_BOUND('',#595,.T.);
#85=FACE_BOUND('',#596,.T.);
#86=FACE_BOUND('',#597,.T.);
#87=FACE_BOUND('',#618,.T.);
#88=FACE_BOUND('',#619,.T.);
#89=FACE_BOUND('',#620,.T.);
#90=FACE_BOUND('',#621,.T.);
#91=FACE_BOUND('',#622,.T.);
#92=FACE_BOUND('',#623,.T.);
#93=FACE_BOUND('',#627,.T.);
#94=FACE_BOUND('',#628,.T.);
#95=FACE_BOUND('',#640,.T.);
#96=FACE_BOUND('',#641,.T.);
#97=FACE_BOUND('',#642,.T.);
#98=FACE_BOUND('',#643,.T.);
#99=FACE_BOUND('',#649,.T.);
#100=FACE_BOUND('',#650,.T.);
#101=FACE_BOUND('',#651,.T.);
#102=FACE_BOUND('',#652,.T.);
#103=FACE_BOUND('',#661,.T.);
#104=FACE_BOUND('',#662,.T.);
#105=FACE_BOUND('',#663,.T.);
#106=FACE_BOUND('',#664,.T.);
#107=FACE_BOUND('',#665,.T.);
#108=FACE_BOUND('',#666,.T.);
#109=FACE_BOUND('',#667,.T.);
#110=FACE_BOUND('',#668,.T.);
#111=CIRCLE('',#2742,2.5);
#112=CIRCLE('',#2743,2.5);
#113=CIRCLE('',#2746,2.5);
#114=CIRCLE('',#2747,2.5);
#115=CIRCLE('',#2750,2.5);
#116=CIRCLE('',#2751,2.5);
#117=CIRCLE('',#2754,2.5);
#118=CIRCLE('',#2755,2.5);
#119=CIRCLE('',#2757,2.);
#120=CIRCLE('',#2758,2.);
#121=CIRCLE('',#2760,2.);
#122=CIRCLE('',#2761,2.);
#123=CIRCLE('',#2763,2.);
#124=CIRCLE('',#2764,2.);
#125=CIRCLE('',#2766,15.);
#126=CIRCLE('',#2767,15.);
#127=CIRCLE('',#2770,1.);
#128=CIRCLE('',#2772,1.);
#129=CIRCLE('',#2773,1.99999999999999);
#130=CIRCLE('',#2774,2.99999999999999);
#131=CIRCLE('',#2778,2.99999999999999);
#132=CIRCLE('',#2781,1.);
#133=CIRCLE('',#2783,0.999999999999999);
#134=CIRCLE('',#2784,2.);
#135=CIRCLE('',#2785,3.);
#136=CIRCLE('',#2789,3.);
#137=CIRCLE('',#2792,1.);
#138=CIRCLE('',#2794,1.);
#139=CIRCLE('',#2795,2.);
#140=CIRCLE('',#2796,3.);
#141=CIRCLE('',#2800,3.);
#142=CIRCLE('',#2803,1.);
#143=CIRCLE('',#2805,0.999999999999999);
#144=CIRCLE('',#2806,2.);
#145=CIRCLE('',#2807,3.);
#146=CIRCLE('',#2811,3.);
#147=CIRCLE('',#2814,1.45);
#148=CIRCLE('',#2815,1.45);
#149=CIRCLE('',#2818,1.45);
#150=CIRCLE('',#2819,1.45);
#151=CIRCLE('',#2822,1.45);
#152=CIRCLE('',#2823,1.45);
#153=CIRCLE('',#2826,1.45);
#154=CIRCLE('',#2827,1.45);
#155=CIRCLE('',#2830,43.);
#156=CIRCLE('',#2832,43.);
#157=CIRCLE('',#2833,43.);
#158=CIRCLE('',#2834,43.);
#159=CIRCLE('',#2835,43.);
#160=CIRCLE('',#2836,43.);
#161=CIRCLE('',#2838,43.);
#162=CIRCLE('',#2840,43.);
#163=CIRCLE('',#2842,43.);
#164=CIRCLE('',#2844,45.);
#165=CIRCLE('',#2845,2.);
#166=CIRCLE('',#2846,43.);
#167=CIRCLE('',#2848,45.);
#168=CIRCLE('',#2851,43.);
#169=CIRCLE('',#2855,15.);
#170=CIRCLE('',#2856,15.);
#171=CIRCLE('',#2859,2.5);
#172=CIRCLE('',#2860,2.5);
#173=CIRCLE('',#2863,2.5);
#174=CIRCLE('',#2864,2.5);
#175=CIRCLE('',#2867,2.5000000372529);
#176=CIRCLE('',#2868,2.5000000372529);
#177=CIRCLE('',#2871,2.5000000372529);
#178=CIRCLE('',#2872,2.5000000372529);
#179=CIRCLE('',#2874,1.4);
#180=CIRCLE('',#2875,2.);
#181=CIRCLE('',#2876,3.4);
#182=CIRCLE('',#2878,1.4);
#183=CIRCLE('',#2880,2.);
#184=CIRCLE('',#2881,3.5);
#185=CIRCLE('',#2882,3.5);
#186=CIRCLE('',#2884,1.4);
#187=CIRCLE('',#2885,1.4);
#188=CIRCLE('',#2887,2.);
#189=CIRCLE('',#2888,3.4);
#190=CIRCLE('',#2890,2.);
#191=CIRCLE('',#2891,3.5);
#192=CIRCLE('',#2892,3.5);
#193=CIRCLE('',#2894,1.5);
#194=CIRCLE('',#2896,1.5);
#195=CIRCLE('',#2898,1.5);
#196=CIRCLE('',#2900,1.5);
#197=CIRCLE('',#2902,2.);
#198=CIRCLE('',#2904,2.);
#199=CIRCLE('',#2906,23.);
#200=CIRCLE('',#2909,2.);
#201=CIRCLE('',#2911,2.);
#202=CIRCLE('',#2912,25.);
#203=CIRCLE('',#2915,1.45);
#204=CIRCLE('',#2916,1.45);
#205=CIRCLE('',#2919,1.45);
#206=CIRCLE('',#2920,1.45);
#207=CIRCLE('',#2923,1.45);
#208=CIRCLE('',#2924,1.45);
#209=CIRCLE('',#2927,1.45);
#210=CIRCLE('',#2928,1.45);
#211=CIRCLE('',#2931,1.45);
#212=CIRCLE('',#2932,1.45);
#213=CIRCLE('',#2935,24.);
#214=CIRCLE('',#2936,24.);
#215=CIRCLE('',#2940,3.);
#216=CIRCLE('',#2941,3.);
#217=CIRCLE('',#2946,2.99999989569189);
#218=CIRCLE('',#2947,2.99999989569189);
#219=CIRCLE('',#2954,3.00000019371511);
#220=CIRCLE('',#2955,3.00000019371511);
#221=CIRCLE('',#2960,3.00000041723252);
#222=CIRCLE('',#2961,3.00000041723252);
#223=CIRCLE('',#2965,24.);
#224=CIRCLE('',#2966,24.);
#225=CIRCLE('',#2969,3.00000004470367);
#226=CIRCLE('',#2970,3.00000004470367);
#227=CIRCLE('',#2975,25.);
#228=CIRCLE('',#2982,2.);
#229=CIRCLE('',#2983,2.);
#230=CIRCLE('',#2985,2.);
#231=CIRCLE('',#2987,25.);
#232=CIRCLE('',#2988,24.);
#233=CIRCLE('',#2989,25.);
#234=CIRCLE('',#2991,2.);
#235=CIRCLE('',#2993,1.5);
#236=CIRCLE('',#2994,1.5);
#237=CIRCLE('',#2996,1.5);
#238=CIRCLE('',#2997,1.5);
#239=CIRCLE('',#2999,1.5);
#240=CIRCLE('',#3000,1.5);
#241=CIRCLE('',#3002,1.5);
#242=CIRCLE('',#3003,1.5);
#243=CIRCLE('',#3005,1.5);
#244=CIRCLE('',#3006,1.5);
#245=CIRCLE('',#3008,2.);
#246=CIRCLE('',#3009,2.);
#247=CIRCLE('',#3011,2.);
#248=CIRCLE('',#3012,2.);
#249=CIRCLE('',#3014,2.);
#250=CIRCLE('',#3015,2.);
#251=CIRCLE('',#3017,24.);
#252=CIRCLE('',#3020,25.);
#253=CIRCLE('',#3028,25.);
#254=CYLINDRICAL_SURFACE('',#2741,2.5);
#255=CYLINDRICAL_SURFACE('',#2745,2.5);
#256=CYLINDRICAL_SURFACE('',#2749,2.5);
#257=CYLINDRICAL_SURFACE('',#2753,2.5);
#258=CYLINDRICAL_SURFACE('',#2756,2.);
#259=CYLINDRICAL_SURFACE('',#2759,2.);
#260=CYLINDRICAL_SURFACE('',#2762,2.);
#261=CYLINDRICAL_SURFACE('',#2765,15.);
#262=CYLINDRICAL_SURFACE('',#2769,1.);
#263=CYLINDRICAL_SURFACE('',#2775,1.);
#264=CYLINDRICAL_SURFACE('',#2777,2.99999999999999);
#265=CYLINDRICAL_SURFACE('',#2780,1.);
#266=CYLINDRICAL_SURFACE('',#2786,1.);
#267=CYLINDRICAL_SURFACE('',#2788,3.);
#268=CYLINDRICAL_SURFACE('',#2791,1.);
#269=CYLINDRICAL_SURFACE('',#2797,1.);
#270=CYLINDRICAL_SURFACE('',#2799,3.);
#271=CYLINDRICAL_SURFACE('',#2802,1.);
#272=CYLINDRICAL_SURFACE('',#2808,1.);
#273=CYLINDRICAL_SURFACE('',#2810,3.);
#274=CYLINDRICAL_SURFACE('',#2813,1.45);
#275=CYLINDRICAL_SURFACE('',#2817,1.45);
#276=CYLINDRICAL_SURFACE('',#2821,1.45);
#277=CYLINDRICAL_SURFACE('',#2825,1.45);
#278=CYLINDRICAL_SURFACE('',#2847,45.);
#279=CYLINDRICAL_SURFACE('',#2850,43.);
#280=CYLINDRICAL_SURFACE('',#2854,15.);
#281=CYLINDRICAL_SURFACE('',#2858,2.5);
#282=CYLINDRICAL_SURFACE('',#2862,2.5);
#283=CYLINDRICAL_SURFACE('',#2866,2.5000000372529);
#284=CYLINDRICAL_SURFACE('',#2870,2.5000000372529);
#285=CYLINDRICAL_SURFACE('',#2877,1.4);
#286=CYLINDRICAL_SURFACE('',#2883,1.4);
#287=CYLINDRICAL_SURFACE('',#2901,2.);
#288=CYLINDRICAL_SURFACE('',#2907,2.);
#289=CYLINDRICAL_SURFACE('',#2908,2.);
#290=CYLINDRICAL_SURFACE('',#2913,2.);
#291=CYLINDRICAL_SURFACE('',#2914,1.45);
#292=CYLINDRICAL_SURFACE('',#2918,1.45);
#293=CYLINDRICAL_SURFACE('',#2922,1.45);
#294=CYLINDRICAL_SURFACE('',#2926,1.45);
#295=CYLINDRICAL_SURFACE('',#2930,1.45);
#296=CYLINDRICAL_SURFACE('',#2934,24.);
#297=CYLINDRICAL_SURFACE('',#2939,3.);
#298=CYLINDRICAL_SURFACE('',#2945,2.99999989569189);
#299=CYLINDRICAL_SURFACE('',#2953,3.00000019371511);
#300=CYLINDRICAL_SURFACE('',#2959,3.00000041723252);
#301=CYLINDRICAL_SURFACE('',#2964,24.);
#302=CYLINDRICAL_SURFACE('',#2968,3.00000004470367);
#303=CYLINDRICAL_SURFACE('',#2974,25.);
#304=CYLINDRICAL_SURFACE('',#2981,2.);
#305=CYLINDRICAL_SURFACE('',#2990,2.);
#306=CYLINDRICAL_SURFACE('',#2992,1.5);
#307=CYLINDRICAL_SURFACE('',#2995,1.5);
#308=CYLINDRICAL_SURFACE('',#2998,1.5);
#309=CYLINDRICAL_SURFACE('',#3001,1.5);
#310=CYLINDRICAL_SURFACE('',#3004,1.5);
#311=CYLINDRICAL_SURFACE('',#3007,2.);
#312=CYLINDRICAL_SURFACE('',#3010,2.);
#313=CYLINDRICAL_SURFACE('',#3013,2.);
#314=CYLINDRICAL_SURFACE('',#3016,24.);
#315=CYLINDRICAL_SURFACE('',#3019,25.);
#316=CYLINDRICAL_SURFACE('',#3027,25.);
#317=FACE_OUTER_BOUND('',#466,.T.);
#318=FACE_OUTER_BOUND('',#467,.T.);
#319=FACE_OUTER_BOUND('',#468,.T.);
#320=FACE_OUTER_BOUND('',#469,.T.);
#321=FACE_OUTER_BOUND('',#470,.T.);
#322=FACE_OUTER_BOUND('',#471,.T.);
#323=FACE_OUTER_BOUND('',#472,.T.);
#324=FACE_OUTER_BOUND('',#473,.T.);
#325=FACE_OUTER_BOUND('',#474,.T.);
#326=FACE_OUTER_BOUND('',#475,.T.);
#327=FACE_OUTER_BOUND('',#476,.T.);
#328=FACE_OUTER_BOUND('',#477,.T.);
#329=FACE_OUTER_BOUND('',#478,.T.);
#330=FACE_OUTER_BOUND('',#482,.T.);
#331=FACE_OUTER_BOUND('',#483,.T.);
#332=FACE_OUTER_BOUND('',#484,.T.);
#333=FACE_OUTER_BOUND('',#485,.T.);
#334=FACE_OUTER_BOUND('',#486,.T.);
#335=FACE_OUTER_BOUND('',#487,.T.);
#336=FACE_OUTER_BOUND('',#488,.T.);
#337=FACE_OUTER_BOUND('',#489,.T.);
#338=FACE_OUTER_BOUND('',#490,.T.);
#339=FACE_OUTER_BOUND('',#491,.T.);
#340=FACE_OUTER_BOUND('',#492,.T.);
#341=FACE_OUTER_BOUND('',#493,.T.);
#342=FACE_OUTER_BOUND('',#494,.T.);
#343=FACE_OUTER_BOUND('',#495,.T.);
#344=FACE_OUTER_BOUND('',#496,.T.);
#345=FACE_OUTER_BOUND('',#497,.T.);
#346=FACE_OUTER_BOUND('',#498,.T.);
#347=FACE_OUTER_BOUND('',#499,.T.);
#348=FACE_OUTER_BOUND('',#500,.T.);
#349=FACE_OUTER_BOUND('',#501,.T.);
#350=FACE_OUTER_BOUND('',#502,.T.);
#351=FACE_OUTER_BOUND('',#503,.T.);
#352=FACE_OUTER_BOUND('',#504,.T.);
#353=FACE_OUTER_BOUND('',#505,.T.);
#354=FACE_OUTER_BOUND('',#506,.T.);
#355=FACE_OUTER_BOUND('',#507,.T.);
#356=FACE_OUTER_BOUND('',#508,.T.);
#357=FACE_OUTER_BOUND('',#509,.T.);
#358=FACE_OUTER_BOUND('',#510,.T.);
#359=FACE_OUTER_BOUND('',#511,.T.);
#360=FACE_OUTER_BOUND('',#512,.T.);
#361=FACE_OUTER_BOUND('',#513,.T.);
#362=FACE_OUTER_BOUND('',#514,.T.);
#363=FACE_OUTER_BOUND('',#515,.T.);
#364=FACE_OUTER_BOUND('',#519,.T.);
#365=FACE_OUTER_BOUND('',#520,.T.);
#366=FACE_OUTER_BOUND('',#521,.T.);
#367=FACE_OUTER_BOUND('',#522,.T.);
#368=FACE_OUTER_BOUND('',#523,.T.);
#369=FACE_OUTER_BOUND('',#524,.T.);
#370=FACE_OUTER_BOUND('',#534,.T.);
#371=FACE_OUTER_BOUND('',#535,.T.);
#372=FACE_OUTER_BOUND('',#537,.T.);
#373=FACE_OUTER_BOUND('',#538,.T.);
#374=FACE_OUTER_BOUND('',#539,.T.);
#375=FACE_OUTER_BOUND('',#540,.T.);
#376=FACE_OUTER_BOUND('',#541,.T.);
#377=FACE_OUTER_BOUND('',#542,.T.);
#378=FACE_OUTER_BOUND('',#543,.T.);
#379=FACE_OUTER_BOUND('',#544,.T.);
#380=FACE_OUTER_BOUND('',#545,.T.);
#381=FACE_OUTER_BOUND('',#546,.T.);
#382=FACE_OUTER_BOUND('',#547,.T.);
#383=FACE_OUTER_BOUND('',#548,.T.);
#384=FACE_OUTER_BOUND('',#551,.T.);
#385=FACE_OUTER_BOUND('',#552,.T.);
#386=FACE_OUTER_BOUND('',#553,.T.);
#387=FACE_OUTER_BOUND('',#556,.T.);
#388=FACE_OUTER_BOUND('',#557,.T.);
#389=FACE_OUTER_BOUND('',#558,.T.);
#390=FACE_OUTER_BOUND('',#559,.T.);
#391=FACE_OUTER_BOUND('',#560,.T.);
#392=FACE_OUTER_BOUND('',#561,.T.);
#393=FACE_OUTER_BOUND('',#569,.T.);
#394=FACE_OUTER_BOUND('',#570,.T.);
#395=FACE_OUTER_BOUND('',#571,.T.);
#396=FACE_OUTER_BOUND('',#572,.T.);
#397=FACE_OUTER_BOUND('',#573,.T.);
#398=FACE_OUTER_BOUND('',#574,.T.);
#399=FACE_OUTER_BOUND('',#575,.T.);
#400=FACE_OUTER_BOUND('',#576,.T.);
#401=FACE_OUTER_BOUND('',#577,.T.);
#402=FACE_OUTER_BOUND('',#578,.T.);
#403=FACE_OUTER_BOUND('',#579,.T.);
#404=FACE_OUTER_BOUND('',#580,.T.);
#405=FACE_OUTER_BOUND('',#581,.T.);
#406=FACE_OUTER_BOUND('',#582,.T.);
#407=FACE_OUTER_BOUND('',#583,.T.);
#408=FACE_OUTER_BOUND('',#584,.T.);
#409=FACE_OUTER_BOUND('',#585,.T.);
#410=FACE_OUTER_BOUND('',#586,.T.);
#411=FACE_OUTER_BOUND('',#587,.T.);
#412=FACE_OUTER_BOUND('',#588,.T.);
#413=FACE_OUTER_BOUND('',#589,.T.);
#414=FACE_OUTER_BOUND('',#590,.T.);
#415=FACE_OUTER_BOUND('',#591,.T.);
#416=FACE_OUTER_BOUND('',#592,.T.);
#417=FACE_OUTER_BOUND('',#593,.T.);
#418=FACE_OUTER_BOUND('',#594,.T.);
#419=FACE_OUTER_BOUND('',#598,.T.);
#420=FACE_OUTER_BOUND('',#599,.T.);
#421=FACE_OUTER_BOUND('',#600,.T.);
#422=FACE_OUTER_BOUND('',#601,.T.);
#423=FACE_OUTER_BOUND('',#602,.T.);
#424=FACE_OUTER_BOUND('',#603,.T.);
#425=FACE_OUTER_BOUND('',#604,.T.);
#426=FACE_OUTER_BOUND('',#605,.T.);
#427=FACE_OUTER_BOUND('',#606,.T.);
#428=FACE_OUTER_BOUND('',#607,.T.);
#429=FACE_OUTER_BOUND('',#608,.T.);
#430=FACE_OUTER_BOUND('',#609,.T.);
#431=FACE_OUTER_BOUND('',#610,.T.);
#432=FACE_OUTER_BOUND('',#611,.T.);
#433=FACE_OUTER_BOUND('',#612,.T.);
#434=FACE_OUTER_BOUND('',#613,.T.);
#435=FACE_OUTER_BOUND('',#614,.T.);
#436=FACE_OUTER_BOUND('',#615,.T.);
#437=FACE_OUTER_BOUND('',#616,.T.);
#438=FACE_OUTER_BOUND('',#617,.T.);
#439=FACE_OUTER_BOUND('',#624,.T.);
#440=FACE_OUTER_BOUND('',#625,.T.);
#441=FACE_OUTER_BOUND('',#626,.T.);
#442=FACE_OUTER_BOUND('',#629,.T.);
#443=FACE_OUTER_BOUND('',#630,.T.);
#444=FACE_OUTER_BOUND('',#631,.T.);
#445=FACE_OUTER_BOUND('',#632,.T.);
#446=FACE_OUTER_BOUND('',#633,.T.);
#447=FACE_OUTER_BOUND('',#634,.T.);
#448=FACE_OUTER_BOUND('',#635,.T.);
#449=FACE_OUTER_BOUND('',#636,.T.);
#450=FACE_OUTER_BOUND('',#637,.T.);
#451=FACE_OUTER_BOUND('',#638,.T.);
#452=FACE_OUTER_BOUND('',#639,.T.);
#453=FACE_OUTER_BOUND('',#644,.T.);
#454=FACE_OUTER_BOUND('',#645,.T.);
#455=FACE_OUTER_BOUND('',#646,.T.);
#456=FACE_OUTER_BOUND('',#647,.T.);
#457=FACE_OUTER_BOUND('',#648,.T.);
#458=FACE_OUTER_BOUND('',#653,.T.);
#459=FACE_OUTER_BOUND('',#654,.T.);
#460=FACE_OUTER_BOUND('',#655,.T.);
#461=FACE_OUTER_BOUND('',#656,.T.);
#462=FACE_OUTER_BOUND('',#657,.T.);
#463=FACE_OUTER_BOUND('',#658,.T.);
#464=FACE_OUTER_BOUND('',#659,.T.);
#465=FACE_OUTER_BOUND('',#660,.T.);
#466=EDGE_LOOP('',(#1730,#1731,#1732,#1733));
#467=EDGE_LOOP('',(#1734,#1735,#1736,#1737));
#468=EDGE_LOOP('',(#1738,#1739,#1740,#1741));
#469=EDGE_LOOP('',(#1742,#1743,#1744,#1745));
#470=EDGE_LOOP('',(#1746,#1747,#1748,#1749));
#471=EDGE_LOOP('',(#1750,#1751,#1752,#1753));
#472=EDGE_LOOP('',(#1754,#1755,#1756,#1757));
#473=EDGE_LOOP('',(#1758,#1759,#1760,#1761));
#474=EDGE_LOOP('',(#1762,#1763,#1764,#1765));
#475=EDGE_LOOP('',(#1766,#1767,#1768,#1769));
#476=EDGE_LOOP('',(#1770,#1771,#1772,#1773));
#477=EDGE_LOOP('',(#1774,#1775,#1776,#1777));
#478=EDGE_LOOP('',(#1778));
#479=EDGE_LOOP('',(#1779));
#480=EDGE_LOOP('',(#1780));
#481=EDGE_LOOP('',(#1781));
#482=EDGE_LOOP('',(#1782,#1783,#1784,#1785));
#483=EDGE_LOOP('',(#1786,#1787,#1788,#1789));
#484=EDGE_LOOP('',(#1790,#1791,#1792,#1793));
#485=EDGE_LOOP('',(#1794,#1795,#1796,#1797));
#486=EDGE_LOOP('',(#1798,#1799,#1800,#1801));
#487=EDGE_LOOP('',(#1802,#1803,#1804,#1805));
#488=EDGE_LOOP('',(#1806,#1807,#1808,#1809));
#489=EDGE_LOOP('',(#1810,#1811,#1812,#1813));
#490=EDGE_LOOP('',(#1814,#1815,#1816,#1817));
#491=EDGE_LOOP('',(#1818,#1819,#1820,#1821));
#492=EDGE_LOOP('',(#1822,#1823,#1824,#1825));
#493=EDGE_LOOP('',(#1826,#1827,#1828,#1829));
#494=EDGE_LOOP('',(#1830,#1831,#1832,#1833));
#495=EDGE_LOOP('',(#1834,#1835,#1836,#1837));
#496=EDGE_LOOP('',(#1838,#1839,#1840,#1841));
#497=EDGE_LOOP('',(#1842,#1843,#1844,#1845));
#498=EDGE_LOOP('',(#1846,#1847,#1848,#1849));
#499=EDGE_LOOP('',(#1850,#1851,#1852,#1853));
#500=EDGE_LOOP('',(#1854,#1855,#1856,#1857));
#501=EDGE_LOOP('',(#1858,#1859,#1860,#1861));
#502=EDGE_LOOP('',(#1862,#1863,#1864,#1865));
#503=EDGE_LOOP('',(#1866,#1867,#1868,#1869));
#504=EDGE_LOOP('',(#1870,#1871,#1872,#1873));
#505=EDGE_LOOP('',(#1874,#1875,#1876,#1877));
#506=EDGE_LOOP('',(#1878,#1879,#1880,#1881));
#507=EDGE_LOOP('',(#1882));
#508=EDGE_LOOP('',(#1883,#1884,#1885,#1886));
#509=EDGE_LOOP('',(#1887));
#510=EDGE_LOOP('',(#1888,#1889,#1890,#1891));
#511=EDGE_LOOP('',(#1892));
#512=EDGE_LOOP('',(#1893,#1894,#1895,#1896));
#513=EDGE_LOOP('',(#1897));
#514=EDGE_LOOP('',(#1898,#1899,#1900,#1901));
#515=EDGE_LOOP('',(#1902,#1903,#1904,#1905,#1906,#1907,#1908,#1909,#1910,
#1911,#1912,#1913,#1914,#1915,#1916,#1917,#1918));
#516=EDGE_LOOP('',(#1919,#1920,#1921,#1922));
#517=EDGE_LOOP('',(#1923,#1924,#1925,#1926));
#518=EDGE_LOOP('',(#1927));
#519=EDGE_LOOP('',(#1928,#1929,#1930,#1931));
#520=EDGE_LOOP('',(#1932,#1933,#1934,#1935));
#521=EDGE_LOOP('',(#1936,#1937,#1938,#1939));
#522=EDGE_LOOP('',(#1940,#1941,#1942,#1943));
#523=EDGE_LOOP('',(#1944,#1945,#1946,#1947));
#524=EDGE_LOOP('',(#1948));
#525=EDGE_LOOP('',(#1949,#1950,#1951,#1952));
#526=EDGE_LOOP('',(#1953,#1954,#1955,#1956));
#527=EDGE_LOOP('',(#1957));
#528=EDGE_LOOP('',(#1958));
#529=EDGE_LOOP('',(#1959));
#530=EDGE_LOOP('',(#1960));
#531=EDGE_LOOP('',(#1961));
#532=EDGE_LOOP('',(#1962));
#533=EDGE_LOOP('',(#1963));
#534=EDGE_LOOP('',(#1964,#1965,#1966,#1967,#1968,#1969,#1970,#1971,#1972,
#1973,#1974,#1975,#1976,#1977,#1978,#1979,#1980,#1981,#1982,#1983,#1984,
#1985,#1986,#1987,#1988,#1989,#1990,#1991));
#535=EDGE_LOOP('',(#1992));
#536=EDGE_LOOP('',(#1993));
#537=EDGE_LOOP('',(#1994,#1995,#1996,#1997));
#538=EDGE_LOOP('',(#1998,#1999,#2000,#2001));
#539=EDGE_LOOP('',(#2002,#2003,#2004,#2005));
#540=EDGE_LOOP('',(#2006,#2007,#2008,#2009));
#541=EDGE_LOOP('',(#2010,#2011,#2012,#2013));
#542=EDGE_LOOP('',(#2014,#2015,#2016,#2017));
#543=EDGE_LOOP('',(#2018,#2019,#2020,#2021));
#544=EDGE_LOOP('',(#2022,#2023,#2024,#2025));
#545=EDGE_LOOP('',(#2026,#2027,#2028,#2029));
#546=EDGE_LOOP('',(#2030,#2031,#2032,#2033));
#547=EDGE_LOOP('',(#2034,#2035,#2036,#2037));
#548=EDGE_LOOP('',(#2038,#2039,#2040,#2041,#2042,#2043));
#549=EDGE_LOOP('',(#2044));
#550=EDGE_LOOP('',(#2045));
#551=EDGE_LOOP('',(#2046,#2047,#2048,#2049));
#552=EDGE_LOOP('',(#2050,#2051,#2052,#2053));
#553=EDGE_LOOP('',(#2054,#2055,#2056,#2057,#2058,#2059));
#554=EDGE_LOOP('',(#2060));
#555=EDGE_LOOP('',(#2061));
#556=EDGE_LOOP('',(#2062,#2063,#2064,#2065));
#557=EDGE_LOOP('',(#2066,#2067,#2068,#2069));
#558=EDGE_LOOP('',(#2070,#2071,#2072,#2073));
#559=EDGE_LOOP('',(#2074,#2075,#2076,#2077));
#560=EDGE_LOOP('',(#2078,#2079,#2080,#2081));
#561=EDGE_LOOP('',(#2082,#2083,#2084,#2085,#2086,#2087));
#562=EDGE_LOOP('',(#2088));
#563=EDGE_LOOP('',(#2089,#2090,#2091,#2092));
#564=EDGE_LOOP('',(#2093,#2094,#2095,#2096));
#565=EDGE_LOOP('',(#2097));
#566=EDGE_LOOP('',(#2098));
#567=EDGE_LOOP('',(#2099));
#568=EDGE_LOOP('',(#2100));
#569=EDGE_LOOP('',(#2101,#2102,#2103,#2104,#2105,#2106,#2107,#2108,#2109,
#2110));
#570=EDGE_LOOP('',(#2111,#2112,#2113,#2114));
#571=EDGE_LOOP('',(#2115,#2116,#2117,#2118));
#572=EDGE_LOOP('',(#2119,#2120,#2121,#2122));
#573=EDGE_LOOP('',(#2123,#2124,#2125,#2126));
#574=EDGE_LOOP('',(#2127,#2128,#2129,#2130));
#575=EDGE_LOOP('',(#2131));
#576=EDGE_LOOP('',(#2132,#2133,#2134,#2135));
#577=EDGE_LOOP('',(#2136));
#578=EDGE_LOOP('',(#2137,#2138,#2139,#2140));
#579=EDGE_LOOP('',(#2141));
#580=EDGE_LOOP('',(#2142,#2143,#2144,#2145));
#581=EDGE_LOOP('',(#2146));
#582=EDGE_LOOP('',(#2147,#2148,#2149,#2150));
#583=EDGE_LOOP('',(#2151));
#584=EDGE_LOOP('',(#2152,#2153,#2154,#2155));
#585=EDGE_LOOP('',(#2156,#2157,#2158,#2159));
#586=EDGE_LOOP('',(#2160,#2161,#2162,#2163));
#587=EDGE_LOOP('',(#2164,#2165,#2166,#2167));
#588=EDGE_LOOP('',(#2168,#2169,#2170,#2171));
#589=EDGE_LOOP('',(#2172,#2173,#2174,#2175));
#590=EDGE_LOOP('',(#2176,#2177,#2178,#2179));
#591=EDGE_LOOP('',(#2180,#2181,#2182,#2183));
#592=EDGE_LOOP('',(#2184,#2185,#2186,#2187));
#593=EDGE_LOOP('',(#2188,#2189,#2190,#2191));
#594=EDGE_LOOP('',(#2192,#2193,#2194,#2195));
#595=EDGE_LOOP('',(#2196));
#596=EDGE_LOOP('',(#2197,#2198,#2199,#2200));
#597=EDGE_LOOP('',(#2201,#2202,#2203,#2204));
#598=EDGE_LOOP('',(#2205,#2206,#2207,#2208));
#599=EDGE_LOOP('',(#2209,#2210,#2211,#2212));
#600=EDGE_LOOP('',(#2213,#2214,#2215,#2216));
#601=EDGE_LOOP('',(#2217,#2218,#2219,#2220));
#602=EDGE_LOOP('',(#2221,#2222,#2223,#2224));
#603=EDGE_LOOP('',(#2225,#2226,#2227,#2228));
#604=EDGE_LOOP('',(#2229,#2230,#2231,#2232));
#605=EDGE_LOOP('',(#2233,#2234,#2235,#2236));
#606=EDGE_LOOP('',(#2237,#2238,#2239,#2240));
#607=EDGE_LOOP('',(#2241,#2242,#2243,#2244));
#608=EDGE_LOOP('',(#2245,#2246,#2247,#2248));
#609=EDGE_LOOP('',(#2249,#2250,#2251,#2252));
#610=EDGE_LOOP('',(#2253,#2254,#2255,#2256));
#611=EDGE_LOOP('',(#2257,#2258,#2259,#2260,#2261,#2262,#2263,#2264,#2265,
#2266,#2267,#2268,#2269,#2270,#2271,#2272,#2273,#2274,#2275,#2276,#2277,
#2278,#2279,#2280));
#612=EDGE_LOOP('',(#2281,#2282,#2283,#2284));
#613=EDGE_LOOP('',(#2285,#2286,#2287,#2288));
#614=EDGE_LOOP('',(#2289,#2290,#2291,#2292));
#615=EDGE_LOOP('',(#2293,#2294,#2295,#2296));
#616=EDGE_LOOP('',(#2297,#2298,#2299,#2300));
#617=EDGE_LOOP('',(#2301,#2302,#2303,#2304,#2305,#2306,#2307,#2308,#2309,
#2310));
#618=EDGE_LOOP('',(#2311));
#619=EDGE_LOOP('',(#2312));
#620=EDGE_LOOP('',(#2313));
#621=EDGE_LOOP('',(#2314));
#622=EDGE_LOOP('',(#2315));
#623=EDGE_LOOP('',(#2316,#2317,#2318,#2319,#2320,#2321,#2322,#2323,#2324,
#2325,#2326,#2327,#2328,#2329,#2330,#2331,#2332,#2333,#2334,#2335,#2336,
#2337,#2338,#2339));
#624=EDGE_LOOP('',(#2340,#2341,#2342,#2343));
#625=EDGE_LOOP('',(#2344,#2345,#2346,#2347,#2348,#2349));
#626=EDGE_LOOP('',(#2350,#2351,#2352,#2353,#2354,#2355,#2356,#2357));
#627=EDGE_LOOP('',(#2358));
#628=EDGE_LOOP('',(#2359,#2360,#2361,#2362));
#629=EDGE_LOOP('',(#2363,#2364,#2365,#2366));
#630=EDGE_LOOP('',(#2367,#2368,#2369,#2370));
#631=EDGE_LOOP('',(#2371,#2372,#2373,#2374));
#632=EDGE_LOOP('',(#2375,#2376,#2377,#2378));
#633=EDGE_LOOP('',(#2379,#2380,#2381,#2382));
#634=EDGE_LOOP('',(#2383,#2384,#2385,#2386));
#635=EDGE_LOOP('',(#2387,#2388,#2389,#2390));
#636=EDGE_LOOP('',(#2391,#2392,#2393,#2394));
#637=EDGE_LOOP('',(#2395,#2396,#2397,#2398));
#638=EDGE_LOOP('',(#2399,#2400,#2401,#2402));
#639=EDGE_LOOP('',(#2403));
#640=EDGE_LOOP('',(#2404));
#641=EDGE_LOOP('',(#2405));
#642=EDGE_LOOP('',(#2406));
#643=EDGE_LOOP('',(#2407));
#644=EDGE_LOOP('',(#2408,#2409,#2410,#2411));
#645=EDGE_LOOP('',(#2412,#2413,#2414,#2415));
#646=EDGE_LOOP('',(#2416,#2417,#2418,#2419));
#647=EDGE_LOOP('',(#2420,#2421,#2422,#2423));
#648=EDGE_LOOP('',(#2424,#2425,#2426,#2427));
#649=EDGE_LOOP('',(#2428));
#650=EDGE_LOOP('',(#2429));
#651=EDGE_LOOP('',(#2430));
#652=EDGE_LOOP('',(#2431));
#653=EDGE_LOOP('',(#2432,#2433,#2434,#2435,#2436));
#654=EDGE_LOOP('',(#2437,#2438,#2439,#2440));
#655=EDGE_LOOP('',(#2441,#2442,#2443,#2444));
#656=EDGE_LOOP('',(#2445,#2446,#2447,#2448));
#657=EDGE_LOOP('',(#2449,#2450,#2451,#2452,#2453));
#658=EDGE_LOOP('',(#2454,#2455,#2456,#2457));
#659=EDGE_LOOP('',(#2458,#2459,#2460,#2461));
#660=EDGE_LOOP('',(#2462,#2463,#2464,#2465,#2466,#2467,#2468,#2469));
#661=EDGE_LOOP('',(#2470));
#662=EDGE_LOOP('',(#2471));
#663=EDGE_LOOP('',(#2472));
#664=EDGE_LOOP('',(#2473));
#665=EDGE_LOOP('',(#2474));
#666=EDGE_LOOP('',(#2475));
#667=EDGE_LOOP('',(#2476));
#668=EDGE_LOOP('',(#2477));
#669=LINE('',#3861,#890);
#670=LINE('',#3863,#891);
#671=LINE('',#3865,#892);
#672=LINE('',#3866,#893);
#673=LINE('',#3871,#894);
#674=LINE('',#3875,#895);
#675=LINE('',#3877,#896);
#676=LINE('',#3878,#897);
#677=LINE('',#3885,#898);
#678=LINE('',#3887,#899);
#679=LINE('',#3889,#900);
#680=LINE('',#3890,#901);
#681=LINE('',#3895,#902);
#682=LINE('',#3899,#903);
#683=LINE('',#3901,#904);
#684=LINE('',#3902,#905);
#685=LINE('',#3910,#906);
#686=LINE('',#3916,#907);
#687=LINE('',#3922,#908);
#688=LINE('',#3928,#909);
#689=LINE('',#3936,#910);
#690=LINE('',#3948,#911);
#691=LINE('',#3968,#912);
#692=LINE('',#3969,#913);
#693=LINE('',#3972,#914);
#694=LINE('',#3974,#915);
#695=LINE('',#3975,#916);
#696=LINE('',#3978,#917);
#697=LINE('',#3982,#918);
#698=LINE('',#3983,#919);
#699=LINE('',#3989,#920);
#700=LINE('',#4001,#921);
#701=LINE('',#4021,#922);
#702=LINE('',#4022,#923);
#703=LINE('',#4025,#924);
#704=LINE('',#4027,#925);
#705=LINE('',#4028,#926);
#706=LINE('',#4031,#927);
#707=LINE('',#4035,#928);
#708=LINE('',#4036,#929);
#709=LINE('',#4042,#930);
#710=LINE('',#4054,#931);
#711=LINE('',#4074,#932);
#712=LINE('',#4075,#933);
#713=LINE('',#4078,#934);
#714=LINE('',#4080,#935);
#715=LINE('',#4081,#936);
#716=LINE('',#4084,#937);
#717=LINE('',#4088,#938);
#718=LINE('',#4089,#939);
#719=LINE('',#4095,#940);
#720=LINE('',#4107,#941);
#721=LINE('',#4127,#942);
#722=LINE('',#4128,#943);
#723=LINE('',#4131,#944);
#724=LINE('',#4133,#945);
#725=LINE('',#4134,#946);
#726=LINE('',#4137,#947);
#727=LINE('',#4141,#948);
#728=LINE('',#4142,#949);
#729=LINE('',#4147,#950);
#730=LINE('',#4154,#951);
#731=LINE('',#4161,#952);
#732=LINE('',#4168,#953);
#733=LINE('',#4195,#954);
#734=LINE('',#4200,#955);
#735=LINE('',#4207,#956);
#736=LINE('',#4212,#957);
#737=LINE('',#4214,#958);
#738=LINE('',#4216,#959);
#739=LINE('',#4217,#960);
#740=LINE('',#4222,#961);
#741=LINE('',#4226,#962);
#742=LINE('',#4228,#963);
#743=LINE('',#4229,#964);
#744=LINE('',#4236,#965);
#745=LINE('',#4238,#966);
#746=LINE('',#4240,#967);
#747=LINE('',#4241,#968);
#748=LINE('',#4246,#969);
#749=LINE('',#4250,#970);
#750=LINE('',#4252,#971);
#751=LINE('',#4253,#972);
#752=LINE('',#4275,#973);
#753=LINE('',#4276,#974);
#754=LINE('',#4279,#975);
#755=LINE('',#4283,#976);
#756=LINE('',#4284,#977);
#757=LINE('',#4294,#978);
#758=LINE('',#4297,#979);
#759=LINE('',#4311,#980);
#760=LINE('',#4313,#981);
#761=LINE('',#4316,#982);
#762=LINE('',#4323,#983);
#763=LINE('',#4327,#984);
#764=LINE('',#4331,#985);
#765=LINE('',#4335,#986);
#766=LINE('',#4339,#987);
#767=LINE('',#4342,#988);
#768=LINE('',#4345,#989);
#769=LINE('',#4349,#990);
#770=LINE('',#4351,#991);
#771=LINE('',#4352,#992);
#772=LINE('',#4355,#993);
#773=LINE('',#4358,#994);
#774=LINE('',#4359,#995);
#775=LINE('',#4361,#996);
#776=LINE('',#4365,#997);
#777=LINE('',#4371,#998);
#778=LINE('',#4376,#999);
#779=LINE('',#4383,#1000);
#780=LINE('',#4390,#1001);
#781=LINE('',#4397,#1002);
#782=LINE('',#4404,#1003);
#783=LINE('',#4412,#1004);
#784=LINE('',#4415,#1005);
#785=LINE('',#4418,#1006);
#786=LINE('',#4420,#1007);
#787=LINE('',#4421,#1008);
#788=LINE('',#4424,#1009);
#789=LINE('',#4426,#1010);
#790=LINE('',#4427,#1011);
#791=LINE('',#4432,#1012);
#792=LINE('',#4436,#1013);
#793=LINE('',#4438,#1014);
#794=LINE('',#4439,#1015);
#795=LINE('',#4442,#1016);
#796=LINE('',#4444,#1017);
#797=LINE('',#4445,#1018);
#798=LINE('',#4448,#1019);
#799=LINE('',#4450,#1020);
#800=LINE('',#4451,#1021);
#801=LINE('',#4456,#1022);
#802=LINE('',#4460,#1023);
#803=LINE('',#4462,#1024);
#804=LINE('',#4463,#1025);
#805=LINE('',#4466,#1026);
#806=LINE('',#4468,#1027);
#807=LINE('',#4469,#1028);
#808=LINE('',#4472,#1029);
#809=LINE('',#4474,#1030);
#810=LINE('',#4475,#1031);
#811=LINE('',#4478,#1032);
#812=LINE('',#4480,#1033);
#813=LINE('',#4481,#1034);
#814=LINE('',#4484,#1035);
#815=LINE('',#4486,#1036);
#816=LINE('',#4487,#1037);
#817=LINE('',#4492,#1038);
#818=LINE('',#4496,#1039);
#819=LINE('',#4498,#1040);
#820=LINE('',#4499,#1041);
#821=LINE('',#4502,#1042);
#822=LINE('',#4504,#1043);
#823=LINE('',#4505,#1044);
#824=LINE('',#4508,#1045);
#825=LINE('',#4510,#1046);
#826=LINE('',#4511,#1047);
#827=LINE('',#4516,#1048);
#828=LINE('',#4520,#1049);
#829=LINE('',#4522,#1050);
#830=LINE('',#4523,#1051);
#831=LINE('',#4526,#1052);
#832=LINE('',#4528,#1053);
#833=LINE('',#4529,#1054);
#834=LINE('',#4534,#1055);
#835=LINE('',#4538,#1056);
#836=LINE('',#4540,#1057);
#837=LINE('',#4541,#1058);
#838=LINE('',#4546,#1059);
#839=LINE('',#4549,#1060);
#840=LINE('',#4550,#1061);
#841=LINE('',#4554,#1062);
#842=LINE('',#4555,#1063);
#843=LINE('',#4559,#1064);
#844=LINE('',#4561,#1065);
#845=LINE('',#4563,#1066);
#846=LINE('',#4565,#1067);
#847=LINE('',#4573,#1068);
#848=LINE('',#4576,#1069);
#849=LINE('',#4579,#1070);
#850=LINE('',#4583,#1071);
#851=LINE('',#4585,#1072);
#852=LINE('',#4586,#1073);
#853=LINE('',#4589,#1074);
#854=LINE('',#4591,#1075);
#855=LINE('',#4595,#1076);
#856=LINE('',#4597,#1077);
#857=LINE('',#4598,#1078);
#858=LINE('',#4605,#1079);
#859=LINE('',#4607,#1080);
#860=LINE('',#4608,#1081);
#861=LINE('',#4612,#1082);
#862=LINE('',#4617,#1083);
#863=LINE('',#4623,#1084);
#864=LINE('',#4629,#1085);
#865=LINE('',#4635,#1086);
#866=LINE('',#4641,#1087);
#867=LINE('',#4647,#1088);
#868=LINE('',#4653,#1089);
#869=LINE('',#4659,#1090);
#870=LINE('',#4663,#1091);
#871=LINE('',#4668,#1092);
#872=LINE('',#4671,#1093);
#873=LINE('',#4674,#1094);
#874=LINE('',#4675,#1095);
#875=LINE('',#4678,#1096);
#876=LINE('',#4679,#1097);
#877=LINE('',#4681,#1098);
#878=LINE('',#4685,#1099);
#879=LINE('',#4687,#1100);
#880=LINE('',#4688,#1101);
#881=LINE('',#4691,#1102);
#882=LINE('',#4692,#1103);
#883=LINE('',#4696,#1104);
#884=LINE('',#4699,#1105);
#885=LINE('',#4700,#1106);
#886=LINE('',#4703,#1107);
#887=LINE('',#4704,#1108);
#888=LINE('',#4706,#1109);
#889=LINE('',#4708,#1110);
#890=VECTOR('',#3043,10.);
#891=VECTOR('',#3044,10.);
#892=VECTOR('',#3045,10.);
#893=VECTOR('',#3046,10.);
#894=VECTOR('',#3051,10.);
#895=VECTOR('',#3056,10.);
#896=VECTOR('',#3057,10.);
#897=VECTOR('',#3058,10.);
#898=VECTOR('',#3067,10.);
#899=VECTOR('',#3068,10.);
#900=VECTOR('',#3069,10.);
#901=VECTOR('',#3070,10.);
#902=VECTOR('',#3075,10.);
#903=VECTOR('',#3080,10.);
#904=VECTOR('',#3081,10.);
#905=VECTOR('',#3082,10.);
#906=VECTOR('',#3093,2.);
#907=VECTOR('',#3100,2.);
#908=VECTOR('',#3107,2.);
#909=VECTOR('',#3114,15.);
#910=VECTOR('',#3123,10.);
#911=VECTOR('',#3124,10.);
#912=VECTOR('',#3135,10.);
#913=VECTOR('',#3136,10.);
#914=VECTOR('',#3139,10.);
#915=VECTOR('',#3140,10.);
#916=VECTOR('',#3141,10.);
#917=VECTOR('',#3144,10.);
#918=VECTOR('',#3149,10.);
#919=VECTOR('',#3150,10.);
#920=VECTOR('',#3155,10.);
#921=VECTOR('',#3156,10.);
#922=VECTOR('',#3167,10.);
#923=VECTOR('',#3168,10.);
#924=VECTOR('',#3171,10.);
#925=VECTOR('',#3172,10.);
#926=VECTOR('',#3173,10.);
#927=VECTOR('',#3176,10.);
#928=VECTOR('',#3181,10.);
#929=VECTOR('',#3182,10.);
#930=VECTOR('',#3187,10.);
#931=VECTOR('',#3188,10.);
#932=VECTOR('',#3199,10.);
#933=VECTOR('',#3200,10.);
#934=VECTOR('',#3203,10.);
#935=VECTOR('',#3204,10.);
#936=VECTOR('',#3205,10.);
#937=VECTOR('',#3208,10.);
#938=VECTOR('',#3213,10.);
#939=VECTOR('',#3214,10.);
#940=VECTOR('',#3219,10.);
#941=VECTOR('',#3220,10.);
#942=VECTOR('',#3231,10.);
#943=VECTOR('',#3232,10.);
#944=VECTOR('',#3235,10.);
#945=VECTOR('',#3236,10.);
#946=VECTOR('',#3237,10.);
#947=VECTOR('',#3240,10.);
#948=VECTOR('',#3245,10.);
#949=VECTOR('',#3246,10.);
#950=VECTOR('',#3251,1.45);
#951=VECTOR('',#3260,1.45);
#952=VECTOR('',#3269,1.45);
#953=VECTOR('',#3278,1.45);
#954=VECTOR('',#3323,45.);
#955=VECTOR('',#3330,43.);
#956=VECTOR('',#3339,15.);
#957=VECTOR('',#3344,10.);
#958=VECTOR('',#3345,10.);
#959=VECTOR('',#3346,10.);
#960=VECTOR('',#3347,10.);
#961=VECTOR('',#3352,10.);
#962=VECTOR('',#3357,10.);
#963=VECTOR('',#3358,10.);
#964=VECTOR('',#3359,10.);
#965=VECTOR('',#3368,10.);
#966=VECTOR('',#3369,10.);
#967=VECTOR('',#3370,10.);
#968=VECTOR('',#3371,10.);
#969=VECTOR('',#3376,10.);
#970=VECTOR('',#3381,10.);
#971=VECTOR('',#3382,10.);
#972=VECTOR('',#3383,10.);
#973=VECTOR('',#3402,10.);
#974=VECTOR('',#3403,10.);
#975=VECTOR('',#3406,10.);
#976=VECTOR('',#3409,10.);
#977=VECTOR('',#3410,10.);
#978=VECTOR('',#3419,10.);
#979=VECTOR('',#3422,10.);
#980=VECTOR('',#3431,10.);
#981=VECTOR('',#3432,10.);
#982=VECTOR('',#3435,10.);
#983=VECTOR('',#3442,2.5);
#984=VECTOR('',#3447,2.5);
#985=VECTOR('',#3452,2.5);
#986=VECTOR('',#3457,2.5);
#987=VECTOR('',#3462,10.);
#988=VECTOR('',#3465,10.);
#989=VECTOR('',#3468,10.);
#990=VECTOR('',#3471,10.);
#991=VECTOR('',#3472,10.);
#992=VECTOR('',#3473,10.);
#993=VECTOR('',#3476,10.);
#994=VECTOR('',#3479,10.);
#995=VECTOR('',#3480,10.);
#996=VECTOR('',#3483,10.);
#997=VECTOR('',#3488,10.);
#998=VECTOR('',#3497,10.);
#999=VECTOR('',#3502,1.45);
#1000=VECTOR('',#3511,1.45);
#1001=VECTOR('',#3520,1.45);
#1002=VECTOR('',#3529,1.45);
#1003=VECTOR('',#3538,1.45);
#1004=VECTOR('',#3547,10.);
#1005=VECTOR('',#3550,10.);
#1006=VECTOR('',#3553,10.);
#1007=VECTOR('',#3554,10.);
#1008=VECTOR('',#3555,10.);
#1009=VECTOR('',#3558,10.);
#1010=VECTOR('',#3559,10.);
#1011=VECTOR('',#3560,10.);
#1012=VECTOR('',#3565,10.);
#1013=VECTOR('',#3570,10.);
#1014=VECTOR('',#3571,10.);
#1015=VECTOR('',#3572,10.);
#1016=VECTOR('',#3575,10.);
#1017=VECTOR('',#3576,10.);
#1018=VECTOR('',#3577,10.);
#1019=VECTOR('',#3580,10.);
#1020=VECTOR('',#3581,10.);
#1021=VECTOR('',#3582,10.);
#1022=VECTOR('',#3587,10.);
#1023=VECTOR('',#3592,10.);
#1024=VECTOR('',#3593,10.);
#1025=VECTOR('',#3594,10.);
#1026=VECTOR('',#3597,10.);
#1027=VECTOR('',#3598,10.);
#1028=VECTOR('',#3599,10.);
#1029=VECTOR('',#3602,10.);
#1030=VECTOR('',#3603,10.);
#1031=VECTOR('',#3604,10.);
#1032=VECTOR('',#3607,10.);
#1033=VECTOR('',#3608,10.);
#1034=VECTOR('',#3609,10.);
#1035=VECTOR('',#3612,10.);
#1036=VECTOR('',#3613,10.);
#1037=VECTOR('',#3614,10.);
#1038=VECTOR('',#3619,10.);
#1039=VECTOR('',#3624,10.);
#1040=VECTOR('',#3625,10.);
#1041=VECTOR('',#3626,10.);
#1042=VECTOR('',#3629,10.);
#1043=VECTOR('',#3630,10.);
#1044=VECTOR('',#3631,10.);
#1045=VECTOR('',#3634,10.);
#1046=VECTOR('',#3635,10.);
#1047=VECTOR('',#3636,10.);
#1048=VECTOR('',#3641,10.);
#1049=VECTOR('',#3646,10.);
#1050=VECTOR('',#3647,10.);
#1051=VECTOR('',#3648,10.);
#1052=VECTOR('',#3651,10.);
#1053=VECTOR('',#3652,10.);
#1054=VECTOR('',#3653,10.);
#1055=VECTOR('',#3658,10.);
#1056=VECTOR('',#3663,10.);
#1057=VECTOR('',#3664,10.);
#1058=VECTOR('',#3665,10.);
#1059=VECTOR('',#3670,10.);
#1060=VECTOR('',#3675,10.);
#1061=VECTOR('',#3676,10.);
#1062=VECTOR('',#3681,10.);
#1063=VECTOR('',#3682,10.);
#1064=VECTOR('',#3687,10.);
#1065=VECTOR('',#3690,10.);
#1066=VECTOR('',#3693,10.);
#1067=VECTOR('',#3696,10.);
#1068=VECTOR('',#3705,10.);
#1069=VECTOR('',#3708,10.);
#1070=VECTOR('',#3711,10.);
#1071=VECTOR('',#3714,10.);
#1072=VECTOR('',#3715,10.);
#1073=VECTOR('',#3716,10.);
#1074=VECTOR('',#3719,10.);
#1075=VECTOR('',#3720,10.);
#1076=VECTOR('',#3723,10.);
#1077=VECTOR('',#3724,10.);
#1078=VECTOR('',#3725,10.);
#1079=VECTOR('',#3730,10.);
#1080=VECTOR('',#3731,10.);
#1081=VECTOR('',#3732,10.);
#1082=VECTOR('',#3737,10.);
#1083=VECTOR('',#3742,1.5);
#1084=VECTOR('',#3749,1.5);
#1085=VECTOR('',#3756,1.5);
#1086=VECTOR('',#3763,1.5);
#1087=VECTOR('',#3770,1.5);
#1088=VECTOR('',#3777,2.);
#1089=VECTOR('',#3784,2.);
#1090=VECTOR('',#3791,2.);
#1091=VECTOR('',#3796,24.);
#1092=VECTOR('',#3803,10.);
#1093=VECTOR('',#3806,10.);
#1094=VECTOR('',#3809,10.);
#1095=VECTOR('',#3810,10.);
#1096=VECTOR('',#3813,10.);
#1097=VECTOR('',#3814,10.);
#1098=VECTOR('',#3817,10.);
#1099=VECTOR('',#3822,10.);
#1100=VECTOR('',#3823,10.);
#1101=VECTOR('',#3824,10.);
#1102=VECTOR('',#3827,10.);
#1103=VECTOR('',#3828,10.);
#1104=VECTOR('',#3833,10.);
#1105=VECTOR('',#3836,10.);
#1106=VECTOR('',#3837,10.);
#1107=VECTOR('',#3840,10.);
#1108=VECTOR('',#3841,10.);
#1109=VECTOR('',#3844,10.);
#1110=VECTOR('',#3847,10.);
#1111=VERTEX_POINT('',#3859);
#1112=VERTEX_POINT('',#3860);
#1113=VERTEX_POINT('',#3862);
#1114=VERTEX_POINT('',#3864);
#1115=VERTEX_POINT('',#3868);
#1116=VERTEX_POINT('',#3870);
#1117=VERTEX_POINT('',#3874);
#1118=VERTEX_POINT('',#3876);
#1119=VERTEX_POINT('',#3883);
#1120=VERTEX_POINT('',#3884);
#1121=VERTEX_POINT('',#3886);
#1122=VERTEX_POINT('',#3888);
#1123=VERTEX_POINT('',#3892);
#1124=VERTEX_POINT('',#3894);
#1125=VERTEX_POINT('',#3898);
#1126=VERTEX_POINT('',#3900);
#1127=VERTEX_POINT('',#3907);
#1128=VERTEX_POINT('',#3909);
#1129=VERTEX_POINT('',#3913);
#1130=VERTEX_POINT('',#3915);
#1131=VERTEX_POINT('',#3919);
#1132=VERTEX_POINT('',#3921);
#1133=VERTEX_POINT('',#3925);
#1134=VERTEX_POINT('',#3927);
#1135=VERTEX_POINT('',#3932);
#1136=VERTEX_POINT('',#3933);
#1137=VERTEX_POINT('',#3935);
#1138=VERTEX_POINT('',#3937);
#1139=VERTEX_POINT('',#3950);
#1140=VERTEX_POINT('',#3951);
#1141=VERTEX_POINT('',#3956);
#1142=VERTEX_POINT('',#3957);
#1143=VERTEX_POINT('',#3971);
#1144=VERTEX_POINT('',#3973);
#1145=VERTEX_POINT('',#3977);
#1146=VERTEX_POINT('',#3981);
#1147=VERTEX_POINT('',#3985);
#1148=VERTEX_POINT('',#3986);
#1149=VERTEX_POINT('',#3988);
#1150=VERTEX_POINT('',#3990);
#1151=VERTEX_POINT('',#4003);
#1152=VERTEX_POINT('',#4004);
#1153=VERTEX_POINT('',#4009);
#1154=VERTEX_POINT('',#4010);
#1155=VERTEX_POINT('',#4024);
#1156=VERTEX_POINT('',#4026);
#1157=VERTEX_POINT('',#4030);
#1158=VERTEX_POINT('',#4034);
#1159=VERTEX_POINT('',#4038);
#1160=VERTEX_POINT('',#4039);
#1161=VERTEX_POINT('',#4041);
#1162=VERTEX_POINT('',#4043);
#1163=VERTEX_POINT('',#4056);
#1164=VERTEX_POINT('',#4057);
#1165=VERTEX_POINT('',#4062);
#1166=VERTEX_POINT('',#4063);
#1167=VERTEX_POINT('',#4077);
#1168=VERTEX_POINT('',#4079);
#1169=VERTEX_POINT('',#4083);
#1170=VERTEX_POINT('',#4087);
#1171=VERTEX_POINT('',#4091);
#1172=VERTEX_POINT('',#4092);
#1173=VERTEX_POINT('',#4094);
#1174=VERTEX_POINT('',#4096);
#1175=VERTEX_POINT('',#4109);
#1176=VERTEX_POINT('',#4110);
#1177=VERTEX_POINT('',#4115);
#1178=VERTEX_POINT('',#4116);
#1179=VERTEX_POINT('',#4130);
#1180=VERTEX_POINT('',#4132);
#1181=VERTEX_POINT('',#4136);
#1182=VERTEX_POINT('',#4140);
#1183=VERTEX_POINT('',#4144);
#1184=VERTEX_POINT('',#4146);
#1185=VERTEX_POINT('',#4151);
#1186=VERTEX_POINT('',#4153);
#1187=VERTEX_POINT('',#4158);
#1188=VERTEX_POINT('',#4160);
#1189=VERTEX_POINT('',#4165);
#1190=VERTEX_POINT('',#4167);
#1191=VERTEX_POINT('',#4177);
#1192=VERTEX_POINT('',#4187);
#1193=VERTEX_POINT('',#4189);
#1194=VERTEX_POINT('',#4193);
#1195=VERTEX_POINT('',#4198);
#1196=VERTEX_POINT('',#4204);
#1197=VERTEX_POINT('',#4206);
#1198=VERTEX_POINT('',#4210);
#1199=VERTEX_POINT('',#4211);
#1200=VERTEX_POINT('',#4213);
#1201=VERTEX_POINT('',#4215);
#1202=VERTEX_POINT('',#4219);
#1203=VERTEX_POINT('',#4221);
#1204=VERTEX_POINT('',#4225);
#1205=VERTEX_POINT('',#4227);
#1206=VERTEX_POINT('',#4234);
#1207=VERTEX_POINT('',#4235);
#1208=VERTEX_POINT('',#4237);
#1209=VERTEX_POINT('',#4239);
#1210=VERTEX_POINT('',#4243);
#1211=VERTEX_POINT('',#4245);
#1212=VERTEX_POINT('',#4249);
#1213=VERTEX_POINT('',#4251);
#1214=VERTEX_POINT('',#4258);
#1215=VERTEX_POINT('',#4259);
#1216=VERTEX_POINT('',#4261);
#1217=VERTEX_POINT('',#4263);
#1218=VERTEX_POINT('',#4272);
#1219=VERTEX_POINT('',#4273);
#1220=VERTEX_POINT('',#4278);
#1221=VERTEX_POINT('',#4280);
#1222=VERTEX_POINT('',#4282);
#1223=VERTEX_POINT('',#4285);
#1224=VERTEX_POINT('',#4287);
#1225=VERTEX_POINT('',#4290);
#1226=VERTEX_POINT('',#4291);
#1227=VERTEX_POINT('',#4293);
#1228=VERTEX_POINT('',#4295);
#1229=VERTEX_POINT('',#4299);
#1230=VERTEX_POINT('',#4300);
#1231=VERTEX_POINT('',#4310);
#1232=VERTEX_POINT('',#4312);
#1233=VERTEX_POINT('',#4314);
#1234=VERTEX_POINT('',#4317);
#1235=VERTEX_POINT('',#4319);
#1236=VERTEX_POINT('',#4322);
#1237=VERTEX_POINT('',#4326);
#1238=VERTEX_POINT('',#4330);
#1239=VERTEX_POINT('',#4334);
#1240=VERTEX_POINT('',#4338);
#1241=VERTEX_POINT('',#4340);
#1242=VERTEX_POINT('',#4344);
#1243=VERTEX_POINT('',#4346);
#1244=VERTEX_POINT('',#4348);
#1245=VERTEX_POINT('',#4350);
#1246=VERTEX_POINT('',#4354);
#1247=VERTEX_POINT('',#4356);
#1248=VERTEX_POINT('',#4363);
#1249=VERTEX_POINT('',#4367);
#1250=VERTEX_POINT('',#4373);
#1251=VERTEX_POINT('',#4375);
#1252=VERTEX_POINT('',#4380);
#1253=VERTEX_POINT('',#4382);
#1254=VERTEX_POINT('',#4387);
#1255=VERTEX_POINT('',#4389);
#1256=VERTEX_POINT('',#4394);
#1257=VERTEX_POINT('',#4396);
#1258=VERTEX_POINT('',#4401);
#1259=VERTEX_POINT('',#4403);
#1260=VERTEX_POINT('',#4408);
#1261=VERTEX_POINT('',#4409);
#1262=VERTEX_POINT('',#4411);
#1263=VERTEX_POINT('',#4413);
#1264=VERTEX_POINT('',#4417);
#1265=VERTEX_POINT('',#4419);
#1266=VERTEX_POINT('',#4423);
#1267=VERTEX_POINT('',#4425);
#1268=VERTEX_POINT('',#4429);
#1269=VERTEX_POINT('',#4431);
#1270=VERTEX_POINT('',#4435);
#1271=VERTEX_POINT('',#4437);
#1272=VERTEX_POINT('',#4441);
#1273=VERTEX_POINT('',#4443);
#1274=VERTEX_POINT('',#4447);
#1275=VERTEX_POINT('',#4449);
#1276=VERTEX_POINT('',#4453);
#1277=VERTEX_POINT('',#4455);
#1278=VERTEX_POINT('',#4459);
#1279=VERTEX_POINT('',#4461);
#1280=VERTEX_POINT('',#4465);
#1281=VERTEX_POINT('',#4467);
#1282=VERTEX_POINT('',#4471);
#1283=VERTEX_POINT('',#4473);
#1284=VERTEX_POINT('',#4477);
#1285=VERTEX_POINT('',#4479);
#1286=VERTEX_POINT('',#4483);
#1287=VERTEX_POINT('',#4485);
#1288=VERTEX_POINT('',#4489);
#1289=VERTEX_POINT('',#4491);
#1290=VERTEX_POINT('',#4495);
#1291=VERTEX_POINT('',#4497);
#1292=VERTEX_POINT('',#4501);
#1293=VERTEX_POINT('',#4503);
#1294=VERTEX_POINT('',#4507);
#1295=VERTEX_POINT('',#4509);
#1296=VERTEX_POINT('',#4513);
#1297=VERTEX_POINT('',#4515);
#1298=VERTEX_POINT('',#4519);
#1299=VERTEX_POINT('',#4521);
#1300=VERTEX_POINT('',#4525);
#1301=VERTEX_POINT('',#4527);
#1302=VERTEX_POINT('',#4531);
#1303=VERTEX_POINT('',#4533);
#1304=VERTEX_POINT('',#4537);
#1305=VERTEX_POINT('',#4539);
#1306=VERTEX_POINT('',#4543);
#1307=VERTEX_POINT('',#4545);
#1308=VERTEX_POINT('',#4553);
#1309=VERTEX_POINT('',#4557);
#1310=VERTEX_POINT('',#4569);
#1311=VERTEX_POINT('',#4570);
#1312=VERTEX_POINT('',#4572);
#1313=VERTEX_POINT('',#4574);
#1314=VERTEX_POINT('',#4578);
#1315=VERTEX_POINT('',#4580);
#1316=VERTEX_POINT('',#4582);
#1317=VERTEX_POINT('',#4584);
#1318=VERTEX_POINT('',#4588);
#1319=VERTEX_POINT('',#4590);
#1320=VERTEX_POINT('',#4592);
#1321=VERTEX_POINT('',#4594);
#1322=VERTEX_POINT('',#4596);
#1323=VERTEX_POINT('',#4599);
#1324=VERTEX_POINT('',#4601);
#1325=VERTEX_POINT('',#4602);
#1326=VERTEX_POINT('',#4604);
#1327=VERTEX_POINT('',#4606);
#1328=VERTEX_POINT('',#4610);
#1329=VERTEX_POINT('',#4614);
#1330=VERTEX_POINT('',#4616);
#1331=VERTEX_POINT('',#4620);
#1332=VERTEX_POINT('',#4622);
#1333=VERTEX_POINT('',#4626);
#1334=VERTEX_POINT('',#4628);
#1335=VERTEX_POINT('',#4632);
#1336=VERTEX_POINT('',#4634);
#1337=VERTEX_POINT('',#4638);
#1338=VERTEX_POINT('',#4640);
#1339=VERTEX_POINT('',#4644);
#1340=VERTEX_POINT('',#4646);
#1341=VERTEX_POINT('',#4650);
#1342=VERTEX_POINT('',#4652);
#1343=VERTEX_POINT('',#4656);
#1344=VERTEX_POINT('',#4658);
#1345=VERTEX_POINT('',#4662);
#1346=VERTEX_POINT('',#4667);
#1347=VERTEX_POINT('',#4669);
#1348=VERTEX_POINT('',#4673);
#1349=VERTEX_POINT('',#4677);
#1350=VERTEX_POINT('',#4684);
#1351=VERTEX_POINT('',#4686);
#1352=VERTEX_POINT('',#4690);
#1353=VERTEX_POINT('',#4694);
#1354=VERTEX_POINT('',#4698);
#1355=VERTEX_POINT('',#4702);
#1356=EDGE_CURVE('',#1111,#1112,#669,.T.);
#1357=EDGE_CURVE('',#1111,#1113,#670,.T.);
#1358=EDGE_CURVE('',#1114,#1113,#671,.T.);
#1359=EDGE_CURVE('',#1112,#1114,#672,.T.);
#1360=EDGE_CURVE('',#1115,#1111,#111,.T.);
#1361=EDGE_CURVE('',#1115,#1116,#673,.T.);
#1362=EDGE_CURVE('',#1113,#1116,#112,.T.);
#1363=EDGE_CURVE('',#1117,#1115,#674,.T.);
#1364=EDGE_CURVE('',#1117,#1118,#675,.T.);
#1365=EDGE_CURVE('',#1116,#1118,#676,.T.);
#1366=EDGE_CURVE('',#1112,#1117,#113,.T.);
#1367=EDGE_CURVE('',#1118,#1114,#114,.T.);
#1368=EDGE_CURVE('',#1119,#1120,#677,.T.);
#1369=EDGE_CURVE('',#1119,#1121,#678,.T.);
#1370=EDGE_CURVE('',#1122,#1121,#679,.T.);
#1371=EDGE_CURVE('',#1120,#1122,#680,.T.);
#1372=EDGE_CURVE('',#1123,#1119,#115,.T.);
#1373=EDGE_CURVE('',#1123,#1124,#681,.T.);
#1374=EDGE_CURVE('',#1121,#1124,#116,.T.);
#1375=EDGE_CURVE('',#1125,#1123,#682,.T.);
#1376=EDGE_CURVE('',#1125,#1126,#683,.T.);
#1377=EDGE_CURVE('',#1124,#1126,#684,.T.);
#1378=EDGE_CURVE('',#1120,#1125,#117,.T.);
#1379=EDGE_CURVE('',#1126,#1122,#118,.T.);
#1380=EDGE_CURVE('',#1127,#1127,#119,.T.);
#1381=EDGE_CURVE('',#1127,#1128,#685,.T.);
#1382=EDGE_CURVE('',#1128,#1128,#120,.T.);
#1383=EDGE_CURVE('',#1129,#1129,#121,.T.);
#1384=EDGE_CURVE('',#1129,#1130,#686,.T.);
#1385=EDGE_CURVE('',#1130,#1130,#122,.T.);
#1386=EDGE_CURVE('',#1131,#1131,#123,.T.);
#1387=EDGE_CURVE('',#1131,#1132,#687,.T.);
#1388=EDGE_CURVE('',#1132,#1132,#124,.T.);
#1389=EDGE_CURVE('',#1133,#1133,#125,.T.);
#1390=EDGE_CURVE('',#1133,#1134,#688,.T.);
#1391=EDGE_CURVE('',#1134,#1134,#126,.T.);
#1392=EDGE_CURVE('',#1135,#1136,#127,.T.);
#1393=EDGE_CURVE('',#1136,#1137,#689,.T.);
#1394=EDGE_CURVE('',#1137,#1138,#47,.F.);
#1395=EDGE_CURVE('',#1138,#1135,#690,.T.);
#1396=EDGE_CURVE('',#1139,#1140,#128,.T.);
#1397=EDGE_CURVE('',#1140,#1136,#129,.T.);
#1398=EDGE_CURVE('',#1135,#1139,#130,.T.);
#1399=EDGE_CURVE('',#1141,#1142,#48,.F.);
#1400=EDGE_CURVE('',#1142,#1140,#691,.T.);
#1401=EDGE_CURVE('',#1139,#1141,#692,.T.);
#1402=EDGE_CURVE('',#1143,#1139,#693,.T.);
#1403=EDGE_CURVE('',#1144,#1143,#694,.T.);
#1404=EDGE_CURVE('',#1141,#1144,#695,.T.);
#1405=EDGE_CURVE('',#1145,#1135,#696,.T.);
#1406=EDGE_CURVE('',#1143,#1145,#131,.T.);
#1407=EDGE_CURVE('',#1146,#1138,#697,.T.);
#1408=EDGE_CURVE('',#1145,#1146,#698,.T.);
#1409=EDGE_CURVE('',#1147,#1148,#132,.T.);
#1410=EDGE_CURVE('',#1148,#1149,#699,.T.);
#1411=EDGE_CURVE('',#1149,#1150,#49,.F.);
#1412=EDGE_CURVE('',#1150,#1147,#700,.T.);
#1413=EDGE_CURVE('',#1151,#1152,#133,.T.);
#1414=EDGE_CURVE('',#1152,#1148,#134,.T.);
#1415=EDGE_CURVE('',#1147,#1151,#135,.T.);
#1416=EDGE_CURVE('',#1153,#1154,#50,.F.);
#1417=EDGE_CURVE('',#1154,#1152,#701,.T.);
#1418=EDGE_CURVE('',#1151,#1153,#702,.T.);
#1419=EDGE_CURVE('',#1155,#1151,#703,.T.);
#1420=EDGE_CURVE('',#1156,#1155,#704,.T.);
#1421=EDGE_CURVE('',#1153,#1156,#705,.T.);
#1422=EDGE_CURVE('',#1157,#1147,#706,.T.);
#1423=EDGE_CURVE('',#1155,#1157,#136,.T.);
#1424=EDGE_CURVE('',#1158,#1150,#707,.T.);
#1425=EDGE_CURVE('',#1157,#1158,#708,.T.);
#1426=EDGE_CURVE('',#1159,#1160,#137,.T.);
#1427=EDGE_CURVE('',#1160,#1161,#709,.T.);
#1428=EDGE_CURVE('',#1161,#1162,#51,.F.);
#1429=EDGE_CURVE('',#1162,#1159,#710,.T.);
#1430=EDGE_CURVE('',#1163,#1164,#138,.T.);
#1431=EDGE_CURVE('',#1164,#1160,#139,.T.);
#1432=EDGE_CURVE('',#1159,#1163,#140,.T.);
#1433=EDGE_CURVE('',#1165,#1166,#52,.F.);
#1434=EDGE_CURVE('',#1166,#1164,#711,.T.);
#1435=EDGE_CURVE('',#1163,#1165,#712,.T.);
#1436=EDGE_CURVE('',#1167,#1163,#713,.T.);
#1437=EDGE_CURVE('',#1168,#1167,#714,.T.);
#1438=EDGE_CURVE('',#1165,#1168,#715,.T.);
#1439=EDGE_CURVE('',#1169,#1159,#716,.T.);
#1440=EDGE_CURVE('',#1167,#1169,#141,.T.);
#1441=EDGE_CURVE('',#1170,#1162,#717,.T.);
#1442=EDGE_CURVE('',#1169,#1170,#718,.T.);
#1443=EDGE_CURVE('',#1171,#1172,#142,.T.);
#1444=EDGE_CURVE('',#1172,#1173,#719,.T.);
#1445=EDGE_CURVE('',#1173,#1174,#53,.F.);
#1446=EDGE_CURVE('',#1174,#1171,#720,.T.);
#1447=EDGE_CURVE('',#1175,#1176,#143,.T.);
#1448=EDGE_CURVE('',#1176,#1172,#144,.T.);
#1449=EDGE_CURVE('',#1171,#1175,#145,.T.);
#1450=EDGE_CURVE('',#1177,#1178,#54,.F.);
#1451=EDGE_CURVE('',#1178,#1176,#721,.T.);
#1452=EDGE_CURVE('',#1175,#1177,#722,.T.);
#1453=EDGE_CURVE('',#1179,#1175,#723,.T.);
#1454=EDGE_CURVE('',#1180,#1179,#724,.T.);
#1455=EDGE_CURVE('',#1177,#1180,#725,.T.);
#1456=EDGE_CURVE('',#1181,#1171,#726,.T.);
#1457=EDGE_CURVE('',#1179,#1181,#146,.T.);
#1458=EDGE_CURVE('',#1182,#1174,#727,.T.);
#1459=EDGE_CURVE('',#1181,#1182,#728,.T.);
#1460=EDGE_CURVE('',#1183,#1183,#147,.T.);
#1461=EDGE_CURVE('',#1183,#1184,#729,.T.);
#1462=EDGE_CURVE('',#1184,#1184,#148,.T.);
#1463=EDGE_CURVE('',#1185,#1185,#149,.T.);
#1464=EDGE_CURVE('',#1185,#1186,#730,.T.);
#1465=EDGE_CURVE('',#1186,#1186,#150,.T.);
#1466=EDGE_CURVE('',#1187,#1187,#151,.T.);
#1467=EDGE_CURVE('',#1187,#1188,#731,.T.);
#1468=EDGE_CURVE('',#1188,#1188,#152,.T.);
#1469=EDGE_CURVE('',#1189,#1189,#153,.T.);
#1470=EDGE_CURVE('',#1189,#1190,#732,.T.);
#1471=EDGE_CURVE('',#1190,#1190,#154,.T.);
#1472=EDGE_CURVE('',#1149,#1154,#155,.T.);
#1473=EDGE_CURVE('',#1158,#1168,#156,.T.);
#1474=EDGE_CURVE('',#1170,#1180,#157,.T.);
#1475=EDGE_CURVE('',#1182,#1144,#158,.T.);
#1476=EDGE_CURVE('',#1146,#1191,#159,.T.);
#1477=EDGE_CURVE('',#1191,#1156,#160,.T.);
#1478=EDGE_CURVE('',#1161,#1166,#161,.T.);
#1479=EDGE_CURVE('',#1137,#1142,#162,.T.);
#1480=EDGE_CURVE('',#1173,#1178,#163,.T.);
#1481=EDGE_CURVE('',#1192,#1192,#164,.T.);
#1482=EDGE_CURVE('',#1192,#1193,#165,.T.);
#1483=EDGE_CURVE('',#1193,#1193,#166,.T.);
#1484=EDGE_CURVE('',#1194,#1194,#167,.T.);
#1485=EDGE_CURVE('',#1194,#1192,#733,.T.);
#1486=EDGE_CURVE('',#1195,#1195,#168,.T.);
#1487=EDGE_CURVE('',#1195,#1191,#734,.T.);
#1488=EDGE_CURVE('',#1196,#1196,#169,.T.);
#1489=EDGE_CURVE('',#1196,#1197,#735,.T.);
#1490=EDGE_CURVE('',#1197,#1197,#170,.T.);
#1491=EDGE_CURVE('',#1198,#1199,#736,.T.);
#1492=EDGE_CURVE('',#1198,#1200,#737,.T.);
#1493=EDGE_CURVE('',#1201,#1200,#738,.T.);
#1494=EDGE_CURVE('',#1199,#1201,#739,.T.);
#1495=EDGE_CURVE('',#1202,#1198,#171,.T.);
#1496=EDGE_CURVE('',#1202,#1203,#740,.T.);
#1497=EDGE_CURVE('',#1200,#1203,#172,.T.);
#1498=EDGE_CURVE('',#1204,#1202,#741,.T.);
#1499=EDGE_CURVE('',#1204,#1205,#742,.T.);
#1500=EDGE_CURVE('',#1203,#1205,#743,.T.);
#1501=EDGE_CURVE('',#1199,#1204,#173,.T.);
#1502=EDGE_CURVE('',#1205,#1201,#174,.T.);
#1503=EDGE_CURVE('',#1206,#1207,#744,.T.);
#1504=EDGE_CURVE('',#1206,#1208,#745,.T.);
#1505=EDGE_CURVE('',#1209,#1208,#746,.T.);
#1506=EDGE_CURVE('',#1207,#1209,#747,.T.);
#1507=EDGE_CURVE('',#1210,#1206,#175,.T.);
#1508=EDGE_CURVE('',#1210,#1211,#748,.T.);
#1509=EDGE_CURVE('',#1208,#1211,#176,.T.);
#1510=EDGE_CURVE('',#1212,#1210,#749,.T.);
#1511=EDGE_CURVE('',#1212,#1213,#750,.T.);
#1512=EDGE_CURVE('',#1211,#1213,#751,.T.);
#1513=EDGE_CURVE('',#1207,#1212,#177,.T.);
#1514=EDGE_CURVE('',#1213,#1209,#178,.T.);
#1515=EDGE_CURVE('',#1214,#1215,#179,.T.);
#1516=EDGE_CURVE('',#1215,#1216,#180,.T.);
#1517=EDGE_CURVE('',#1216,#1217,#55,.T.);
#1518=EDGE_CURVE('',#1217,#1214,#181,.T.);
#1519=EDGE_CURVE('',#1218,#1219,#182,.T.);
#1520=EDGE_CURVE('',#1219,#1215,#752,.T.);
#1521=EDGE_CURVE('',#1214,#1218,#753,.T.);
#1522=EDGE_CURVE('',#1220,#1217,#754,.T.);
#1523=EDGE_CURVE('',#1221,#1220,#183,.T.);
#1524=EDGE_CURVE('',#1221,#1222,#755,.T.);
#1525=EDGE_CURVE('',#1218,#1222,#756,.T.);
#1526=EDGE_CURVE('',#1223,#1223,#184,.T.);
#1527=EDGE_CURVE('',#1224,#1224,#185,.T.);
#1528=EDGE_CURVE('',#1225,#1226,#186,.T.);
#1529=EDGE_CURVE('',#1226,#1227,#757,.T.);
#1530=EDGE_CURVE('',#1227,#1228,#187,.T.);
#1531=EDGE_CURVE('',#1228,#1225,#758,.T.);
#1532=EDGE_CURVE('',#1229,#1230,#56,.T.);
#1533=EDGE_CURVE('',#1230,#1226,#188,.T.);
#1534=EDGE_CURVE('',#1225,#1229,#189,.T.);
#1535=EDGE_CURVE('',#1231,#1228,#759,.T.);
#1536=EDGE_CURVE('',#1232,#1231,#760,.T.);
#1537=EDGE_CURVE('',#1233,#1232,#190,.T.);
#1538=EDGE_CURVE('',#1233,#1229,#761,.T.);
#1539=EDGE_CURVE('',#1234,#1234,#191,.T.);
#1540=EDGE_CURVE('',#1235,#1235,#192,.T.);
#1541=EDGE_CURVE('',#1223,#1236,#762,.T.);
#1542=EDGE_CURVE('',#1236,#1236,#193,.T.);
#1543=EDGE_CURVE('',#1224,#1237,#763,.T.);
#1544=EDGE_CURVE('',#1237,#1237,#194,.T.);
#1545=EDGE_CURVE('',#1234,#1238,#764,.T.);
#1546=EDGE_CURVE('',#1238,#1238,#195,.T.);
#1547=EDGE_CURVE('',#1235,#1239,#765,.T.);
#1548=EDGE_CURVE('',#1239,#1239,#196,.T.);
#1549=EDGE_CURVE('',#1220,#1240,#766,.T.);
#1550=EDGE_CURVE('',#1240,#1241,#197,.T.);
#1551=EDGE_CURVE('',#1241,#1221,#767,.T.);
#1552=EDGE_CURVE('',#1240,#1242,#768,.T.);
#1553=EDGE_CURVE('',#1243,#1242,#198,.T.);
#1554=EDGE_CURVE('',#1243,#1244,#769,.T.);
#1555=EDGE_CURVE('',#1245,#1244,#770,.T.);
#1556=EDGE_CURVE('',#1241,#1245,#771,.T.);
#1557=EDGE_CURVE('',#1246,#1216,#772,.T.);
#1558=EDGE_CURVE('',#1247,#1246,#199,.T.);
#1559=EDGE_CURVE('',#1230,#1247,#773,.T.);
#1560=EDGE_CURVE('',#1242,#1233,#774,.T.);
#1561=EDGE_CURVE('',#1232,#1243,#775,.T.);
#1562=EDGE_CURVE('',#1247,#1248,#200,.T.);
#1563=EDGE_CURVE('',#1248,#1226,#776,.T.);
#1564=EDGE_CURVE('',#1246,#1249,#201,.T.);
#1565=EDGE_CURVE('',#1249,#1248,#202,.T.);
#1566=EDGE_CURVE('',#1215,#1249,#777,.T.);
#1567=EDGE_CURVE('',#1250,#1250,#203,.T.);
#1568=EDGE_CURVE('',#1250,#1251,#778,.T.);
#1569=EDGE_CURVE('',#1251,#1251,#204,.T.);
#1570=EDGE_CURVE('',#1252,#1252,#205,.T.);
#1571=EDGE_CURVE('',#1252,#1253,#779,.T.);
#1572=EDGE_CURVE('',#1253,#1253,#206,.T.);
#1573=EDGE_CURVE('',#1254,#1254,#207,.T.);
#1574=EDGE_CURVE('',#1254,#1255,#780,.T.);
#1575=EDGE_CURVE('',#1255,#1255,#208,.T.);
#1576=EDGE_CURVE('',#1256,#1256,#209,.T.);
#1577=EDGE_CURVE('',#1256,#1257,#781,.T.);
#1578=EDGE_CURVE('',#1257,#1257,#210,.T.);
#1579=EDGE_CURVE('',#1258,#1258,#211,.T.);
#1580=EDGE_CURVE('',#1258,#1259,#782,.T.);
#1581=EDGE_CURVE('',#1259,#1259,#212,.T.);
#1582=EDGE_CURVE('',#1260,#1261,#213,.T.);
#1583=EDGE_CURVE('',#1260,#1262,#783,.T.);
#1584=EDGE_CURVE('',#1262,#1263,#214,.T.);
#1585=EDGE_CURVE('',#1261,#1263,#784,.T.);
#1586=EDGE_CURVE('',#1264,#1260,#785,.T.);
#1587=EDGE_CURVE('',#1264,#1265,#786,.T.);
#1588=EDGE_CURVE('',#1265,#1262,#787,.T.);
#1589=EDGE_CURVE('',#1266,#1264,#788,.T.);
#1590=EDGE_CURVE('',#1266,#1267,#789,.T.);
#1591=EDGE_CURVE('',#1267,#1265,#790,.T.);
#1592=EDGE_CURVE('',#1268,#1266,#215,.T.);
#1593=EDGE_CURVE('',#1268,#1269,#791,.T.);
#1594=EDGE_CURVE('',#1269,#1267,#216,.T.);
#1595=EDGE_CURVE('',#1270,#1268,#792,.T.);
#1596=EDGE_CURVE('',#1270,#1271,#793,.T.);
#1597=EDGE_CURVE('',#1271,#1269,#794,.T.);
#1598=EDGE_CURVE('',#1272,#1270,#795,.T.);
#1599=EDGE_CURVE('',#1272,#1273,#796,.T.);
#1600=EDGE_CURVE('',#1273,#1271,#797,.T.);
#1601=EDGE_CURVE('',#1274,#1272,#798,.T.);
#1602=EDGE_CURVE('',#1274,#1275,#799,.T.);
#1603=EDGE_CURVE('',#1275,#1273,#800,.T.);
#1604=EDGE_CURVE('',#1276,#1274,#217,.T.);
#1605=EDGE_CURVE('',#1276,#1277,#801,.T.);
#1606=EDGE_CURVE('',#1277,#1275,#218,.T.);
#1607=EDGE_CURVE('',#1278,#1276,#802,.T.);
#1608=EDGE_CURVE('',#1278,#1279,#803,.T.);
#1609=EDGE_CURVE('',#1279,#1277,#804,.T.);
#1610=EDGE_CURVE('',#1280,#1278,#805,.T.);
#1611=EDGE_CURVE('',#1280,#1281,#806,.T.);
#1612=EDGE_CURVE('',#1281,#1279,#807,.T.);
#1613=EDGE_CURVE('',#1282,#1280,#808,.T.);
#1614=EDGE_CURVE('',#1282,#1283,#809,.T.);
#1615=EDGE_CURVE('',#1283,#1281,#810,.T.);
#1616=EDGE_CURVE('',#1284,#1282,#811,.T.);
#1617=EDGE_CURVE('',#1284,#1285,#812,.T.);
#1618=EDGE_CURVE('',#1285,#1283,#813,.T.);
#1619=EDGE_CURVE('',#1286,#1284,#814,.T.);
#1620=EDGE_CURVE('',#1286,#1287,#815,.T.);
#1621=EDGE_CURVE('',#1287,#1285,#816,.T.);
#1622=EDGE_CURVE('',#1288,#1286,#219,.T.);
#1623=EDGE_CURVE('',#1288,#1289,#817,.T.);
#1624=EDGE_CURVE('',#1289,#1287,#220,.T.);
#1625=EDGE_CURVE('',#1290,#1288,#818,.T.);
#1626=EDGE_CURVE('',#1290,#1291,#819,.T.);
#1627=EDGE_CURVE('',#1291,#1289,#820,.T.);
#1628=EDGE_CURVE('',#1292,#1290,#821,.T.);
#1629=EDGE_CURVE('',#1292,#1293,#822,.T.);
#1630=EDGE_CURVE('',#1293,#1291,#823,.T.);
#1631=EDGE_CURVE('',#1294,#1292,#824,.T.);
#1632=EDGE_CURVE('',#1294,#1295,#825,.T.);
#1633=EDGE_CURVE('',#1295,#1293,#826,.T.);
#1634=EDGE_CURVE('',#1296,#1294,#221,.T.);
#1635=EDGE_CURVE('',#1296,#1297,#827,.T.);
#1636=EDGE_CURVE('',#1297,#1295,#222,.T.);
#1637=EDGE_CURVE('',#1298,#1296,#828,.T.);
#1638=EDGE_CURVE('',#1298,#1299,#829,.T.);
#1639=EDGE_CURVE('',#1299,#1297,#830,.T.);
#1640=EDGE_CURVE('',#1300,#1298,#831,.T.);
#1641=EDGE_CURVE('',#1300,#1301,#832,.T.);
#1642=EDGE_CURVE('',#1301,#1299,#833,.T.);
#1643=EDGE_CURVE('',#1302,#1300,#223,.T.);
#1644=EDGE_CURVE('',#1302,#1303,#834,.T.);
#1645=EDGE_CURVE('',#1303,#1301,#224,.T.);
#1646=EDGE_CURVE('',#1304,#1302,#835,.T.);
#1647=EDGE_CURVE('',#1304,#1305,#836,.T.);
#1648=EDGE_CURVE('',#1305,#1303,#837,.T.);
#1649=EDGE_CURVE('',#1306,#1304,#225,.T.);
#1650=EDGE_CURVE('',#1306,#1307,#838,.T.);
#1651=EDGE_CURVE('',#1307,#1305,#226,.T.);
#1652=EDGE_CURVE('',#1261,#1306,#839,.T.);
#1653=EDGE_CURVE('',#1263,#1307,#840,.T.);
#1654=EDGE_CURVE('',#1308,#1219,#841,.T.);
#1655=EDGE_CURVE('',#1249,#1308,#842,.T.);
#1656=EDGE_CURVE('',#1309,#1308,#227,.T.);
#1657=EDGE_CURVE('',#1248,#1309,#843,.T.);
#1658=EDGE_CURVE('',#1227,#1309,#844,.T.);
#1659=EDGE_CURVE('',#1244,#1231,#845,.T.);
#1660=EDGE_CURVE('',#1222,#1245,#846,.T.);
#1661=EDGE_CURVE('',#1310,#1311,#228,.T.);
#1662=EDGE_CURVE('',#1311,#1312,#847,.T.);
#1663=EDGE_CURVE('',#1312,#1313,#229,.T.);
#1664=EDGE_CURVE('',#1313,#1310,#848,.T.);
#1665=EDGE_CURVE('',#1314,#1312,#849,.T.);
#1666=EDGE_CURVE('',#1315,#1314,#230,.T.);
#1667=EDGE_CURVE('',#1316,#1315,#850,.T.);
#1668=EDGE_CURVE('',#1316,#1317,#851,.T.);
#1669=EDGE_CURVE('',#1317,#1313,#852,.T.);
#1670=EDGE_CURVE('',#1311,#1318,#853,.T.);
#1671=EDGE_CURVE('',#1318,#1319,#854,.T.);
#1672=EDGE_CURVE('',#1319,#1320,#231,.T.);
#1673=EDGE_CURVE('',#1320,#1321,#855,.T.);
#1674=EDGE_CURVE('',#1321,#1322,#856,.T.);
#1675=EDGE_CURVE('',#1314,#1322,#857,.T.);
#1676=EDGE_CURVE('',#1323,#1323,#232,.T.);
#1677=EDGE_CURVE('',#1324,#1325,#233,.T.);
#1678=EDGE_CURVE('',#1325,#1326,#858,.T.);
#1679=EDGE_CURVE('',#1326,#1327,#859,.T.);
#1680=EDGE_CURVE('',#1327,#1324,#860,.T.);
#1681=EDGE_CURVE('',#1322,#1328,#234,.T.);
#1682=EDGE_CURVE('',#1328,#1315,#861,.T.);
#1683=EDGE_CURVE('',#1329,#1329,#235,.T.);
#1684=EDGE_CURVE('',#1329,#1330,#862,.T.);
#1685=EDGE_CURVE('',#1330,#1330,#236,.T.);
#1686=EDGE_CURVE('',#1331,#1331,#237,.T.);
#1687=EDGE_CURVE('',#1331,#1332,#863,.T.);
#1688=EDGE_CURVE('',#1332,#1332,#238,.T.);
#1689=EDGE_CURVE('',#1333,#1333,#239,.T.);
#1690=EDGE_CURVE('',#1333,#1334,#864,.T.);
#1691=EDGE_CURVE('',#1334,#1334,#240,.T.);
#1692=EDGE_CURVE('',#1335,#1335,#241,.T.);
#1693=EDGE_CURVE('',#1335,#1336,#865,.T.);
#1694=EDGE_CURVE('',#1336,#1336,#242,.T.);
#1695=EDGE_CURVE('',#1337,#1337,#243,.T.);
#1696=EDGE_CURVE('',#1337,#1338,#866,.T.);
#1697=EDGE_CURVE('',#1338,#1338,#244,.T.);
#1698=EDGE_CURVE('',#1339,#1339,#245,.T.);
#1699=EDGE_CURVE('',#1339,#1340,#867,.T.);
#1700=EDGE_CURVE('',#1340,#1340,#246,.T.);
#1701=EDGE_CURVE('',#1341,#1341,#247,.T.);
#1702=EDGE_CURVE('',#1341,#1342,#868,.T.);
#1703=EDGE_CURVE('',#1342,#1342,#248,.T.);
#1704=EDGE_CURVE('',#1343,#1343,#249,.T.);
#1705=EDGE_CURVE('',#1343,#1344,#869,.T.);
#1706=EDGE_CURVE('',#1344,#1344,#250,.T.);
#1707=EDGE_CURVE('',#1323,#1345,#870,.T.);
#1708=EDGE_CURVE('',#1345,#1345,#251,.T.);
#1709=EDGE_CURVE('',#1324,#1346,#871,.T.);
#1710=EDGE_CURVE('',#1346,#1347,#252,.T.);
#1711=EDGE_CURVE('',#1325,#1347,#872,.T.);
#1712=EDGE_CURVE('',#1327,#1348,#873,.T.);
#1713=EDGE_CURVE('',#1348,#1346,#874,.T.);
#1714=EDGE_CURVE('',#1326,#1349,#875,.T.);
#1715=EDGE_CURVE('',#1349,#1348,#876,.T.);
#1716=EDGE_CURVE('',#1347,#1349,#877,.T.);
#1717=EDGE_CURVE('',#1350,#1321,#878,.T.);
#1718=EDGE_CURVE('',#1351,#1350,#879,.T.);
#1719=EDGE_CURVE('',#1351,#1328,#880,.T.);
#1720=EDGE_CURVE('',#1352,#1350,#881,.T.);
#1721=EDGE_CURVE('',#1352,#1320,#882,.T.);
#1722=EDGE_CURVE('',#1353,#1352,#253,.T.);
#1723=EDGE_CURVE('',#1353,#1319,#883,.T.);
#1724=EDGE_CURVE('',#1353,#1354,#884,.T.);
#1725=EDGE_CURVE('',#1354,#1318,#885,.T.);
#1726=EDGE_CURVE('',#1355,#1310,#886,.T.);
#1727=EDGE_CURVE('',#1355,#1354,#887,.T.);
#1728=EDGE_CURVE('',#1317,#1355,#888,.T.);
#1729=EDGE_CURVE('',#1316,#1351,#889,.T.);
#1730=ORIENTED_EDGE('',*,*,#1356,.F.);
#1731=ORIENTED_EDGE('',*,*,#1357,.T.);
#1732=ORIENTED_EDGE('',*,*,#1358,.F.);
#1733=ORIENTED_EDGE('',*,*,#1359,.F.);
#1734=ORIENTED_EDGE('',*,*,#1360,.F.);
#1735=ORIENTED_EDGE('',*,*,#1361,.T.);
#1736=ORIENTED_EDGE('',*,*,#1362,.F.);
#1737=ORIENTED_EDGE('',*,*,#1357,.F.);
#1738=ORIENTED_EDGE('',*,*,#1363,.F.);
#1739=ORIENTED_EDGE('',*,*,#1364,.T.);
#1740=ORIENTED_EDGE('',*,*,#1365,.F.);
#1741=ORIENTED_EDGE('',*,*,#1361,.F.);
#1742=ORIENTED_EDGE('',*,*,#1366,.F.);
#1743=ORIENTED_EDGE('',*,*,#1359,.T.);
#1744=ORIENTED_EDGE('',*,*,#1367,.F.);
#1745=ORIENTED_EDGE('',*,*,#1364,.F.);
#1746=ORIENTED_EDGE('',*,*,#1368,.F.);
#1747=ORIENTED_EDGE('',*,*,#1369,.T.);
#1748=ORIENTED_EDGE('',*,*,#1370,.F.);
#1749=ORIENTED_EDGE('',*,*,#1371,.F.);
#1750=ORIENTED_EDGE('',*,*,#1372,.F.);
#1751=ORIENTED_EDGE('',*,*,#1373,.T.);
#1752=ORIENTED_EDGE('',*,*,#1374,.F.);
#1753=ORIENTED_EDGE('',*,*,#1369,.F.);
#1754=ORIENTED_EDGE('',*,*,#1375,.F.);
#1755=ORIENTED_EDGE('',*,*,#1376,.T.);
#1756=ORIENTED_EDGE('',*,*,#1377,.F.);
#1757=ORIENTED_EDGE('',*,*,#1373,.F.);
#1758=ORIENTED_EDGE('',*,*,#1378,.F.);
#1759=ORIENTED_EDGE('',*,*,#1371,.T.);
#1760=ORIENTED_EDGE('',*,*,#1379,.F.);
#1761=ORIENTED_EDGE('',*,*,#1376,.F.);
#1762=ORIENTED_EDGE('',*,*,#1380,.F.);
#1763=ORIENTED_EDGE('',*,*,#1381,.T.);
#1764=ORIENTED_EDGE('',*,*,#1382,.F.);
#1765=ORIENTED_EDGE('',*,*,#1381,.F.);
#1766=ORIENTED_EDGE('',*,*,#1383,.F.);
#1767=ORIENTED_EDGE('',*,*,#1384,.T.);
#1768=ORIENTED_EDGE('',*,*,#1385,.F.);
#1769=ORIENTED_EDGE('',*,*,#1384,.F.);
#1770=ORIENTED_EDGE('',*,*,#1386,.F.);
#1771=ORIENTED_EDGE('',*,*,#1387,.T.);
#1772=ORIENTED_EDGE('',*,*,#1388,.F.);
#1773=ORIENTED_EDGE('',*,*,#1387,.F.);
#1774=ORIENTED_EDGE('',*,*,#1389,.F.);
#1775=ORIENTED_EDGE('',*,*,#1390,.T.);
#1776=ORIENTED_EDGE('',*,*,#1391,.F.);
#1777=ORIENTED_EDGE('',*,*,#1390,.F.);
#1778=ORIENTED_EDGE('',*,*,#1389,.T.);
#1779=ORIENTED_EDGE('',*,*,#1380,.T.);
#1780=ORIENTED_EDGE('',*,*,#1383,.T.);
#1781=ORIENTED_EDGE('',*,*,#1386,.T.);
#1782=ORIENTED_EDGE('',*,*,#1392,.T.);
#1783=ORIENTED_EDGE('',*,*,#1393,.T.);
#1784=ORIENTED_EDGE('',*,*,#1394,.T.);
#1785=ORIENTED_EDGE('',*,*,#1395,.T.);
#1786=ORIENTED_EDGE('',*,*,#1396,.T.);
#1787=ORIENTED_EDGE('',*,*,#1397,.T.);
#1788=ORIENTED_EDGE('',*,*,#1392,.F.);
#1789=ORIENTED_EDGE('',*,*,#1398,.T.);
#1790=ORIENTED_EDGE('',*,*,#1399,.T.);
#1791=ORIENTED_EDGE('',*,*,#1400,.T.);
#1792=ORIENTED_EDGE('',*,*,#1396,.F.);
#1793=ORIENTED_EDGE('',*,*,#1401,.T.);
#1794=ORIENTED_EDGE('',*,*,#1401,.F.);
#1795=ORIENTED_EDGE('',*,*,#1402,.F.);
#1796=ORIENTED_EDGE('',*,*,#1403,.F.);
#1797=ORIENTED_EDGE('',*,*,#1404,.F.);
#1798=ORIENTED_EDGE('',*,*,#1398,.F.);
#1799=ORIENTED_EDGE('',*,*,#1405,.F.);
#1800=ORIENTED_EDGE('',*,*,#1406,.F.);
#1801=ORIENTED_EDGE('',*,*,#1402,.T.);
#1802=ORIENTED_EDGE('',*,*,#1395,.F.);
#1803=ORIENTED_EDGE('',*,*,#1407,.F.);
#1804=ORIENTED_EDGE('',*,*,#1408,.F.);
#1805=ORIENTED_EDGE('',*,*,#1405,.T.);
#1806=ORIENTED_EDGE('',*,*,#1409,.T.);
#1807=ORIENTED_EDGE('',*,*,#1410,.T.);
#1808=ORIENTED_EDGE('',*,*,#1411,.T.);
#1809=ORIENTED_EDGE('',*,*,#1412,.T.);
#1810=ORIENTED_EDGE('',*,*,#1413,.T.);
#1811=ORIENTED_EDGE('',*,*,#1414,.T.);
#1812=ORIENTED_EDGE('',*,*,#1409,.F.);
#1813=ORIENTED_EDGE('',*,*,#1415,.T.);
#1814=ORIENTED_EDGE('',*,*,#1416,.T.);
#1815=ORIENTED_EDGE('',*,*,#1417,.T.);
#1816=ORIENTED_EDGE('',*,*,#1413,.F.);
#1817=ORIENTED_EDGE('',*,*,#1418,.T.);
#1818=ORIENTED_EDGE('',*,*,#1418,.F.);
#1819=ORIENTED_EDGE('',*,*,#1419,.F.);
#1820=ORIENTED_EDGE('',*,*,#1420,.F.);
#1821=ORIENTED_EDGE('',*,*,#1421,.F.);
#1822=ORIENTED_EDGE('',*,*,#1415,.F.);
#1823=ORIENTED_EDGE('',*,*,#1422,.F.);
#1824=ORIENTED_EDGE('',*,*,#1423,.F.);
#1825=ORIENTED_EDGE('',*,*,#1419,.T.);
#1826=ORIENTED_EDGE('',*,*,#1412,.F.);
#1827=ORIENTED_EDGE('',*,*,#1424,.F.);
#1828=ORIENTED_EDGE('',*,*,#1425,.F.);
#1829=ORIENTED_EDGE('',*,*,#1422,.T.);
#1830=ORIENTED_EDGE('',*,*,#1426,.T.);
#1831=ORIENTED_EDGE('',*,*,#1427,.T.);
#1832=ORIENTED_EDGE('',*,*,#1428,.T.);
#1833=ORIENTED_EDGE('',*,*,#1429,.T.);
#1834=ORIENTED_EDGE('',*,*,#1430,.T.);
#1835=ORIENTED_EDGE('',*,*,#1431,.T.);
#1836=ORIENTED_EDGE('',*,*,#1426,.F.);
#1837=ORIENTED_EDGE('',*,*,#1432,.T.);
#1838=ORIENTED_EDGE('',*,*,#1433,.T.);
#1839=ORIENTED_EDGE('',*,*,#1434,.T.);
#1840=ORIENTED_EDGE('',*,*,#1430,.F.);
#1841=ORIENTED_EDGE('',*,*,#1435,.T.);
#1842=ORIENTED_EDGE('',*,*,#1435,.F.);
#1843=ORIENTED_EDGE('',*,*,#1436,.F.);
#1844=ORIENTED_EDGE('',*,*,#1437,.F.);
#1845=ORIENTED_EDGE('',*,*,#1438,.F.);
#1846=ORIENTED_EDGE('',*,*,#1432,.F.);
#1847=ORIENTED_EDGE('',*,*,#1439,.F.);
#1848=ORIENTED_EDGE('',*,*,#1440,.F.);
#1849=ORIENTED_EDGE('',*,*,#1436,.T.);
#1850=ORIENTED_EDGE('',*,*,#1429,.F.);
#1851=ORIENTED_EDGE('',*,*,#1441,.F.);
#1852=ORIENTED_EDGE('',*,*,#1442,.F.);
#1853=ORIENTED_EDGE('',*,*,#1439,.T.);
#1854=ORIENTED_EDGE('',*,*,#1443,.T.);
#1855=ORIENTED_EDGE('',*,*,#1444,.T.);
#1856=ORIENTED_EDGE('',*,*,#1445,.T.);
#1857=ORIENTED_EDGE('',*,*,#1446,.T.);
#1858=ORIENTED_EDGE('',*,*,#1447,.T.);
#1859=ORIENTED_EDGE('',*,*,#1448,.T.);
#1860=ORIENTED_EDGE('',*,*,#1443,.F.);
#1861=ORIENTED_EDGE('',*,*,#1449,.T.);
#1862=ORIENTED_EDGE('',*,*,#1450,.T.);
#1863=ORIENTED_EDGE('',*,*,#1451,.T.);
#1864=ORIENTED_EDGE('',*,*,#1447,.F.);
#1865=ORIENTED_EDGE('',*,*,#1452,.T.);
#1866=ORIENTED_EDGE('',*,*,#1452,.F.);
#1867=ORIENTED_EDGE('',*,*,#1453,.F.);
#1868=ORIENTED_EDGE('',*,*,#1454,.F.);
#1869=ORIENTED_EDGE('',*,*,#1455,.F.);
#1870=ORIENTED_EDGE('',*,*,#1449,.F.);
#1871=ORIENTED_EDGE('',*,*,#1456,.F.);
#1872=ORIENTED_EDGE('',*,*,#1457,.F.);
#1873=ORIENTED_EDGE('',*,*,#1453,.T.);
#1874=ORIENTED_EDGE('',*,*,#1446,.F.);
#1875=ORIENTED_EDGE('',*,*,#1458,.F.);
#1876=ORIENTED_EDGE('',*,*,#1459,.F.);
#1877=ORIENTED_EDGE('',*,*,#1456,.T.);
#1878=ORIENTED_EDGE('',*,*,#1460,.F.);
#1879=ORIENTED_EDGE('',*,*,#1461,.T.);
#1880=ORIENTED_EDGE('',*,*,#1462,.T.);
#1881=ORIENTED_EDGE('',*,*,#1461,.F.);
#1882=ORIENTED_EDGE('',*,*,#1462,.F.);
#1883=ORIENTED_EDGE('',*,*,#1463,.F.);
#1884=ORIENTED_EDGE('',*,*,#1464,.T.);
#1885=ORIENTED_EDGE('',*,*,#1465,.T.);
#1886=ORIENTED_EDGE('',*,*,#1464,.F.);
#1887=ORIENTED_EDGE('',*,*,#1465,.F.);
#1888=ORIENTED_EDGE('',*,*,#1466,.F.);
#1889=ORIENTED_EDGE('',*,*,#1467,.T.);
#1890=ORIENTED_EDGE('',*,*,#1468,.T.);
#1891=ORIENTED_EDGE('',*,*,#1467,.F.);
#1892=ORIENTED_EDGE('',*,*,#1468,.F.);
#1893=ORIENTED_EDGE('',*,*,#1469,.F.);
#1894=ORIENTED_EDGE('',*,*,#1470,.T.);
#1895=ORIENTED_EDGE('',*,*,#1471,.T.);
#1896=ORIENTED_EDGE('',*,*,#1470,.F.);
#1897=ORIENTED_EDGE('',*,*,#1471,.F.);
#1898=ORIENTED_EDGE('',*,*,#1417,.F.);
#1899=ORIENTED_EDGE('',*,*,#1472,.F.);
#1900=ORIENTED_EDGE('',*,*,#1410,.F.);
#1901=ORIENTED_EDGE('',*,*,#1414,.F.);
#1902=ORIENTED_EDGE('',*,*,#1420,.T.);
#1903=ORIENTED_EDGE('',*,*,#1423,.T.);
#1904=ORIENTED_EDGE('',*,*,#1425,.T.);
#1905=ORIENTED_EDGE('',*,*,#1473,.T.);
#1906=ORIENTED_EDGE('',*,*,#1437,.T.);
#1907=ORIENTED_EDGE('',*,*,#1440,.T.);
#1908=ORIENTED_EDGE('',*,*,#1442,.T.);
#1909=ORIENTED_EDGE('',*,*,#1474,.T.);
#1910=ORIENTED_EDGE('',*,*,#1454,.T.);
#1911=ORIENTED_EDGE('',*,*,#1457,.T.);
#1912=ORIENTED_EDGE('',*,*,#1459,.T.);
#1913=ORIENTED_EDGE('',*,*,#1475,.T.);
#1914=ORIENTED_EDGE('',*,*,#1403,.T.);
#1915=ORIENTED_EDGE('',*,*,#1406,.T.);
#1916=ORIENTED_EDGE('',*,*,#1408,.T.);
#1917=ORIENTED_EDGE('',*,*,#1476,.T.);
#1918=ORIENTED_EDGE('',*,*,#1477,.T.);
#1919=ORIENTED_EDGE('',*,*,#1358,.T.);
#1920=ORIENTED_EDGE('',*,*,#1362,.T.);
#1921=ORIENTED_EDGE('',*,*,#1365,.T.);
#1922=ORIENTED_EDGE('',*,*,#1367,.T.);
#1923=ORIENTED_EDGE('',*,*,#1370,.T.);
#1924=ORIENTED_EDGE('',*,*,#1374,.T.);
#1925=ORIENTED_EDGE('',*,*,#1377,.T.);
#1926=ORIENTED_EDGE('',*,*,#1379,.T.);
#1927=ORIENTED_EDGE('',*,*,#1391,.T.);
#1928=ORIENTED_EDGE('',*,*,#1434,.F.);
#1929=ORIENTED_EDGE('',*,*,#1478,.F.);
#1930=ORIENTED_EDGE('',*,*,#1427,.F.);
#1931=ORIENTED_EDGE('',*,*,#1431,.F.);
#1932=ORIENTED_EDGE('',*,*,#1400,.F.);
#1933=ORIENTED_EDGE('',*,*,#1479,.F.);
#1934=ORIENTED_EDGE('',*,*,#1393,.F.);
#1935=ORIENTED_EDGE('',*,*,#1397,.F.);
#1936=ORIENTED_EDGE('',*,*,#1451,.F.);
#1937=ORIENTED_EDGE('',*,*,#1480,.F.);
#1938=ORIENTED_EDGE('',*,*,#1444,.F.);
#1939=ORIENTED_EDGE('',*,*,#1448,.F.);
#1940=ORIENTED_EDGE('',*,*,#1481,.T.);
#1941=ORIENTED_EDGE('',*,*,#1482,.T.);
#1942=ORIENTED_EDGE('',*,*,#1483,.T.);
#1943=ORIENTED_EDGE('',*,*,#1482,.F.);
#1944=ORIENTED_EDGE('',*,*,#1484,.F.);
#1945=ORIENTED_EDGE('',*,*,#1485,.T.);
#1946=ORIENTED_EDGE('',*,*,#1481,.F.);
#1947=ORIENTED_EDGE('',*,*,#1485,.F.);
#1948=ORIENTED_EDGE('',*,*,#1483,.F.);
#1949=ORIENTED_EDGE('',*,*,#1356,.T.);
#1950=ORIENTED_EDGE('',*,*,#1366,.T.);
#1951=ORIENTED_EDGE('',*,*,#1363,.T.);
#1952=ORIENTED_EDGE('',*,*,#1360,.T.);
#1953=ORIENTED_EDGE('',*,*,#1368,.T.);
#1954=ORIENTED_EDGE('',*,*,#1378,.T.);
#1955=ORIENTED_EDGE('',*,*,#1375,.T.);
#1956=ORIENTED_EDGE('',*,*,#1372,.T.);
#1957=ORIENTED_EDGE('',*,*,#1382,.T.);
#1958=ORIENTED_EDGE('',*,*,#1385,.T.);
#1959=ORIENTED_EDGE('',*,*,#1388,.T.);
#1960=ORIENTED_EDGE('',*,*,#1460,.T.);
#1961=ORIENTED_EDGE('',*,*,#1463,.T.);
#1962=ORIENTED_EDGE('',*,*,#1466,.T.);
#1963=ORIENTED_EDGE('',*,*,#1469,.T.);
#1964=ORIENTED_EDGE('',*,*,#1486,.F.);
#1965=ORIENTED_EDGE('',*,*,#1487,.T.);
#1966=ORIENTED_EDGE('',*,*,#1476,.F.);
#1967=ORIENTED_EDGE('',*,*,#1407,.T.);
#1968=ORIENTED_EDGE('',*,*,#1394,.F.);
#1969=ORIENTED_EDGE('',*,*,#1479,.T.);
#1970=ORIENTED_EDGE('',*,*,#1399,.F.);
#1971=ORIENTED_EDGE('',*,*,#1404,.T.);
#1972=ORIENTED_EDGE('',*,*,#1475,.F.);
#1973=ORIENTED_EDGE('',*,*,#1458,.T.);
#1974=ORIENTED_EDGE('',*,*,#1445,.F.);
#1975=ORIENTED_EDGE('',*,*,#1480,.T.);
#1976=ORIENTED_EDGE('',*,*,#1450,.F.);
#1977=ORIENTED_EDGE('',*,*,#1455,.T.);
#1978=ORIENTED_EDGE('',*,*,#1474,.F.);
#1979=ORIENTED_EDGE('',*,*,#1441,.T.);
#1980=ORIENTED_EDGE('',*,*,#1428,.F.);
#1981=ORIENTED_EDGE('',*,*,#1478,.T.);
#1982=ORIENTED_EDGE('',*,*,#1433,.F.);
#1983=ORIENTED_EDGE('',*,*,#1438,.T.);
#1984=ORIENTED_EDGE('',*,*,#1473,.F.);
#1985=ORIENTED_EDGE('',*,*,#1424,.T.);
#1986=ORIENTED_EDGE('',*,*,#1411,.F.);
#1987=ORIENTED_EDGE('',*,*,#1472,.T.);
#1988=ORIENTED_EDGE('',*,*,#1416,.F.);
#1989=ORIENTED_EDGE('',*,*,#1421,.T.);
#1990=ORIENTED_EDGE('',*,*,#1477,.F.);
#1991=ORIENTED_EDGE('',*,*,#1487,.F.);
#1992=ORIENTED_EDGE('',*,*,#1484,.T.);
#1993=ORIENTED_EDGE('',*,*,#1486,.T.);
#1994=ORIENTED_EDGE('',*,*,#1488,.F.);
#1995=ORIENTED_EDGE('',*,*,#1489,.T.);
#1996=ORIENTED_EDGE('',*,*,#1490,.F.);
#1997=ORIENTED_EDGE('',*,*,#1489,.F.);
#1998=ORIENTED_EDGE('',*,*,#1491,.F.);
#1999=ORIENTED_EDGE('',*,*,#1492,.T.);
#2000=ORIENTED_EDGE('',*,*,#1493,.F.);
#2001=ORIENTED_EDGE('',*,*,#1494,.F.);
#2002=ORIENTED_EDGE('',*,*,#1495,.F.);
#2003=ORIENTED_EDGE('',*,*,#1496,.T.);
#2004=ORIENTED_EDGE('',*,*,#1497,.F.);
#2005=ORIENTED_EDGE('',*,*,#1492,.F.);
#2006=ORIENTED_EDGE('',*,*,#1498,.F.);
#2007=ORIENTED_EDGE('',*,*,#1499,.T.);
#2008=ORIENTED_EDGE('',*,*,#1500,.F.);
#2009=ORIENTED_EDGE('',*,*,#1496,.F.);
#2010=ORIENTED_EDGE('',*,*,#1501,.F.);
#2011=ORIENTED_EDGE('',*,*,#1494,.T.);
#2012=ORIENTED_EDGE('',*,*,#1502,.F.);
#2013=ORIENTED_EDGE('',*,*,#1499,.F.);
#2014=ORIENTED_EDGE('',*,*,#1503,.F.);
#2015=ORIENTED_EDGE('',*,*,#1504,.T.);
#2016=ORIENTED_EDGE('',*,*,#1505,.F.);
#2017=ORIENTED_EDGE('',*,*,#1506,.F.);
#2018=ORIENTED_EDGE('',*,*,#1507,.F.);
#2019=ORIENTED_EDGE('',*,*,#1508,.T.);
#2020=ORIENTED_EDGE('',*,*,#1509,.F.);
#2021=ORIENTED_EDGE('',*,*,#1504,.F.);
#2022=ORIENTED_EDGE('',*,*,#1510,.F.);
#2023=ORIENTED_EDGE('',*,*,#1511,.T.);
#2024=ORIENTED_EDGE('',*,*,#1512,.F.);
#2025=ORIENTED_EDGE('',*,*,#1508,.F.);
#2026=ORIENTED_EDGE('',*,*,#1513,.F.);
#2027=ORIENTED_EDGE('',*,*,#1506,.T.);
#2028=ORIENTED_EDGE('',*,*,#1514,.F.);
#2029=ORIENTED_EDGE('',*,*,#1511,.F.);
#2030=ORIENTED_EDGE('',*,*,#1515,.T.);
#2031=ORIENTED_EDGE('',*,*,#1516,.T.);
#2032=ORIENTED_EDGE('',*,*,#1517,.T.);
#2033=ORIENTED_EDGE('',*,*,#1518,.T.);
#2034=ORIENTED_EDGE('',*,*,#1519,.T.);
#2035=ORIENTED_EDGE('',*,*,#1520,.T.);
#2036=ORIENTED_EDGE('',*,*,#1515,.F.);
#2037=ORIENTED_EDGE('',*,*,#1521,.T.);
#2038=ORIENTED_EDGE('',*,*,#1521,.F.);
#2039=ORIENTED_EDGE('',*,*,#1518,.F.);
#2040=ORIENTED_EDGE('',*,*,#1522,.F.);
#2041=ORIENTED_EDGE('',*,*,#1523,.F.);
#2042=ORIENTED_EDGE('',*,*,#1524,.T.);
#2043=ORIENTED_EDGE('',*,*,#1525,.F.);
#2044=ORIENTED_EDGE('',*,*,#1526,.F.);
#2045=ORIENTED_EDGE('',*,*,#1527,.F.);
#2046=ORIENTED_EDGE('',*,*,#1528,.T.);
#2047=ORIENTED_EDGE('',*,*,#1529,.T.);
#2048=ORIENTED_EDGE('',*,*,#1530,.T.);
#2049=ORIENTED_EDGE('',*,*,#1531,.T.);
#2050=ORIENTED_EDGE('',*,*,#1532,.T.);
#2051=ORIENTED_EDGE('',*,*,#1533,.T.);
#2052=ORIENTED_EDGE('',*,*,#1528,.F.);
#2053=ORIENTED_EDGE('',*,*,#1534,.T.);
#2054=ORIENTED_EDGE('',*,*,#1534,.F.);
#2055=ORIENTED_EDGE('',*,*,#1531,.F.);
#2056=ORIENTED_EDGE('',*,*,#1535,.F.);
#2057=ORIENTED_EDGE('',*,*,#1536,.F.);
#2058=ORIENTED_EDGE('',*,*,#1537,.F.);
#2059=ORIENTED_EDGE('',*,*,#1538,.T.);
#2060=ORIENTED_EDGE('',*,*,#1539,.F.);
#2061=ORIENTED_EDGE('',*,*,#1540,.F.);
#2062=ORIENTED_EDGE('',*,*,#1526,.T.);
#2063=ORIENTED_EDGE('',*,*,#1541,.T.);
#2064=ORIENTED_EDGE('',*,*,#1542,.F.);
#2065=ORIENTED_EDGE('',*,*,#1541,.F.);
#2066=ORIENTED_EDGE('',*,*,#1527,.T.);
#2067=ORIENTED_EDGE('',*,*,#1543,.T.);
#2068=ORIENTED_EDGE('',*,*,#1544,.F.);
#2069=ORIENTED_EDGE('',*,*,#1543,.F.);
#2070=ORIENTED_EDGE('',*,*,#1539,.T.);
#2071=ORIENTED_EDGE('',*,*,#1545,.T.);
#2072=ORIENTED_EDGE('',*,*,#1546,.F.);
#2073=ORIENTED_EDGE('',*,*,#1545,.F.);
#2074=ORIENTED_EDGE('',*,*,#1540,.T.);
#2075=ORIENTED_EDGE('',*,*,#1547,.T.);
#2076=ORIENTED_EDGE('',*,*,#1548,.F.);
#2077=ORIENTED_EDGE('',*,*,#1547,.F.);
#2078=ORIENTED_EDGE('',*,*,#1523,.T.);
#2079=ORIENTED_EDGE('',*,*,#1549,.T.);
#2080=ORIENTED_EDGE('',*,*,#1550,.T.);
#2081=ORIENTED_EDGE('',*,*,#1551,.T.);
#2082=ORIENTED_EDGE('',*,*,#1550,.F.);
#2083=ORIENTED_EDGE('',*,*,#1552,.T.);
#2084=ORIENTED_EDGE('',*,*,#1553,.F.);
#2085=ORIENTED_EDGE('',*,*,#1554,.T.);
#2086=ORIENTED_EDGE('',*,*,#1555,.F.);
#2087=ORIENTED_EDGE('',*,*,#1556,.F.);
#2088=ORIENTED_EDGE('',*,*,#1488,.T.);
#2089=ORIENTED_EDGE('',*,*,#1491,.T.);
#2090=ORIENTED_EDGE('',*,*,#1501,.T.);
#2091=ORIENTED_EDGE('',*,*,#1498,.T.);
#2092=ORIENTED_EDGE('',*,*,#1495,.T.);
#2093=ORIENTED_EDGE('',*,*,#1503,.T.);
#2094=ORIENTED_EDGE('',*,*,#1513,.T.);
#2095=ORIENTED_EDGE('',*,*,#1510,.T.);
#2096=ORIENTED_EDGE('',*,*,#1507,.T.);
#2097=ORIENTED_EDGE('',*,*,#1542,.T.);
#2098=ORIENTED_EDGE('',*,*,#1544,.T.);
#2099=ORIENTED_EDGE('',*,*,#1548,.T.);
#2100=ORIENTED_EDGE('',*,*,#1546,.T.);
#2101=ORIENTED_EDGE('',*,*,#1549,.F.);
#2102=ORIENTED_EDGE('',*,*,#1522,.T.);
#2103=ORIENTED_EDGE('',*,*,#1517,.F.);
#2104=ORIENTED_EDGE('',*,*,#1557,.F.);
#2105=ORIENTED_EDGE('',*,*,#1558,.F.);
#2106=ORIENTED_EDGE('',*,*,#1559,.F.);
#2107=ORIENTED_EDGE('',*,*,#1532,.F.);
#2108=ORIENTED_EDGE('',*,*,#1538,.F.);
#2109=ORIENTED_EDGE('',*,*,#1560,.F.);
#2110=ORIENTED_EDGE('',*,*,#1552,.F.);
#2111=ORIENTED_EDGE('',*,*,#1537,.T.);
#2112=ORIENTED_EDGE('',*,*,#1561,.T.);
#2113=ORIENTED_EDGE('',*,*,#1553,.T.);
#2114=ORIENTED_EDGE('',*,*,#1560,.T.);
#2115=ORIENTED_EDGE('',*,*,#1533,.F.);
#2116=ORIENTED_EDGE('',*,*,#1559,.T.);
#2117=ORIENTED_EDGE('',*,*,#1562,.T.);
#2118=ORIENTED_EDGE('',*,*,#1563,.T.);
#2119=ORIENTED_EDGE('',*,*,#1564,.T.);
#2120=ORIENTED_EDGE('',*,*,#1565,.T.);
#2121=ORIENTED_EDGE('',*,*,#1562,.F.);
#2122=ORIENTED_EDGE('',*,*,#1558,.T.);
#2123=ORIENTED_EDGE('',*,*,#1516,.F.);
#2124=ORIENTED_EDGE('',*,*,#1566,.T.);
#2125=ORIENTED_EDGE('',*,*,#1564,.F.);
#2126=ORIENTED_EDGE('',*,*,#1557,.T.);
#2127=ORIENTED_EDGE('',*,*,#1567,.F.);
#2128=ORIENTED_EDGE('',*,*,#1568,.T.);
#2129=ORIENTED_EDGE('',*,*,#1569,.T.);
#2130=ORIENTED_EDGE('',*,*,#1568,.F.);
#2131=ORIENTED_EDGE('',*,*,#1569,.F.);
#2132=ORIENTED_EDGE('',*,*,#1570,.F.);
#2133=ORIENTED_EDGE('',*,*,#1571,.T.);
#2134=ORIENTED_EDGE('',*,*,#1572,.T.);
#2135=ORIENTED_EDGE('',*,*,#1571,.F.);
#2136=ORIENTED_EDGE('',*,*,#1572,.F.);
#2137=ORIENTED_EDGE('',*,*,#1573,.F.);
#2138=ORIENTED_EDGE('',*,*,#1574,.T.);
#2139=ORIENTED_EDGE('',*,*,#1575,.T.);
#2140=ORIENTED_EDGE('',*,*,#1574,.F.);
#2141=ORIENTED_EDGE('',*,*,#1575,.F.);
#2142=ORIENTED_EDGE('',*,*,#1576,.F.);
#2143=ORIENTED_EDGE('',*,*,#1577,.T.);
#2144=ORIENTED_EDGE('',*,*,#1578,.T.);
#2145=ORIENTED_EDGE('',*,*,#1577,.F.);
#2146=ORIENTED_EDGE('',*,*,#1578,.F.);
#2147=ORIENTED_EDGE('',*,*,#1579,.F.);
#2148=ORIENTED_EDGE('',*,*,#1580,.T.);
#2149=ORIENTED_EDGE('',*,*,#1581,.T.);
#2150=ORIENTED_EDGE('',*,*,#1580,.F.);
#2151=ORIENTED_EDGE('',*,*,#1581,.F.);
#2152=ORIENTED_EDGE('',*,*,#1582,.F.);
#2153=ORIENTED_EDGE('',*,*,#1583,.T.);
#2154=ORIENTED_EDGE('',*,*,#1584,.T.);
#2155=ORIENTED_EDGE('',*,*,#1585,.F.);
#2156=ORIENTED_EDGE('',*,*,#1586,.F.);
#2157=ORIENTED_EDGE('',*,*,#1587,.T.);
#2158=ORIENTED_EDGE('',*,*,#1588,.T.);
#2159=ORIENTED_EDGE('',*,*,#1583,.F.);
#2160=ORIENTED_EDGE('',*,*,#1589,.F.);
#2161=ORIENTED_EDGE('',*,*,#1590,.T.);
#2162=ORIENTED_EDGE('',*,*,#1591,.T.);
#2163=ORIENTED_EDGE('',*,*,#1587,.F.);
#2164=ORIENTED_EDGE('',*,*,#1592,.F.);
#2165=ORIENTED_EDGE('',*,*,#1593,.T.);
#2166=ORIENTED_EDGE('',*,*,#1594,.T.);
#2167=ORIENTED_EDGE('',*,*,#1590,.F.);
#2168=ORIENTED_EDGE('',*,*,#1595,.F.);
#2169=ORIENTED_EDGE('',*,*,#1596,.T.);
#2170=ORIENTED_EDGE('',*,*,#1597,.T.);
#2171=ORIENTED_EDGE('',*,*,#1593,.F.);
#2172=ORIENTED_EDGE('',*,*,#1598,.F.);
#2173=ORIENTED_EDGE('',*,*,#1599,.T.);
#2174=ORIENTED_EDGE('',*,*,#1600,.T.);
#2175=ORIENTED_EDGE('',*,*,#1596,.F.);
#2176=ORIENTED_EDGE('',*,*,#1601,.F.);
#2177=ORIENTED_EDGE('',*,*,#1602,.T.);
#2178=ORIENTED_EDGE('',*,*,#1603,.T.);
#2179=ORIENTED_EDGE('',*,*,#1599,.F.);
#2180=ORIENTED_EDGE('',*,*,#1604,.F.);
#2181=ORIENTED_EDGE('',*,*,#1605,.T.);
#2182=ORIENTED_EDGE('',*,*,#1606,.T.);
#2183=ORIENTED_EDGE('',*,*,#1602,.F.);
#2184=ORIENTED_EDGE('',*,*,#1607,.F.);
#2185=ORIENTED_EDGE('',*,*,#1608,.T.);
#2186=ORIENTED_EDGE('',*,*,#1609,.T.);
#2187=ORIENTED_EDGE('',*,*,#1605,.F.);
#2188=ORIENTED_EDGE('',*,*,#1610,.F.);
#2189=ORIENTED_EDGE('',*,*,#1611,.T.);
#2190=ORIENTED_EDGE('',*,*,#1612,.T.);
#2191=ORIENTED_EDGE('',*,*,#1608,.F.);
#2192=ORIENTED_EDGE('',*,*,#1613,.F.);
#2193=ORIENTED_EDGE('',*,*,#1614,.T.);
#2194=ORIENTED_EDGE('',*,*,#1615,.T.);
#2195=ORIENTED_EDGE('',*,*,#1611,.F.);
#2196=ORIENTED_EDGE('',*,*,#1490,.T.);
#2197=ORIENTED_EDGE('',*,*,#1493,.T.);
#2198=ORIENTED_EDGE('',*,*,#1497,.T.);
#2199=ORIENTED_EDGE('',*,*,#1500,.T.);
#2200=ORIENTED_EDGE('',*,*,#1502,.T.);
#2201=ORIENTED_EDGE('',*,*,#1505,.T.);
#2202=ORIENTED_EDGE('',*,*,#1509,.T.);
#2203=ORIENTED_EDGE('',*,*,#1512,.T.);
#2204=ORIENTED_EDGE('',*,*,#1514,.T.);
#2205=ORIENTED_EDGE('',*,*,#1616,.F.);
#2206=ORIENTED_EDGE('',*,*,#1617,.T.);
#2207=ORIENTED_EDGE('',*,*,#1618,.T.);
#2208=ORIENTED_EDGE('',*,*,#1614,.F.);
#2209=ORIENTED_EDGE('',*,*,#1619,.F.);
#2210=ORIENTED_EDGE('',*,*,#1620,.T.);
#2211=ORIENTED_EDGE('',*,*,#1621,.T.);
#2212=ORIENTED_EDGE('',*,*,#1617,.F.);
#2213=ORIENTED_EDGE('',*,*,#1622,.F.);
#2214=ORIENTED_EDGE('',*,*,#1623,.T.);
#2215=ORIENTED_EDGE('',*,*,#1624,.T.);
#2216=ORIENTED_EDGE('',*,*,#1620,.F.);
#2217=ORIENTED_EDGE('',*,*,#1625,.F.);
#2218=ORIENTED_EDGE('',*,*,#1626,.T.);
#2219=ORIENTED_EDGE('',*,*,#1627,.T.);
#2220=ORIENTED_EDGE('',*,*,#1623,.F.);
#2221=ORIENTED_EDGE('',*,*,#1628,.F.);
#2222=ORIENTED_EDGE('',*,*,#1629,.T.);
#2223=ORIENTED_EDGE('',*,*,#1630,.T.);
#2224=ORIENTED_EDGE('',*,*,#1626,.F.);
#2225=ORIENTED_EDGE('',*,*,#1631,.F.);
#2226=ORIENTED_EDGE('',*,*,#1632,.T.);
#2227=ORIENTED_EDGE('',*,*,#1633,.T.);
#2228=ORIENTED_EDGE('',*,*,#1629,.F.);
#2229=ORIENTED_EDGE('',*,*,#1634,.F.);
#2230=ORIENTED_EDGE('',*,*,#1635,.T.);
#2231=ORIENTED_EDGE('',*,*,#1636,.T.);
#2232=ORIENTED_EDGE('',*,*,#1632,.F.);
#2233=ORIENTED_EDGE('',*,*,#1637,.F.);
#2234=ORIENTED_EDGE('',*,*,#1638,.T.);
#2235=ORIENTED_EDGE('',*,*,#1639,.T.);
#2236=ORIENTED_EDGE('',*,*,#1635,.F.);
#2237=ORIENTED_EDGE('',*,*,#1640,.F.);
#2238=ORIENTED_EDGE('',*,*,#1641,.T.);
#2239=ORIENTED_EDGE('',*,*,#1642,.T.);
#2240=ORIENTED_EDGE('',*,*,#1638,.F.);
#2241=ORIENTED_EDGE('',*,*,#1643,.F.);
#2242=ORIENTED_EDGE('',*,*,#1644,.T.);
#2243=ORIENTED_EDGE('',*,*,#1645,.T.);
#2244=ORIENTED_EDGE('',*,*,#1641,.F.);
#2245=ORIENTED_EDGE('',*,*,#1646,.F.);
#2246=ORIENTED_EDGE('',*,*,#1647,.T.);
#2247=ORIENTED_EDGE('',*,*,#1648,.T.);
#2248=ORIENTED_EDGE('',*,*,#1644,.F.);
#2249=ORIENTED_EDGE('',*,*,#1649,.F.);
#2250=ORIENTED_EDGE('',*,*,#1650,.T.);
#2251=ORIENTED_EDGE('',*,*,#1651,.T.);
#2252=ORIENTED_EDGE('',*,*,#1647,.F.);
#2253=ORIENTED_EDGE('',*,*,#1652,.F.);
#2254=ORIENTED_EDGE('',*,*,#1585,.T.);
#2255=ORIENTED_EDGE('',*,*,#1653,.T.);
#2256=ORIENTED_EDGE('',*,*,#1650,.F.);
#2257=ORIENTED_EDGE('',*,*,#1653,.F.);
#2258=ORIENTED_EDGE('',*,*,#1584,.F.);
#2259=ORIENTED_EDGE('',*,*,#1588,.F.);
#2260=ORIENTED_EDGE('',*,*,#1591,.F.);
#2261=ORIENTED_EDGE('',*,*,#1594,.F.);
#2262=ORIENTED_EDGE('',*,*,#1597,.F.);
#2263=ORIENTED_EDGE('',*,*,#1600,.F.);
#2264=ORIENTED_EDGE('',*,*,#1603,.F.);
#2265=ORIENTED_EDGE('',*,*,#1606,.F.);
#2266=ORIENTED_EDGE('',*,*,#1609,.F.);
#2267=ORIENTED_EDGE('',*,*,#1612,.F.);
#2268=ORIENTED_EDGE('',*,*,#1615,.F.);
#2269=ORIENTED_EDGE('',*,*,#1618,.F.);
#2270=ORIENTED_EDGE('',*,*,#1621,.F.);
#2271=ORIENTED_EDGE('',*,*,#1624,.F.);
#2272=ORIENTED_EDGE('',*,*,#1627,.F.);
#2273=ORIENTED_EDGE('',*,*,#1630,.F.);
#2274=ORIENTED_EDGE('',*,*,#1633,.F.);
#2275=ORIENTED_EDGE('',*,*,#1636,.F.);
#2276=ORIENTED_EDGE('',*,*,#1639,.F.);
#2277=ORIENTED_EDGE('',*,*,#1642,.F.);
#2278=ORIENTED_EDGE('',*,*,#1645,.F.);
#2279=ORIENTED_EDGE('',*,*,#1648,.F.);
#2280=ORIENTED_EDGE('',*,*,#1651,.F.);
#2281=ORIENTED_EDGE('',*,*,#1520,.F.);
#2282=ORIENTED_EDGE('',*,*,#1654,.F.);
#2283=ORIENTED_EDGE('',*,*,#1655,.F.);
#2284=ORIENTED_EDGE('',*,*,#1566,.F.);
#2285=ORIENTED_EDGE('',*,*,#1565,.F.);
#2286=ORIENTED_EDGE('',*,*,#1655,.T.);
#2287=ORIENTED_EDGE('',*,*,#1656,.F.);
#2288=ORIENTED_EDGE('',*,*,#1657,.F.);
#2289=ORIENTED_EDGE('',*,*,#1529,.F.);
#2290=ORIENTED_EDGE('',*,*,#1563,.F.);
#2291=ORIENTED_EDGE('',*,*,#1657,.T.);
#2292=ORIENTED_EDGE('',*,*,#1658,.F.);
#2293=ORIENTED_EDGE('',*,*,#1561,.F.);
#2294=ORIENTED_EDGE('',*,*,#1536,.T.);
#2295=ORIENTED_EDGE('',*,*,#1659,.F.);
#2296=ORIENTED_EDGE('',*,*,#1554,.F.);
#2297=ORIENTED_EDGE('',*,*,#1551,.F.);
#2298=ORIENTED_EDGE('',*,*,#1556,.T.);
#2299=ORIENTED_EDGE('',*,*,#1660,.F.);
#2300=ORIENTED_EDGE('',*,*,#1524,.F.);
#2301=ORIENTED_EDGE('',*,*,#1660,.T.);
#2302=ORIENTED_EDGE('',*,*,#1555,.T.);
#2303=ORIENTED_EDGE('',*,*,#1659,.T.);
#2304=ORIENTED_EDGE('',*,*,#1535,.T.);
#2305=ORIENTED_EDGE('',*,*,#1530,.F.);
#2306=ORIENTED_EDGE('',*,*,#1658,.T.);
#2307=ORIENTED_EDGE('',*,*,#1656,.T.);
#2308=ORIENTED_EDGE('',*,*,#1654,.T.);
#2309=ORIENTED_EDGE('',*,*,#1519,.F.);
#2310=ORIENTED_EDGE('',*,*,#1525,.T.);
#2311=ORIENTED_EDGE('',*,*,#1567,.T.);
#2312=ORIENTED_EDGE('',*,*,#1570,.T.);
#2313=ORIENTED_EDGE('',*,*,#1573,.T.);
#2314=ORIENTED_EDGE('',*,*,#1576,.T.);
#2315=ORIENTED_EDGE('',*,*,#1579,.T.);
#2316=ORIENTED_EDGE('',*,*,#1582,.T.);
#2317=ORIENTED_EDGE('',*,*,#1652,.T.);
#2318=ORIENTED_EDGE('',*,*,#1649,.T.);
#2319=ORIENTED_EDGE('',*,*,#1646,.T.);
#2320=ORIENTED_EDGE('',*,*,#1643,.T.);
#2321=ORIENTED_EDGE('',*,*,#1640,.T.);
#2322=ORIENTED_EDGE('',*,*,#1637,.T.);
#2323=ORIENTED_EDGE('',*,*,#1634,.T.);
#2324=ORIENTED_EDGE('',*,*,#1631,.T.);
#2325=ORIENTED_EDGE('',*,*,#1628,.T.);
#2326=ORIENTED_EDGE('',*,*,#1625,.T.);
#2327=ORIENTED_EDGE('',*,*,#1622,.T.);
#2328=ORIENTED_EDGE('',*,*,#1619,.T.);
#2329=ORIENTED_EDGE('',*,*,#1616,.T.);
#2330=ORIENTED_EDGE('',*,*,#1613,.T.);
#2331=ORIENTED_EDGE('',*,*,#1610,.T.);
#2332=ORIENTED_EDGE('',*,*,#1607,.T.);
#2333=ORIENTED_EDGE('',*,*,#1604,.T.);
#2334=ORIENTED_EDGE('',*,*,#1601,.T.);
#2335=ORIENTED_EDGE('',*,*,#1598,.T.);
#2336=ORIENTED_EDGE('',*,*,#1595,.T.);
#2337=ORIENTED_EDGE('',*,*,#1592,.T.);
#2338=ORIENTED_EDGE('',*,*,#1589,.T.);
#2339=ORIENTED_EDGE('',*,*,#1586,.T.);
#2340=ORIENTED_EDGE('',*,*,#1661,.T.);
#2341=ORIENTED_EDGE('',*,*,#1662,.T.);
#2342=ORIENTED_EDGE('',*,*,#1663,.T.);
#2343=ORIENTED_EDGE('',*,*,#1664,.T.);
#2344=ORIENTED_EDGE('',*,*,#1663,.F.);
#2345=ORIENTED_EDGE('',*,*,#1665,.F.);
#2346=ORIENTED_EDGE('',*,*,#1666,.F.);
#2347=ORIENTED_EDGE('',*,*,#1667,.F.);
#2348=ORIENTED_EDGE('',*,*,#1668,.T.);
#2349=ORIENTED_EDGE('',*,*,#1669,.T.);
#2350=ORIENTED_EDGE('',*,*,#1662,.F.);
#2351=ORIENTED_EDGE('',*,*,#1670,.T.);
#2352=ORIENTED_EDGE('',*,*,#1671,.T.);
#2353=ORIENTED_EDGE('',*,*,#1672,.T.);
#2354=ORIENTED_EDGE('',*,*,#1673,.T.);
#2355=ORIENTED_EDGE('',*,*,#1674,.T.);
#2356=ORIENTED_EDGE('',*,*,#1675,.F.);
#2357=ORIENTED_EDGE('',*,*,#1665,.T.);
#2358=ORIENTED_EDGE('',*,*,#1676,.T.);
#2359=ORIENTED_EDGE('',*,*,#1677,.T.);
#2360=ORIENTED_EDGE('',*,*,#1678,.T.);
#2361=ORIENTED_EDGE('',*,*,#1679,.T.);
#2362=ORIENTED_EDGE('',*,*,#1680,.T.);
#2363=ORIENTED_EDGE('',*,*,#1666,.T.);
#2364=ORIENTED_EDGE('',*,*,#1675,.T.);
#2365=ORIENTED_EDGE('',*,*,#1681,.T.);
#2366=ORIENTED_EDGE('',*,*,#1682,.T.);
#2367=ORIENTED_EDGE('',*,*,#1683,.F.);
#2368=ORIENTED_EDGE('',*,*,#1684,.T.);
#2369=ORIENTED_EDGE('',*,*,#1685,.F.);
#2370=ORIENTED_EDGE('',*,*,#1684,.F.);
#2371=ORIENTED_EDGE('',*,*,#1686,.F.);
#2372=ORIENTED_EDGE('',*,*,#1687,.T.);
#2373=ORIENTED_EDGE('',*,*,#1688,.F.);
#2374=ORIENTED_EDGE('',*,*,#1687,.F.);
#2375=ORIENTED_EDGE('',*,*,#1689,.F.);
#2376=ORIENTED_EDGE('',*,*,#1690,.T.);
#2377=ORIENTED_EDGE('',*,*,#1691,.F.);
#2378=ORIENTED_EDGE('',*,*,#1690,.F.);
#2379=ORIENTED_EDGE('',*,*,#1692,.F.);
#2380=ORIENTED_EDGE('',*,*,#1693,.T.);
#2381=ORIENTED_EDGE('',*,*,#1694,.F.);
#2382=ORIENTED_EDGE('',*,*,#1693,.F.);
#2383=ORIENTED_EDGE('',*,*,#1695,.F.);
#2384=ORIENTED_EDGE('',*,*,#1696,.T.);
#2385=ORIENTED_EDGE('',*,*,#1697,.F.);
#2386=ORIENTED_EDGE('',*,*,#1696,.F.);
#2387=ORIENTED_EDGE('',*,*,#1698,.F.);
#2388=ORIENTED_EDGE('',*,*,#1699,.T.);
#2389=ORIENTED_EDGE('',*,*,#1700,.F.);
#2390=ORIENTED_EDGE('',*,*,#1699,.F.);
#2391=ORIENTED_EDGE('',*,*,#1701,.F.);
#2392=ORIENTED_EDGE('',*,*,#1702,.T.);
#2393=ORIENTED_EDGE('',*,*,#1703,.F.);
#2394=ORIENTED_EDGE('',*,*,#1702,.F.);
#2395=ORIENTED_EDGE('',*,*,#1704,.F.);
#2396=ORIENTED_EDGE('',*,*,#1705,.T.);
#2397=ORIENTED_EDGE('',*,*,#1706,.F.);
#2398=ORIENTED_EDGE('',*,*,#1705,.F.);
#2399=ORIENTED_EDGE('',*,*,#1676,.F.);
#2400=ORIENTED_EDGE('',*,*,#1707,.T.);
#2401=ORIENTED_EDGE('',*,*,#1708,.T.);
#2402=ORIENTED_EDGE('',*,*,#1707,.F.);
#2403=ORIENTED_EDGE('',*,*,#1708,.F.);
#2404=ORIENTED_EDGE('',*,*,#1695,.T.);
#2405=ORIENTED_EDGE('',*,*,#1698,.T.);
#2406=ORIENTED_EDGE('',*,*,#1701,.T.);
#2407=ORIENTED_EDGE('',*,*,#1704,.T.);
#2408=ORIENTED_EDGE('',*,*,#1677,.F.);
#2409=ORIENTED_EDGE('',*,*,#1709,.T.);
#2410=ORIENTED_EDGE('',*,*,#1710,.T.);
#2411=ORIENTED_EDGE('',*,*,#1711,.F.);
#2412=ORIENTED_EDGE('',*,*,#1680,.F.);
#2413=ORIENTED_EDGE('',*,*,#1712,.T.);
#2414=ORIENTED_EDGE('',*,*,#1713,.T.);
#2415=ORIENTED_EDGE('',*,*,#1709,.F.);
#2416=ORIENTED_EDGE('',*,*,#1679,.F.);
#2417=ORIENTED_EDGE('',*,*,#1714,.T.);
#2418=ORIENTED_EDGE('',*,*,#1715,.T.);
#2419=ORIENTED_EDGE('',*,*,#1712,.F.);
#2420=ORIENTED_EDGE('',*,*,#1678,.F.);
#2421=ORIENTED_EDGE('',*,*,#1711,.T.);
#2422=ORIENTED_EDGE('',*,*,#1716,.T.);
#2423=ORIENTED_EDGE('',*,*,#1714,.F.);
#2424=ORIENTED_EDGE('',*,*,#1716,.F.);
#2425=ORIENTED_EDGE('',*,*,#1710,.F.);
#2426=ORIENTED_EDGE('',*,*,#1713,.F.);
#2427=ORIENTED_EDGE('',*,*,#1715,.F.);
#2428=ORIENTED_EDGE('',*,*,#1683,.T.);
#2429=ORIENTED_EDGE('',*,*,#1686,.T.);
#2430=ORIENTED_EDGE('',*,*,#1689,.T.);
#2431=ORIENTED_EDGE('',*,*,#1692,.T.);
#2432=ORIENTED_EDGE('',*,*,#1681,.F.);
#2433=ORIENTED_EDGE('',*,*,#1674,.F.);
#2434=ORIENTED_EDGE('',*,*,#1717,.F.);
#2435=ORIENTED_EDGE('',*,*,#1718,.F.);
#2436=ORIENTED_EDGE('',*,*,#1719,.T.);
#2437=ORIENTED_EDGE('',*,*,#1720,.T.);
#2438=ORIENTED_EDGE('',*,*,#1717,.T.);
#2439=ORIENTED_EDGE('',*,*,#1673,.F.);
#2440=ORIENTED_EDGE('',*,*,#1721,.F.);
#2441=ORIENTED_EDGE('',*,*,#1722,.T.);
#2442=ORIENTED_EDGE('',*,*,#1721,.T.);
#2443=ORIENTED_EDGE('',*,*,#1672,.F.);
#2444=ORIENTED_EDGE('',*,*,#1723,.F.);
#2445=ORIENTED_EDGE('',*,*,#1724,.F.);
#2446=ORIENTED_EDGE('',*,*,#1723,.T.);
#2447=ORIENTED_EDGE('',*,*,#1671,.F.);
#2448=ORIENTED_EDGE('',*,*,#1725,.F.);
#2449=ORIENTED_EDGE('',*,*,#1661,.F.);
#2450=ORIENTED_EDGE('',*,*,#1726,.F.);
#2451=ORIENTED_EDGE('',*,*,#1727,.T.);
#2452=ORIENTED_EDGE('',*,*,#1725,.T.);
#2453=ORIENTED_EDGE('',*,*,#1670,.F.);
#2454=ORIENTED_EDGE('',*,*,#1664,.F.);
#2455=ORIENTED_EDGE('',*,*,#1669,.F.);
#2456=ORIENTED_EDGE('',*,*,#1728,.T.);
#2457=ORIENTED_EDGE('',*,*,#1726,.T.);
#2458=ORIENTED_EDGE('',*,*,#1682,.F.);
#2459=ORIENTED_EDGE('',*,*,#1719,.F.);
#2460=ORIENTED_EDGE('',*,*,#1729,.F.);
#2461=ORIENTED_EDGE('',*,*,#1667,.T.);
#2462=ORIENTED_EDGE('',*,*,#1729,.T.);
#2463=ORIENTED_EDGE('',*,*,#1718,.T.);
#2464=ORIENTED_EDGE('',*,*,#1720,.F.);
#2465=ORIENTED_EDGE('',*,*,#1722,.F.);
#2466=ORIENTED_EDGE('',*,*,#1724,.T.);
#2467=ORIENTED_EDGE('',*,*,#1727,.F.);
#2468=ORIENTED_EDGE('',*,*,#1728,.F.);
#2469=ORIENTED_EDGE('',*,*,#1668,.F.);
#2470=ORIENTED_EDGE('',*,*,#1685,.T.);
#2471=ORIENTED_EDGE('',*,*,#1688,.T.);
#2472=ORIENTED_EDGE('',*,*,#1691,.T.);
#2473=ORIENTED_EDGE('',*,*,#1694,.T.);
#2474=ORIENTED_EDGE('',*,*,#1697,.T.);
#2475=ORIENTED_EDGE('',*,*,#1700,.T.);
#2476=ORIENTED_EDGE('',*,*,#1703,.T.);
#2477=ORIENTED_EDGE('',*,*,#1706,.T.);
#2478=PLANE('',#2740);
#2479=PLANE('',#2744);
#2480=PLANE('',#2748);
#2481=PLANE('',#2752);
#2482=PLANE('',#2768);
#2483=PLANE('',#2776);
#2484=PLANE('',#2779);
#2485=PLANE('',#2787);
#2486=PLANE('',#2790);
#2487=PLANE('',#2798);
#2488=PLANE('',#2801);
#2489=PLANE('',#2809);
#2490=PLANE('',#2812);
#2491=PLANE('',#2816);
#2492=PLANE('',#2820);
#2493=PLANE('',#2824);
#2494=PLANE('',#2828);
#2495=PLANE('',#2829);
#2496=PLANE('',#2831);
#2497=PLANE('',#2837);
#2498=PLANE('',#2839);
#2499=PLANE('',#2841);
#2500=PLANE('',#2849);
#2501=PLANE('',#2852);
#2502=PLANE('',#2857);
#2503=PLANE('',#2861);
#2504=PLANE('',#2865);
#2505=PLANE('',#2869);
#2506=PLANE('',#2879);
#2507=PLANE('',#2889);
#2508=PLANE('',#2903);
#2509=PLANE('',#2905);
#2510=PLANE('',#2917);
#2511=PLANE('',#2921);
#2512=PLANE('',#2925);
#2513=PLANE('',#2929);
#2514=PLANE('',#2933);
#2515=PLANE('',#2937);
#2516=PLANE('',#2938);
#2517=PLANE('',#2942);
#2518=PLANE('',#2943);
#2519=PLANE('',#2944);
#2520=PLANE('',#2948);
#2521=PLANE('',#2949);
#2522=PLANE('',#2950);
#2523=PLANE('',#2951);
#2524=PLANE('',#2952);
#2525=PLANE('',#2956);
#2526=PLANE('',#2957);
#2527=PLANE('',#2958);
#2528=PLANE('',#2962);
#2529=PLANE('',#2963);
#2530=PLANE('',#2967);
#2531=PLANE('',#2971);
#2532=PLANE('',#2972);
#2533=PLANE('',#2973);
#2534=PLANE('',#2976);
#2535=PLANE('',#2977);
#2536=PLANE('',#2978);
#2537=PLANE('',#2979);
#2538=PLANE('',#2984);
#2539=PLANE('',#2986);
#2540=PLANE('',#3018);
#2541=PLANE('',#3021);
#2542=PLANE('',#3022);
#2543=PLANE('',#3023);
#2544=PLANE('',#3024);
#2545=PLANE('',#3025);
#2546=PLANE('',#3026);
#2547=PLANE('',#3029);
#2548=PLANE('',#3030);
#2549=PLANE('',#3031);
#2550=PLANE('',#3032);
#2551=PLANE('',#3033);
#2552=ADVANCED_FACE('',(#317),#2478,.F.);
#2553=ADVANCED_FACE('',(#318),#254,.F.);
#2554=ADVANCED_FACE('',(#319),#2479,.F.);
#2555=ADVANCED_FACE('',(#320),#255,.F.);
#2556=ADVANCED_FACE('',(#321),#2480,.F.);
#2557=ADVANCED_FACE('',(#322),#256,.F.);
#2558=ADVANCED_FACE('',(#323),#2481,.F.);
#2559=ADVANCED_FACE('',(#324),#257,.F.);
#2560=ADVANCED_FACE('',(#325),#258,.F.);
#2561=ADVANCED_FACE('',(#326),#259,.F.);
#2562=ADVANCED_FACE('',(#327),#260,.F.);
#2563=ADVANCED_FACE('',(#328),#261,.T.);
#2564=ADVANCED_FACE('',(#329,#57,#58,#59),#2482,.T.);
#2565=ADVANCED_FACE('',(#330),#262,.T.);
#2566=ADVANCED_FACE('',(#331),#39,.T.);
#2567=ADVANCED_FACE('',(#332),#263,.T.);
#2568=ADVANCED_FACE('',(#333),#2483,.T.);
#2569=ADVANCED_FACE('',(#334),#264,.T.);
#2570=ADVANCED_FACE('',(#335),#2484,.T.);
#2571=ADVANCED_FACE('',(#336),#265,.T.);
#2572=ADVANCED_FACE('',(#337),#40,.T.);
#2573=ADVANCED_FACE('',(#338),#266,.T.);
#2574=ADVANCED_FACE('',(#339),#2485,.T.);
#2575=ADVANCED_FACE('',(#340),#267,.T.);
#2576=ADVANCED_FACE('',(#341),#2486,.T.);
#2577=ADVANCED_FACE('',(#342),#268,.T.);
#2578=ADVANCED_FACE('',(#343),#41,.T.);
#2579=ADVANCED_FACE('',(#344),#269,.T.);
#2580=ADVANCED_FACE('',(#345),#2487,.T.);
#2581=ADVANCED_FACE('',(#346),#270,.T.);
#2582=ADVANCED_FACE('',(#347),#2488,.T.);
#2583=ADVANCED_FACE('',(#348),#271,.T.);
#2584=ADVANCED_FACE('',(#349),#42,.T.);
#2585=ADVANCED_FACE('',(#350),#272,.T.);
#2586=ADVANCED_FACE('',(#351),#2489,.T.);
#2587=ADVANCED_FACE('',(#352),#273,.T.);
#2588=ADVANCED_FACE('',(#353),#2490,.T.);
#2589=ADVANCED_FACE('',(#354),#274,.F.);
#2590=ADVANCED_FACE('',(#355),#2491,.T.);
#2591=ADVANCED_FACE('',(#356),#275,.F.);
#2592=ADVANCED_FACE('',(#357),#2492,.T.);
#2593=ADVANCED_FACE('',(#358),#276,.F.);
#2594=ADVANCED_FACE('',(#359),#2493,.T.);
#2595=ADVANCED_FACE('',(#360),#277,.F.);
#2596=ADVANCED_FACE('',(#361),#2494,.T.);
#2597=ADVANCED_FACE('',(#362),#2495,.T.);
#2598=ADVANCED_FACE('',(#363,#60,#61,#62),#2496,.T.);
#2599=ADVANCED_FACE('',(#364),#2497,.T.);
#2600=ADVANCED_FACE('',(#365),#2498,.T.);
#2601=ADVANCED_FACE('',(#366),#2499,.T.);
#2602=ADVANCED_FACE('',(#367),#43,.T.);
#2603=ADVANCED_FACE('',(#368),#278,.T.);
#2604=ADVANCED_FACE('',(#369,#63,#64,#65,#66,#67,#68,#69,#70,#71),#2500,
 .F.);
#2605=ADVANCED_FACE('',(#370),#279,.F.);
#2606=ADVANCED_FACE('',(#371,#72),#2501,.T.);
#2607=ADVANCED_FACE('',(#372),#280,.F.);
#2608=ADVANCED_FACE('',(#373),#2502,.F.);
#2609=ADVANCED_FACE('',(#374),#281,.F.);
#2610=ADVANCED_FACE('',(#375),#2503,.F.);
#2611=ADVANCED_FACE('',(#376),#282,.F.);
#2612=ADVANCED_FACE('',(#377),#2504,.F.);
#2613=ADVANCED_FACE('',(#378),#283,.F.);
#2614=ADVANCED_FACE('',(#379),#2505,.F.);
#2615=ADVANCED_FACE('',(#380),#284,.F.);
#2616=ADVANCED_FACE('',(#381),#44,.F.);
#2617=ADVANCED_FACE('',(#382),#285,.F.);
#2618=ADVANCED_FACE('',(#383,#73,#74),#2506,.T.);
#2619=ADVANCED_FACE('',(#384),#286,.F.);
#2620=ADVANCED_FACE('',(#385),#45,.F.);
#2621=ADVANCED_FACE('',(#386,#75,#76),#2507,.T.);
#2622=ADVANCED_FACE('',(#387),#23,.F.);
#2623=ADVANCED_FACE('',(#388),#24,.F.);
#2624=ADVANCED_FACE('',(#389),#25,.F.);
#2625=ADVANCED_FACE('',(#390),#26,.F.);
#2626=ADVANCED_FACE('',(#391),#287,.T.);
#2627=ADVANCED_FACE('',(#392,#77,#78,#79,#80,#81,#82,#83),#2508,.T.);
#2628=ADVANCED_FACE('',(#393),#2509,.F.);
#2629=ADVANCED_FACE('',(#394),#288,.T.);
#2630=ADVANCED_FACE('',(#395),#289,.T.);
#2631=ADVANCED_FACE('',(#396),#46,.T.);
#2632=ADVANCED_FACE('',(#397),#290,.T.);
#2633=ADVANCED_FACE('',(#398),#291,.F.);
#2634=ADVANCED_FACE('',(#399),#2510,.T.);
#2635=ADVANCED_FACE('',(#400),#292,.F.);
#2636=ADVANCED_FACE('',(#401),#2511,.T.);
#2637=ADVANCED_FACE('',(#402),#293,.F.);
#2638=ADVANCED_FACE('',(#403),#2512,.T.);
#2639=ADVANCED_FACE('',(#404),#294,.F.);
#2640=ADVANCED_FACE('',(#405),#2513,.T.);
#2641=ADVANCED_FACE('',(#406),#295,.F.);
#2642=ADVANCED_FACE('',(#407),#2514,.T.);
#2643=ADVANCED_FACE('',(#408),#296,.F.);
#2644=ADVANCED_FACE('',(#409),#2515,.F.);
#2645=ADVANCED_FACE('',(#410),#2516,.F.);
#2646=ADVANCED_FACE('',(#411),#297,.T.);
#2647=ADVANCED_FACE('',(#412),#2517,.F.);
#2648=ADVANCED_FACE('',(#413),#2518,.F.);
#2649=ADVANCED_FACE('',(#414),#2519,.F.);
#2650=ADVANCED_FACE('',(#415),#298,.T.);
#2651=ADVANCED_FACE('',(#416),#2520,.F.);
#2652=ADVANCED_FACE('',(#417),#2521,.F.);
#2653=ADVANCED_FACE('',(#418,#84,#85,#86),#2522,.F.);
#2654=ADVANCED_FACE('',(#419),#2523,.F.);
#2655=ADVANCED_FACE('',(#420),#2524,.F.);
#2656=ADVANCED_FACE('',(#421),#299,.T.);
#2657=ADVANCED_FACE('',(#422),#2525,.F.);
#2658=ADVANCED_FACE('',(#423),#2526,.F.);
#2659=ADVANCED_FACE('',(#424),#2527,.F.);
#2660=ADVANCED_FACE('',(#425),#300,.T.);
#2661=ADVANCED_FACE('',(#426),#2528,.F.);
#2662=ADVANCED_FACE('',(#427),#2529,.F.);
#2663=ADVANCED_FACE('',(#428),#301,.F.);
#2664=ADVANCED_FACE('',(#429),#2530,.F.);
#2665=ADVANCED_FACE('',(#430),#302,.T.);
#2666=ADVANCED_FACE('',(#431),#2531,.F.);
#2667=ADVANCED_FACE('',(#432),#2532,.T.);
#2668=ADVANCED_FACE('',(#433),#2533,.T.);
#2669=ADVANCED_FACE('',(#434),#303,.T.);
#2670=ADVANCED_FACE('',(#435),#2534,.T.);
#2671=ADVANCED_FACE('',(#436),#2535,.T.);
#2672=ADVANCED_FACE('',(#437),#2536,.T.);
#2673=ADVANCED_FACE('',(#438,#87,#88,#89,#90,#91,#92),#2537,.T.);
#2674=ADVANCED_FACE('',(#439),#304,.T.);
#2675=ADVANCED_FACE('',(#440),#2538,.T.);
#2676=ADVANCED_FACE('',(#441,#93,#94),#2539,.T.);
#2677=ADVANCED_FACE('',(#442),#305,.T.);
#2678=ADVANCED_FACE('',(#443),#306,.F.);
#2679=ADVANCED_FACE('',(#444),#307,.F.);
#2680=ADVANCED_FACE('',(#445),#308,.F.);
#2681=ADVANCED_FACE('',(#446),#309,.F.);
#2682=ADVANCED_FACE('',(#447),#310,.F.);
#2683=ADVANCED_FACE('',(#448),#311,.F.);
#2684=ADVANCED_FACE('',(#449),#312,.F.);
#2685=ADVANCED_FACE('',(#450),#313,.F.);
#2686=ADVANCED_FACE('',(#451),#314,.F.);
#2687=ADVANCED_FACE('',(#452,#95,#96,#97,#98),#2540,.T.);
#2688=ADVANCED_FACE('',(#453),#315,.T.);
#2689=ADVANCED_FACE('',(#454),#2541,.F.);
#2690=ADVANCED_FACE('',(#455),#2542,.F.);
#2691=ADVANCED_FACE('',(#456),#2543,.F.);
#2692=ADVANCED_FACE('',(#457,#99,#100,#101,#102),#2544,.T.);
#2693=ADVANCED_FACE('',(#458),#2545,.T.);
#2694=ADVANCED_FACE('',(#459),#2546,.T.);
#2695=ADVANCED_FACE('',(#460),#316,.T.);
#2696=ADVANCED_FACE('',(#461),#2547,.T.);
#2697=ADVANCED_FACE('',(#462),#2548,.T.);
#2698=ADVANCED_FACE('',(#463),#2549,.T.);
#2699=ADVANCED_FACE('',(#464),#2550,.T.);
#2700=ADVANCED_FACE('',(#465,#103,#104,#105,#106,#107,#108,#109,#110),#2551,
 .F.);
#2701=CLOSED_SHELL('',(#2552,#2553,#2554,#2555,#2556,#2557,#2558,#2559,
#2560,#2561,#2562,#2563,#2564,#2565,#2566,#2567,#2568,#2569,#2570,#2571,
#2572,#2573,#2574,#2575,#2576,#2577,#2578,#2579,#2580,#2581,#2582,#2583,
#2584,#2585,#2586,#2587,#2588,#2589,#2590,#2591,#2592,#2593,#2594,#2595,
#2596,#2597,#2598,#2599,#2600,#2601,#2602,#2603,#2604,#2605,#2606));
#2702=CLOSED_SHELL('',(#2607,#2608,#2609,#2610,#2611,#2612,#2613,#2614,
#2615,#2616,#2617,#2618,#2619,#2620,#2621,#2622,#2623,#2624,#2625,#2626,
#2627,#2628,#2629,#2630,#2631,#2632,#2633,#2634,#2635,#2636,#2637,#2638,
#2639,#2640,#2641,#2642,#2643,#2644,#2645,#2646,#2647,#2648,#2649,#2650,
#2651,#2652,#2653,#2654,#2655,#2656,#2657,#2658,#2659,#2660,#2661,#2662,
#2663,#2664,#2665,#2666,#2667,#2668,#2669,#2670,#2671,#2672,#2673));
#2703=CLOSED_SHELL('',(#2674,#2675,#2676,#2677,#2678,#2679,#2680,#2681,
#2682,#2683,#2684,#2685,#2686,#2687,#2688,#2689,#2690,#2691,#2692,#2693,
#2694,#2695,#2696,#2697,#2698,#2699,#2700));
#2704=DERIVED_UNIT_ELEMENT(#2710,1.);
#2705=DERIVED_UNIT_ELEMENT(#4724,-3.);
#2706=DERIVED_UNIT_ELEMENT(#2710,1.);
#2707=DERIVED_UNIT_ELEMENT(#4724,-3.);
#2708=DERIVED_UNIT_ELEMENT(#2710,1.);
#2709=DERIVED_UNIT_ELEMENT(#4724,-3.);
#2710=(
MASS_UNIT()
NAMED_UNIT(*)
SI_UNIT(.KILO.,.GRAM.)
);
#2711=DERIVED_UNIT((#2704,#2705));
#2712=DERIVED_UNIT((#2706,#2707));
#2713=DERIVED_UNIT((#2708,#2709));
#2714=MEASURE_REPRESENTATION_ITEM('density measure',
POSITIVE_RATIO_MEASURE(7850.),#2711);
#2715=MEASURE_REPRESENTATION_ITEM('density measure',
POSITIVE_RATIO_MEASURE(7850.),#2712);
#2716=MEASURE_REPRESENTATION_ITEM('density measure',
POSITIVE_RATIO_MEASURE(7850.),#2713);
#2717=PROPERTY_DEFINITION_REPRESENTATION(#2732,#2723);
#2718=PROPERTY_DEFINITION_REPRESENTATION(#2733,#2724);
#2719=PROPERTY_DEFINITION_REPRESENTATION(#2734,#2725);
#2720=PROPERTY_DEFINITION_REPRESENTATION(#2735,#2726);
#2721=PROPERTY_DEFINITION_REPRESENTATION(#2736,#2727);
#2722=PROPERTY_DEFINITION_REPRESENTATION(#2737,#2728);
#2723=REPRESENTATION('material name',(#2729),#4719);
#2724=REPRESENTATION('density',(#2714),#4719);
#2725=REPRESENTATION('material name',(#2730),#4720);
#2726=REPRESENTATION('density',(#2715),#4720);
#2727=REPRESENTATION('material name',(#2731),#4721);
#2728=REPRESENTATION('density',(#2716),#4721);
#2729=DESCRIPTIVE_REPRESENTATION_ITEM('\X2\AC15CCA0\X0\','\X2\AC15CCA0\X0\');
#2730=DESCRIPTIVE_REPRESENTATION_ITEM('\X2\AC15CCA0\X0\','\X2\AC15CCA0\X0\');
#2731=DESCRIPTIVE_REPRESENTATION_ITEM('\X2\AC15CCA0\X0\','\X2\AC15CCA0\X0\');
#2732=PROPERTY_DEFINITION('material property','material name',#4744);
#2733=PROPERTY_DEFINITION('material property','density of part',#4744);
#2734=PROPERTY_DEFINITION('material property','material name',#4745);
#2735=PROPERTY_DEFINITION('material property','density of part',#4745);
#2736=PROPERTY_DEFINITION('material property','material name',#4746);
#2737=PROPERTY_DEFINITION('material property','density of part',#4746);
#2738=AXIS2_PLACEMENT_3D('',#3856,#3037,#3038);
#2739=AXIS2_PLACEMENT_3D('',#3857,#3039,#3040);
#2740=AXIS2_PLACEMENT_3D('',#3858,#3041,#3042);
#2741=AXIS2_PLACEMENT_3D('',#3867,#3047,#3048);
#2742=AXIS2_PLACEMENT_3D('',#3869,#3049,#3050);
#2743=AXIS2_PLACEMENT_3D('',#3872,#3052,#3053);
#2744=AXIS2_PLACEMENT_3D('',#3873,#3054,#3055);
#2745=AXIS2_PLACEMENT_3D('',#3879,#3059,#3060);
#2746=AXIS2_PLACEMENT_3D('',#3880,#3061,#3062);
#2747=AXIS2_PLACEMENT_3D('',#3881,#3063,#3064);
#2748=AXIS2_PLACEMENT_3D('',#3882,#3065,#3066);
#2749=AXIS2_PLACEMENT_3D('',#3891,#3071,#3072);
#2750=AXIS2_PLACEMENT_3D('',#3893,#3073,#3074);
#2751=AXIS2_PLACEMENT_3D('',#3896,#3076,#3077);
#2752=AXIS2_PLACEMENT_3D('',#3897,#3078,#3079);
#2753=AXIS2_PLACEMENT_3D('',#3903,#3083,#3084);
#2754=AXIS2_PLACEMENT_3D('',#3904,#3085,#3086);
#2755=AXIS2_PLACEMENT_3D('',#3905,#3087,#3088);
#2756=AXIS2_PLACEMENT_3D('',#3906,#3089,#3090);
#2757=AXIS2_PLACEMENT_3D('',#3908,#3091,#3092);
#2758=AXIS2_PLACEMENT_3D('',#3911,#3094,#3095);
#2759=AXIS2_PLACEMENT_3D('',#3912,#3096,#3097);
#2760=AXIS2_PLACEMENT_3D('',#3914,#3098,#3099);
#2761=AXIS2_PLACEMENT_3D('',#3917,#3101,#3102);
#2762=AXIS2_PLACEMENT_3D('',#3918,#3103,#3104);
#2763=AXIS2_PLACEMENT_3D('',#3920,#3105,#3106);
#2764=AXIS2_PLACEMENT_3D('',#3923,#3108,#3109);
#2765=AXIS2_PLACEMENT_3D('',#3924,#3110,#3111);
#2766=AXIS2_PLACEMENT_3D('',#3926,#3112,#3113);
#2767=AXIS2_PLACEMENT_3D('',#3929,#3115,#3116);
#2768=AXIS2_PLACEMENT_3D('',#3930,#3117,#3118);
#2769=AXIS2_PLACEMENT_3D('',#3931,#3119,#3120);
#2770=AXIS2_PLACEMENT_3D('',#3934,#3121,#3122);
#2771=AXIS2_PLACEMENT_3D('',#3949,#3125,#3126);
#2772=AXIS2_PLACEMENT_3D('',#3952,#3127,#3128);
#2773=AXIS2_PLACEMENT_3D('',#3953,#3129,#3130);
#2774=AXIS2_PLACEMENT_3D('',#3954,#3131,#3132);
#2775=AXIS2_PLACEMENT_3D('',#3955,#3133,#3134);
#2776=AXIS2_PLACEMENT_3D('',#3970,#3137,#3138);
#2777=AXIS2_PLACEMENT_3D('',#3976,#3142,#3143);
#2778=AXIS2_PLACEMENT_3D('',#3979,#3145,#3146);
#2779=AXIS2_PLACEMENT_3D('',#3980,#3147,#3148);
#2780=AXIS2_PLACEMENT_3D('',#3984,#3151,#3152);
#2781=AXIS2_PLACEMENT_3D('',#3987,#3153,#3154);
#2782=AXIS2_PLACEMENT_3D('',#4002,#3157,#3158);
#2783=AXIS2_PLACEMENT_3D('',#4005,#3159,#3160);
#2784=AXIS2_PLACEMENT_3D('',#4006,#3161,#3162);
#2785=AXIS2_PLACEMENT_3D('',#4007,#3163,#3164);
#2786=AXIS2_PLACEMENT_3D('',#4008,#3165,#3166);
#2787=AXIS2_PLACEMENT_3D('',#4023,#3169,#3170);
#2788=AXIS2_PLACEMENT_3D('',#4029,#3174,#3175);
#2789=AXIS2_PLACEMENT_3D('',#4032,#3177,#3178);
#2790=AXIS2_PLACEMENT_3D('',#4033,#3179,#3180);
#2791=AXIS2_PLACEMENT_3D('',#4037,#3183,#3184);
#2792=AXIS2_PLACEMENT_3D('',#4040,#3185,#3186);
#2793=AXIS2_PLACEMENT_3D('',#4055,#3189,#3190);
#2794=AXIS2_PLACEMENT_3D('',#4058,#3191,#3192);
#2795=AXIS2_PLACEMENT_3D('',#4059,#3193,#3194);
#2796=AXIS2_PLACEMENT_3D('',#4060,#3195,#3196);
#2797=AXIS2_PLACEMENT_3D('',#4061,#3197,#3198);
#2798=AXIS2_PLACEMENT_3D('',#4076,#3201,#3202);
#2799=AXIS2_PLACEMENT_3D('',#4082,#3206,#3207);
#2800=AXIS2_PLACEMENT_3D('',#4085,#3209,#3210);
#2801=AXIS2_PLACEMENT_3D('',#4086,#3211,#3212);
#2802=AXIS2_PLACEMENT_3D('',#4090,#3215,#3216);
#2803=AXIS2_PLACEMENT_3D('',#4093,#3217,#3218);
#2804=AXIS2_PLACEMENT_3D('',#4108,#3221,#3222);
#2805=AXIS2_PLACEMENT_3D('',#4111,#3223,#3224);
#2806=AXIS2_PLACEMENT_3D('',#4112,#3225,#3226);
#2807=AXIS2_PLACEMENT_3D('',#4113,#3227,#3228);
#2808=AXIS2_PLACEMENT_3D('',#4114,#3229,#3230);
#2809=AXIS2_PLACEMENT_3D('',#4129,#3233,#3234);
#2810=AXIS2_PLACEMENT_3D('',#4135,#3238,#3239);
#2811=AXIS2_PLACEMENT_3D('',#4138,#3241,#3242);
#2812=AXIS2_PLACEMENT_3D('',#4139,#3243,#3244);
#2813=AXIS2_PLACEMENT_3D('',#4143,#3247,#3248);
#2814=AXIS2_PLACEMENT_3D('',#4145,#3249,#3250);
#2815=AXIS2_PLACEMENT_3D('',#4148,#3252,#3253);
#2816=AXIS2_PLACEMENT_3D('',#4149,#3254,#3255);
#2817=AXIS2_PLACEMENT_3D('',#4150,#3256,#3257);
#2818=AXIS2_PLACEMENT_3D('',#4152,#3258,#3259);
#2819=AXIS2_PLACEMENT_3D('',#4155,#3261,#3262);
#2820=AXIS2_PLACEMENT_3D('',#4156,#3263,#3264);
#2821=AXIS2_PLACEMENT_3D('',#4157,#3265,#3266);
#2822=AXIS2_PLACEMENT_3D('',#4159,#3267,#3268);
#2823=AXIS2_PLACEMENT_3D('',#4162,#3270,#3271);
#2824=AXIS2_PLACEMENT_3D('',#4163,#3272,#3273);
#2825=AXIS2_PLACEMENT_3D('',#4164,#3274,#3275);
#2826=AXIS2_PLACEMENT_3D('',#4166,#3276,#3277);
#2827=AXIS2_PLACEMENT_3D('',#4169,#3279,#3280);
#2828=AXIS2_PLACEMENT_3D('',#4170,#3281,#3282);
#2829=AXIS2_PLACEMENT_3D('',#4171,#3283,#3284);
#2830=AXIS2_PLACEMENT_3D('',#4172,#3285,#3286);
#2831=AXIS2_PLACEMENT_3D('',#4173,#3287,#3288);
#2832=AXIS2_PLACEMENT_3D('',#4174,#3289,#3290);
#2833=AXIS2_PLACEMENT_3D('',#4175,#3291,#3292);
#2834=AXIS2_PLACEMENT_3D('',#4176,#3293,#3294);
#2835=AXIS2_PLACEMENT_3D('',#4178,#3295,#3296);
#2836=AXIS2_PLACEMENT_3D('',#4179,#3297,#3298);
#2837=AXIS2_PLACEMENT_3D('',#4180,#3299,#3300);
#2838=AXIS2_PLACEMENT_3D('',#4181,#3301,#3302);
#2839=AXIS2_PLACEMENT_3D('',#4182,#3303,#3304);
#2840=AXIS2_PLACEMENT_3D('',#4183,#3305,#3306);
#2841=AXIS2_PLACEMENT_3D('',#4184,#3307,#3308);
#2842=AXIS2_PLACEMENT_3D('',#4185,#3309,#3310);
#2843=AXIS2_PLACEMENT_3D('',#4186,#3311,#3312);
#2844=AXIS2_PLACEMENT_3D('',#4188,#3313,#3314);
#2845=AXIS2_PLACEMENT_3D('',#4190,#3315,#3316);
#2846=AXIS2_PLACEMENT_3D('',#4191,#3317,#3318);
#2847=AXIS2_PLACEMENT_3D('',#4192,#3319,#3320);
#2848=AXIS2_PLACEMENT_3D('',#4194,#3321,#3322);
#2849=AXIS2_PLACEMENT_3D('',#4196,#3324,#3325);
#2850=AXIS2_PLACEMENT_3D('',#4197,#3326,#3327);
#2851=AXIS2_PLACEMENT_3D('',#4199,#3328,#3329);
#2852=AXIS2_PLACEMENT_3D('',#4201,#3331,#3332);
#2853=AXIS2_PLACEMENT_3D('',#4202,#3333,#3334);
#2854=AXIS2_PLACEMENT_3D('',#4203,#3335,#3336);
#2855=AXIS2_PLACEMENT_3D('',#4205,#3337,#3338);
#2856=AXIS2_PLACEMENT_3D('',#4208,#3340,#3341);
#2857=AXIS2_PLACEMENT_3D('',#4209,#3342,#3343);
#2858=AXIS2_PLACEMENT_3D('',#4218,#3348,#3349);
#2859=AXIS2_PLACEMENT_3D('',#4220,#3350,#3351);
#2860=AXIS2_PLACEMENT_3D('',#4223,#3353,#3354);
#2861=AXIS2_PLACEMENT_3D('',#4224,#3355,#3356);
#2862=AXIS2_PLACEMENT_3D('',#4230,#3360,#3361);
#2863=AXIS2_PLACEMENT_3D('',#4231,#3362,#3363);
#2864=AXIS2_PLACEMENT_3D('',#4232,#3364,#3365);
#2865=AXIS2_PLACEMENT_3D('',#4233,#3366,#3367);
#2866=AXIS2_PLACEMENT_3D('',#4242,#3372,#3373);
#2867=AXIS2_PLACEMENT_3D('',#4244,#3374,#3375);
#2868=AXIS2_PLACEMENT_3D('',#4247,#3377,#3378);
#2869=AXIS2_PLACEMENT_3D('',#4248,#3379,#3380);
#2870=AXIS2_PLACEMENT_3D('',#4254,#3384,#3385);
#2871=AXIS2_PLACEMENT_3D('',#4255,#3386,#3387);
#2872=AXIS2_PLACEMENT_3D('',#4256,#3388,#3389);
#2873=AXIS2_PLACEMENT_3D('',#4257,#3390,#3391);
#2874=AXIS2_PLACEMENT_3D('',#4260,#3392,#3393);
#2875=AXIS2_PLACEMENT_3D('',#4262,#3394,#3395);
#2876=AXIS2_PLACEMENT_3D('',#4270,#3396,#3397);
#2877=AXIS2_PLACEMENT_3D('',#4271,#3398,#3399);
#2878=AXIS2_PLACEMENT_3D('',#4274,#3400,#3401);
#2879=AXIS2_PLACEMENT_3D('',#4277,#3404,#3405);
#2880=AXIS2_PLACEMENT_3D('',#4281,#3407,#3408);
#2881=AXIS2_PLACEMENT_3D('',#4286,#3411,#3412);
#2882=AXIS2_PLACEMENT_3D('',#4288,#3413,#3414);
#2883=AXIS2_PLACEMENT_3D('',#4289,#3415,#3416);
#2884=AXIS2_PLACEMENT_3D('',#4292,#3417,#3418);
#2885=AXIS2_PLACEMENT_3D('',#4296,#3420,#3421);
#2886=AXIS2_PLACEMENT_3D('',#4298,#3423,#3424);
#2887=AXIS2_PLACEMENT_3D('',#4307,#3425,#3426);
#2888=AXIS2_PLACEMENT_3D('',#4308,#3427,#3428);
#2889=AXIS2_PLACEMENT_3D('',#4309,#3429,#3430);
#2890=AXIS2_PLACEMENT_3D('',#4315,#3433,#3434);
#2891=AXIS2_PLACEMENT_3D('',#4318,#3436,#3437);
#2892=AXIS2_PLACEMENT_3D('',#4320,#3438,#3439);
#2893=AXIS2_PLACEMENT_3D('',#4321,#3440,#3441);
#2894=AXIS2_PLACEMENT_3D('',#4324,#3443,#3444);
#2895=AXIS2_PLACEMENT_3D('',#4325,#3445,#3446);
#2896=AXIS2_PLACEMENT_3D('',#4328,#3448,#3449);
#2897=AXIS2_PLACEMENT_3D('',#4329,#3450,#3451);
#2898=AXIS2_PLACEMENT_3D('',#4332,#3453,#3454);
#2899=AXIS2_PLACEMENT_3D('',#4333,#3455,#3456);
#2900=AXIS2_PLACEMENT_3D('',#4336,#3458,#3459);
#2901=AXIS2_PLACEMENT_3D('',#4337,#3460,#3461);
#2902=AXIS2_PLACEMENT_3D('',#4341,#3463,#3464);
#2903=AXIS2_PLACEMENT_3D('',#4343,#3466,#3467);
#2904=AXIS2_PLACEMENT_3D('',#4347,#3469,#3470);
#2905=AXIS2_PLACEMENT_3D('',#4353,#3474,#3475);
#2906=AXIS2_PLACEMENT_3D('',#4357,#3477,#3478);
#2907=AXIS2_PLACEMENT_3D('',#4360,#3481,#3482);
#2908=AXIS2_PLACEMENT_3D('',#4362,#3484,#3485);
#2909=AXIS2_PLACEMENT_3D('',#4364,#3486,#3487);
#2910=AXIS2_PLACEMENT_3D('',#4366,#3489,#3490);
#2911=AXIS2_PLACEMENT_3D('',#4368,#3491,#3492);
#2912=AXIS2_PLACEMENT_3D('',#4369,#3493,#3494);
#2913=AXIS2_PLACEMENT_3D('',#4370,#3495,#3496);
#2914=AXIS2_PLACEMENT_3D('',#4372,#3498,#3499);
#2915=AXIS2_PLACEMENT_3D('',#4374,#3500,#3501);
#2916=AXIS2_PLACEMENT_3D('',#4377,#3503,#3504);
#2917=AXIS2_PLACEMENT_3D('',#4378,#3505,#3506);
#2918=AXIS2_PLACEMENT_3D('',#4379,#3507,#3508);
#2919=AXIS2_PLACEMENT_3D('',#4381,#3509,#3510);
#2920=AXIS2_PLACEMENT_3D('',#4384,#3512,#3513);
#2921=AXIS2_PLACEMENT_3D('',#4385,#3514,#3515);
#2922=AXIS2_PLACEMENT_3D('',#4386,#3516,#3517);
#2923=AXIS2_PLACEMENT_3D('',#4388,#3518,#3519);
#2924=AXIS2_PLACEMENT_3D('',#4391,#3521,#3522);
#2925=AXIS2_PLACEMENT_3D('',#4392,#3523,#3524);
#2926=AXIS2_PLACEMENT_3D('',#4393,#3525,#3526);
#2927=AXIS2_PLACEMENT_3D('',#4395,#3527,#3528);
#2928=AXIS2_PLACEMENT_3D('',#4398,#3530,#3531);
#2929=AXIS2_PLACEMENT_3D('',#4399,#3532,#3533);
#2930=AXIS2_PLACEMENT_3D('',#4400,#3534,#3535);
#2931=AXIS2_PLACEMENT_3D('',#4402,#3536,#3537);
#2932=AXIS2_PLACEMENT_3D('',#4405,#3539,#3540);
#2933=AXIS2_PLACEMENT_3D('',#4406,#3541,#3542);
#2934=AXIS2_PLACEMENT_3D('',#4407,#3543,#3544);
#2935=AXIS2_PLACEMENT_3D('',#4410,#3545,#3546);
#2936=AXIS2_PLACEMENT_3D('',#4414,#3548,#3549);
#2937=AXIS2_PLACEMENT_3D('',#4416,#3551,#3552);
#2938=AXIS2_PLACEMENT_3D('',#4422,#3556,#3557);
#2939=AXIS2_PLACEMENT_3D('',#4428,#3561,#3562);
#2940=AXIS2_PLACEMENT_3D('',#4430,#3563,#3564);
#2941=AXIS2_PLACEMENT_3D('',#4433,#3566,#3567);
#2942=AXIS2_PLACEMENT_3D('',#4434,#3568,#3569);
#2943=AXIS2_PLACEMENT_3D('',#4440,#3573,#3574);
#2944=AXIS2_PLACEMENT_3D('',#4446,#3578,#3579);
#2945=AXIS2_PLACEMENT_3D('',#4452,#3583,#3584);
#2946=AXIS2_PLACEMENT_3D('',#4454,#3585,#3586);
#2947=AXIS2_PLACEMENT_3D('',#4457,#3588,#3589);
#2948=AXIS2_PLACEMENT_3D('',#4458,#3590,#3591);
#2949=AXIS2_PLACEMENT_3D('',#4464,#3595,#3596);
#2950=AXIS2_PLACEMENT_3D('',#4470,#3600,#3601);
#2951=AXIS2_PLACEMENT_3D('',#4476,#3605,#3606);
#2952=AXIS2_PLACEMENT_3D('',#4482,#3610,#3611);
#2953=AXIS2_PLACEMENT_3D('',#4488,#3615,#3616);
#2954=AXIS2_PLACEMENT_3D('',#4490,#3617,#3618);
#2955=AXIS2_PLACEMENT_3D('',#4493,#3620,#3621);
#2956=AXIS2_PLACEMENT_3D('',#4494,#3622,#3623);
#2957=AXIS2_PLACEMENT_3D('',#4500,#3627,#3628);
#2958=AXIS2_PLACEMENT_3D('',#4506,#3632,#3633);
#2959=AXIS2_PLACEMENT_3D('',#4512,#3637,#3638);
#2960=AXIS2_PLACEMENT_3D('',#4514,#3639,#3640);
#2961=AXIS2_PLACEMENT_3D('',#4517,#3642,#3643);
#2962=AXIS2_PLACEMENT_3D('',#4518,#3644,#3645);
#2963=AXIS2_PLACEMENT_3D('',#4524,#3649,#3650);
#2964=AXIS2_PLACEMENT_3D('',#4530,#3654,#3655);
#2965=AXIS2_PLACEMENT_3D('',#4532,#3656,#3657);
#2966=AXIS2_PLACEMENT_3D('',#4535,#3659,#3660);
#2967=AXIS2_PLACEMENT_3D('',#4536,#3661,#3662);
#2968=AXIS2_PLACEMENT_3D('',#4542,#3666,#3667);
#2969=AXIS2_PLACEMENT_3D('',#4544,#3668,#3669);
#2970=AXIS2_PLACEMENT_3D('',#4547,#3671,#3672);
#2971=AXIS2_PLACEMENT_3D('',#4548,#3673,#3674);
#2972=AXIS2_PLACEMENT_3D('',#4551,#3677,#3678);
#2973=AXIS2_PLACEMENT_3D('',#4552,#3679,#3680);
#2974=AXIS2_PLACEMENT_3D('',#4556,#3683,#3684);
#2975=AXIS2_PLACEMENT_3D('',#4558,#3685,#3686);
#2976=AXIS2_PLACEMENT_3D('',#4560,#3688,#3689);
#2977=AXIS2_PLACEMENT_3D('',#4562,#3691,#3692);
#2978=AXIS2_PLACEMENT_3D('',#4564,#3694,#3695);
#2979=AXIS2_PLACEMENT_3D('',#4566,#3697,#3698);
#2980=AXIS2_PLACEMENT_3D('',#4567,#3699,#3700);
#2981=AXIS2_PLACEMENT_3D('',#4568,#3701,#3702);
#2982=AXIS2_PLACEMENT_3D('',#4571,#3703,#3704);
#2983=AXIS2_PLACEMENT_3D('',#4575,#3706,#3707);
#2984=AXIS2_PLACEMENT_3D('',#4577,#3709,#3710);
#2985=AXIS2_PLACEMENT_3D('',#4581,#3712,#3713);
#2986=AXIS2_PLACEMENT_3D('',#4587,#3717,#3718);
#2987=AXIS2_PLACEMENT_3D('',#4593,#3721,#3722);
#2988=AXIS2_PLACEMENT_3D('',#4600,#3726,#3727);
#2989=AXIS2_PLACEMENT_3D('',#4603,#3728,#3729);
#2990=AXIS2_PLACEMENT_3D('',#4609,#3733,#3734);
#2991=AXIS2_PLACEMENT_3D('',#4611,#3735,#3736);
#2992=AXIS2_PLACEMENT_3D('',#4613,#3738,#3739);
#2993=AXIS2_PLACEMENT_3D('',#4615,#3740,#3741);
#2994=AXIS2_PLACEMENT_3D('',#4618,#3743,#3744);
#2995=AXIS2_PLACEMENT_3D('',#4619,#3745,#3746);
#2996=AXIS2_PLACEMENT_3D('',#4621,#3747,#3748);
#2997=AXIS2_PLACEMENT_3D('',#4624,#3750,#3751);
#2998=AXIS2_PLACEMENT_3D('',#4625,#3752,#3753);
#2999=AXIS2_PLACEMENT_3D('',#4627,#3754,#3755);
#3000=AXIS2_PLACEMENT_3D('',#4630,#3757,#3758);
#3001=AXIS2_PLACEMENT_3D('',#4631,#3759,#3760);
#3002=AXIS2_PLACEMENT_3D('',#4633,#3761,#3762);
#3003=AXIS2_PLACEMENT_3D('',#4636,#3764,#3765);
#3004=AXIS2_PLACEMENT_3D('',#4637,#3766,#3767);
#3005=AXIS2_PLACEMENT_3D('',#4639,#3768,#3769);
#3006=AXIS2_PLACEMENT_3D('',#4642,#3771,#3772);
#3007=AXIS2_PLACEMENT_3D('',#4643,#3773,#3774);
#3008=AXIS2_PLACEMENT_3D('',#4645,#3775,#3776);
#3009=AXIS2_PLACEMENT_3D('',#4648,#3778,#3779);
#3010=AXIS2_PLACEMENT_3D('',#4649,#3780,#3781);
#3011=AXIS2_PLACEMENT_3D('',#4651,#3782,#3783);
#3012=AXIS2_PLACEMENT_3D('',#4654,#3785,#3786);
#3013=AXIS2_PLACEMENT_3D('',#4655,#3787,#3788);
#3014=AXIS2_PLACEMENT_3D('',#4657,#3789,#3790);
#3015=AXIS2_PLACEMENT_3D('',#4660,#3792,#3793);
#3016=AXIS2_PLACEMENT_3D('',#4661,#3794,#3795);
#3017=AXIS2_PLACEMENT_3D('',#4664,#3797,#3798);
#3018=AXIS2_PLACEMENT_3D('',#4665,#3799,#3800);
#3019=AXIS2_PLACEMENT_3D('',#4666,#3801,#3802);
#3020=AXIS2_PLACEMENT_3D('',#4670,#3804,#3805);
#3021=AXIS2_PLACEMENT_3D('',#4672,#3807,#3808);
#3022=AXIS2_PLACEMENT_3D('',#4676,#3811,#3812);
#3023=AXIS2_PLACEMENT_3D('',#4680,#3815,#3816);
#3024=AXIS2_PLACEMENT_3D('',#4682,#3818,#3819);
#3025=AXIS2_PLACEMENT_3D('',#4683,#3820,#3821);
#3026=AXIS2_PLACEMENT_3D('',#4689,#3825,#3826);
#3027=AXIS2_PLACEMENT_3D('',#4693,#3829,#3830);
#3028=AXIS2_PLACEMENT_3D('',#4695,#3831,#3832);
#3029=AXIS2_PLACEMENT_3D('',#4697,#3834,#3835);
#3030=AXIS2_PLACEMENT_3D('',#4701,#3838,#3839);
#3031=AXIS2_PLACEMENT_3D('',#4705,#3842,#3843);
#3032=AXIS2_PLACEMENT_3D('',#4707,#3845,#3846);
#3033=AXIS2_PLACEMENT_3D('',#4709,#3848,#3849);
#3034=AXIS2_PLACEMENT_3D('',#4710,#3850,#3851);
#3035=AXIS2_PLACEMENT_3D('',#4711,#3852,#3853);
#3036=AXIS2_PLACEMENT_3D('',#4712,#3854,#3855);
#3037=DIRECTION('axis',(0.,0.,1.));
#3038=DIRECTION('refdir',(1.,0.,0.));
#3039=DIRECTION('axis',(0.,0.,1.));
#3040=DIRECTION('refdir',(1.,0.,0.));
#3041=DIRECTION('center_axis',(1.,4.44089209850063E-16,0.));
#3042=DIRECTION('ref_axis',(4.44089209850063E-16,-1.,1.22464679914735E-16));
#3043=DIRECTION('',(4.44089209850063E-16,-1.,1.22464679914735E-16));
#3044=DIRECTION('',(5.43852429378756E-32,-1.22464679914735E-16,-1.));
#3045=DIRECTION('',(-4.44089209850063E-16,1.,-1.22464679914735E-16));
#3046=DIRECTION('',(5.43852429378756E-32,-1.22464679914735E-16,-1.));
#3047=DIRECTION('center_axis',(5.43852429378756E-32,-1.22464679914735E-16,
-1.));
#3048=DIRECTION('ref_axis',(1.,4.44089209850063E-16,0.));
#3049=DIRECTION('center_axis',(5.43852429378756E-32,-1.22464679914735E-16,
-1.));
#3050=DIRECTION('ref_axis',(1.,4.44089209850063E-16,0.));
#3051=DIRECTION('',(5.43852429378756E-32,-1.22464679914735E-16,-1.));
#3052=DIRECTION('center_axis',(-5.43852429378756E-32,1.22464679914735E-16,
1.));
#3053=DIRECTION('ref_axis',(1.,4.44089209850063E-16,0.));
#3054=DIRECTION('center_axis',(-1.,-4.44089209850063E-16,0.));
#3055=DIRECTION('ref_axis',(-4.44089209850063E-16,1.,-1.22464679914735E-16));
#3056=DIRECTION('',(-4.44089209850063E-16,1.,-1.22464679914735E-16));
#3057=DIRECTION('',(5.43852429378756E-32,-1.22464679914735E-16,-1.));
#3058=DIRECTION('',(4.44089209850063E-16,-1.,1.22464679914735E-16));
#3059=DIRECTION('center_axis',(5.43852429378756E-32,-1.22464679914735E-16,
-1.));
#3060=DIRECTION('ref_axis',(-1.,-4.44089209850063E-16,0.));
#3061=DIRECTION('center_axis',(5.43852429378756E-32,-1.22464679914735E-16,
-1.));
#3062=DIRECTION('ref_axis',(-1.,-4.44089209850063E-16,0.));
#3063=DIRECTION('center_axis',(-5.43852429378756E-32,1.22464679914735E-16,
1.));
#3064=DIRECTION('ref_axis',(-1.,-4.44089209850063E-16,0.));
#3065=DIRECTION('center_axis',(-1.,-4.44089209850063E-16,0.));
#3066=DIRECTION('ref_axis',(-4.44089209850063E-16,1.,-1.22464679914735E-16));
#3067=DIRECTION('',(-4.44089209850063E-16,1.,-1.22464679914735E-16));
#3068=DIRECTION('',(5.43852429378756E-32,-1.22464679914735E-16,-1.));
#3069=DIRECTION('',(4.44089209850063E-16,-1.,1.22464679914735E-16));
#3070=DIRECTION('',(5.43852429378756E-32,-1.22464679914735E-16,-1.));
#3071=DIRECTION('center_axis',(5.43852429378756E-32,-1.22464679914735E-16,
-1.));
#3072=DIRECTION('ref_axis',(-1.,-4.44089209850063E-16,0.));
#3073=DIRECTION('center_axis',(5.43852429378756E-32,-1.22464679914735E-16,
-1.));
#3074=DIRECTION('ref_axis',(-1.,-4.44089209850063E-16,0.));
#3075=DIRECTION('',(5.43852429378756E-32,-1.22464679914735E-16,-1.));
#3076=DIRECTION('center_axis',(-5.43852429378756E-32,1.22464679914735E-16,
1.));
#3077=DIRECTION('ref_axis',(-1.,-4.44089209850063E-16,0.));
#3078=DIRECTION('center_axis',(1.,4.44089209850063E-16,0.));
#3079=DIRECTION('ref_axis',(4.44089209850063E-16,-1.,1.22464679914735E-16));
#3080=DIRECTION('',(4.44089209850063E-16,-1.,1.22464679914735E-16));
#3081=DIRECTION('',(5.43852429378756E-32,-1.22464679914735E-16,-1.));
#3082=DIRECTION('',(-4.44089209850063E-16,1.,-1.22464679914735E-16));
#3083=DIRECTION('center_axis',(5.43852429378756E-32,-1.22464679914735E-16,
-1.));
#3084=DIRECTION('ref_axis',(1.,4.44089209850063E-16,0.));
#3085=DIRECTION('center_axis',(5.43852429378756E-32,-1.22464679914735E-16,
-1.));
#3086=DIRECTION('ref_axis',(1.,4.44089209850063E-16,0.));
#3087=DIRECTION('center_axis',(-5.43852429378756E-32,1.22464679914735E-16,
1.));
#3088=DIRECTION('ref_axis',(1.,4.44089209850063E-16,0.));
#3089=DIRECTION('center_axis',(-5.43852429378756E-32,1.22464679914735E-16,
1.));
#3090=DIRECTION('ref_axis',(1.,4.44089209850062E-16,0.));
#3091=DIRECTION('center_axis',(-5.43852429378756E-32,1.22464679914735E-16,
1.));
#3092=DIRECTION('ref_axis',(1.,4.44089209850062E-16,0.));
#3093=DIRECTION('',(-5.43852429378756E-32,1.22464679914735E-16,1.));
#3094=DIRECTION('center_axis',(5.43852429378756E-32,-1.22464679914735E-16,
-1.));
#3095=DIRECTION('ref_axis',(1.,4.44089209850062E-16,0.));
#3096=DIRECTION('center_axis',(-5.43852429378756E-32,1.22464679914735E-16,
1.));
#3097=DIRECTION('ref_axis',(1.,4.44089209850063E-16,0.));
#3098=DIRECTION('center_axis',(-5.43852429378756E-32,1.22464679914735E-16,
1.));
#3099=DIRECTION('ref_axis',(1.,4.44089209850063E-16,0.));
#3100=DIRECTION('',(-5.43852429378756E-32,1.22464679914735E-16,1.));
#3101=DIRECTION('center_axis',(5.43852429378756E-32,-1.22464679914735E-16,
-1.));
#3102=DIRECTION('ref_axis',(1.,4.44089209850063E-16,0.));
#3103=DIRECTION('center_axis',(-5.43852429378756E-32,1.22464679914735E-16,
1.));
#3104=DIRECTION('ref_axis',(1.,4.44089209850062E-16,0.));
#3105=DIRECTION('center_axis',(-5.43852429378756E-32,1.22464679914735E-16,
1.));
#3106=DIRECTION('ref_axis',(1.,4.44089209850062E-16,0.));
#3107=DIRECTION('',(-5.43852429378756E-32,1.22464679914735E-16,1.));
#3108=DIRECTION('center_axis',(5.43852429378756E-32,-1.22464679914735E-16,
-1.));
#3109=DIRECTION('ref_axis',(1.,4.44089209850062E-16,0.));
#3110=DIRECTION('center_axis',(5.43852429378756E-32,-1.22464679914735E-16,
-1.));
#3111=DIRECTION('ref_axis',(1.,4.44089209850063E-16,0.));
#3112=DIRECTION('center_axis',(5.43852429378756E-32,-1.22464679914735E-16,
-1.));
#3113=DIRECTION('ref_axis',(1.,4.44089209850063E-16,0.));
#3114=DIRECTION('',(-5.43852429378756E-32,1.22464679914735E-16,1.));
#3115=DIRECTION('center_axis',(-5.43852429378756E-32,1.22464679914735E-16,
1.));
#3116=DIRECTION('ref_axis',(1.,4.44089209850063E-16,0.));
#3117=DIRECTION('center_axis',(5.43852429378756E-32,-1.22464679914735E-16,
-1.));
#3118=DIRECTION('ref_axis',(1.,4.44089209850063E-16,0.));
#3119=DIRECTION('center_axis',(1.,1.6949031020609E-15,-1.53180522942504E-31));
#3120=DIRECTION('ref_axis',(-3.14018491736755E-16,0.707106781186547,-0.707106781186548));
#3121=DIRECTION('center_axis',(-1.,-4.44089209850063E-16,0.));
#3122=DIRECTION('ref_axis',(-4.44089209850063E-16,1.,-1.22464679914735E-16));
#3123=DIRECTION('',(-1.,-1.6949031020609E-15,1.53180522942504E-31));
#3124=DIRECTION('',(1.,1.6949031020609E-15,-1.53180522942504E-31));
#3125=DIRECTION('center_axis',(5.43852429378756E-32,-1.22464679914735E-16,
-1.));
#3126=DIRECTION('ref_axis',(1.,1.77635683940026E-15,0.));
#3127=DIRECTION('center_axis',(1.,4.44089209850063E-16,0.));
#3128=DIRECTION('ref_axis',(4.44089209850063E-16,-1.,1.22464679914735E-16));
#3129=DIRECTION('center_axis',(-5.43852429378756E-32,1.22464679914735E-16,
1.));
#3130=DIRECTION('ref_axis',(1.,1.92438657601694E-15,-1.81284143126253E-31));
#3131=DIRECTION('center_axis',(5.43852429378756E-32,-1.22464679914735E-16,
-1.));
#3132=DIRECTION('ref_axis',(1.,1.92438657601694E-15,-1.81284143126253E-31));
#3133=DIRECTION('center_axis',(-1.,9.70490415799186E-16,-1.73236041069041E-31));
#3134=DIRECTION('ref_axis',(3.14018491736755E-16,-0.707106781186548,-0.707106781186547));
#3135=DIRECTION('',(1.,-9.70490415799186E-16,1.73236041069041E-31));
#3136=DIRECTION('',(-1.,9.70490415799186E-16,-1.73236041069041E-31));
#3137=DIRECTION('center_axis',(-9.70490415799186E-16,-1.,1.22464679914735E-16));
#3138=DIRECTION('ref_axis',(-1.,9.70490415799186E-16,-1.73236041069041E-31));
#3139=DIRECTION('',(5.43852429378756E-32,-1.22464679914735E-16,-1.));
#3140=DIRECTION('',(1.,-9.70490415799186E-16,1.73236041069041E-31));
#3141=DIRECTION('',(-5.43852429378756E-32,1.22464679914735E-16,1.));
#3142=DIRECTION('center_axis',(5.43852429378756E-32,-1.22464679914735E-16,
-1.));
#3143=DIRECTION('ref_axis',(-1.92438657601694E-15,1.,-1.22464679914735E-16));
#3144=DIRECTION('',(5.43852429378756E-32,-1.22464679914735E-16,-1.));
#3145=DIRECTION('center_axis',(-5.43852429378756E-32,1.22464679914735E-16,
1.));
#3146=DIRECTION('ref_axis',(-1.92438657601694E-15,1.,-1.22464679914735E-16));
#3147=DIRECTION('center_axis',(-1.6949031020609E-15,1.,-1.22464679914735E-16));
#3148=DIRECTION('ref_axis',(1.,1.6949031020609E-15,-1.53180522942504E-31));
#3149=DIRECTION('',(5.43852429378756E-32,-1.22464679914735E-16,-1.));
#3150=DIRECTION('',(-1.,-1.6949031020609E-15,1.53180522942504E-31));
#3151=DIRECTION('center_axis',(1.,8.48254830787787E-16,-4.94960134006787E-32));
#3152=DIRECTION('ref_axis',(-3.14018491736755E-16,0.707106781186548,-0.707106781186547));
#3153=DIRECTION('center_axis',(-1.,-4.44089209850063E-16,0.));
#3154=DIRECTION('ref_axis',(-4.44089209850063E-16,1.,-1.22464679914735E-16));
#3155=DIRECTION('',(-1.,-8.48254830787787E-16,4.94960134006787E-32));
#3156=DIRECTION('',(1.,8.48254830787787E-16,-4.94960134006787E-32));
#3157=DIRECTION('center_axis',(5.43852429378756E-32,-1.22464679914735E-16,
-1.));
#3158=DIRECTION('ref_axis',(1.,2.99363035101881E-8,0.));
#3159=DIRECTION('center_axis',(0.999999999999992,-1.25122165517411E-7,1.53230460047135E-23));
#3160=DIRECTION('ref_axis',(-1.25122165517411E-7,-0.999999999999992,1.22464679914734E-16));
#3161=DIRECTION('center_axis',(-5.43852429378756E-32,1.22464679914735E-16,
1.));
#3162=DIRECTION('ref_axis',(1.,-8.96158998860605E-10,1.09747879333417E-25));
#3163=DIRECTION('center_axis',(5.43852429378756E-32,-1.22464679914735E-16,
-1.));
#3164=DIRECTION('ref_axis',(1.,-8.96158998860605E-10,1.09747879333417E-25));
#3165=DIRECTION('center_axis',(-1.,-5.33433061981867E-16,1.09414662536709E-32));
#3166=DIRECTION('ref_axis',(3.14018491736755E-16,-0.707106781186548,-0.707106781186547));
#3167=DIRECTION('',(1.,5.33433061981867E-16,-1.09414662536709E-32));
#3168=DIRECTION('',(-1.,-5.33433061981867E-16,1.09414662536709E-32));
#3169=DIRECTION('center_axis',(5.33433061981867E-16,-1.,1.22464679914735E-16));
#3170=DIRECTION('ref_axis',(-1.,-5.33433061981867E-16,1.09414662536709E-32));
#3171=DIRECTION('',(5.43852429378756E-32,-1.22464679914735E-16,-1.));
#3172=DIRECTION('',(1.,5.33433061981867E-16,-1.09414662536709E-32));
#3173=DIRECTION('',(-5.43852429378756E-32,1.22464679914735E-16,1.));
#3174=DIRECTION('center_axis',(5.43852429378756E-32,-1.22464679914735E-16,
-1.));
#3175=DIRECTION('ref_axis',(1.,-8.96157753390003E-10,1.09747705532281E-25));
#3176=DIRECTION('',(5.43852429378756E-32,-1.22464679914735E-16,-1.));
#3177=DIRECTION('center_axis',(-5.43852429378756E-32,1.22464679914735E-16,
1.));
#3178=DIRECTION('ref_axis',(-1.23329844559095E-7,0.999999999999992,-1.22464679914734E-16));
#3179=DIRECTION('center_axis',(-8.48254830787787E-16,1.,-1.22464679914735E-16));
#3180=DIRECTION('ref_axis',(1.,8.48254830787787E-16,-4.94960134006787E-32));
#3181=DIRECTION('',(5.43852429378756E-32,-1.22464679914735E-16,-1.));
#3182=DIRECTION('',(-1.,-8.48254830787787E-16,4.94960134006787E-32));
#3183=DIRECTION('center_axis',(-1.,-5.33433061986359E-16,1.0941466254221E-32));
#3184=DIRECTION('ref_axis',(3.14018491736755E-16,-0.707106781186548,-0.707106781186547));
#3185=DIRECTION('center_axis',(1.,4.44089209850063E-16,0.));
#3186=DIRECTION('ref_axis',(4.44089209850063E-16,-1.,1.22464679914735E-16));
#3187=DIRECTION('',(1.,5.33433061986359E-16,-1.0941466254221E-32));
#3188=DIRECTION('',(-1.,-5.33433061986359E-16,1.0941466254221E-32));
#3189=DIRECTION('center_axis',(5.43852429378756E-32,-1.22464679914735E-16,
-1.));
#3190=DIRECTION('ref_axis',(-1.,-5.9211894646675E-16,0.));
#3191=DIRECTION('center_axis',(-0.999999999999992,1.23615366387497E-7,-1.51385163315728E-23));
#3192=DIRECTION('ref_axis',(1.23615366387497E-7,0.999999999999992,-1.22464679914734E-16));
#3193=DIRECTION('center_axis',(-5.43852429378756E-32,1.22464679914735E-16,
1.));
#3194=DIRECTION('ref_axis',(-1.,-6.10640131052757E-10,7.4781793807225E-26));
#3195=DIRECTION('center_axis',(5.43852429378756E-32,-1.22464679914735E-16,
-1.));
#3196=DIRECTION('ref_axis',(-1.,-6.10640131052757E-10,7.4781793807225E-26));
#3197=DIRECTION('center_axis',(1.,6.46172020324369E-16,-2.4748006701006E-32));
#3198=DIRECTION('ref_axis',(-3.14018491736755E-16,0.707106781186548,-0.707106781186547));
#3199=DIRECTION('',(-1.,-6.46172020324369E-16,2.4748006701006E-32));
#3200=DIRECTION('',(1.,6.46172020324369E-16,-2.4748006701006E-32));
#3201=DIRECTION('center_axis',(-6.46172020324369E-16,1.,-1.22464679914735E-16));
#3202=DIRECTION('ref_axis',(1.,6.46172020324369E-16,-2.4748006701006E-32));
#3203=DIRECTION('',(5.43852429378756E-32,-1.22464679914735E-16,-1.));
#3204=DIRECTION('',(-1.,-6.46172020324369E-16,2.4748006701006E-32));
#3205=DIRECTION('',(-5.43852429378756E-32,1.22464679914735E-16,1.));
#3206=DIRECTION('center_axis',(5.43852429378756E-32,-1.22464679914735E-16,
-1.));
#3207=DIRECTION('ref_axis',(-1.,-6.10640488344859E-10,7.47818362301614E-26));
#3208=DIRECTION('',(5.43852429378756E-32,-1.22464679914735E-16,-1.));
#3209=DIRECTION('center_axis',(-5.43852429378756E-32,1.22464679914735E-16,
1.));
#3210=DIRECTION('ref_axis',(1.24836643689008E-7,-0.999999999999992,1.22464679914734E-16));
#3211=DIRECTION('center_axis',(5.33433061986359E-16,-1.,1.22464679914735E-16));
#3212=DIRECTION('ref_axis',(-1.,-5.33433061986359E-16,1.0941466254221E-32));
#3213=DIRECTION('',(5.43852429378756E-32,-1.22464679914735E-16,-1.));
#3214=DIRECTION('',(1.,5.33433061986359E-16,-1.0941466254221E-32));
#3215=DIRECTION('center_axis',(-1.,-3.9923588957437E-17,-4.94960133951557E-32));
#3216=DIRECTION('ref_axis',(3.14018491736755E-16,-0.707106781186548,-0.707106781186547));
#3217=DIRECTION('center_axis',(1.,4.44089209850063E-16,0.));
#3218=DIRECTION('ref_axis',(4.44089209850063E-16,-1.,1.22464679914735E-16));
#3219=DIRECTION('',(1.,3.9923588957437E-17,4.94960133951557E-32));
#3220=DIRECTION('',(-1.,-3.9923588957437E-17,-4.94960133951557E-32));
#3221=DIRECTION('center_axis',(5.43852429378756E-32,-1.22464679914735E-16,
-1.));
#3222=DIRECTION('ref_axis',(-1.,0.,0.));
#3223=DIRECTION('center_axis',(-0.999999999999992,1.24635532561257E-7,-1.52634506555022E-23));
#3224=DIRECTION('ref_axis',(1.24635532561257E-7,0.999999999999992,-1.22464679914734E-16));
#3225=DIRECTION('center_axis',(-5.43852429378756E-32,1.22464679914735E-16,
1.));
#3226=DIRECTION('ref_axis',(-1.,8.57190170696262E-10,-1.04975574265618E-25));
#3227=DIRECTION('center_axis',(5.43852429378756E-32,-1.22464679914735E-16,
-1.));
#3228=DIRECTION('ref_axis',(-1.,8.57190170696262E-10,-1.04975574265618E-25));
#3229=DIRECTION('center_axis',(1.,4.44089209850063E-16,0.));
#3230=DIRECTION('ref_axis',(-3.14018491736755E-16,0.707106781186548,-0.707106781186547));
#3231=DIRECTION('',(-1.,-4.44089209850063E-16,0.));
#3232=DIRECTION('',(1.,4.44089209850063E-16,0.));
#3233=DIRECTION('center_axis',(-4.44089209850063E-16,1.,-1.22464679914735E-16));
#3234=DIRECTION('ref_axis',(1.,4.44089209850063E-16,0.));
#3235=DIRECTION('',(5.43852429378756E-32,-1.22464679914735E-16,-1.));
#3236=DIRECTION('',(-1.,-4.44089209850063E-16,0.));
#3237=DIRECTION('',(-5.43852429378756E-32,1.22464679914735E-16,1.));
#3238=DIRECTION('center_axis',(5.43852429378756E-32,-1.22464679914735E-16,
-1.));
#3239=DIRECTION('ref_axis',(-1.,8.57188999240524E-10,-1.04975425747738E-25));
#3240=DIRECTION('',(5.43852429378756E-32,-1.22464679914735E-16,-1.));
#3241=DIRECTION('center_axis',(-5.43852429378756E-32,1.22464679914735E-16,
1.));
#3242=DIRECTION('ref_axis',(1.22921150739567E-7,-0.999999999999992,1.22464679914734E-16));
#3243=DIRECTION('center_axis',(3.9923588957437E-17,-1.,1.22464679914735E-16));
#3244=DIRECTION('ref_axis',(-1.,-3.9923588957437E-17,-4.94960133951557E-32));
#3245=DIRECTION('',(5.43852429378756E-32,-1.22464679914735E-16,-1.));
#3246=DIRECTION('',(1.,3.9923588957437E-17,4.94960133951557E-32));
#3247=DIRECTION('center_axis',(5.43852429378756E-32,-1.22464679914735E-16,
-1.));
#3248=DIRECTION('ref_axis',(-1.,-4.44089209850063E-16,0.));
#3249=DIRECTION('center_axis',(5.43852429378756E-32,-1.22464679914735E-16,
-1.));
#3250=DIRECTION('ref_axis',(-1.,-4.44089209850063E-16,0.));
#3251=DIRECTION('',(5.43852429378756E-32,-1.22464679914735E-16,-1.));
#3252=DIRECTION('center_axis',(5.43852429378756E-32,-1.22464679914735E-16,
-1.));
#3253=DIRECTION('ref_axis',(-1.,-4.44089209850063E-16,0.));
#3254=DIRECTION('center_axis',(-5.43852429378756E-32,1.22464679914735E-16,
1.));
#3255=DIRECTION('ref_axis',(-1.,-4.44089209850063E-16,0.));
#3256=DIRECTION('center_axis',(5.43852429378756E-32,-1.22464679914735E-16,
-1.));
#3257=DIRECTION('ref_axis',(-1.,-4.44089209850063E-16,0.));
#3258=DIRECTION('center_axis',(5.43852429378756E-32,-1.22464679914735E-16,
-1.));
#3259=DIRECTION('ref_axis',(-1.,-4.44089209850063E-16,0.));
#3260=DIRECTION('',(5.43852429378756E-32,-1.22464679914735E-16,-1.));
#3261=DIRECTION('center_axis',(5.43852429378756E-32,-1.22464679914735E-16,
-1.));
#3262=DIRECTION('ref_axis',(-1.,-4.44089209850063E-16,0.));
#3263=DIRECTION('center_axis',(-5.43852429378756E-32,1.22464679914735E-16,
1.));
#3264=DIRECTION('ref_axis',(-1.,-4.44089209850063E-16,0.));
#3265=DIRECTION('center_axis',(5.43852429378756E-32,-1.22464679914735E-16,
-1.));
#3266=DIRECTION('ref_axis',(-1.,-4.44089209850063E-16,0.));
#3267=DIRECTION('center_axis',(5.43852429378756E-32,-1.22464679914735E-16,
-1.));
#3268=DIRECTION('ref_axis',(-1.,-4.44089209850063E-16,0.));
#3269=DIRECTION('',(5.43852429378756E-32,-1.22464679914735E-16,-1.));
#3270=DIRECTION('center_axis',(5.43852429378756E-32,-1.22464679914735E-16,
-1.));
#3271=DIRECTION('ref_axis',(-1.,-4.44089209850063E-16,0.));
#3272=DIRECTION('center_axis',(-5.43852429378756E-32,1.22464679914735E-16,
1.));
#3273=DIRECTION('ref_axis',(-1.,-4.44089209850063E-16,0.));
#3274=DIRECTION('center_axis',(5.43852429378756E-32,-1.22464679914735E-16,
-1.));
#3275=DIRECTION('ref_axis',(-1.,-4.44089209850063E-16,0.));
#3276=DIRECTION('center_axis',(5.43852429378756E-32,-1.22464679914735E-16,
-1.));
#3277=DIRECTION('ref_axis',(-1.,-4.44089209850063E-16,0.));
#3278=DIRECTION('',(5.43852429378756E-32,-1.22464679914735E-16,-1.));
#3279=DIRECTION('center_axis',(5.43852429378756E-32,-1.22464679914735E-16,
-1.));
#3280=DIRECTION('ref_axis',(-1.,-4.44089209850063E-16,0.));
#3281=DIRECTION('center_axis',(-5.43852429378756E-32,1.22464679914735E-16,
1.));
#3282=DIRECTION('ref_axis',(-1.,-4.44089209850063E-16,0.));
#3283=DIRECTION('center_axis',(5.43852429378756E-32,-1.22464679914735E-16,
-1.));
#3284=DIRECTION('ref_axis',(1.,4.44089209850063E-16,0.));
#3285=DIRECTION('center_axis',(-5.43852429378756E-32,1.22464679914735E-16,
1.));
#3286=DIRECTION('ref_axis',(1.,4.44089209850062E-16,0.));
#3287=DIRECTION('center_axis',(5.43852429378756E-32,-1.22464679914735E-16,
-1.));
#3288=DIRECTION('ref_axis',(-1.,-4.44089209850063E-16,0.));
#3289=DIRECTION('center_axis',(5.43852429378756E-32,-1.22464679914735E-16,
-1.));
#3290=DIRECTION('ref_axis',(1.,4.44089209850062E-16,0.));
#3291=DIRECTION('center_axis',(5.43852429378756E-32,-1.22464679914735E-16,
-1.));
#3292=DIRECTION('ref_axis',(1.,4.44089209850062E-16,0.));
#3293=DIRECTION('center_axis',(5.43852429378756E-32,-1.22464679914735E-16,
-1.));
#3294=DIRECTION('ref_axis',(1.,4.44089209850062E-16,0.));
#3295=DIRECTION('center_axis',(5.43852429378756E-32,-1.22464679914735E-16,
-1.));
#3296=DIRECTION('ref_axis',(1.,4.44089209850062E-16,0.));
#3297=DIRECTION('center_axis',(5.43852429378756E-32,-1.22464679914735E-16,
-1.));
#3298=DIRECTION('ref_axis',(1.,4.44089209850062E-16,0.));
#3299=DIRECTION('center_axis',(5.43852429378756E-32,-1.22464679914735E-16,
-1.));
#3300=DIRECTION('ref_axis',(1.,4.44089209850063E-16,0.));
#3301=DIRECTION('center_axis',(-5.43852429378756E-32,1.22464679914735E-16,
1.));
#3302=DIRECTION('ref_axis',(1.,4.44089209850062E-16,0.));
#3303=DIRECTION('center_axis',(5.43852429378756E-32,-1.22464679914735E-16,
-1.));
#3304=DIRECTION('ref_axis',(1.,4.44089209850063E-16,0.));
#3305=DIRECTION('center_axis',(-5.43852429378756E-32,1.22464679914735E-16,
1.));
#3306=DIRECTION('ref_axis',(1.,4.44089209850062E-16,0.));
#3307=DIRECTION('center_axis',(5.43852429378756E-32,-1.22464679914735E-16,
-1.));
#3308=DIRECTION('ref_axis',(1.,4.44089209850063E-16,0.));
#3309=DIRECTION('center_axis',(-5.43852429378756E-32,1.22464679914735E-16,
1.));
#3310=DIRECTION('ref_axis',(1.,4.44089209850062E-16,0.));
#3311=DIRECTION('center_axis',(5.43852429378756E-32,-1.22464679914735E-16,
-1.));
#3312=DIRECTION('ref_axis',(-1.,-4.44089209850063E-16,0.));
#3313=DIRECTION('center_axis',(-5.43852429378756E-32,1.22464679914735E-16,
1.));
#3314=DIRECTION('ref_axis',(-1.,-4.44089209850063E-16,0.));
#3315=DIRECTION('center_axis',(3.21624529935327E-16,-1.,1.22464679914735E-16));
#3316=DIRECTION('ref_axis',(1.,3.21624529935327E-16,0.));
#3317=DIRECTION('center_axis',(5.43852429378756E-32,-1.22464679914735E-16,
-1.));
#3318=DIRECTION('ref_axis',(-1.,-4.44089209850062E-16,0.));
#3319=DIRECTION('center_axis',(5.43852429378756E-32,-1.22464679914735E-16,
-1.));
#3320=DIRECTION('ref_axis',(-1.,-4.44089209850063E-16,0.));
#3321=DIRECTION('center_axis',(5.43852429378756E-32,-1.22464679914735E-16,
-1.));
#3322=DIRECTION('ref_axis',(1.,4.44089209850063E-16,0.));
#3323=DIRECTION('',(-5.43852429378756E-32,1.22464679914735E-16,1.));
#3324=DIRECTION('center_axis',(5.43852429378756E-32,-1.22464679914735E-16,
-1.));
#3325=DIRECTION('ref_axis',(-1.,-4.44089209850063E-16,0.));
#3326=DIRECTION('center_axis',(5.43852429378756E-32,-1.22464679914735E-16,
-1.));
#3327=DIRECTION('ref_axis',(1.,4.44089209850062E-16,0.));
#3328=DIRECTION('center_axis',(-5.43852429378756E-32,1.22464679914735E-16,
1.));
#3329=DIRECTION('ref_axis',(1.,4.44089209850062E-16,0.));
#3330=DIRECTION('',(-5.43852429378756E-32,1.22464679914735E-16,1.));
#3331=DIRECTION('center_axis',(5.43852429378756E-32,-1.22464679914735E-16,
-1.));
#3332=DIRECTION('ref_axis',(1.,4.44089209850063E-16,0.));
#3333=DIRECTION('axis',(0.,0.,1.));
#3334=DIRECTION('refdir',(1.,0.,0.));
#3335=DIRECTION('center_axis',(0.,1.,0.));
#3336=DIRECTION('ref_axis',(1.,0.,0.));
#3337=DIRECTION('center_axis',(0.,1.,0.));
#3338=DIRECTION('ref_axis',(1.,0.,0.));
#3339=DIRECTION('',(0.,1.,0.));
#3340=DIRECTION('center_axis',(0.,-1.,0.));
#3341=DIRECTION('ref_axis',(1.,0.,0.));
#3342=DIRECTION('center_axis',(-1.,0.,0.));
#3343=DIRECTION('ref_axis',(0.,0.,1.));
#3344=DIRECTION('',(0.,0.,1.));
#3345=DIRECTION('',(0.,1.,0.));
#3346=DIRECTION('',(0.,0.,-1.));
#3347=DIRECTION('',(0.,1.,0.));
#3348=DIRECTION('center_axis',(0.,1.,0.));
#3349=DIRECTION('ref_axis',(-1.,0.,0.));
#3350=DIRECTION('center_axis',(0.,1.,0.));
#3351=DIRECTION('ref_axis',(-1.,0.,0.));
#3352=DIRECTION('',(0.,1.,0.));
#3353=DIRECTION('center_axis',(0.,-1.,0.));
#3354=DIRECTION('ref_axis',(-1.,0.,0.));
#3355=DIRECTION('center_axis',(1.,0.,0.));
#3356=DIRECTION('ref_axis',(0.,0.,-1.));
#3357=DIRECTION('',(0.,0.,-1.));
#3358=DIRECTION('',(0.,1.,0.));
#3359=DIRECTION('',(0.,0.,1.));
#3360=DIRECTION('center_axis',(0.,1.,0.));
#3361=DIRECTION('ref_axis',(1.,0.,0.));
#3362=DIRECTION('center_axis',(0.,1.,0.));
#3363=DIRECTION('ref_axis',(1.,0.,0.));
#3364=DIRECTION('center_axis',(0.,-1.,0.));
#3365=DIRECTION('ref_axis',(1.,0.,0.));
#3366=DIRECTION('center_axis',(-1.,0.,0.));
#3367=DIRECTION('ref_axis',(0.,0.,1.));
#3368=DIRECTION('',(0.,0.,1.));
#3369=DIRECTION('',(0.,1.,0.));
#3370=DIRECTION('',(0.,0.,-1.));
#3371=DIRECTION('',(0.,1.,0.));
#3372=DIRECTION('center_axis',(0.,1.,0.));
#3373=DIRECTION('ref_axis',(-1.,0.,0.));
#3374=DIRECTION('center_axis',(0.,1.,0.));
#3375=DIRECTION('ref_axis',(-1.,0.,0.));
#3376=DIRECTION('',(0.,1.,0.));
#3377=DIRECTION('center_axis',(0.,-1.,0.));
#3378=DIRECTION('ref_axis',(-1.,0.,0.));
#3379=DIRECTION('center_axis',(1.,0.,0.));
#3380=DIRECTION('ref_axis',(0.,0.,-1.));
#3381=DIRECTION('',(0.,0.,-1.));
#3382=DIRECTION('',(0.,1.,0.));
#3383=DIRECTION('',(0.,0.,1.));
#3384=DIRECTION('center_axis',(0.,1.,0.));
#3385=DIRECTION('ref_axis',(1.,0.,0.));
#3386=DIRECTION('center_axis',(0.,1.,0.));
#3387=DIRECTION('ref_axis',(1.,0.,0.));
#3388=DIRECTION('center_axis',(0.,-1.,0.));
#3389=DIRECTION('ref_axis',(1.,0.,0.));
#3390=DIRECTION('center_axis',(0.,1.,0.));
#3391=DIRECTION('ref_axis',(0.,0.,1.));
#3392=DIRECTION('center_axis',(0.,0.,1.));
#3393=DIRECTION('ref_axis',(0.,-1.,0.));
#3394=DIRECTION('center_axis',(0.,-1.,0.));
#3395=DIRECTION('ref_axis',(-0.707106781186548,0.,-0.707106781186547));
#3396=DIRECTION('center_axis',(0.,1.,0.));
#3397=DIRECTION('ref_axis',(-0.707106781186548,0.,-0.707106781186547));
#3398=DIRECTION('center_axis',(0.,0.,1.));
#3399=DIRECTION('ref_axis',(0.707106781186549,-0.707106781186546,0.));
#3400=DIRECTION('center_axis',(0.,0.,1.));
#3401=DIRECTION('ref_axis',(0.707106781186549,-0.707106781186546,0.));
#3402=DIRECTION('',(0.,0.,-1.));
#3403=DIRECTION('',(0.,0.,1.));
#3404=DIRECTION('center_axis',(0.,1.,0.));
#3405=DIRECTION('ref_axis',(-1.,0.,0.));
#3406=DIRECTION('',(1.,0.,0.));
#3407=DIRECTION('center_axis',(0.,-1.,0.));
#3408=DIRECTION('ref_axis',(-0.707106781186548,0.,-0.707106781186547));
#3409=DIRECTION('',(0.,0.,1.));
#3410=DIRECTION('',(-1.,0.,0.));
#3411=DIRECTION('center_axis',(0.,1.,0.));
#3412=DIRECTION('ref_axis',(-1.,0.,0.));
#3413=DIRECTION('center_axis',(0.,1.,0.));
#3414=DIRECTION('ref_axis',(-1.,0.,0.));
#3415=DIRECTION('center_axis',(0.,0.,1.));
#3416=DIRECTION('ref_axis',(-0.707106781186547,-0.707106781186548,0.));
#3417=DIRECTION('center_axis',(0.,0.,-1.));
#3418=DIRECTION('ref_axis',(0.,-1.,0.));
#3419=DIRECTION('',(0.,0.,1.));
#3420=DIRECTION('center_axis',(0.,0.,1.));
#3421=DIRECTION('ref_axis',(-0.707106781186547,-0.707106781186548,0.));
#3422=DIRECTION('',(0.,0.,-1.));
#3423=DIRECTION('center_axis',(0.,1.,0.));
#3424=DIRECTION('ref_axis',(0.,0.,1.));
#3425=DIRECTION('center_axis',(0.,-1.,0.));
#3426=DIRECTION('ref_axis',(0.707106781186548,0.,-0.707106781186547));
#3427=DIRECTION('center_axis',(0.,1.,0.));
#3428=DIRECTION('ref_axis',(0.707106781186548,0.,-0.707106781186547));
#3429=DIRECTION('center_axis',(0.,1.,0.));
#3430=DIRECTION('ref_axis',(-1.,0.,0.));
#3431=DIRECTION('',(-1.,0.,0.));
#3432=DIRECTION('',(0.,0.,1.));
#3433=DIRECTION('center_axis',(0.,-1.,0.));
#3434=DIRECTION('ref_axis',(0.707106781186548,0.,-0.707106781186547));
#3435=DIRECTION('',(-1.,0.,0.));
#3436=DIRECTION('center_axis',(0.,1.,0.));
#3437=DIRECTION('ref_axis',(-1.,0.,0.));
#3438=DIRECTION('center_axis',(0.,1.,0.));
#3439=DIRECTION('ref_axis',(-1.,0.,0.));
#3440=DIRECTION('center_axis',(0.,1.,0.));
#3441=DIRECTION('ref_axis',(-1.,0.,0.));
#3442=DIRECTION('',(-0.707106781186548,-0.707106781186547,8.65956056235494E-17));
#3443=DIRECTION('center_axis',(0.,1.,0.));
#3444=DIRECTION('ref_axis',(-1.,0.,0.));
#3445=DIRECTION('center_axis',(0.,1.,0.));
#3446=DIRECTION('ref_axis',(-1.,0.,0.));
#3447=DIRECTION('',(-0.707106781186548,-0.707106781186547,8.65956056235494E-17));
#3448=DIRECTION('center_axis',(0.,1.,0.));
#3449=DIRECTION('ref_axis',(-1.,0.,0.));
#3450=DIRECTION('center_axis',(0.,1.,0.));
#3451=DIRECTION('ref_axis',(-1.,0.,0.));
#3452=DIRECTION('',(-0.707106781186548,-0.707106781186547,8.65956056235494E-17));
#3453=DIRECTION('center_axis',(0.,1.,0.));
#3454=DIRECTION('ref_axis',(-1.,0.,0.));
#3455=DIRECTION('center_axis',(0.,1.,0.));
#3456=DIRECTION('ref_axis',(-1.,0.,0.));
#3457=DIRECTION('',(-0.707106781186548,-0.707106781186547,8.65956056235494E-17));
#3458=DIRECTION('center_axis',(0.,1.,0.));
#3459=DIRECTION('ref_axis',(-1.,0.,0.));
#3460=DIRECTION('center_axis',(0.,1.,0.));
#3461=DIRECTION('ref_axis',(-0.707106781186548,0.,-0.707106781186547));
#3462=DIRECTION('',(0.,-1.,0.));
#3463=DIRECTION('center_axis',(0.,1.,0.));
#3464=DIRECTION('ref_axis',(-0.707106781186548,0.,-0.707106781186547));
#3465=DIRECTION('',(0.,1.,0.));
#3466=DIRECTION('center_axis',(0.,-1.,0.));
#3467=DIRECTION('ref_axis',(1.,0.,0.));
#3468=DIRECTION('',(1.,0.,0.));
#3469=DIRECTION('center_axis',(0.,1.,0.));
#3470=DIRECTION('ref_axis',(0.707106781186548,0.,-0.707106781186547));
#3471=DIRECTION('',(0.,0.,1.));
#3472=DIRECTION('',(1.,0.,0.));
#3473=DIRECTION('',(0.,0.,1.));
#3474=DIRECTION('center_axis',(0.,0.,1.));
#3475=DIRECTION('ref_axis',(1.,0.,0.));
#3476=DIRECTION('',(0.,-1.,0.));
#3477=DIRECTION('center_axis',(0.,0.,1.));
#3478=DIRECTION('ref_axis',(6.12323399573677E-17,1.,0.));
#3479=DIRECTION('',(-1.85037170770859E-16,1.,0.));
#3480=DIRECTION('',(0.,1.,0.));
#3481=DIRECTION('center_axis',(0.,1.,0.));
#3482=DIRECTION('ref_axis',(0.707106781186548,0.,-0.707106781186547));
#3483=DIRECTION('',(0.,-1.,0.));
#3484=DIRECTION('center_axis',(1.85037170770859E-16,-1.,0.));
#3485=DIRECTION('ref_axis',(0.707106781186546,0.,-0.707106781186549));
#3486=DIRECTION('center_axis',(0.,-1.,0.));
#3487=DIRECTION('ref_axis',(0.,0.,-1.));
#3488=DIRECTION('',(1.85037170770859E-16,-1.,0.));
#3489=DIRECTION('center_axis',(0.,0.,1.));
#3490=DIRECTION('ref_axis',(1.,0.,0.));
#3491=DIRECTION('center_axis',(0.,1.,0.));
#3492=DIRECTION('ref_axis',(0.,0.,-1.));
#3493=DIRECTION('center_axis',(0.,0.,-1.));
#3494=DIRECTION('ref_axis',(6.12323399573677E-17,1.,0.));
#3495=DIRECTION('center_axis',(0.,-1.,0.));
#3496=DIRECTION('ref_axis',(-0.707106781186548,0.,-0.707106781186547));
#3497=DIRECTION('',(0.,1.,0.));
#3498=DIRECTION('center_axis',(0.,0.,-1.));
#3499=DIRECTION('ref_axis',(-1.,0.,0.));
#3500=DIRECTION('center_axis',(0.,0.,-1.));
#3501=DIRECTION('ref_axis',(-1.,0.,0.));
#3502=DIRECTION('',(0.,0.,-1.));
#3503=DIRECTION('center_axis',(0.,0.,-1.));
#3504=DIRECTION('ref_axis',(-1.,0.,0.));
#3505=DIRECTION('center_axis',(0.,0.,1.));
#3506=DIRECTION('ref_axis',(-1.,0.,0.));
#3507=DIRECTION('center_axis',(0.,0.,-1.));
#3508=DIRECTION('ref_axis',(-1.,0.,0.));
#3509=DIRECTION('center_axis',(0.,0.,-1.));
#3510=DIRECTION('ref_axis',(-1.,0.,0.));
#3511=DIRECTION('',(0.,0.,-1.));
#3512=DIRECTION('center_axis',(0.,0.,-1.));
#3513=DIRECTION('ref_axis',(-1.,0.,0.));
#3514=DIRECTION('center_axis',(0.,0.,1.));
#3515=DIRECTION('ref_axis',(-1.,0.,0.));
#3516=DIRECTION('center_axis',(0.,0.,-1.));
#3517=DIRECTION('ref_axis',(-1.,0.,0.));
#3518=DIRECTION('center_axis',(0.,0.,-1.));
#3519=DIRECTION('ref_axis',(-1.,0.,0.));
#3520=DIRECTION('',(0.,0.,-1.));
#3521=DIRECTION('center_axis',(0.,0.,-1.));
#3522=DIRECTION('ref_axis',(-1.,0.,0.));
#3523=DIRECTION('center_axis',(0.,0.,1.));
#3524=DIRECTION('ref_axis',(-1.,0.,0.));
#3525=DIRECTION('center_axis',(0.,0.,-1.));
#3526=DIRECTION('ref_axis',(-1.,0.,0.));
#3527=DIRECTION('center_axis',(0.,0.,-1.));
#3528=DIRECTION('ref_axis',(-1.,0.,0.));
#3529=DIRECTION('',(0.,0.,-1.));
#3530=DIRECTION('center_axis',(0.,0.,-1.));
#3531=DIRECTION('ref_axis',(-1.,0.,0.));
#3532=DIRECTION('center_axis',(0.,0.,1.));
#3533=DIRECTION('ref_axis',(-1.,0.,0.));
#3534=DIRECTION('center_axis',(0.,0.,-1.));
#3535=DIRECTION('ref_axis',(-1.,0.,0.));
#3536=DIRECTION('center_axis',(0.,0.,-1.));
#3537=DIRECTION('ref_axis',(-1.,0.,0.));
#3538=DIRECTION('',(0.,0.,-1.));
#3539=DIRECTION('center_axis',(0.,0.,-1.));
#3540=DIRECTION('ref_axis',(-1.,0.,0.));
#3541=DIRECTION('center_axis',(0.,0.,1.));
#3542=DIRECTION('ref_axis',(-1.,0.,0.));
#3543=DIRECTION('center_axis',(0.,0.,-1.));
#3544=DIRECTION('ref_axis',(-0.125000001862645,0.99215674141455,0.));
#3545=DIRECTION('center_axis',(0.,0.,-1.));
#3546=DIRECTION('ref_axis',(-0.125000001862645,0.99215674141455,0.));
#3547=DIRECTION('',(0.,0.,-1.));
#3548=DIRECTION('center_axis',(0.,0.,-1.));
#3549=DIRECTION('ref_axis',(-0.125000001862645,0.99215674141455,0.));
#3550=DIRECTION('',(0.,0.,-1.));
#3551=DIRECTION('center_axis',(-1.,0.,0.));
#3552=DIRECTION('ref_axis',(0.,1.,0.));
#3553=DIRECTION('',(0.,1.,0.));
#3554=DIRECTION('',(0.,0.,-1.));
#3555=DIRECTION('',(0.,1.,0.));
#3556=DIRECTION('center_axis',(0.,-1.,0.));
#3557=DIRECTION('ref_axis',(-1.,0.,0.));
#3558=DIRECTION('',(-1.,0.,0.));
#3559=DIRECTION('',(0.,0.,-1.));
#3560=DIRECTION('',(-1.,0.,0.));
#3561=DIRECTION('center_axis',(0.,0.,-1.));
#3562=DIRECTION('ref_axis',(0.999999972692814,-0.000233697180471411,0.));
#3563=DIRECTION('center_axis',(0.,0.,1.));
#3564=DIRECTION('ref_axis',(-0.000467493689364495,-0.999999890724819,0.));
#3565=DIRECTION('',(0.,0.,-1.));
#3566=DIRECTION('center_axis',(0.,0.,1.));
#3567=DIRECTION('ref_axis',(-0.000467493689364495,-0.999999890724819,0.));
#3568=DIRECTION('center_axis',(0.,1.,0.));
#3569=DIRECTION('ref_axis',(1.,0.,0.));
#3570=DIRECTION('',(1.,0.,0.));
#3571=DIRECTION('',(0.,0.,-1.));
#3572=DIRECTION('',(1.,0.,0.));
#3573=DIRECTION('center_axis',(-0.999999999999999,3.97364293568279E-8,0.));
#3574=DIRECTION('ref_axis',(3.97364293568279E-8,0.999999999999999,0.));
#3575=DIRECTION('',(3.97364293568279E-8,0.999999999999999,0.));
#3576=DIRECTION('',(0.,0.,-1.));
#3577=DIRECTION('',(3.97364293568279E-8,0.999999999999999,0.));
#3578=DIRECTION('center_axis',(0.,-1.,0.));
#3579=DIRECTION('ref_axis',(-1.,0.,0.));
#3580=DIRECTION('',(-1.,0.,0.));
#3581=DIRECTION('',(0.,0.,-1.));
#3582=DIRECTION('',(-1.,0.,0.));
#3583=DIRECTION('center_axis',(0.,0.,-1.));
#3584=DIRECTION('ref_axis',(1.,3.40896778600554E-10,0.));
#3585=DIRECTION('center_axis',(0.,0.,1.));
#3586=DIRECTION('ref_axis',(-9.93410780796777E-8,-0.999999999999995,0.));
#3587=DIRECTION('',(0.,0.,-1.));
#3588=DIRECTION('center_axis',(0.,0.,1.));
#3589=DIRECTION('ref_axis',(-9.93410780796777E-8,-0.999999999999995,0.));
#3590=DIRECTION('center_axis',(0.,1.,0.));
#3591=DIRECTION('ref_axis',(1.,0.,0.));
#3592=DIRECTION('',(1.,0.,0.));
#3593=DIRECTION('',(0.,0.,-1.));
#3594=DIRECTION('',(1.,0.,0.));
#3595=DIRECTION('center_axis',(-1.,0.,0.));
#3596=DIRECTION('ref_axis',(0.,1.,0.));
#3597=DIRECTION('',(0.,1.,0.));
#3598=DIRECTION('',(0.,0.,-1.));
#3599=DIRECTION('',(0.,1.,0.));
#3600=DIRECTION('center_axis',(0.,-1.,0.));
#3601=DIRECTION('ref_axis',(-1.,0.,0.));
#3602=DIRECTION('',(-1.,0.,0.));
#3603=DIRECTION('',(0.,0.,-1.));
#3604=DIRECTION('',(-1.,0.,0.));
#3605=DIRECTION('center_axis',(1.,0.,0.));
#3606=DIRECTION('ref_axis',(0.,-1.,0.));
#3607=DIRECTION('',(0.,-1.,0.));
#3608=DIRECTION('',(0.,0.,-1.));
#3609=DIRECTION('',(0.,-1.,0.));
#3610=DIRECTION('center_axis',(0.,1.,0.));
#3611=DIRECTION('ref_axis',(1.,0.,0.));
#3612=DIRECTION('',(1.,0.,0.));
#3613=DIRECTION('',(0.,0.,-1.));
#3614=DIRECTION('',(1.,0.,0.));
#3615=DIRECTION('center_axis',(0.,0.,-1.));
#3616=DIRECTION('ref_axis',(-1.,-3.40906647249064E-10,0.));
#3617=DIRECTION('center_axis',(0.,0.,1.));
#3618=DIRECTION('ref_axis',(9.93410682110292E-8,0.999999999999995,0.));
#3619=DIRECTION('',(0.,0.,-1.));
#3620=DIRECTION('center_axis',(0.,0.,1.));
#3621=DIRECTION('ref_axis',(9.93410682110292E-8,0.999999999999995,0.));
#3622=DIRECTION('center_axis',(0.,-1.,0.));
#3623=DIRECTION('ref_axis',(-1.,0.,0.));
#3624=DIRECTION('',(-1.,0.,0.));
#3625=DIRECTION('',(0.,0.,-1.));
#3626=DIRECTION('',(-1.,0.,0.));
#3627=DIRECTION('center_axis',(1.,0.,0.));
#3628=DIRECTION('ref_axis',(0.,-1.,0.));
#3629=DIRECTION('',(0.,-1.,0.));
#3630=DIRECTION('',(0.,0.,-1.));
#3631=DIRECTION('',(0.,-1.,0.));
#3632=DIRECTION('center_axis',(0.,1.,0.));
#3633=DIRECTION('ref_axis',(1.,0.,0.));
#3634=DIRECTION('',(1.,0.,0.));
#3635=DIRECTION('',(0.,0.,-1.));
#3636=DIRECTION('',(1.,0.,0.));
#3637=DIRECTION('center_axis',(0.,0.,-1.));
#3638=DIRECTION('ref_axis',(-0.999999972692813,-0.000233697180606353,0.));
#3639=DIRECTION('center_axis',(0.,0.,1.));
#3640=DIRECTION('ref_axis',(9.93410608095439E-8,0.999999999999995,0.));
#3641=DIRECTION('',(0.,0.,-1.));
#3642=DIRECTION('center_axis',(0.,0.,1.));
#3643=DIRECTION('ref_axis',(9.93410608095439E-8,0.999999999999995,0.));
#3644=DIRECTION('center_axis',(0.,-1.,0.));
#3645=DIRECTION('ref_axis',(-1.,0.,0.));
#3646=DIRECTION('',(-1.,0.,0.));
#3647=DIRECTION('',(0.,0.,-1.));
#3648=DIRECTION('',(-1.,0.,0.));
#3649=DIRECTION('center_axis',(1.,0.,0.));
#3650=DIRECTION('ref_axis',(0.,-1.,0.));
#3651=DIRECTION('',(0.,-1.,0.));
#3652=DIRECTION('',(0.,0.,-1.));
#3653=DIRECTION('',(0.,-1.,0.));
#3654=DIRECTION('center_axis',(0.,0.,-1.));
#3655=DIRECTION('ref_axis',(1.,3.15132653305739E-8,0.));
#3656=DIRECTION('center_axis',(0.,0.,-1.));
#3657=DIRECTION('ref_axis',(1.,3.15132653305739E-8,0.));
#3658=DIRECTION('',(0.,0.,-1.));
#3659=DIRECTION('center_axis',(0.,0.,-1.));
#3660=DIRECTION('ref_axis',(1.,3.15132653305739E-8,0.));
#3661=DIRECTION('center_axis',(-1.,2.91262515458862E-16,0.));
#3662=DIRECTION('ref_axis',(2.91262515458862E-16,1.,0.));
#3663=DIRECTION('',(2.91262515458862E-16,1.,0.));
#3664=DIRECTION('',(0.,0.,-1.));
#3665=DIRECTION('',(2.91262515458862E-16,1.,0.));
#3666=DIRECTION('center_axis',(0.,0.,-1.));
#3667=DIRECTION('ref_axis',(9.75590335985064E-11,-1.,0.));
#3668=DIRECTION('center_axis',(0.,0.,1.));
#3669=DIRECTION('ref_axis',(-0.999999999999939,3.47693756008717E-7,0.));
#3670=DIRECTION('',(0.,0.,-1.));
#3671=DIRECTION('center_axis',(0.,0.,1.));
#3672=DIRECTION('ref_axis',(-0.999999999999939,3.47693756008717E-7,0.));
#3673=DIRECTION('center_axis',(1.,-1.45631257729431E-16,0.));
#3674=DIRECTION('ref_axis',(-1.45631257729431E-16,-1.,0.));
#3675=DIRECTION('',(-1.45631257729431E-16,-1.,0.));
#3676=DIRECTION('',(-1.45631257729431E-16,-1.,0.));
#3677=DIRECTION('center_axis',(0.,0.,1.));
#3678=DIRECTION('ref_axis',(-1.,0.,0.));
#3679=DIRECTION('center_axis',(-1.,0.,0.));
#3680=DIRECTION('ref_axis',(0.,-1.,0.));
#3681=DIRECTION('',(0.,-1.,0.));
#3682=DIRECTION('',(0.,0.,1.));
#3683=DIRECTION('center_axis',(0.,0.,1.));
#3684=DIRECTION('ref_axis',(1.,0.,0.));
#3685=DIRECTION('center_axis',(0.,0.,1.));
#3686=DIRECTION('ref_axis',(1.,0.,0.));
#3687=DIRECTION('',(0.,0.,1.));
#3688=DIRECTION('center_axis',(1.,1.85037170770859E-16,0.));
#3689=DIRECTION('ref_axis',(-1.85037170770859E-16,1.,0.));
#3690=DIRECTION('',(-1.85037170770859E-16,1.,0.));
#3691=DIRECTION('center_axis',(1.,0.,0.));
#3692=DIRECTION('ref_axis',(0.,1.,0.));
#3693=DIRECTION('',(0.,1.,0.));
#3694=DIRECTION('center_axis',(-1.,0.,0.));
#3695=DIRECTION('ref_axis',(0.,-1.,0.));
#3696=DIRECTION('',(0.,-1.,0.));
#3697=DIRECTION('center_axis',(0.,0.,1.));
#3698=DIRECTION('ref_axis',(1.,0.,0.));
#3699=DIRECTION('axis',(0.,0.,1.));
#3700=DIRECTION('refdir',(1.,0.,0.));
#3701=DIRECTION('center_axis',(0.,1.,0.));
#3702=DIRECTION('ref_axis',(0.707106781186548,0.,0.707106781186548));
#3703=DIRECTION('center_axis',(0.,-1.,0.));
#3704=DIRECTION('ref_axis',(0.707106781186548,0.,0.707106781186548));
#3705=DIRECTION('',(0.,-1.,0.));
#3706=DIRECTION('center_axis',(0.,1.,0.));
#3707=DIRECTION('ref_axis',(0.707106781186548,0.,0.707106781186548));
#3708=DIRECTION('',(0.,1.,0.));
#3709=DIRECTION('center_axis',(0.,-1.,0.));
#3710=DIRECTION('ref_axis',(1.,0.,0.));
#3711=DIRECTION('',(1.,0.,0.));
#3712=DIRECTION('center_axis',(0.,1.,0.));
#3713=DIRECTION('ref_axis',(-0.707106781186548,0.,0.707106781186548));
#3714=DIRECTION('',(0.,0.,1.));
#3715=DIRECTION('',(1.,0.,0.));
#3716=DIRECTION('',(0.,0.,1.));
#3717=DIRECTION('center_axis',(0.,0.,1.));
#3718=DIRECTION('ref_axis',(1.,0.,0.));
#3719=DIRECTION('',(-1.,0.,0.));
#3720=DIRECTION('',(-1.85037170770859E-16,1.,0.));
#3721=DIRECTION('center_axis',(0.,0.,1.));
#3722=DIRECTION('ref_axis',(1.,0.,0.));
#3723=DIRECTION('',(0.,-1.,0.));
#3724=DIRECTION('',(-1.,0.,0.));
#3725=DIRECTION('',(0.,1.,0.));
#3726=DIRECTION('center_axis',(0.,0.,-1.));
#3727=DIRECTION('ref_axis',(-1.,0.,0.));
#3728=DIRECTION('center_axis',(0.,0.,1.));
#3729=DIRECTION('ref_axis',(-1.,0.,0.));
#3730=DIRECTION('',(0.,-1.,0.));
#3731=DIRECTION('',(-1.,0.,0.));
#3732=DIRECTION('',(0.,1.,0.));
#3733=DIRECTION('center_axis',(0.,-1.,0.));
#3734=DIRECTION('ref_axis',(-0.707106781186548,0.,0.707106781186548));
#3735=DIRECTION('center_axis',(0.,-1.,0.));
#3736=DIRECTION('ref_axis',(-0.707106781186548,0.,0.707106781186548));
#3737=DIRECTION('',(0.,-1.,0.));
#3738=DIRECTION('center_axis',(0.,0.,-1.));
#3739=DIRECTION('ref_axis',(-1.,0.,0.));
#3740=DIRECTION('center_axis',(0.,0.,-1.));
#3741=DIRECTION('ref_axis',(-1.,0.,0.));
#3742=DIRECTION('',(0.,0.,-1.));
#3743=DIRECTION('center_axis',(0.,0.,1.));
#3744=DIRECTION('ref_axis',(-1.,0.,0.));
#3745=DIRECTION('center_axis',(0.,0.,-1.));
#3746=DIRECTION('ref_axis',(-1.,0.,0.));
#3747=DIRECTION('center_axis',(0.,0.,-1.));
#3748=DIRECTION('ref_axis',(-1.,0.,0.));
#3749=DIRECTION('',(0.,0.,-1.));
#3750=DIRECTION('center_axis',(0.,0.,1.));
#3751=DIRECTION('ref_axis',(-1.,0.,0.));
#3752=DIRECTION('center_axis',(0.,0.,-1.));
#3753=DIRECTION('ref_axis',(-1.,0.,0.));
#3754=DIRECTION('center_axis',(0.,0.,-1.));
#3755=DIRECTION('ref_axis',(-1.,0.,0.));
#3756=DIRECTION('',(0.,0.,-1.));
#3757=DIRECTION('center_axis',(0.,0.,1.));
#3758=DIRECTION('ref_axis',(-1.,0.,0.));
#3759=DIRECTION('center_axis',(0.,0.,-1.));
#3760=DIRECTION('ref_axis',(-1.,0.,0.));
#3761=DIRECTION('center_axis',(0.,0.,-1.));
#3762=DIRECTION('ref_axis',(-1.,0.,0.));
#3763=DIRECTION('',(0.,0.,-1.));
#3764=DIRECTION('center_axis',(0.,0.,1.));
#3765=DIRECTION('ref_axis',(-1.,0.,0.));
#3766=DIRECTION('center_axis',(0.,0.,-1.));
#3767=DIRECTION('ref_axis',(-1.,0.,0.));
#3768=DIRECTION('center_axis',(0.,0.,-1.));
#3769=DIRECTION('ref_axis',(-1.,0.,0.));
#3770=DIRECTION('',(0.,0.,-1.));
#3771=DIRECTION('center_axis',(0.,0.,1.));
#3772=DIRECTION('ref_axis',(-1.,0.,0.));
#3773=DIRECTION('center_axis',(0.,0.,-1.));
#3774=DIRECTION('ref_axis',(-1.,0.,0.));
#3775=DIRECTION('center_axis',(0.,0.,-1.));
#3776=DIRECTION('ref_axis',(-1.,0.,0.));
#3777=DIRECTION('',(0.,0.,-1.));
#3778=DIRECTION('center_axis',(0.,0.,1.));
#3779=DIRECTION('ref_axis',(-1.,0.,0.));
#3780=DIRECTION('center_axis',(0.,0.,-1.));
#3781=DIRECTION('ref_axis',(-1.,0.,0.));
#3782=DIRECTION('center_axis',(0.,0.,-1.));
#3783=DIRECTION('ref_axis',(-1.,0.,0.));
#3784=DIRECTION('',(0.,0.,-1.));
#3785=DIRECTION('center_axis',(0.,0.,1.));
#3786=DIRECTION('ref_axis',(-1.,0.,0.));
#3787=DIRECTION('center_axis',(0.,0.,-1.));
#3788=DIRECTION('ref_axis',(-1.,0.,0.));
#3789=DIRECTION('center_axis',(0.,0.,-1.));
#3790=DIRECTION('ref_axis',(-1.,0.,0.));
#3791=DIRECTION('',(0.,0.,-1.));
#3792=DIRECTION('center_axis',(0.,0.,1.));
#3793=DIRECTION('ref_axis',(-1.,0.,0.));
#3794=DIRECTION('center_axis',(0.,0.,-1.));
#3795=DIRECTION('ref_axis',(-1.,0.,0.));
#3796=DIRECTION('',(0.,0.,-1.));
#3797=DIRECTION('center_axis',(0.,0.,-1.));
#3798=DIRECTION('ref_axis',(-1.,0.,0.));
#3799=DIRECTION('center_axis',(0.,0.,1.));
#3800=DIRECTION('ref_axis',(-1.,0.,0.));
#3801=DIRECTION('center_axis',(0.,0.,-1.));
#3802=DIRECTION('ref_axis',(-1.,0.,0.));
#3803=DIRECTION('',(0.,0.,-1.));
#3804=DIRECTION('center_axis',(0.,0.,1.));
#3805=DIRECTION('ref_axis',(-1.,0.,0.));
#3806=DIRECTION('',(0.,0.,-1.));
#3807=DIRECTION('center_axis',(-1.,0.,0.));
#3808=DIRECTION('ref_axis',(0.,1.,0.));
#3809=DIRECTION('',(0.,0.,-1.));
#3810=DIRECTION('',(0.,1.,0.));
#3811=DIRECTION('center_axis',(0.,-1.,0.));
#3812=DIRECTION('ref_axis',(-1.,0.,0.));
#3813=DIRECTION('',(0.,0.,-1.));
#3814=DIRECTION('',(-1.,0.,0.));
#3815=DIRECTION('center_axis',(1.,0.,0.));
#3816=DIRECTION('ref_axis',(0.,-1.,0.));
#3817=DIRECTION('',(0.,-1.,0.));
#3818=DIRECTION('center_axis',(0.,0.,1.));
#3819=DIRECTION('ref_axis',(-1.,0.,0.));
#3820=DIRECTION('center_axis',(0.,1.,0.));
#3821=DIRECTION('ref_axis',(-1.,0.,0.));
#3822=DIRECTION('',(0.,0.,1.));
#3823=DIRECTION('',(1.,0.,0.));
#3824=DIRECTION('',(0.,0.,1.));
#3825=DIRECTION('center_axis',(-1.,0.,0.));
#3826=DIRECTION('ref_axis',(0.,-1.,0.));
#3827=DIRECTION('',(0.,-1.,0.));
#3828=DIRECTION('',(0.,0.,1.));
#3829=DIRECTION('center_axis',(0.,0.,1.));
#3830=DIRECTION('ref_axis',(1.,0.,0.));
#3831=DIRECTION('center_axis',(0.,0.,1.));
#3832=DIRECTION('ref_axis',(1.,0.,0.));
#3833=DIRECTION('',(0.,0.,1.));
#3834=DIRECTION('center_axis',(1.,1.85037170770859E-16,0.));
#3835=DIRECTION('ref_axis',(-1.85037170770859E-16,1.,0.));
#3836=DIRECTION('',(1.85037170770859E-16,-1.,0.));
#3837=DIRECTION('',(0.,0.,1.));
#3838=DIRECTION('center_axis',(0.,1.,0.));
#3839=DIRECTION('ref_axis',(-1.,0.,0.));
#3840=DIRECTION('',(0.,0.,1.));
#3841=DIRECTION('',(-1.,0.,0.));
#3842=DIRECTION('center_axis',(1.,0.,0.));
#3843=DIRECTION('ref_axis',(0.,1.,0.));
#3844=DIRECTION('',(0.,1.,0.));
#3845=DIRECTION('center_axis',(-1.,0.,0.));
#3846=DIRECTION('ref_axis',(0.,-1.,0.));
#3847=DIRECTION('',(0.,1.,0.));
#3848=DIRECTION('center_axis',(0.,0.,1.));
#3849=DIRECTION('ref_axis',(1.,0.,0.));
#3850=DIRECTION('',(0.,0.,1.));
#3851=DIRECTION('',(1.,0.,0.));
#3852=DIRECTION('',(1.59869959465964E-53,-1.,3.02875921416322E-16));
#3853=DIRECTION('',(1.,0.,1.30506089359971E-54));
#3854=DIRECTION('',(-3.95271520652271E-70,-1.,3.02875921416322E-16));
#3855=DIRECTION('',(1.,0.,1.30506089359971E-54));
#3856=CARTESIAN_POINT('',(0.,0.,0.));
#3857=CARTESIAN_POINT('',(0.,0.,0.));
#3858=CARTESIAN_POINT('Origin',(21.,5.00000000000001,20.));
#3859=CARTESIAN_POINT('',(21.,5.00000000000001,20.));
#3860=CARTESIAN_POINT('',(21.,-4.99999999999999,20.));
#3861=CARTESIAN_POINT('',(21.,2.50000000000001,20.));
#3862=CARTESIAN_POINT('',(21.,5.00000000000001,18.));
#3863=CARTESIAN_POINT('',(21.,5.00000000000001,20.));
#3864=CARTESIAN_POINT('',(21.,-4.99999999999999,18.));
#3865=CARTESIAN_POINT('',(21.,2.50000000000001,18.));
#3866=CARTESIAN_POINT('',(21.,-4.99999999999999,20.));
#3867=CARTESIAN_POINT('Origin',(18.5,5.00000000000001,20.));
#3868=CARTESIAN_POINT('',(16.,5.00000000000001,20.));
#3869=CARTESIAN_POINT('Origin',(18.5,5.00000000000001,20.));
#3870=CARTESIAN_POINT('',(16.,5.00000000000001,18.));
#3871=CARTESIAN_POINT('',(16.,5.00000000000001,20.));
#3872=CARTESIAN_POINT('Origin',(18.5,5.00000000000001,18.));
#3873=CARTESIAN_POINT('Origin',(16.,-4.99999999999999,20.));
#3874=CARTESIAN_POINT('',(16.,-4.99999999999999,20.));
#3875=CARTESIAN_POINT('',(16.,-2.49999999999999,20.));
#3876=CARTESIAN_POINT('',(16.,-4.99999999999999,18.));
#3877=CARTESIAN_POINT('',(16.,-4.99999999999999,20.));
#3878=CARTESIAN_POINT('',(16.,-2.49999999999999,18.));
#3879=CARTESIAN_POINT('Origin',(18.5,-4.99999999999999,20.));
#3880=CARTESIAN_POINT('Origin',(18.5,-4.99999999999999,20.));
#3881=CARTESIAN_POINT('Origin',(18.5,-4.99999999999999,18.));
#3882=CARTESIAN_POINT('Origin',(-21.,-5.00000000000001,20.));
#3883=CARTESIAN_POINT('',(-21.,-5.00000000000001,20.));
#3884=CARTESIAN_POINT('',(-21.,4.99999999999999,20.));
#3885=CARTESIAN_POINT('',(-21.,-2.50000000000001,20.));
#3886=CARTESIAN_POINT('',(-21.,-5.00000000000001,18.));
#3887=CARTESIAN_POINT('',(-21.,-5.00000000000001,20.));
#3888=CARTESIAN_POINT('',(-21.,4.99999999999999,18.));
#3889=CARTESIAN_POINT('',(-21.,-2.50000000000001,18.));
#3890=CARTESIAN_POINT('',(-21.,4.99999999999999,20.));
#3891=CARTESIAN_POINT('Origin',(-18.5,-5.00000000000001,20.));
#3892=CARTESIAN_POINT('',(-16.,-5.00000000000001,20.));
#3893=CARTESIAN_POINT('Origin',(-18.5,-5.00000000000001,20.));
#3894=CARTESIAN_POINT('',(-16.,-5.00000000000001,18.));
#3895=CARTESIAN_POINT('',(-16.,-5.00000000000001,20.));
#3896=CARTESIAN_POINT('Origin',(-18.5,-5.00000000000001,18.));
#3897=CARTESIAN_POINT('Origin',(-16.,4.99999999999999,20.));
#3898=CARTESIAN_POINT('',(-16.,4.99999999999999,20.));
#3899=CARTESIAN_POINT('',(-16.,2.49999999999999,20.));
#3900=CARTESIAN_POINT('',(-16.,4.99999999999999,18.));
#3901=CARTESIAN_POINT('',(-16.,4.99999999999999,20.));
#3902=CARTESIAN_POINT('',(-16.,2.49999999999999,18.));
#3903=CARTESIAN_POINT('Origin',(-18.5,4.99999999999999,20.));
#3904=CARTESIAN_POINT('Origin',(-18.5,4.99999999999999,20.));
#3905=CARTESIAN_POINT('Origin',(-18.5,4.99999999999999,18.));
#3906=CARTESIAN_POINT('Origin',(8.7,3.49618208595134E-15,17.));
#3907=CARTESIAN_POINT('',(6.7,2.85293302608068E-15,17.));
#3908=CARTESIAN_POINT('Origin',(8.7,3.49618208595134E-15,17.));
#3909=CARTESIAN_POINT('',(6.7,3.22032706582489E-15,20.));
#3910=CARTESIAN_POINT('',(6.7,2.36307430642174E-15,17.));
#3911=CARTESIAN_POINT('Origin',(8.7,3.86357612569554E-15,20.));
#3912=CARTESIAN_POINT('Origin',(1.63155728813627E-31,-3.67394039744206E-16,
17.));
#3913=CARTESIAN_POINT('',(-2.,-1.01064309961486E-15,17.));
#3914=CARTESIAN_POINT('Origin',(1.63155728813627E-31,-3.67394039744206E-16,
17.));
#3915=CARTESIAN_POINT('',(-2.,-6.43249059870654E-16,20.));
#3916=CARTESIAN_POINT('',(-2.,-1.5005018192738E-15,17.));
#3917=CARTESIAN_POINT('Origin',(0.,0.,20.));
#3918=CARTESIAN_POINT('Origin',(-8.7,-4.23097016543975E-15,17.));
#3919=CARTESIAN_POINT('',(-10.7,-4.8742192253104E-15,17.));
#3920=CARTESIAN_POINT('Origin',(-8.7,-4.23097016543975E-15,17.));
#3921=CARTESIAN_POINT('',(-10.7,-4.5068251855662E-15,20.));
#3922=CARTESIAN_POINT('',(-10.7,-5.36407794496935E-15,17.));
#3923=CARTESIAN_POINT('Origin',(-8.7,-3.86357612569554E-15,20.));
#3924=CARTESIAN_POINT('Origin',(1.08770485875751E-31,-2.44929359829471E-16,
18.));
#3925=CARTESIAN_POINT('',(-15.,-5.19176198877411E-15,17.));
#3926=CARTESIAN_POINT('Origin',(1.63155728813627E-31,-3.67394039744206E-16,
17.));
#3927=CARTESIAN_POINT('',(-15.,-5.06929730885938E-15,18.));
#3928=CARTESIAN_POINT('',(-15.,-5.06929730885938E-15,18.));
#3929=CARTESIAN_POINT('Origin',(1.08770485875751E-31,-2.44929359829471E-16,
18.));
#3930=CARTESIAN_POINT('Origin',(1.63155728813627E-31,-3.67394039744206E-16,
17.));
#3931=CARTESIAN_POINT('Origin',(-38.5698051533946,-8.00000000000004,14.));
#3932=CARTESIAN_POINT('',(-30.,-7.00000000000002,14.));
#3933=CARTESIAN_POINT('',(-30.,-8.00000000000002,13.));
#3934=CARTESIAN_POINT('Origin',(-30.,-8.00000000000002,14.));
#3935=CARTESIAN_POINT('',(-42.2492603485552,-8.00000000000005,13.));
#3936=CARTESIAN_POINT('',(-38.5698051533946,-8.00000000000004,13.));
#3937=CARTESIAN_POINT('',(-42.4264068711928,-7.00000000000005,14.));
#3938=CARTESIAN_POINT('Ctrl Pts',(-42.4264068711928,-7.00000000000004,14.));
#3939=CARTESIAN_POINT('Ctrl Pts',(-42.4264068711928,-7.00000000000004,13.8745698054743));
#3940=CARTESIAN_POINT('Ctrl Pts',(-42.4222969161758,-7.0250531201388,13.7408954316999));
#3941=CARTESIAN_POINT('Ctrl Pts',(-42.4053647286269,-7.12654819825869,13.4952837032737));
#3942=CARTESIAN_POINT('Ctrl Pts',(-42.3925112433746,-7.20298022121973,13.38334439876));
#3943=CARTESIAN_POINT('Ctrl Pts',(-42.362034119753,-7.38012791381469,13.2051236314142));
#3944=CARTESIAN_POINT('Ctrl Pts',(-42.3422663505728,-7.49321381486963,13.127603792253));
#3945=CARTESIAN_POINT('Ctrl Pts',(-42.2977733194897,-7.74042280447523,13.0250502280262));
#3946=CARTESIAN_POINT('Ctrl Pts',(-42.2730177187724,-7.87453358506197,13.));
#3947=CARTESIAN_POINT('Ctrl Pts',(-42.2492603485552,-8.00000000000004,13.));
#3948=CARTESIAN_POINT('',(-38.5698051533946,-7.00000000000004,14.));
#3949=CARTESIAN_POINT('Origin',(-30.,-10.,14.));
#3950=CARTESIAN_POINT('',(-30.,-13.,14.));
#3951=CARTESIAN_POINT('',(-30.,-12.,13.));
#3952=CARTESIAN_POINT('Origin',(-30.,-12.,14.));
#3953=CARTESIAN_POINT('Origin',(-30.,-10.,13.));
#3954=CARTESIAN_POINT('Origin',(-30.,-10.,14.));
#3955=CARTESIAN_POINT('Origin',(-32.3566017177982,-12.,14.));
#3956=CARTESIAN_POINT('',(-40.9878030638384,-13.,14.));
#3957=CARTESIAN_POINT('',(-41.2916456441252,-12.,13.));
#3958=CARTESIAN_POINT('Ctrl Pts',(-41.2916456441252,-12.,13.));
#3959=CARTESIAN_POINT('Ctrl Pts',(-41.254972761811,-12.1261903051053,13.));
#3960=CARTESIAN_POINT('Ctrl Pts',(-41.2151251977407,-12.2609252760787,13.0252978146284));
#3961=CARTESIAN_POINT('Ctrl Pts',(-41.1403851713414,-12.5094181177465,13.1290123263785));
#3962=CARTESIAN_POINT('Ctrl Pts',(-41.1055256792127,-12.6231786203882,13.2074464735554));
#3963=CARTESIAN_POINT('Ctrl Pts',(-41.0510897807597,-12.7990666592106,13.3864050789087));
#3964=CARTESIAN_POINT('Ctrl Pts',(-41.0274380922904,-12.8744746953868,13.4972913549732));
#3965=CARTESIAN_POINT('Ctrl Pts',(-40.9957699818193,-12.974961221695,13.7414026693455));
#3966=CARTESIAN_POINT('Ctrl Pts',(-40.9878030638384,-13.,13.8746504721282));
#3967=CARTESIAN_POINT('Ctrl Pts',(-40.9878030638384,-13.,14.));
#3968=CARTESIAN_POINT('',(-32.3566017177982,-12.,13.));
#3969=CARTESIAN_POINT('',(-32.3566017177982,-13.,14.));
#3970=CARTESIAN_POINT('Origin',(-30.,-13.,18.));
#3971=CARTESIAN_POINT('',(-30.,-13.,18.));
#3972=CARTESIAN_POINT('',(-30.,-13.,18.));
#3973=CARTESIAN_POINT('',(-40.9878030638384,-13.,18.));
#3974=CARTESIAN_POINT('',(-15.,-13.,18.));
#3975=CARTESIAN_POINT('',(-40.9878030638384,-13.,18.));
#3976=CARTESIAN_POINT('Origin',(-30.,-10.,18.));
#3977=CARTESIAN_POINT('',(-30.,-7.00000000000002,18.));
#3978=CARTESIAN_POINT('',(-30.,-7.00000000000002,18.));
#3979=CARTESIAN_POINT('Origin',(-30.,-10.,18.));
#3980=CARTESIAN_POINT('Origin',(-42.4264068711929,-7.00000000000004,18.));
#3981=CARTESIAN_POINT('',(-42.4264068711929,-7.00000000000004,18.));
#3982=CARTESIAN_POINT('',(-42.4264068711928,-7.00000000000004,18.));
#3983=CARTESIAN_POINT('',(-21.2132034355964,-7.00000000000001,18.));
#3984=CARTESIAN_POINT('Origin',(-37.8505032497174,12.,14.));
#3985=CARTESIAN_POINT('',(-30.0000003699895,13.,14.));
#3986=CARTESIAN_POINT('',(-30.0000003699895,12.,13.));
#3987=CARTESIAN_POINT('Origin',(-30.0000003699895,12.,14.));
#3988=CARTESIAN_POINT('',(-41.2916456441252,12.,13.));
#3989=CARTESIAN_POINT('',(-37.8505032497174,12.,13.));
#3990=CARTESIAN_POINT('',(-40.9878030638384,13.,14.));
#3991=CARTESIAN_POINT('Ctrl Pts',(-40.9878030638384,13.,14.));
#3992=CARTESIAN_POINT('Ctrl Pts',(-40.9878030638384,13.,13.8746504721282));
#3993=CARTESIAN_POINT('Ctrl Pts',(-40.9957699818193,12.9749612216949,13.7414026693455));
#3994=CARTESIAN_POINT('Ctrl Pts',(-41.0274380922904,12.8744746953867,13.4972913549732));
#3995=CARTESIAN_POINT('Ctrl Pts',(-41.0510897807597,12.7990666592105,13.3864050789087));
#3996=CARTESIAN_POINT('Ctrl Pts',(-41.1055256792127,12.6231786203881,13.2074464735554));
#3997=CARTESIAN_POINT('Ctrl Pts',(-41.1403851713414,12.5094181177465,13.1290123263785));
#3998=CARTESIAN_POINT('Ctrl Pts',(-41.2151251977407,12.2609252760786,13.0252978146284));
#3999=CARTESIAN_POINT('Ctrl Pts',(-41.254972761811,12.1261903051052,13.));
#4000=CARTESIAN_POINT('Ctrl Pts',(-41.2916456441252,12.,13.));
#4001=CARTESIAN_POINT('',(-37.8505032497174,13.,14.));
#4002=CARTESIAN_POINT('Origin',(-30.,9.99999999999999,14.));
#4003=CARTESIAN_POINT('',(-30.0000003753665,7.00000000000001,14.));
#4004=CARTESIAN_POINT('',(-30.0000002502443,8.,13.));
#4005=CARTESIAN_POINT('Origin',(-30.0000002502443,8.,14.));
#4006=CARTESIAN_POINT('Origin',(-30.,9.99999999999999,13.));
#4007=CARTESIAN_POINT('Origin',(-30.,9.99999999999999,14.));
#4008=CARTESIAN_POINT('Origin',(-32.3566019054815,8.00000000000001,14.));
#4009=CARTESIAN_POINT('',(-42.4264068711928,7.00000000000001,14.));
#4010=CARTESIAN_POINT('',(-42.2492603485552,8.00000000000001,13.));
#4011=CARTESIAN_POINT('Ctrl Pts',(-42.2492603485552,8.00000000000001,13.));
#4012=CARTESIAN_POINT('Ctrl Pts',(-42.2730177187724,7.87453358506193,13.));
#4013=CARTESIAN_POINT('Ctrl Pts',(-42.2977733194897,7.7404228044752,13.0250502280262));
#4014=CARTESIAN_POINT('Ctrl Pts',(-42.3422663505728,7.49321381486959,13.1276037922529));
#4015=CARTESIAN_POINT('Ctrl Pts',(-42.362034119753,7.38012791381465,13.2051236314142));
#4016=CARTESIAN_POINT('Ctrl Pts',(-42.3925112433746,7.20298022121969,13.38334439876));
#4017=CARTESIAN_POINT('Ctrl Pts',(-42.4053647286269,7.12654819825865,13.4952837032737));
#4018=CARTESIAN_POINT('Ctrl Pts',(-42.4222969161758,7.02505312013876,13.7408954316999));
#4019=CARTESIAN_POINT('Ctrl Pts',(-42.4264068711928,7.00000000000001,13.8745698054743));
#4020=CARTESIAN_POINT('Ctrl Pts',(-42.4264068711928,7.00000000000001,14.));
#4021=CARTESIAN_POINT('',(-32.3566019054815,8.00000000000001,13.));
#4022=CARTESIAN_POINT('',(-32.3566019054815,7.00000000000001,14.));
#4023=CARTESIAN_POINT('Origin',(-30.0000003753665,7.00000000000001,18.));
#4024=CARTESIAN_POINT('',(-30.0000003753665,7.00000000000001,18.));
#4025=CARTESIAN_POINT('',(-30.0000003753665,7.00000000000001,18.));
#4026=CARTESIAN_POINT('',(-42.4264068711929,7.00000000000001,18.));
#4027=CARTESIAN_POINT('',(-15.0000001876832,7.00000000000002,18.));
#4028=CARTESIAN_POINT('',(-42.4264068711928,7.00000000000001,18.));
#4029=CARTESIAN_POINT('Origin',(-30.,9.99999999999999,18.));
#4030=CARTESIAN_POINT('',(-30.0000003699895,13.,18.));
#4031=CARTESIAN_POINT('',(-30.0000003699895,13.,18.));
#4032=CARTESIAN_POINT('Origin',(-30.,9.99999999999999,18.));
#4033=CARTESIAN_POINT('Origin',(-40.9878030638384,13.,18.));
#4034=CARTESIAN_POINT('',(-40.9878030638384,13.,18.));
#4035=CARTESIAN_POINT('',(-40.9878030638384,13.,18.));
#4036=CARTESIAN_POINT('',(-20.4939015319192,13.,18.));
#4037=CARTESIAN_POINT('Origin',(38.5698051533946,8.00000000000004,14.));
#4038=CARTESIAN_POINT('',(30.0000003745099,7.00000000000003,14.));
#4039=CARTESIAN_POINT('',(30.0000003745099,8.00000000000003,13.));
#4040=CARTESIAN_POINT('Origin',(30.0000003745099,8.00000000000003,14.));
#4041=CARTESIAN_POINT('',(42.2492603485552,8.00000000000004,13.));
#4042=CARTESIAN_POINT('',(38.5698051533946,8.00000000000004,13.));
#4043=CARTESIAN_POINT('',(42.4264068711928,7.00000000000004,14.));
#4044=CARTESIAN_POINT('Ctrl Pts',(42.4264068711928,7.00000000000004,14.));
#4045=CARTESIAN_POINT('Ctrl Pts',(42.4264068711928,7.00000000000004,13.8745698054743));
#4046=CARTESIAN_POINT('Ctrl Pts',(42.4222969161758,7.02505312013879,13.7408954316999));
#4047=CARTESIAN_POINT('Ctrl Pts',(42.4053647286269,7.12654819825868,13.4952837032737));
#4048=CARTESIAN_POINT('Ctrl Pts',(42.3925112433746,7.20298022121972,13.38334439876));
#4049=CARTESIAN_POINT('Ctrl Pts',(42.362034119753,7.38012791381468,13.2051236314142));
#4050=CARTESIAN_POINT('Ctrl Pts',(42.3422663505728,7.49321381486963,13.1276037922529));
#4051=CARTESIAN_POINT('Ctrl Pts',(42.2977733194897,7.74042280447523,13.0250502280262));
#4052=CARTESIAN_POINT('Ctrl Pts',(42.2730177187724,7.87453358506197,13.));
#4053=CARTESIAN_POINT('Ctrl Pts',(42.2492603485552,8.00000000000004,13.));
#4054=CARTESIAN_POINT('',(38.5698051533946,7.00000000000004,14.));
#4055=CARTESIAN_POINT('Origin',(30.,10.,14.));
#4056=CARTESIAN_POINT('',(30.0000003708461,13.,14.));
#4057=CARTESIAN_POINT('',(30.0000002472307,12.,13.));
#4058=CARTESIAN_POINT('Origin',(30.0000002472307,12.,14.));
#4059=CARTESIAN_POINT('Origin',(30.,10.,13.));
#4060=CARTESIAN_POINT('Origin',(30.,10.,14.));
#4061=CARTESIAN_POINT('Origin',(32.3566019032212,12.,14.));
#4062=CARTESIAN_POINT('',(40.9878030638384,13.,14.));
#4063=CARTESIAN_POINT('',(41.2916456441252,12.,13.));
#4064=CARTESIAN_POINT('Ctrl Pts',(41.2916456441252,12.,13.));
#4065=CARTESIAN_POINT('Ctrl Pts',(41.254972761811,12.1261903051053,13.));
#4066=CARTESIAN_POINT('Ctrl Pts',(41.2151251977407,12.2609252760787,13.0252978146284));
#4067=CARTESIAN_POINT('Ctrl Pts',(41.1403851713414,12.5094181177465,13.1290123263785));
#4068=CARTESIAN_POINT('Ctrl Pts',(41.1055256792127,12.6231786203882,13.2074464735554));
#4069=CARTESIAN_POINT('Ctrl Pts',(41.0510897807597,12.7990666592106,13.3864050789087));
#4070=CARTESIAN_POINT('Ctrl Pts',(41.0274380922904,12.8744746953868,13.4972913549732));
#4071=CARTESIAN_POINT('Ctrl Pts',(40.9957699818193,12.974961221695,13.7414026693455));
#4072=CARTESIAN_POINT('Ctrl Pts',(40.9878030638384,13.,13.8746504721282));
#4073=CARTESIAN_POINT('Ctrl Pts',(40.9878030638384,13.,14.));
#4074=CARTESIAN_POINT('',(32.3566019032212,12.,13.));
#4075=CARTESIAN_POINT('',(32.3566019032212,13.,14.));
#4076=CARTESIAN_POINT('Origin',(30.0000003708461,13.,18.));
#4077=CARTESIAN_POINT('',(30.0000003708461,13.,18.));
#4078=CARTESIAN_POINT('',(30.0000003708461,13.,18.));
#4079=CARTESIAN_POINT('',(40.9878030638384,13.,18.));
#4080=CARTESIAN_POINT('',(15.000000185423,13.,18.));
#4081=CARTESIAN_POINT('',(40.9878030638384,13.,18.));
#4082=CARTESIAN_POINT('Origin',(30.,10.,18.));
#4083=CARTESIAN_POINT('',(30.0000003745099,7.00000000000004,18.));
#4084=CARTESIAN_POINT('',(30.0000003745099,7.00000000000004,18.));
#4085=CARTESIAN_POINT('Origin',(30.,10.,18.));
#4086=CARTESIAN_POINT('Origin',(42.4264068711929,7.00000000000004,18.));
#4087=CARTESIAN_POINT('',(42.4264068711929,7.00000000000004,18.));
#4088=CARTESIAN_POINT('',(42.4264068711928,7.00000000000004,18.));
#4089=CARTESIAN_POINT('',(21.2132034355964,7.00000000000003,18.));
#4090=CARTESIAN_POINT('Origin',(37.8505032497174,-12.,14.));
#4091=CARTESIAN_POINT('',(30.0000003687635,-13.,14.));
#4092=CARTESIAN_POINT('',(30.0000003687635,-12.,13.));
#4093=CARTESIAN_POINT('Origin',(30.0000003687635,-12.,14.));
#4094=CARTESIAN_POINT('',(41.2916456441252,-12.,13.));
#4095=CARTESIAN_POINT('',(37.8505032497174,-12.,13.));
#4096=CARTESIAN_POINT('',(40.9878030638384,-13.,14.));
#4097=CARTESIAN_POINT('Ctrl Pts',(40.9878030638384,-13.,14.));
#4098=CARTESIAN_POINT('Ctrl Pts',(40.9878030638384,-13.,13.8746504721282));
#4099=CARTESIAN_POINT('Ctrl Pts',(40.9957699818193,-12.9749612216949,13.7414026693455));
#4100=CARTESIAN_POINT('Ctrl Pts',(41.0274380922904,-12.8744746953867,13.4972913549732));
#4101=CARTESIAN_POINT('Ctrl Pts',(41.0510897807597,-12.7990666592106,13.3864050789087));
#4102=CARTESIAN_POINT('Ctrl Pts',(41.1055256792127,-12.6231786203881,13.2074464735554));
#4103=CARTESIAN_POINT('Ctrl Pts',(41.1403851713414,-12.5094181177465,13.1290123263785));
#4104=CARTESIAN_POINT('Ctrl Pts',(41.2151251977407,-12.2609252760786,13.0252978146284));
#4105=CARTESIAN_POINT('Ctrl Pts',(41.254972761811,-12.1261903051052,13.));
#4106=CARTESIAN_POINT('Ctrl Pts',(41.2916456441252,-12.,13.));
#4107=CARTESIAN_POINT('',(37.8505032497174,-13.,14.));
#4108=CARTESIAN_POINT('Origin',(30.,-9.99999999999999,14.));
#4109=CARTESIAN_POINT('',(30.0000003739066,-7.00000000000001,14.));
#4110=CARTESIAN_POINT('',(30.0000002492711,-8.,13.));
#4111=CARTESIAN_POINT('Origin',(30.0000002492711,-8.,14.));
#4112=CARTESIAN_POINT('Origin',(30.,-9.99999999999999,13.));
#4113=CARTESIAN_POINT('Origin',(30.,-9.99999999999999,14.));
#4114=CARTESIAN_POINT('Origin',(32.3566019047515,-8.00000000000001,14.));
#4115=CARTESIAN_POINT('',(42.4264068711928,-7.00000000000001,14.));
#4116=CARTESIAN_POINT('',(42.2492603485552,-8.00000000000001,13.));
#4117=CARTESIAN_POINT('Ctrl Pts',(42.2492603485552,-8.00000000000001,13.));
#4118=CARTESIAN_POINT('Ctrl Pts',(42.2730177187724,-7.87453358506194,13.));
#4119=CARTESIAN_POINT('Ctrl Pts',(42.2977733194897,-7.7404228044752,13.0250502280262));
#4120=CARTESIAN_POINT('Ctrl Pts',(42.3422663505728,-7.4932138148696,13.127603792253));
#4121=CARTESIAN_POINT('Ctrl Pts',(42.362034119753,-7.38012791381465,13.2051236314142));
#4122=CARTESIAN_POINT('Ctrl Pts',(42.3925112433746,-7.2029802212197,13.38334439876));
#4123=CARTESIAN_POINT('Ctrl Pts',(42.4053647286269,-7.12654819825865,13.4952837032737));
#4124=CARTESIAN_POINT('Ctrl Pts',(42.4222969161758,-7.02505312013876,13.7408954316999));
#4125=CARTESIAN_POINT('Ctrl Pts',(42.4264068711928,-7.00000000000001,13.8745698054743));
#4126=CARTESIAN_POINT('Ctrl Pts',(42.4264068711928,-7.00000000000001,14.));
#4127=CARTESIAN_POINT('',(32.3566019047515,-8.00000000000001,13.));
#4128=CARTESIAN_POINT('',(32.3566019047515,-7.00000000000001,14.));
#4129=CARTESIAN_POINT('Origin',(30.0000003739066,-7.00000000000001,18.));
#4130=CARTESIAN_POINT('',(30.0000003739066,-7.00000000000001,18.));
#4131=CARTESIAN_POINT('',(30.0000003739066,-7.00000000000001,18.));
#4132=CARTESIAN_POINT('',(42.4264068711928,-7.00000000000001,18.));
#4133=CARTESIAN_POINT('',(15.0000001869533,-7.00000000000002,18.));
#4134=CARTESIAN_POINT('',(42.4264068711928,-7.00000000000001,18.));
#4135=CARTESIAN_POINT('Origin',(30.,-9.99999999999999,18.));
#4136=CARTESIAN_POINT('',(30.0000003687635,-13.,18.));
#4137=CARTESIAN_POINT('',(30.0000003687635,-13.,18.));
#4138=CARTESIAN_POINT('Origin',(30.,-9.99999999999999,18.));
#4139=CARTESIAN_POINT('Origin',(40.9878030638384,-13.,18.));
#4140=CARTESIAN_POINT('',(40.9878030638384,-13.,18.));
#4141=CARTESIAN_POINT('',(40.9878030638384,-13.,18.));
#4142=CARTESIAN_POINT('',(20.4939015319192,-13.,18.));
#4143=CARTESIAN_POINT('Origin',(-30.,9.99999999999999,20.));
#4144=CARTESIAN_POINT('',(-28.55,9.99999999999999,20.));
#4145=CARTESIAN_POINT('Origin',(-30.,9.99999999999999,20.));
#4146=CARTESIAN_POINT('',(-28.55,9.99999999999999,15.));
#4147=CARTESIAN_POINT('',(-28.55,9.99999999999999,20.));
#4148=CARTESIAN_POINT('Origin',(-30.,9.99999999999999,15.));
#4149=CARTESIAN_POINT('Origin',(-30.,9.99999999999999,15.));
#4150=CARTESIAN_POINT('Origin',(30.,-9.99999999999999,20.));
#4151=CARTESIAN_POINT('',(31.45,-9.99999999999999,20.));
#4152=CARTESIAN_POINT('Origin',(30.,-9.99999999999999,20.));
#4153=CARTESIAN_POINT('',(31.45,-9.99999999999999,15.));
#4154=CARTESIAN_POINT('',(31.45,-9.99999999999999,20.));
#4155=CARTESIAN_POINT('Origin',(30.,-9.99999999999999,15.));
#4156=CARTESIAN_POINT('Origin',(30.,-9.99999999999999,15.));
#4157=CARTESIAN_POINT('Origin',(-30.,-10.,20.));
#4158=CARTESIAN_POINT('',(-28.55,-10.,20.));
#4159=CARTESIAN_POINT('Origin',(-30.,-10.,20.));
#4160=CARTESIAN_POINT('',(-28.55,-10.,15.));
#4161=CARTESIAN_POINT('',(-28.55,-10.,20.));
#4162=CARTESIAN_POINT('Origin',(-30.,-10.,15.));
#4163=CARTESIAN_POINT('Origin',(-30.,-10.,15.));
#4164=CARTESIAN_POINT('Origin',(30.,10.,20.));
#4165=CARTESIAN_POINT('',(31.45,10.,20.));
#4166=CARTESIAN_POINT('Origin',(30.,10.,20.));
#4167=CARTESIAN_POINT('',(31.45,10.,15.));
#4168=CARTESIAN_POINT('',(31.45,10.,20.));
#4169=CARTESIAN_POINT('Origin',(30.,10.,15.));
#4170=CARTESIAN_POINT('Origin',(30.,10.,15.));
#4171=CARTESIAN_POINT('Origin',(-34.7132034355964,9.99999999999998,13.));
#4172=CARTESIAN_POINT('Origin',(3.80696700565129E-31,-8.57252759403147E-16,
13.));
#4173=CARTESIAN_POINT('Origin',(1.08770485875751E-31,-2.44929359829471E-16,
18.));
#4174=CARTESIAN_POINT('Origin',(1.08770485875751E-31,-2.44929359829471E-16,
18.));
#4175=CARTESIAN_POINT('Origin',(1.08770485875751E-31,-2.44929359829471E-16,
18.));
#4176=CARTESIAN_POINT('Origin',(1.08770485875751E-31,-2.44929359829471E-16,
18.));
#4177=CARTESIAN_POINT('',(-43.,-1.40747841470485E-14,18.));
#4178=CARTESIAN_POINT('Origin',(1.08770485875751E-31,-2.44929359829471E-16,
18.));
#4179=CARTESIAN_POINT('Origin',(1.08770485875751E-31,-2.44929359829471E-16,
18.));
#4180=CARTESIAN_POINT('Origin',(34.7132034355964,10.,13.));
#4181=CARTESIAN_POINT('Origin',(3.80696700565129E-31,-8.57252759403147E-16,
13.));
#4182=CARTESIAN_POINT('Origin',(-34.7132034355964,-10.,13.));
#4183=CARTESIAN_POINT('Origin',(3.80696700565129E-31,-8.57252759403147E-16,
13.));
#4184=CARTESIAN_POINT('Origin',(34.7132034355964,-9.99999999999998,13.));
#4185=CARTESIAN_POINT('Origin',(3.80696700565129E-31,-8.57252759403147E-16,
13.));
#4186=CARTESIAN_POINT('Origin',(1.08770485875751E-31,-2.44929359829471E-16,
18.));
#4187=CARTESIAN_POINT('',(45.,2.52499956795864E-14,18.));
#4188=CARTESIAN_POINT('Origin',(1.08770485875751E-31,-2.44929359829471E-16,
18.));
#4189=CARTESIAN_POINT('',(43.,1.38298547872191E-14,20.));
#4190=CARTESIAN_POINT('Origin',(43.,1.35849254273896E-14,18.));
#4191=CARTESIAN_POINT('Origin',(0.,0.,20.));
#4192=CARTESIAN_POINT('Origin',(0.,0.,20.));
#4193=CARTESIAN_POINT('',(45.,1.2023810248795E-14,0.));
#4194=CARTESIAN_POINT('Origin',(1.08770485875751E-30,-2.44929359829471E-15,
0.));
#4195=CARTESIAN_POINT('',(45.,1.44731038470897E-14,20.));
#4196=CARTESIAN_POINT('Origin',(0.,0.,20.));
#4197=CARTESIAN_POINT('Origin',(1.08770485875751E-31,-2.44929359829471E-16,
18.));
#4198=CARTESIAN_POINT('',(-43.,-1.62791483855138E-14,0.));
#4199=CARTESIAN_POINT('Origin',(1.08770485875751E-30,-2.44929359829471E-15,
0.));
#4200=CARTESIAN_POINT('',(-43.,-1.40747841470485E-14,18.));
#4201=CARTESIAN_POINT('Origin',(1.08770485875751E-30,-2.44929359829471E-15,
0.));
#4202=CARTESIAN_POINT('',(0.,0.,0.));
#4203=CARTESIAN_POINT('Origin',(0.,0.,25.));
#4204=CARTESIAN_POINT('',(-15.,0.,25.));
#4205=CARTESIAN_POINT('Origin',(0.,0.,25.));
#4206=CARTESIAN_POINT('',(-15.,2.,25.));
#4207=CARTESIAN_POINT('',(-15.,0.,25.));
#4208=CARTESIAN_POINT('Origin',(0.,2.,25.));
#4209=CARTESIAN_POINT('Origin',(16.,0.,20.));
#4210=CARTESIAN_POINT('',(16.,0.,20.));
#4211=CARTESIAN_POINT('',(16.,0.,30.));
#4212=CARTESIAN_POINT('',(16.,0.,10.));
#4213=CARTESIAN_POINT('',(16.,2.,20.));
#4214=CARTESIAN_POINT('',(16.,0.,20.));
#4215=CARTESIAN_POINT('',(16.,2.,30.));
#4216=CARTESIAN_POINT('',(16.,2.,31.5));
#4217=CARTESIAN_POINT('',(16.,0.,30.));
#4218=CARTESIAN_POINT('Origin',(18.5,0.,20.));
#4219=CARTESIAN_POINT('',(21.,0.,20.));
#4220=CARTESIAN_POINT('Origin',(18.5,0.,20.));
#4221=CARTESIAN_POINT('',(21.,2.,20.));
#4222=CARTESIAN_POINT('',(21.,0.,20.));
#4223=CARTESIAN_POINT('Origin',(18.5,2.,20.));
#4224=CARTESIAN_POINT('Origin',(21.,0.,30.));
#4225=CARTESIAN_POINT('',(21.,0.,30.));
#4226=CARTESIAN_POINT('',(21.,0.,15.));
#4227=CARTESIAN_POINT('',(21.,2.,30.));
#4228=CARTESIAN_POINT('',(21.,0.,30.));
#4229=CARTESIAN_POINT('',(21.,2.,36.5));
#4230=CARTESIAN_POINT('Origin',(18.5,0.,30.));
#4231=CARTESIAN_POINT('Origin',(18.5,0.,30.));
#4232=CARTESIAN_POINT('Origin',(18.5,2.,30.));
#4233=CARTESIAN_POINT('Origin',(-21.0000000745058,0.,20.));
#4234=CARTESIAN_POINT('',(-21.0000000745058,0.,20.));
#4235=CARTESIAN_POINT('',(-21.0000000745058,0.,30.));
#4236=CARTESIAN_POINT('',(-21.0000000745058,0.,10.));
#4237=CARTESIAN_POINT('',(-21.0000000745058,2.,20.));
#4238=CARTESIAN_POINT('',(-21.0000000745058,0.,20.));
#4239=CARTESIAN_POINT('',(-21.0000000745058,2.,30.));
#4240=CARTESIAN_POINT('',(-21.0000000745058,2.,31.5));
#4241=CARTESIAN_POINT('',(-21.0000000745058,0.,30.));
#4242=CARTESIAN_POINT('Origin',(-18.5000000372529,0.,20.));
#4243=CARTESIAN_POINT('',(-16.,0.,20.));
#4244=CARTESIAN_POINT('Origin',(-18.5000000372529,0.,20.));
#4245=CARTESIAN_POINT('',(-16.,2.,20.));
#4246=CARTESIAN_POINT('',(-16.,0.,20.));
#4247=CARTESIAN_POINT('Origin',(-18.5000000372529,2.,20.));
#4248=CARTESIAN_POINT('Origin',(-16.,0.,30.));
#4249=CARTESIAN_POINT('',(-16.,0.,30.));
#4250=CARTESIAN_POINT('',(-16.,0.,15.));
#4251=CARTESIAN_POINT('',(-16.,2.,30.));
#4252=CARTESIAN_POINT('',(-16.,0.,30.));
#4253=CARTESIAN_POINT('',(-16.,2.,36.5));
#4254=CARTESIAN_POINT('Origin',(-18.5000000372529,0.,30.));
#4255=CARTESIAN_POINT('Origin',(-18.5000000372529,0.,30.));
#4256=CARTESIAN_POINT('Origin',(-18.5000000372529,2.,30.));
#4257=CARTESIAN_POINT('Origin',(-23.,3.4,2.));
#4258=CARTESIAN_POINT('',(-26.4,2.,2.));
#4259=CARTESIAN_POINT('',(-25.,3.4,2.));
#4260=CARTESIAN_POINT('Origin',(-26.4,3.4,2.));
#4261=CARTESIAN_POINT('',(-23.,3.4,0.));
#4262=CARTESIAN_POINT('Origin',(-23.,3.4,2.));
#4263=CARTESIAN_POINT('',(-25.7495454169735,2.,0.));
#4264=CARTESIAN_POINT('Ctrl Pts',(-23.,3.4,0.));
#4265=CARTESIAN_POINT('Ctrl Pts',(-23.4667313317568,3.00950455158809,0.));
#4266=CARTESIAN_POINT('Ctrl Pts',(-24.0325578254286,2.54786818376878,0.));
#4267=CARTESIAN_POINT('Ctrl Pts',(-24.9272788444179,2.12393982655158,0.));
#4268=CARTESIAN_POINT('Ctrl Pts',(-25.368017434822,2.,0.));
#4269=CARTESIAN_POINT('Ctrl Pts',(-25.7495454169735,2.,0.));
#4270=CARTESIAN_POINT('Origin',(-23.,2.,2.));
#4271=CARTESIAN_POINT('Origin',(-26.4,3.39999999999999,0.));
#4272=CARTESIAN_POINT('',(-26.4,2.,43.));
#4273=CARTESIAN_POINT('',(-25.,3.4,43.));
#4274=CARTESIAN_POINT('Origin',(-26.4,3.39999999999999,43.));
#4275=CARTESIAN_POINT('',(-25.,3.39999999999999,0.));
#4276=CARTESIAN_POINT('',(-26.4,2.,0.));
#4277=CARTESIAN_POINT('Origin',(-25.,2.,0.));
#4278=CARTESIAN_POINT('',(-33.,2.,0.));
#4279=CARTESIAN_POINT('',(-35.,2.,0.));
#4280=CARTESIAN_POINT('',(-35.,2.,2.));
#4281=CARTESIAN_POINT('Origin',(-33.,2.,2.));
#4282=CARTESIAN_POINT('',(-35.,2.,43.));
#4283=CARTESIAN_POINT('',(-35.,2.,0.));
#4284=CARTESIAN_POINT('',(-35.,2.,43.));
#4285=CARTESIAN_POINT('',(-26.5,2.,15.));
#4286=CARTESIAN_POINT('Origin',(-30.,2.,15.));
#4287=CARTESIAN_POINT('',(-26.5,2.,35.));
#4288=CARTESIAN_POINT('Origin',(-30.,2.,35.));
#4289=CARTESIAN_POINT('Origin',(26.4,3.4,0.));
#4290=CARTESIAN_POINT('',(26.4,2.,2.));
#4291=CARTESIAN_POINT('',(25.,3.4,2.));
#4292=CARTESIAN_POINT('Origin',(26.4,3.4,2.));
#4293=CARTESIAN_POINT('',(25.,3.4,43.));
#4294=CARTESIAN_POINT('',(25.,3.4,0.));
#4295=CARTESIAN_POINT('',(26.4,2.,43.));
#4296=CARTESIAN_POINT('Origin',(26.4,3.4,43.));
#4297=CARTESIAN_POINT('',(26.4,2.,0.));
#4298=CARTESIAN_POINT('Origin',(23.,3.4,2.));
#4299=CARTESIAN_POINT('',(25.7495454169735,2.,0.));
#4300=CARTESIAN_POINT('',(23.,3.4,0.));
#4301=CARTESIAN_POINT('Ctrl Pts',(25.7495454169735,2.,0.));
#4302=CARTESIAN_POINT('Ctrl Pts',(25.368017434822,2.,-4.87009139855508E-19));
#4303=CARTESIAN_POINT('Ctrl Pts',(24.9272788444179,2.12393982655158,0.));
#4304=CARTESIAN_POINT('Ctrl Pts',(24.0325578254286,2.54786818376878,0.));
#4305=CARTESIAN_POINT('Ctrl Pts',(23.4667313317568,3.00950455158809,0.));
#4306=CARTESIAN_POINT('Ctrl Pts',(23.,3.4,0.));
#4307=CARTESIAN_POINT('Origin',(23.,3.4,2.));
#4308=CARTESIAN_POINT('Origin',(23.,2.,2.));
#4309=CARTESIAN_POINT('Origin',(35.,2.,0.));
#4310=CARTESIAN_POINT('',(35.,2.,43.));
#4311=CARTESIAN_POINT('',(35.,2.,43.));
#4312=CARTESIAN_POINT('',(35.,2.,2.));
#4313=CARTESIAN_POINT('',(35.,2.,0.));
#4314=CARTESIAN_POINT('',(33.,2.,0.));
#4315=CARTESIAN_POINT('Origin',(33.,2.,2.));
#4316=CARTESIAN_POINT('',(35.,2.,0.));
#4317=CARTESIAN_POINT('',(33.5,2.,35.));
#4318=CARTESIAN_POINT('Origin',(30.,2.,35.));
#4319=CARTESIAN_POINT('',(33.5,2.,15.));
#4320=CARTESIAN_POINT('Origin',(30.,2.,15.));
#4321=CARTESIAN_POINT('Origin',(-30.,0.999999999999996,15.));
#4322=CARTESIAN_POINT('',(-28.5,-4.44089209850063E-15,15.));
#4323=CARTESIAN_POINT('',(-27.5,0.999999999999996,15.));
#4324=CARTESIAN_POINT('Origin',(-30.,0.,15.));
#4325=CARTESIAN_POINT('Origin',(-30.,0.999999999999996,35.));
#4326=CARTESIAN_POINT('',(-28.5,-4.44089209850063E-15,35.));
#4327=CARTESIAN_POINT('',(-27.5,0.999999999999996,35.));
#4328=CARTESIAN_POINT('Origin',(-30.,0.,35.));
#4329=CARTESIAN_POINT('Origin',(30.,1.,35.));
#4330=CARTESIAN_POINT('',(31.5,-4.44089209850063E-15,35.));
#4331=CARTESIAN_POINT('',(32.5,1.,35.));
#4332=CARTESIAN_POINT('Origin',(30.,0.,35.));
#4333=CARTESIAN_POINT('Origin',(30.,1.,15.));
#4334=CARTESIAN_POINT('',(31.5,-4.44089209850063E-15,15.));
#4335=CARTESIAN_POINT('',(32.5,1.,15.));
#4336=CARTESIAN_POINT('Origin',(30.,0.,15.));
#4337=CARTESIAN_POINT('Origin',(-33.,19.75,2.));
#4338=CARTESIAN_POINT('',(-33.,0.,0.));
#4339=CARTESIAN_POINT('',(-33.,19.75,0.));
#4340=CARTESIAN_POINT('',(-35.,0.,2.));
#4341=CARTESIAN_POINT('Origin',(-33.,0.,2.));
#4342=CARTESIAN_POINT('',(-35.,19.75,2.));
#4343=CARTESIAN_POINT('Origin',(-35.,0.,0.));
#4344=CARTESIAN_POINT('',(33.,0.,0.));
#4345=CARTESIAN_POINT('',(-35.,0.,0.));
#4346=CARTESIAN_POINT('',(35.,0.,2.));
#4347=CARTESIAN_POINT('Origin',(33.,0.,2.));
#4348=CARTESIAN_POINT('',(35.,0.,43.));
#4349=CARTESIAN_POINT('',(35.,0.,0.));
#4350=CARTESIAN_POINT('',(-35.,0.,43.));
#4351=CARTESIAN_POINT('',(-35.,0.,43.));
#4352=CARTESIAN_POINT('',(-35.,0.,0.));
#4353=CARTESIAN_POINT('Origin',(0.,37.5,0.));
#4354=CARTESIAN_POINT('',(-23.,50.,0.));
#4355=CARTESIAN_POINT('',(-23.,43.75,0.));
#4356=CARTESIAN_POINT('',(23.,50.,0.));
#4357=CARTESIAN_POINT('Origin',(0.,50.,0.));
#4358=CARTESIAN_POINT('',(23.,19.75,0.));
#4359=CARTESIAN_POINT('',(33.,18.75,0.));
#4360=CARTESIAN_POINT('Origin',(33.,18.75,2.));
#4361=CARTESIAN_POINT('',(35.,18.75,2.));
#4362=CARTESIAN_POINT('Origin',(23.,19.75,2.));
#4363=CARTESIAN_POINT('',(25.,50.,2.));
#4364=CARTESIAN_POINT('Origin',(23.,50.,2.));
#4365=CARTESIAN_POINT('',(25.,19.75,2.));
#4366=CARTESIAN_POINT('Origin',(0.,50.,2.));
#4367=CARTESIAN_POINT('',(-25.,50.,2.));
#4368=CARTESIAN_POINT('Origin',(-23.,50.,2.));
#4369=CARTESIAN_POINT('Origin',(0.,50.,2.));
#4370=CARTESIAN_POINT('Origin',(-23.,43.75,2.));
#4371=CARTESIAN_POINT('',(-25.,43.75,2.));
#4372=CARTESIAN_POINT('Origin',(20.,25.,43.));
#4373=CARTESIAN_POINT('',(21.45,25.,43.));
#4374=CARTESIAN_POINT('Origin',(20.,25.,43.));
#4375=CARTESIAN_POINT('',(21.45,25.,38.));
#4376=CARTESIAN_POINT('',(21.45,25.,43.));
#4377=CARTESIAN_POINT('Origin',(20.,25.,38.));
#4378=CARTESIAN_POINT('Origin',(20.,25.,38.));
#4379=CARTESIAN_POINT('Origin',(-20.,10.,43.));
#4380=CARTESIAN_POINT('',(-18.55,10.,43.));
#4381=CARTESIAN_POINT('Origin',(-20.,10.,43.));
#4382=CARTESIAN_POINT('',(-18.55,10.,38.));
#4383=CARTESIAN_POINT('',(-18.55,10.,43.));
#4384=CARTESIAN_POINT('Origin',(-20.,10.,38.));
#4385=CARTESIAN_POINT('Origin',(-20.,10.,38.));
#4386=CARTESIAN_POINT('Origin',(20.,10.,43.));
#4387=CARTESIAN_POINT('',(21.45,10.,43.));
#4388=CARTESIAN_POINT('Origin',(20.,10.,43.));
#4389=CARTESIAN_POINT('',(21.45,10.,38.));
#4390=CARTESIAN_POINT('',(21.45,10.,43.));
#4391=CARTESIAN_POINT('Origin',(20.,10.,38.));
#4392=CARTESIAN_POINT('Origin',(20.,10.,38.));
#4393=CARTESIAN_POINT('Origin',(-20.,25.,43.));
#4394=CARTESIAN_POINT('',(-18.55,25.,43.));
#4395=CARTESIAN_POINT('Origin',(-20.,25.,43.));
#4396=CARTESIAN_POINT('',(-18.55,25.,38.));
#4397=CARTESIAN_POINT('',(-18.55,25.,43.));
#4398=CARTESIAN_POINT('Origin',(-20.,25.,38.));
#4399=CARTESIAN_POINT('Origin',(-20.,25.,38.));
#4400=CARTESIAN_POINT('Origin',(0.,70.,43.));
#4401=CARTESIAN_POINT('',(1.45,70.,43.));
#4402=CARTESIAN_POINT('Origin',(0.,70.,43.));
#4403=CARTESIAN_POINT('',(1.45,70.,38.));
#4404=CARTESIAN_POINT('',(1.45,70.,43.));
#4405=CARTESIAN_POINT('Origin',(0.,70.,38.));
#4406=CARTESIAN_POINT('Origin',(0.,70.,38.));
#4407=CARTESIAN_POINT('Origin',(0.,50.,43.));
#4408=CARTESIAN_POINT('',(-24.,50.0000007650231,43.));
#4409=CARTESIAN_POINT('',(-3.00000004470348,73.8117617939492,43.));
#4410=CARTESIAN_POINT('Origin',(0.,50.,43.));
#4411=CARTESIAN_POINT('',(-24.,50.0000007650231,1.99999999999999));
#4412=CARTESIAN_POINT('',(-24.,50.0000007650231,43.));
#4413=CARTESIAN_POINT('',(-3.00000004470348,73.8117617939492,1.99999999999999));
#4414=CARTESIAN_POINT('Origin',(0.,50.,1.99999999999999));
#4415=CARTESIAN_POINT('',(-3.00000004470348,73.8117617939492,43.));
#4416=CARTESIAN_POINT('Origin',(-24.,28.0000004172325,43.));
#4417=CARTESIAN_POINT('',(-24.,28.0000004172325,43.));
#4418=CARTESIAN_POINT('',(-24.,32.7500002086163,43.));
#4419=CARTESIAN_POINT('',(-24.,28.0000004172325,1.99999999999999));
#4420=CARTESIAN_POINT('',(-24.,28.0000004172325,43.));
#4421=CARTESIAN_POINT('',(-24.,50.0000007650231,1.99999999999999));
#4422=CARTESIAN_POINT('Origin',(-20.0000002980236,28.0000004172325,43.));
#4423=CARTESIAN_POINT('',(-20.0000002980236,28.,43.));
#4424=CARTESIAN_POINT('',(-10.0000001490118,28.0000004172325,43.));
#4425=CARTESIAN_POINT('',(-20.0000002980236,28.,1.99999999999999));
#4426=CARTESIAN_POINT('',(-20.0000002980236,28.,43.));
#4427=CARTESIAN_POINT('',(-20.0000002980232,28.0000004172325,1.99999999999999));
#4428=CARTESIAN_POINT('Origin',(-20.,25.,43.));
#4429=CARTESIAN_POINT('',(-20.0014024810681,22.0000003278255,43.));
#4430=CARTESIAN_POINT('Origin',(-20.,25.,43.));
#4431=CARTESIAN_POINT('',(-20.0014024810681,22.0000003278255,1.99999999999999));
#4432=CARTESIAN_POINT('',(-20.0014024810681,22.0000003278255,43.));
#4433=CARTESIAN_POINT('Origin',(-20.,25.,1.99999999999999));
#4434=CARTESIAN_POINT('Origin',(-24.,22.0000003278255,43.));
#4435=CARTESIAN_POINT('',(-24.,22.0000003278255,43.));
#4436=CARTESIAN_POINT('',(-12.,22.0000003278255,43.));
#4437=CARTESIAN_POINT('',(-24.,22.0000003278255,1.99999999999999));
#4438=CARTESIAN_POINT('',(-24.,22.0000003278255,43.));
#4439=CARTESIAN_POINT('',(-20.0000002980232,22.0000003278255,1.99999999999999));
#4440=CARTESIAN_POINT('Origin',(-24.0000003576279,13.0000001937151,43.));
#4441=CARTESIAN_POINT('',(-24.0000003576279,13.0000001937151,43.));
#4442=CARTESIAN_POINT('',(-23.9999998708566,25.2500005736947,43.));
#4443=CARTESIAN_POINT('',(-24.0000003576279,13.0000001937151,1.99999999999999));
#4444=CARTESIAN_POINT('',(-24.0000003576279,13.0000001937151,43.));
#4445=CARTESIAN_POINT('',(-24.,22.0000003278255,1.99999999999999));
#4446=CARTESIAN_POINT('Origin',(-20.0000003000686,13.0000001937151,43.));
#4447=CARTESIAN_POINT('',(-20.0000003000686,12.9999998956919,43.));
#4448=CARTESIAN_POINT('',(-10.0000001500343,13.0000001937151,43.));
#4449=CARTESIAN_POINT('',(-20.0000003000686,12.9999998956919,1.99999999999999));
#4450=CARTESIAN_POINT('',(-20.0000003000686,12.9999998956919,43.));
#4451=CARTESIAN_POINT('',(-20.0000002980232,13.0000001937151,1.99999999999999));
#4452=CARTESIAN_POINT('Origin',(-20.,10.,43.));
#4453=CARTESIAN_POINT('',(-20.0000002980232,7.00000010430813,43.));
#4454=CARTESIAN_POINT('Origin',(-20.,10.,43.));
#4455=CARTESIAN_POINT('',(-20.0000002980232,7.00000010430813,1.99999999999999));
#4456=CARTESIAN_POINT('',(-20.0000002980232,7.00000010430813,43.));
#4457=CARTESIAN_POINT('Origin',(-20.,10.,1.99999999999999));
#4458=CARTESIAN_POINT('Origin',(-24.,7.00000010430813,43.));
#4459=CARTESIAN_POINT('',(-24.,7.00000010430813,43.));
#4460=CARTESIAN_POINT('',(-12.,7.00000010430813,43.));
#4461=CARTESIAN_POINT('',(-24.,7.00000010430813,1.99999999999999));
#4462=CARTESIAN_POINT('',(-24.,7.00000010430813,43.));
#4463=CARTESIAN_POINT('',(-20.0000002980232,7.00000010430813,1.99999999999999));
#4464=CARTESIAN_POINT('Origin',(-24.,2.,43.));
#4465=CARTESIAN_POINT('',(-24.,2.,43.));
#4466=CARTESIAN_POINT('',(-24.,19.75,43.));
#4467=CARTESIAN_POINT('',(-24.,2.,1.99999999999999));
#4468=CARTESIAN_POINT('',(-24.,2.,43.));
#4469=CARTESIAN_POINT('',(-24.,7.00000010430813,1.99999999999999));
#4470=CARTESIAN_POINT('Origin',(24.,2.,43.));
#4471=CARTESIAN_POINT('',(24.,2.,43.));
#4472=CARTESIAN_POINT('',(12.,2.,43.));
#4473=CARTESIAN_POINT('',(24.,2.,1.99999999999999));
#4474=CARTESIAN_POINT('',(24.,2.,43.));
#4475=CARTESIAN_POINT('',(-24.,2.,1.99999999999999));
#4476=CARTESIAN_POINT('Origin',(24.,7.00000010430813,43.));
#4477=CARTESIAN_POINT('',(24.,7.00000010430813,43.));
#4478=CARTESIAN_POINT('',(24.,22.2500000521541,43.));
#4479=CARTESIAN_POINT('',(24.,7.00000010430813,1.99999999999999));
#4480=CARTESIAN_POINT('',(24.,7.00000010430813,43.));
#4481=CARTESIAN_POINT('',(24.,7.00000010430813,1.99999999999999));
#4482=CARTESIAN_POINT('Origin',(20.0000003000687,7.00000010430813,43.));
#4483=CARTESIAN_POINT('',(20.0000003000687,6.99999980628491,43.));
#4484=CARTESIAN_POINT('',(10.0000001500343,7.00000010430813,43.));
#4485=CARTESIAN_POINT('',(20.0000003000687,6.99999980628491,1.99999999999999));
#4486=CARTESIAN_POINT('',(20.0000003000687,6.99999980628491,43.));
#4487=CARTESIAN_POINT('',(20.0000002980232,7.00000010430813,1.99999999999999));
#4488=CARTESIAN_POINT('Origin',(20.,10.,43.));
#4489=CARTESIAN_POINT('',(20.0000002980232,13.0000001937151,43.));
#4490=CARTESIAN_POINT('Origin',(20.,10.,43.));
#4491=CARTESIAN_POINT('',(20.0000002980232,13.0000001937151,1.99999999999999));
#4492=CARTESIAN_POINT('',(20.0000002980232,13.0000001937151,43.));
#4493=CARTESIAN_POINT('Origin',(20.,10.,1.99999999999999));
#4494=CARTESIAN_POINT('Origin',(24.,13.0000001937151,43.));
#4495=CARTESIAN_POINT('',(24.,13.0000001937151,43.));
#4496=CARTESIAN_POINT('',(12.,13.0000001937151,43.));
#4497=CARTESIAN_POINT('',(24.,13.0000001937151,1.99999999999999));
#4498=CARTESIAN_POINT('',(24.,13.0000001937151,43.));
#4499=CARTESIAN_POINT('',(20.0000002980232,13.0000001937151,1.99999999999999));
#4500=CARTESIAN_POINT('Origin',(24.,22.0000003278255,43.));
#4501=CARTESIAN_POINT('',(24.,22.0000003278255,43.));
#4502=CARTESIAN_POINT('',(24.,29.7500001639128,43.));
#4503=CARTESIAN_POINT('',(24.,22.0000003278255,1.99999999999999));
#4504=CARTESIAN_POINT('',(24.,22.0000003278255,43.));
#4505=CARTESIAN_POINT('',(24.,22.0000003278255,1.99999999999999));
#4506=CARTESIAN_POINT('Origin',(20.0014024812636,22.0000003278255,43.));
#4507=CARTESIAN_POINT('',(20.0014024812636,21.9999999105931,43.));
#4508=CARTESIAN_POINT('',(10.0007012406318,22.0000003278255,43.));
#4509=CARTESIAN_POINT('',(20.0014024812636,21.9999999105931,1.99999999999999));
#4510=CARTESIAN_POINT('',(20.0014024812636,21.9999999105931,43.));
#4511=CARTESIAN_POINT('',(20.0000002980232,22.0000003278255,1.99999999999999));
#4512=CARTESIAN_POINT('Origin',(20.,25.,43.));
#4513=CARTESIAN_POINT('',(20.0000002980232,28.0000004172325,43.));
#4514=CARTESIAN_POINT('Origin',(20.,25.,43.));
#4515=CARTESIAN_POINT('',(20.0000002980232,28.0000004172325,1.99999999999999));
#4516=CARTESIAN_POINT('',(20.0000002980232,28.0000004172325,43.));
#4517=CARTESIAN_POINT('Origin',(20.,25.,1.99999999999999));
#4518=CARTESIAN_POINT('Origin',(24.,28.0000004172325,43.));
#4519=CARTESIAN_POINT('',(24.,28.0000004172325,43.));
#4520=CARTESIAN_POINT('',(12.,28.0000004172325,43.));
#4521=CARTESIAN_POINT('',(24.,28.0000004172325,1.99999999999999));
#4522=CARTESIAN_POINT('',(24.,28.0000004172325,43.));
#4523=CARTESIAN_POINT('',(20.0000002980232,28.0000004172325,1.99999999999999));
#4524=CARTESIAN_POINT('Origin',(24.,50.0000007563184,43.));
#4525=CARTESIAN_POINT('',(24.,50.0000007563184,43.));
#4526=CARTESIAN_POINT('',(24.,43.7500003781592,43.));
#4527=CARTESIAN_POINT('',(24.,50.0000007563184,1.99999999999999));
#4528=CARTESIAN_POINT('',(24.,50.0000007563184,43.));
#4529=CARTESIAN_POINT('',(24.,50.0000007563184,1.99999999999999));
#4530=CARTESIAN_POINT('Origin',(0.,50.,43.));
#4531=CARTESIAN_POINT('',(3.00000004470349,73.8117617939492,43.));
#4532=CARTESIAN_POINT('Origin',(0.,50.,43.));
#4533=CARTESIAN_POINT('',(3.00000004470349,73.8117617939492,1.99999999999999));
#4534=CARTESIAN_POINT('',(3.00000004470349,73.8117617939492,43.));
#4535=CARTESIAN_POINT('Origin',(0.,50.,1.99999999999999));
#4536=CARTESIAN_POINT('Origin',(3.00000004470348,70.0000010436666,43.));
#4537=CARTESIAN_POINT('',(3.00000004470348,70.0000010436666,43.));
#4538=CARTESIAN_POINT('',(3.00000004470348,53.7500005218333,43.));
#4539=CARTESIAN_POINT('',(3.00000004470348,70.0000010436666,1.99999999999999));
#4540=CARTESIAN_POINT('',(3.00000004470348,70.0000010436666,43.));
#4541=CARTESIAN_POINT('',(3.00000004470348,70.0000010430813,1.99999999999999));
#4542=CARTESIAN_POINT('Origin',(0.,70.,43.));
#4543=CARTESIAN_POINT('',(-3.00000004470348,70.0000010430813,43.));
#4544=CARTESIAN_POINT('Origin',(0.,70.,43.));
#4545=CARTESIAN_POINT('',(-3.00000004470348,70.0000010430813,1.99999999999999));
#4546=CARTESIAN_POINT('',(-3.00000004470348,70.0000010430813,43.));
#4547=CARTESIAN_POINT('Origin',(0.,70.,1.99999999999999));
#4548=CARTESIAN_POINT('Origin',(-3.00000004470348,73.8117617939492,43.));
#4549=CARTESIAN_POINT('',(-3.00000004470349,55.6558808969746,43.));
#4550=CARTESIAN_POINT('',(-3.00000004470348,70.0000010430813,1.99999999999999));
#4551=CARTESIAN_POINT('Origin',(-1.78813936990707E-7,37.9058808969746,1.99999999999999));
#4552=CARTESIAN_POINT('Origin',(-25.,50.,0.));
#4553=CARTESIAN_POINT('',(-25.,50.,43.));
#4554=CARTESIAN_POINT('',(-25.,50.,43.));
#4555=CARTESIAN_POINT('',(-25.,50.,0.));
#4556=CARTESIAN_POINT('Origin',(0.,50.,0.));
#4557=CARTESIAN_POINT('',(25.,50.,43.));
#4558=CARTESIAN_POINT('Origin',(0.,50.,43.));
#4559=CARTESIAN_POINT('',(25.,50.,0.));
#4560=CARTESIAN_POINT('Origin',(25.,2.,0.));
#4561=CARTESIAN_POINT('',(25.,50.,43.));
#4562=CARTESIAN_POINT('Origin',(35.,0.,0.));
#4563=CARTESIAN_POINT('',(35.,0.,43.));
#4564=CARTESIAN_POINT('Origin',(-35.,2.,0.));
#4565=CARTESIAN_POINT('',(-35.,0.,43.));
#4566=CARTESIAN_POINT('Origin',(0.,37.5,43.));
#4567=CARTESIAN_POINT('',(0.,0.,0.));
#4568=CARTESIAN_POINT('Origin',(33.,18.75,5.));
#4569=CARTESIAN_POINT('',(35.,2.,5.));
#4570=CARTESIAN_POINT('',(33.,2.,7.));
#4571=CARTESIAN_POINT('Origin',(33.,2.,5.));
#4572=CARTESIAN_POINT('',(33.,0.,7.));
#4573=CARTESIAN_POINT('',(33.,18.75,7.));
#4574=CARTESIAN_POINT('',(35.,0.,5.));
#4575=CARTESIAN_POINT('Origin',(33.,0.,5.));
#4576=CARTESIAN_POINT('',(35.,18.75,5.));
#4577=CARTESIAN_POINT('Origin',(-35.,0.,0.));
#4578=CARTESIAN_POINT('',(-33.,0.,7.));
#4579=CARTESIAN_POINT('',(-35.,0.,7.));
#4580=CARTESIAN_POINT('',(-35.,0.,5.));
#4581=CARTESIAN_POINT('Origin',(-33.,0.,5.));
#4582=CARTESIAN_POINT('',(-35.,0.,0.));
#4583=CARTESIAN_POINT('',(-35.,0.,0.));
#4584=CARTESIAN_POINT('',(35.,0.,0.));
#4585=CARTESIAN_POINT('',(-35.,0.,0.));
#4586=CARTESIAN_POINT('',(35.,0.,0.));
#4587=CARTESIAN_POINT('Origin',(0.,37.5,7.));
#4588=CARTESIAN_POINT('',(25.,2.,7.));
#4589=CARTESIAN_POINT('',(35.,2.,7.));
#4590=CARTESIAN_POINT('',(25.,50.,7.));
#4591=CARTESIAN_POINT('',(25.,50.,7.));
#4592=CARTESIAN_POINT('',(-25.,50.,7.));
#4593=CARTESIAN_POINT('Origin',(0.,50.,7.));
#4594=CARTESIAN_POINT('',(-25.,2.,7.));
#4595=CARTESIAN_POINT('',(-25.,50.,7.));
#4596=CARTESIAN_POINT('',(-33.,2.,7.));
#4597=CARTESIAN_POINT('',(-35.,2.,7.));
#4598=CARTESIAN_POINT('',(-33.,19.75,7.));
#4599=CARTESIAN_POINT('',(24.,50.,7.));
#4600=CARTESIAN_POINT('Origin',(0.,50.,7.));
#4601=CARTESIAN_POINT('',(-24.,43.,7.));
#4602=CARTESIAN_POINT('',(24.,43.,7.));
#4603=CARTESIAN_POINT('Origin',(0.,50.,7.));
#4604=CARTESIAN_POINT('',(24.,2.,7.));
#4605=CARTESIAN_POINT('',(24.,40.25,7.));
#4606=CARTESIAN_POINT('',(-24.,2.,7.));
#4607=CARTESIAN_POINT('',(12.,2.,7.));
#4608=CARTESIAN_POINT('',(-24.,19.75,7.));
#4609=CARTESIAN_POINT('Origin',(-33.,19.75,5.));
#4610=CARTESIAN_POINT('',(-35.,2.,5.));
#4611=CARTESIAN_POINT('Origin',(-33.,2.,5.));
#4612=CARTESIAN_POINT('',(-35.,19.75,5.));
#4613=CARTESIAN_POINT('Origin',(20.0000002980232,10.,2.));
#4614=CARTESIAN_POINT('',(21.5000002980232,10.,2.));
#4615=CARTESIAN_POINT('Origin',(20.0000002980232,10.,2.));
#4616=CARTESIAN_POINT('',(21.5000002980232,10.,5.55111512312578E-16));
#4617=CARTESIAN_POINT('',(21.5000002980232,10.,2.));
#4618=CARTESIAN_POINT('Origin',(20.0000002980232,10.,0.));
#4619=CARTESIAN_POINT('Origin',(20.0000002980232,25.,2.));
#4620=CARTESIAN_POINT('',(21.5000002980232,25.,2.));
#4621=CARTESIAN_POINT('Origin',(20.0000002980232,25.,2.));
#4622=CARTESIAN_POINT('',(21.5000002980232,25.,5.55111512312578E-16));
#4623=CARTESIAN_POINT('',(21.5000002980232,25.,2.));
#4624=CARTESIAN_POINT('Origin',(20.0000002980232,25.,0.));
#4625=CARTESIAN_POINT('Origin',(-20.,10.,2.));
#4626=CARTESIAN_POINT('',(-18.5,10.,2.));
#4627=CARTESIAN_POINT('Origin',(-20.,10.,2.));
#4628=CARTESIAN_POINT('',(-18.5,10.,5.55111512312578E-16));
#4629=CARTESIAN_POINT('',(-18.5,10.,2.));
#4630=CARTESIAN_POINT('Origin',(-20.,10.,0.));
#4631=CARTESIAN_POINT('Origin',(-20.,25.,2.));
#4632=CARTESIAN_POINT('',(-18.5,25.,2.));
#4633=CARTESIAN_POINT('Origin',(-20.,25.,2.));
#4634=CARTESIAN_POINT('',(-18.5,25.,5.55111512312578E-16));
#4635=CARTESIAN_POINT('',(-18.5,25.,2.));
#4636=CARTESIAN_POINT('Origin',(-20.,25.,0.));
#4637=CARTESIAN_POINT('Origin',(0.,70.,2.));
#4638=CARTESIAN_POINT('',(1.5,70.,2.));
#4639=CARTESIAN_POINT('Origin',(0.,70.,2.));
#4640=CARTESIAN_POINT('',(1.5,70.,5.55111512312578E-16));
#4641=CARTESIAN_POINT('',(1.5,70.,2.));
#4642=CARTESIAN_POINT('Origin',(0.,70.,0.));
#4643=CARTESIAN_POINT('Origin',(-8.7,50.,2.));
#4644=CARTESIAN_POINT('',(-6.7,50.,2.));
#4645=CARTESIAN_POINT('Origin',(-8.7,50.,2.));
#4646=CARTESIAN_POINT('',(-6.7,50.,5.55111512312578E-16));
#4647=CARTESIAN_POINT('',(-6.7,50.,2.));
#4648=CARTESIAN_POINT('Origin',(-8.7,50.,0.));
#4649=CARTESIAN_POINT('Origin',(0.,50.,2.));
#4650=CARTESIAN_POINT('',(2.,50.,2.));
#4651=CARTESIAN_POINT('Origin',(0.,50.,2.));
#4652=CARTESIAN_POINT('',(2.,50.,5.55111512312578E-16));
#4653=CARTESIAN_POINT('',(2.,50.,2.));
#4654=CARTESIAN_POINT('Origin',(0.,50.,0.));
#4655=CARTESIAN_POINT('Origin',(8.7,50.,2.));
#4656=CARTESIAN_POINT('',(10.7,50.,2.));
#4657=CARTESIAN_POINT('Origin',(8.7,50.,2.));
#4658=CARTESIAN_POINT('',(10.7,50.,5.55111512312578E-16));
#4659=CARTESIAN_POINT('',(10.7,50.,2.));
#4660=CARTESIAN_POINT('Origin',(8.7,50.,0.));
#4661=CARTESIAN_POINT('Origin',(0.,50.,7.));
#4662=CARTESIAN_POINT('',(24.,50.,2.));
#4663=CARTESIAN_POINT('',(24.,50.,7.));
#4664=CARTESIAN_POINT('Origin',(0.,50.,2.));
#4665=CARTESIAN_POINT('Origin',(0.,50.,2.));
#4666=CARTESIAN_POINT('Origin',(0.,50.,7.));
#4667=CARTESIAN_POINT('',(-24.,43.,2.));
#4668=CARTESIAN_POINT('',(-24.,43.,7.));
#4669=CARTESIAN_POINT('',(24.,43.,2.));
#4670=CARTESIAN_POINT('Origin',(0.,50.,2.));
#4671=CARTESIAN_POINT('',(24.,43.,7.));
#4672=CARTESIAN_POINT('Origin',(-24.,2.,7.));
#4673=CARTESIAN_POINT('',(-24.,2.,2.));
#4674=CARTESIAN_POINT('',(-24.,2.,7.));
#4675=CARTESIAN_POINT('',(-24.,2.,2.));
#4676=CARTESIAN_POINT('Origin',(24.,2.,7.));
#4677=CARTESIAN_POINT('',(24.,2.,2.));
#4678=CARTESIAN_POINT('',(24.,2.,7.));
#4679=CARTESIAN_POINT('',(-24.,2.,2.));
#4680=CARTESIAN_POINT('Origin',(24.,43.,7.));
#4681=CARTESIAN_POINT('',(24.,2.,2.));
#4682=CARTESIAN_POINT('Origin',(0.,22.5,2.));
#4683=CARTESIAN_POINT('Origin',(-25.,2.,0.));
#4684=CARTESIAN_POINT('',(-25.,2.,0.));
#4685=CARTESIAN_POINT('',(-25.,2.,0.));
#4686=CARTESIAN_POINT('',(-35.,2.,0.));
#4687=CARTESIAN_POINT('',(-35.,2.,0.));
#4688=CARTESIAN_POINT('',(-35.,2.,0.));
#4689=CARTESIAN_POINT('Origin',(-25.,50.,0.));
#4690=CARTESIAN_POINT('',(-25.,50.,0.));
#4691=CARTESIAN_POINT('',(-25.,50.,0.));
#4692=CARTESIAN_POINT('',(-25.,50.,0.));
#4693=CARTESIAN_POINT('Origin',(0.,50.,0.));
#4694=CARTESIAN_POINT('',(25.,50.,0.));
#4695=CARTESIAN_POINT('Origin',(0.,50.,0.));
#4696=CARTESIAN_POINT('',(25.,50.,0.));
#4697=CARTESIAN_POINT('Origin',(25.,2.,0.));
#4698=CARTESIAN_POINT('',(25.,2.,0.));
#4699=CARTESIAN_POINT('',(25.,50.,0.));
#4700=CARTESIAN_POINT('',(25.,2.,0.));
#4701=CARTESIAN_POINT('Origin',(35.,2.,0.));
#4702=CARTESIAN_POINT('',(35.,2.,0.));
#4703=CARTESIAN_POINT('',(35.,2.,0.));
#4704=CARTESIAN_POINT('',(35.,2.,0.));
#4705=CARTESIAN_POINT('Origin',(35.,0.,0.));
#4706=CARTESIAN_POINT('',(35.,0.,0.));
#4707=CARTESIAN_POINT('Origin',(-35.,2.,0.));
#4708=CARTESIAN_POINT('',(-35.,0.,0.));
#4709=CARTESIAN_POINT('Origin',(0.,37.5,0.));
#4710=CARTESIAN_POINT('',(0.,0.,0.));
#4711=CARTESIAN_POINT('',(-2.22044604925031E-14,25.,19.9999999999999));
#4712=CARTESIAN_POINT('',(-4.44089209850063E-15,-18.,19.9999999999999));
#4713=UNCERTAINTY_MEASURE_WITH_UNIT(LENGTH_MEASURE(0.01),#4723,
'DISTANCE_ACCURACY_VALUE',
'Maximum model space distance between geometric entities at asserted c
onnectivities');
#4714=UNCERTAINTY_MEASURE_WITH_UNIT(LENGTH_MEASURE(0.01),#4723,
'DISTANCE_ACCURACY_VALUE',
'Maximum model space distance between geometric entities at asserted c
onnectivities');
#4715=UNCERTAINTY_MEASURE_WITH_UNIT(LENGTH_MEASURE(0.01),#4723,
'DISTANCE_ACCURACY_VALUE',
'Maximum model space distance between geometric entities at asserted c
onnectivities');
#4716=UNCERTAINTY_MEASURE_WITH_UNIT(LENGTH_MEASURE(0.01),#4723,
'DISTANCE_ACCURACY_VALUE',
'Maximum model space distance between geometric entities at asserted c
onnectivities');
#4717=UNCERTAINTY_MEASURE_WITH_UNIT(LENGTH_MEASURE(0.01),#4723,
'DISTANCE_ACCURACY_VALUE',
'Maximum model space distance between geometric entities at asserted c
onnectivities');
#4718=(
GEOMETRIC_REPRESENTATION_CONTEXT(3)
GLOBAL_UNCERTAINTY_ASSIGNED_CONTEXT((#4713))
GLOBAL_UNIT_ASSIGNED_CONTEXT((#4723,#4725,#4726))
REPRESENTATION_CONTEXT('','3D')
);
#4719=(
GEOMETRIC_REPRESENTATION_CONTEXT(3)
GLOBAL_UNCERTAINTY_ASSIGNED_CONTEXT((#4714))
GLOBAL_UNIT_ASSIGNED_CONTEXT((#4723,#4725,#4726))
REPRESENTATION_CONTEXT('','3D')
);
#4720=(
GEOMETRIC_REPRESENTATION_CONTEXT(3)
GLOBAL_UNCERTAINTY_ASSIGNED_CONTEXT((#4715))
GLOBAL_UNIT_ASSIGNED_CONTEXT((#4723,#4725,#4726))
REPRESENTATION_CONTEXT('','3D')
);
#4721=(
GEOMETRIC_REPRESENTATION_CONTEXT(3)
GLOBAL_UNCERTAINTY_ASSIGNED_CONTEXT((#4716))
GLOBAL_UNIT_ASSIGNED_CONTEXT((#4723,#4725,#4726))
REPRESENTATION_CONTEXT('','3D')
);
#4722=(
GEOMETRIC_REPRESENTATION_CONTEXT(3)
GLOBAL_UNCERTAINTY_ASSIGNED_CONTEXT((#4717))
GLOBAL_UNIT_ASSIGNED_CONTEXT((#4723,#4725,#4726))
REPRESENTATION_CONTEXT('','3D')
);
#4723=(
LENGTH_UNIT()
NAMED_UNIT(*)
SI_UNIT(.MILLI.,.METRE.)
);
#4724=(
LENGTH_UNIT()
NAMED_UNIT(*)
SI_UNIT($,.METRE.)
);
#4725=(
NAMED_UNIT(*)
PLANE_ANGLE_UNIT()
SI_UNIT($,.RADIAN.)
);
#4726=(
NAMED_UNIT(*)
SI_UNIT($,.STERADIAN.)
SOLID_ANGLE_UNIT()
);
#4727=SHAPE_DEFINITION_REPRESENTATION(#4731,#4738);
#4728=SHAPE_DEFINITION_REPRESENTATION(#4732,#4739);
#4729=SHAPE_DEFINITION_REPRESENTATION(#4733,#4740);
#4730=SHAPE_DEFINITION_REPRESENTATION(#4734,#4741);
#4731=PRODUCT_DEFINITION_SHAPE('',$,#4743);
#4732=PRODUCT_DEFINITION_SHAPE('',$,#4744);
#4733=PRODUCT_DEFINITION_SHAPE('',$,#4745);
#4734=PRODUCT_DEFINITION_SHAPE('',$,#4746);
#4735=PRODUCT_DEFINITION_SHAPE($,$,#20);
#4736=PRODUCT_DEFINITION_SHAPE($,$,#21);
#4737=PRODUCT_DEFINITION_SHAPE($,$,#22);
#4738=SHAPE_REPRESENTATION('',(#2738,#3034,#3035,#3036),#4718);
#4739=SHAPE_REPRESENTATION('',(#2739),#4719);
#4740=SHAPE_REPRESENTATION('',(#2853),#4720);
#4741=SHAPE_REPRESENTATION('',(#2980),#4721);
#4742=PRODUCT_DEFINITION_CONTEXT('part definition',#4756,'design');
#4743=PRODUCT_DEFINITION('(\X2\C800C7A5B418C9C0\X0\ \X2\C54AC74C\X0\)',
'(\X2\C800C7A5B418C9C0\X0\ \X2\C54AC74C\X0\)',#4747,#4742);
#4744=PRODUCT_DEFINITION('TRARM02_Link1A_R90x20 v1',
'TRARM02_Link1A_R90x20 v1',#4748,#4742);
#4745=PRODUCT_DEFINITION('TRARM02_Link1B_50x50x43 v1',
'TRARM02_Link1B_50x50x43 v1',#4749,#4742);
#4746=PRODUCT_DEFINITION('TRARM02_Link1C_50x50x7 v1',
'TRARM02_Link1C_50x50x7 v1',#4750,#4742);
#4747=PRODUCT_DEFINITION_FORMATION('',$,#4758);
#4748=PRODUCT_DEFINITION_FORMATION('',$,#4759);
#4749=PRODUCT_DEFINITION_FORMATION('',$,#4760);
#4750=PRODUCT_DEFINITION_FORMATION('',$,#4761);
#4751=PRODUCT_RELATED_PRODUCT_CATEGORY('(\X2\C800C7A5B418C9C0\X0\ \X2\C54AC74C\X0\)',
'(\X2\C800C7A5B418C9C0\X0\ \X2\C54AC74C\X0\)',(#4758));
#4752=PRODUCT_RELATED_PRODUCT_CATEGORY('TRARM02_Link1A_R90x20 v1',
'TRARM02_Link1A_R90x20 v1',(#4759));
#4753=PRODUCT_RELATED_PRODUCT_CATEGORY('TRARM02_Link1B_50x50x43 v1',
'TRARM02_Link1B_50x50x43 v1',(#4760));
#4754=PRODUCT_RELATED_PRODUCT_CATEGORY('TRARM02_Link1C_50x50x7 v1',
'TRARM02_Link1C_50x50x7 v1',(#4761));
#4755=APPLICATION_PROTOCOL_DEFINITION('international standard',
'automotive_design',2009,#4756);
#4756=APPLICATION_CONTEXT(
'Core Data for Automotive Mechanical Design Process');
#4757=PRODUCT_CONTEXT('part definition',#4756,'mechanical');
#4758=PRODUCT('(\X2\C800C7A5B418C9C0\X0\ \X2\C54AC74C\X0\)',
'(\X2\C800C7A5B418C9C0\X0\ \X2\C54AC74C\X0\)',$,(#4757));
#4759=PRODUCT('TRARM02_Link1A_R90x20 v1','TRARM02_Link1A_R90x20 v1',$,(#4757));
#4760=PRODUCT('TRARM02_Link1B_50x50x43 v1','TRARM02_Link1B_50x50x43 v1',
$,(#4757));
#4761=PRODUCT('TRARM02_Link1C_50x50x7 v1','TRARM02_Link1C_50x50x7 v1',$,
(#4757));
#4762=PRESENTATION_STYLE_ASSIGNMENT((#4763));
#4763=SURFACE_STYLE_USAGE(.BOTH.,#4764);
#4764=SURFACE_SIDE_STYLE('',(#4765));
#4765=SURFACE_STYLE_FILL_AREA(#4766);
#4766=FILL_AREA_STYLE('\X2\AC15CCA0\X0\ - \X2\C0C8D2F4\X0\',(#4767));
#4767=FILL_AREA_STYLE_COLOUR('\X2\AC15CCA0\X0\ - \X2\C0C8D2F4\X0\',#4768);
#4768=COLOUR_RGB('\X2\AC15CCA0\X0\ - \X2\C0C8D2F4\X0\',0.627450980392157,
0.627450980392157,0.627450980392157);
ENDSEC;
END-ISO-10303-21;
