ISO-10303-21;
HEADER;
/* Generated by software containing ST-Developer
 * from STEP Tools, Inc. (www.steptools.com) 
 */

FILE_DESCRIPTION(
/* description */ (''),
/* implementation_level */ '2;1');

FILE_NAME(
/* name */ 'TRARM02_Link3.step',
/* time_stamp */ '2026-06-11T09:08:21+09:00',
/* author */ (''),
/* organization */ (''),
/* preprocessor_version */ 'ST-DEVELOPER v20.1',
/* originating_system */ 'Autodesk Translation Framework v15.8.0.0',
/* authorisation */ '');

FILE_SCHEMA (('AUTOMOTIVE_DESIGN { 1 0 10303 214 3 1 1 }'));
ENDSEC;

DATA;
#10=MECHANICAL_DESIGN_GEOMETRIC_PRESENTATION_REPRESENTATION('',(#27,#28),
#2046);
#11=ITEM_DEFINED_TRANSFORMATION($,$,#1192,#1324);
#12=ITEM_DEFINED_TRANSFORMATION($,$,#1256,#1325);
#13=(
REPRESENTATION_RELATIONSHIP($,$,#2060,#2059)
REPRESENTATION_RELATIONSHIP_WITH_TRANSFORMATION(#11)
SHAPE_REPRESENTATION_RELATIONSHIP()
);
#14=(
REPRESENTATION_RELATIONSHIP($,$,#2061,#2059)
REPRESENTATION_RELATIONSHIP_WITH_TRANSFORMATION(#12)
SHAPE_REPRESENTATION_RELATIONSHIP()
);
#15=CONTEXT_DEPENDENT_SHAPE_REPRESENTATION(#13,#2057);
#16=CONTEXT_DEPENDENT_SHAPE_REPRESENTATION(#14,#2058);
#17=NEXT_ASSEMBLY_USAGE_OCCURRENCE('TRARM02_Link3A_100x50x7 v1:1',
'TRARM02_Link3A_100x50x7 v1:1','TRARM02_Link3A_100x50x7 v1:1',#2063,#2064,
'TRARM02_Link3A_100x50x7 v1:1');
#18=NEXT_ASSEMBLY_USAGE_OCCURRENCE('TRARM02_Link3B_100x50x33 v1:1',
'TRARM02_Link3B_100x50x33 v1:1','TRARM02_Link3B_100x50x33 v1:1',#2063,#2065,
'TRARM02_Link3B_100x50x33 v1:1');
#19=B_SPLINE_CURVE_WITH_KNOTS('',3,(#1829,#1830,#1831,#1832,#1833,#1834,
#1835,#1836,#1837,#1838,#1839,#1840),.UNSPECIFIED.,.F.,.F.,(4,2,2,2,2,4),
(-0.000948274020237033,0.,0.0798892663246179,0.158034348793513,0.236154219302622,
0.314261601912843),.UNSPECIFIED.);
#20=B_SPLINE_CURVE_WITH_KNOTS('',3,(#1843,#1844,#1845,#1846,#1847,#1848,
#1849,#1850,#1851,#1852,#1853,#1854),.UNSPECIFIED.,.F.,.F.,(4,2,2,2,2,4),
(-0.315205451524208,-0.314257190814398,-0.234369045846281,-0.156225060252406,
-0.0781062862644239,0.),.UNSPECIFIED.);
#21=TOROIDAL_SURFACE('',#1257,23.,2.);
#22=TOROIDAL_SURFACE('',#1262,18.,2.);
#23=SHAPE_REPRESENTATION_RELATIONSHIP('SRR','None',#2060,#25);
#24=SHAPE_REPRESENTATION_RELATIONSHIP('SRR','None',#2061,#26);
#25=ADVANCED_BREP_SHAPE_REPRESENTATION('',(#29),#2044);
#26=ADVANCED_BREP_SHAPE_REPRESENTATION('',(#30),#2045);
#27=STYLED_ITEM('',(#2078),#29);
#28=STYLED_ITEM('',(#2078),#30);
#29=MANIFOLD_SOLID_BREP('\X2\BCF8CCB4\X0\1',#1166);
#30=MANIFOLD_SOLID_BREP('\X2\BCF8CCB4\X0\1',#1167);
#31=FACE_BOUND('',#163,.T.);
#32=FACE_BOUND('',#177,.T.);
#33=FACE_BOUND('',#179,.T.);
#34=FACE_BOUND('',#180,.T.);
#35=FACE_BOUND('',#181,.T.);
#36=FACE_BOUND('',#183,.T.);
#37=FACE_BOUND('',#184,.T.);
#38=FACE_BOUND('',#185,.T.);
#39=FACE_BOUND('',#191,.T.);
#40=FACE_BOUND('',#192,.T.);
#41=FACE_BOUND('',#193,.T.);
#42=FACE_BOUND('',#194,.T.);
#43=FACE_BOUND('',#196,.T.);
#44=FACE_BOUND('',#197,.T.);
#45=FACE_BOUND('',#198,.T.);
#46=FACE_BOUND('',#199,.T.);
#47=FACE_BOUND('',#200,.T.);
#48=FACE_BOUND('',#201,.T.);
#49=FACE_BOUND('',#202,.T.);
#50=FACE_BOUND('',#203,.T.);
#51=FACE_BOUND('',#204,.T.);
#52=FACE_BOUND('',#205,.T.);
#53=FACE_BOUND('',#242,.T.);
#54=FACE_BOUND('',#243,.T.);
#55=FACE_BOUND('',#244,.T.);
#56=FACE_BOUND('',#245,.T.);
#57=FACE_BOUND('',#246,.T.);
#58=PLANE('',#1212);
#59=PLANE('',#1234);
#60=PLANE('',#1238);
#61=PLANE('',#1244);
#62=PLANE('',#1246);
#63=PLANE('',#1247);
#64=PLANE('',#1248);
#65=PLANE('',#1251);
#66=PLANE('',#1254);
#67=PLANE('',#1255);
#68=PLANE('',#1267);
#69=PLANE('',#1270);
#70=PLANE('',#1274);
#71=PLANE('',#1278);
#72=PLANE('',#1282);
#73=PLANE('',#1286);
#74=PLANE('',#1287);
#75=PLANE('',#1291);
#76=PLANE('',#1292);
#77=PLANE('',#1296);
#78=PLANE('',#1297);
#79=PLANE('',#1301);
#80=PLANE('',#1302);
#81=PLANE('',#1303);
#82=PLANE('',#1307);
#83=PLANE('',#1308);
#84=PLANE('',#1312);
#85=PLANE('',#1313);
#86=PLANE('',#1317);
#87=PLANE('',#1318);
#88=PLANE('',#1319);
#89=PLANE('',#1321);
#90=PLANE('',#1323);
#91=FACE_OUTER_BOUND('',#157,.T.);
#92=FACE_OUTER_BOUND('',#158,.T.);
#93=FACE_OUTER_BOUND('',#159,.T.);
#94=FACE_OUTER_BOUND('',#160,.T.);
#95=FACE_OUTER_BOUND('',#161,.T.);
#96=FACE_OUTER_BOUND('',#162,.T.);
#97=FACE_OUTER_BOUND('',#164,.T.);
#98=FACE_OUTER_BOUND('',#165,.T.);
#99=FACE_OUTER_BOUND('',#166,.T.);
#100=FACE_OUTER_BOUND('',#167,.T.);
#101=FACE_OUTER_BOUND('',#168,.T.);
#102=FACE_OUTER_BOUND('',#169,.T.);
#103=FACE_OUTER_BOUND('',#170,.T.);
#104=FACE_OUTER_BOUND('',#171,.T.);
#105=FACE_OUTER_BOUND('',#172,.T.);
#106=FACE_OUTER_BOUND('',#173,.T.);
#107=FACE_OUTER_BOUND('',#174,.T.);
#108=FACE_OUTER_BOUND('',#175,.T.);
#109=FACE_OUTER_BOUND('',#176,.T.);
#110=FACE_OUTER_BOUND('',#178,.T.);
#111=FACE_OUTER_BOUND('',#182,.T.);
#112=FACE_OUTER_BOUND('',#186,.T.);
#113=FACE_OUTER_BOUND('',#187,.T.);
#114=FACE_OUTER_BOUND('',#188,.T.);
#115=FACE_OUTER_BOUND('',#189,.T.);
#116=FACE_OUTER_BOUND('',#190,.T.);
#117=FACE_OUTER_BOUND('',#195,.T.);
#118=FACE_OUTER_BOUND('',#206,.T.);
#119=FACE_OUTER_BOUND('',#207,.T.);
#120=FACE_OUTER_BOUND('',#208,.T.);
#121=FACE_OUTER_BOUND('',#209,.T.);
#122=FACE_OUTER_BOUND('',#210,.T.);
#123=FACE_OUTER_BOUND('',#211,.T.);
#124=FACE_OUTER_BOUND('',#212,.T.);
#125=FACE_OUTER_BOUND('',#213,.T.);
#126=FACE_OUTER_BOUND('',#214,.T.);
#127=FACE_OUTER_BOUND('',#215,.T.);
#128=FACE_OUTER_BOUND('',#216,.T.);
#129=FACE_OUTER_BOUND('',#217,.T.);
#130=FACE_OUTER_BOUND('',#218,.T.);
#131=FACE_OUTER_BOUND('',#219,.T.);
#132=FACE_OUTER_BOUND('',#220,.T.);
#133=FACE_OUTER_BOUND('',#221,.T.);
#134=FACE_OUTER_BOUND('',#222,.T.);
#135=FACE_OUTER_BOUND('',#223,.T.);
#136=FACE_OUTER_BOUND('',#224,.T.);
#137=FACE_OUTER_BOUND('',#225,.T.);
#138=FACE_OUTER_BOUND('',#226,.T.);
#139=FACE_OUTER_BOUND('',#227,.T.);
#140=FACE_OUTER_BOUND('',#228,.T.);
#141=FACE_OUTER_BOUND('',#229,.T.);
#142=FACE_OUTER_BOUND('',#230,.T.);
#143=FACE_OUTER_BOUND('',#231,.T.);
#144=FACE_OUTER_BOUND('',#232,.T.);
#145=FACE_OUTER_BOUND('',#233,.T.);
#146=FACE_OUTER_BOUND('',#234,.T.);
#147=FACE_OUTER_BOUND('',#235,.T.);
#148=FACE_OUTER_BOUND('',#236,.T.);
#149=FACE_OUTER_BOUND('',#237,.T.);
#150=FACE_OUTER_BOUND('',#238,.T.);
#151=FACE_OUTER_BOUND('',#239,.T.);
#152=FACE_OUTER_BOUND('',#240,.T.);
#153=FACE_OUTER_BOUND('',#241,.T.);
#154=FACE_OUTER_BOUND('',#247,.T.);
#155=FACE_OUTER_BOUND('',#248,.T.);
#156=FACE_OUTER_BOUND('',#249,.T.);
#157=EDGE_LOOP('',(#755,#756,#757,#758));
#158=EDGE_LOOP('',(#759,#760,#761,#762));
#159=EDGE_LOOP('',(#763,#764,#765,#766));
#160=EDGE_LOOP('',(#767,#768,#769,#770));
#161=EDGE_LOOP('',(#771,#772,#773,#774,#775,#776,#777,#778));
#162=EDGE_LOOP('',(#779));
#163=EDGE_LOOP('',(#780));
#164=EDGE_LOOP('',(#781,#782,#783,#784));
#165=EDGE_LOOP('',(#785,#786,#787,#788));
#166=EDGE_LOOP('',(#789,#790,#791,#792));
#167=EDGE_LOOP('',(#793,#794,#795,#796));
#168=EDGE_LOOP('',(#797,#798,#799,#800));
#169=EDGE_LOOP('',(#801,#802,#803,#804));
#170=EDGE_LOOP('',(#805,#806,#807,#808));
#171=EDGE_LOOP('',(#809,#810,#811,#812));
#172=EDGE_LOOP('',(#813,#814,#815,#816));
#173=EDGE_LOOP('',(#817,#818,#819,#820));
#174=EDGE_LOOP('',(#821,#822,#823,#824));
#175=EDGE_LOOP('',(#825,#826,#827,#828));
#176=EDGE_LOOP('',(#829,#830,#831,#832,#833,#834,#835,#836,#837));
#177=EDGE_LOOP('',(#838));
#178=EDGE_LOOP('',(#839));
#179=EDGE_LOOP('',(#840));
#180=EDGE_LOOP('',(#841));
#181=EDGE_LOOP('',(#842));
#182=EDGE_LOOP('',(#843));
#183=EDGE_LOOP('',(#844));
#184=EDGE_LOOP('',(#845));
#185=EDGE_LOOP('',(#846));
#186=EDGE_LOOP('',(#847,#848,#849,#850));
#187=EDGE_LOOP('',(#851,#852,#853,#854));
#188=EDGE_LOOP('',(#855,#856,#857,#858));
#189=EDGE_LOOP('',(#859,#860,#861,#862));
#190=EDGE_LOOP('',(#863,#864,#865,#866));
#191=EDGE_LOOP('',(#867));
#192=EDGE_LOOP('',(#868));
#193=EDGE_LOOP('',(#869));
#194=EDGE_LOOP('',(#870));
#195=EDGE_LOOP('',(#871,#872,#873,#874));
#196=EDGE_LOOP('',(#875));
#197=EDGE_LOOP('',(#876));
#198=EDGE_LOOP('',(#877));
#199=EDGE_LOOP('',(#878));
#200=EDGE_LOOP('',(#879));
#201=EDGE_LOOP('',(#880));
#202=EDGE_LOOP('',(#881));
#203=EDGE_LOOP('',(#882));
#204=EDGE_LOOP('',(#883));
#205=EDGE_LOOP('',(#884));
#206=EDGE_LOOP('',(#885,#886,#887,#888));
#207=EDGE_LOOP('',(#889,#890,#891,#892));
#208=EDGE_LOOP('',(#893,#894,#895,#896));
#209=EDGE_LOOP('',(#897,#898,#899,#900));
#210=EDGE_LOOP('',(#901,#902,#903,#904));
#211=EDGE_LOOP('',(#905,#906,#907,#908));
#212=EDGE_LOOP('',(#909,#910,#911,#912));
#213=EDGE_LOOP('',(#913,#914,#915,#916));
#214=EDGE_LOOP('',(#917));
#215=EDGE_LOOP('',(#918,#919,#920,#921));
#216=EDGE_LOOP('',(#922));
#217=EDGE_LOOP('',(#923,#924,#925,#926));
#218=EDGE_LOOP('',(#927));
#219=EDGE_LOOP('',(#928,#929,#930,#931));
#220=EDGE_LOOP('',(#932));
#221=EDGE_LOOP('',(#933,#934,#935,#936));
#222=EDGE_LOOP('',(#937,#938,#939,#940));
#223=EDGE_LOOP('',(#941,#942,#943,#944));
#224=EDGE_LOOP('',(#945,#946,#947,#948));
#225=EDGE_LOOP('',(#949,#950,#951,#952));
#226=EDGE_LOOP('',(#953,#954,#955,#956));
#227=EDGE_LOOP('',(#957,#958,#959,#960));
#228=EDGE_LOOP('',(#961,#962,#963,#964));
#229=EDGE_LOOP('',(#965,#966,#967,#968));
#230=EDGE_LOOP('',(#969,#970,#971,#972));
#231=EDGE_LOOP('',(#973,#974,#975,#976));
#232=EDGE_LOOP('',(#977,#978,#979,#980));
#233=EDGE_LOOP('',(#981,#982,#983,#984));
#234=EDGE_LOOP('',(#985,#986,#987,#988));
#235=EDGE_LOOP('',(#989,#990,#991,#992));
#236=EDGE_LOOP('',(#993,#994,#995,#996));
#237=EDGE_LOOP('',(#997,#998,#999,#1000));
#238=EDGE_LOOP('',(#1001,#1002,#1003,#1004));
#239=EDGE_LOOP('',(#1005,#1006,#1007,#1008));
#240=EDGE_LOOP('',(#1009,#1010,#1011,#1012));
#241=EDGE_LOOP('',(#1013,#1014,#1015,#1016));
#242=EDGE_LOOP('',(#1017));
#243=EDGE_LOOP('',(#1018));
#244=EDGE_LOOP('',(#1019));
#245=EDGE_LOOP('',(#1020));
#246=EDGE_LOOP('',(#1021,#1022,#1023,#1024,#1025,#1026,#1027,#1028,#1029,
#1030,#1031,#1032,#1033,#1034,#1035,#1036,#1037,#1038,#1039,#1040));
#247=EDGE_LOOP('',(#1041,#1042,#1043,#1044));
#248=EDGE_LOOP('',(#1045,#1046,#1047,#1048));
#249=EDGE_LOOP('',(#1049,#1050,#1051,#1052,#1053,#1054,#1055,#1056,#1057,
#1058,#1059,#1060,#1061,#1062,#1063,#1064,#1065,#1066,#1067,#1068));
#250=LINE('',#1693,#341);
#251=LINE('',#1699,#342);
#252=LINE('',#1705,#343);
#253=LINE('',#1711,#344);
#254=LINE('',#1717,#345);
#255=LINE('',#1734,#346);
#256=LINE('',#1740,#347);
#257=LINE('',#1746,#348);
#258=LINE('',#1752,#349);
#259=LINE('',#1758,#350);
#260=LINE('',#1764,#351);
#261=LINE('',#1770,#352);
#262=LINE('',#1771,#353);
#263=LINE('',#1774,#354);
#264=LINE('',#1776,#355);
#265=LINE('',#1777,#356);
#266=LINE('',#1783,#357);
#267=LINE('',#1785,#358);
#268=LINE('',#1786,#359);
#269=LINE('',#1789,#360);
#270=LINE('',#1795,#361);
#271=LINE('',#1799,#362);
#272=LINE('',#1802,#363);
#273=LINE('',#1808,#364);
#274=LINE('',#1809,#365);
#275=LINE('',#1810,#366);
#276=LINE('',#1814,#367);
#277=LINE('',#1817,#368);
#278=LINE('',#1818,#369);
#279=LINE('',#1857,#370);
#280=LINE('',#1860,#371);
#281=LINE('',#1868,#372);
#282=LINE('',#1869,#373);
#283=LINE('',#1872,#374);
#284=LINE('',#1874,#375);
#285=LINE('',#1875,#376);
#286=LINE('',#1878,#377);
#287=LINE('',#1885,#378);
#288=LINE('',#1892,#379);
#289=LINE('',#1899,#380);
#290=LINE('',#1906,#381);
#291=LINE('',#1912,#382);
#292=LINE('',#1914,#383);
#293=LINE('',#1916,#384);
#294=LINE('',#1917,#385);
#295=LINE('',#1923,#386);
#296=LINE('',#1926,#387);
#297=LINE('',#1928,#388);
#298=LINE('',#1929,#389);
#299=LINE('',#1932,#390);
#300=LINE('',#1934,#391);
#301=LINE('',#1935,#392);
#302=LINE('',#1941,#393);
#303=LINE('',#1944,#394);
#304=LINE('',#1946,#395);
#305=LINE('',#1947,#396);
#306=LINE('',#1950,#397);
#307=LINE('',#1952,#398);
#308=LINE('',#1953,#399);
#309=LINE('',#1959,#400);
#310=LINE('',#1962,#401);
#311=LINE('',#1964,#402);
#312=LINE('',#1965,#403);
#313=LINE('',#1968,#404);
#314=LINE('',#1970,#405);
#315=LINE('',#1971,#406);
#316=LINE('',#1974,#407);
#317=LINE('',#1976,#408);
#318=LINE('',#1977,#409);
#319=LINE('',#1983,#410);
#320=LINE('',#1986,#411);
#321=LINE('',#1988,#412);
#322=LINE('',#1989,#413);
#323=LINE('',#1992,#414);
#324=LINE('',#1994,#415);
#325=LINE('',#1995,#416);
#326=LINE('',#2001,#417);
#327=LINE('',#2004,#418);
#328=LINE('',#2006,#419);
#329=LINE('',#2007,#420);
#330=LINE('',#2010,#421);
#331=LINE('',#2012,#422);
#332=LINE('',#2013,#423);
#333=LINE('',#2019,#424);
#334=LINE('',#2022,#425);
#335=LINE('',#2024,#426);
#336=LINE('',#2025,#427);
#337=LINE('',#2027,#428);
#338=LINE('',#2028,#429);
#339=LINE('',#2031,#430);
#340=LINE('',#2034,#431);
#341=VECTOR('',#1334,1.5);
#342=VECTOR('',#1341,1.5);
#343=VECTOR('',#1348,1.5);
#344=VECTOR('',#1355,1.5);
#345=VECTOR('',#1362,19.9999985098839);
#346=VECTOR('',#1381,6.);
#347=VECTOR('',#1388,2.);
#348=VECTOR('',#1395,1.);
#349=VECTOR('',#1402,2.);
#350=VECTOR('',#1409,2.);
#351=VECTOR('',#1416,1.);
#352=VECTOR('',#1423,10.);
#353=VECTOR('',#1424,10.);
#354=VECTOR('',#1427,10.);
#355=VECTOR('',#1428,10.);
#356=VECTOR('',#1429,10.);
#357=VECTOR('',#1436,10.);
#358=VECTOR('',#1439,10.);
#359=VECTOR('',#1440,10.);
#360=VECTOR('',#1443,19.);
#361=VECTOR('',#1450,23.9691157837137);
#362=VECTOR('',#1455,10.);
#363=VECTOR('',#1458,10.);
#364=VECTOR('',#1465,10.);
#365=VECTOR('',#1466,10.);
#366=VECTOR('',#1467,10.);
#367=VECTOR('',#1472,10.);
#368=VECTOR('',#1475,10.);
#369=VECTOR('',#1476,10.);
#370=VECTOR('',#1495,10.);
#371=VECTOR('',#1498,10.);
#372=VECTOR('',#1509,10.);
#373=VECTOR('',#1510,10.);
#374=VECTOR('',#1513,10.);
#375=VECTOR('',#1514,10.);
#376=VECTOR('',#1515,10.);
#377=VECTOR('',#1518,10.);
#378=VECTOR('',#1527,1.45);
#379=VECTOR('',#1536,1.45);
#380=VECTOR('',#1545,1.45);
#381=VECTOR('',#1554,1.45);
#382=VECTOR('',#1561,10.);
#383=VECTOR('',#1562,10.);
#384=VECTOR('',#1563,10.);
#385=VECTOR('',#1564,10.);
#386=VECTOR('',#1571,10.);
#387=VECTOR('',#1574,10.);
#388=VECTOR('',#1575,10.);
#389=VECTOR('',#1576,10.);
#390=VECTOR('',#1579,10.);
#391=VECTOR('',#1580,10.);
#392=VECTOR('',#1581,10.);
#393=VECTOR('',#1588,10.);
#394=VECTOR('',#1591,10.);
#395=VECTOR('',#1592,10.);
#396=VECTOR('',#1593,10.);
#397=VECTOR('',#1596,10.);
#398=VECTOR('',#1597,10.);
#399=VECTOR('',#1598,10.);
#400=VECTOR('',#1605,10.);
#401=VECTOR('',#1608,10.);
#402=VECTOR('',#1609,10.);
#403=VECTOR('',#1610,10.);
#404=VECTOR('',#1613,10.);
#405=VECTOR('',#1614,10.);
#406=VECTOR('',#1615,10.);
#407=VECTOR('',#1618,10.);
#408=VECTOR('',#1619,10.);
#409=VECTOR('',#1620,10.);
#410=VECTOR('',#1627,10.);
#411=VECTOR('',#1630,10.);
#412=VECTOR('',#1631,10.);
#413=VECTOR('',#1632,10.);
#414=VECTOR('',#1635,10.);
#415=VECTOR('',#1636,10.);
#416=VECTOR('',#1637,10.);
#417=VECTOR('',#1644,10.);
#418=VECTOR('',#1647,10.);
#419=VECTOR('',#1648,10.);
#420=VECTOR('',#1649,10.);
#421=VECTOR('',#1652,10.);
#422=VECTOR('',#1653,10.);
#423=VECTOR('',#1654,10.);
#424=VECTOR('',#1661,10.);
#425=VECTOR('',#1664,10.);
#426=VECTOR('',#1665,10.);
#427=VECTOR('',#1666,10.);
#428=VECTOR('',#1669,10.);
#429=VECTOR('',#1670,10.);
#430=VECTOR('',#1673,10.);
#431=VECTOR('',#1678,10.);
#432=CIRCLE('',#1194,1.5);
#433=CIRCLE('',#1195,1.5);
#434=CIRCLE('',#1197,1.5);
#435=CIRCLE('',#1198,1.5);
#436=CIRCLE('',#1200,1.5);
#437=CIRCLE('',#1201,1.5);
#438=CIRCLE('',#1203,1.5);
#439=CIRCLE('',#1204,1.5);
#440=CIRCLE('',#1206,19.9999985098839);
#441=CIRCLE('',#1207,19.9999985098839);
#442=CIRCLE('',#1208,20.);
#443=CIRCLE('',#1209,19.9999985098839);
#444=CIRCLE('',#1210,20.);
#445=CIRCLE('',#1211,19.9999985098839);
#446=CIRCLE('',#1213,19.);
#447=CIRCLE('',#1215,6.);
#448=CIRCLE('',#1216,6.);
#449=CIRCLE('',#1218,2.);
#450=CIRCLE('',#1219,2.);
#451=CIRCLE('',#1221,1.);
#452=CIRCLE('',#1222,1.);
#453=CIRCLE('',#1224,2.);
#454=CIRCLE('',#1225,2.);
#455=CIRCLE('',#1227,2.);
#456=CIRCLE('',#1228,2.);
#457=CIRCLE('',#1230,1.);
#458=CIRCLE('',#1231,1.);
#459=CIRCLE('',#1233,20.);
#460=CIRCLE('',#1236,25.);
#461=CIRCLE('',#1237,25.);
#462=CIRCLE('',#1240,19.);
#463=CIRCLE('',#1242,23.9691157837137);
#464=CIRCLE('',#1243,23.9691157837137);
#465=CIRCLE('',#1245,25.);
#466=CIRCLE('',#1250,25.);
#467=CIRCLE('',#1253,20.);
#468=CIRCLE('',#1258,23.);
#469=CIRCLE('',#1259,25.);
#470=CIRCLE('',#1261,2.);
#471=CIRCLE('',#1263,2.);
#472=CIRCLE('',#1264,20.);
#473=CIRCLE('',#1265,18.);
#474=CIRCLE('',#1269,25.);
#475=CIRCLE('',#1272,1.45);
#476=CIRCLE('',#1273,1.45);
#477=CIRCLE('',#1276,1.45);
#478=CIRCLE('',#1277,1.45);
#479=CIRCLE('',#1280,1.45);
#480=CIRCLE('',#1281,1.45);
#481=CIRCLE('',#1284,1.45);
#482=CIRCLE('',#1285,1.45);
#483=CIRCLE('',#1289,3.00000123679638);
#484=CIRCLE('',#1290,3.00000123679638);
#485=CIRCLE('',#1294,19.);
#486=CIRCLE('',#1295,19.);
#487=CIRCLE('',#1299,2.99999885261059);
#488=CIRCLE('',#1300,2.99999885261059);
#489=CIRCLE('',#1305,2.99999999999999);
#490=CIRCLE('',#1306,2.99999999999999);
#491=CIRCLE('',#1310,23.9987631033252);
#492=CIRCLE('',#1311,23.9987631033252);
#493=CIRCLE('',#1315,3.00000041723251);
#494=CIRCLE('',#1316,3.00000041723251);
#495=CIRCLE('',#1320,20.);
#496=VERTEX_POINT('',#1690);
#497=VERTEX_POINT('',#1692);
#498=VERTEX_POINT('',#1696);
#499=VERTEX_POINT('',#1698);
#500=VERTEX_POINT('',#1702);
#501=VERTEX_POINT('',#1704);
#502=VERTEX_POINT('',#1708);
#503=VERTEX_POINT('',#1710);
#504=VERTEX_POINT('',#1714);
#505=VERTEX_POINT('',#1716);
#506=VERTEX_POINT('',#1718);
#507=VERTEX_POINT('',#1720);
#508=VERTEX_POINT('',#1722);
#509=VERTEX_POINT('',#1724);
#510=VERTEX_POINT('',#1728);
#511=VERTEX_POINT('',#1731);
#512=VERTEX_POINT('',#1733);
#513=VERTEX_POINT('',#1737);
#514=VERTEX_POINT('',#1739);
#515=VERTEX_POINT('',#1743);
#516=VERTEX_POINT('',#1745);
#517=VERTEX_POINT('',#1749);
#518=VERTEX_POINT('',#1751);
#519=VERTEX_POINT('',#1755);
#520=VERTEX_POINT('',#1757);
#521=VERTEX_POINT('',#1761);
#522=VERTEX_POINT('',#1763);
#523=VERTEX_POINT('',#1767);
#524=VERTEX_POINT('',#1768);
#525=VERTEX_POINT('',#1773);
#526=VERTEX_POINT('',#1775);
#527=VERTEX_POINT('',#1779);
#528=VERTEX_POINT('',#1781);
#529=VERTEX_POINT('',#1788);
#530=VERTEX_POINT('',#1792);
#531=VERTEX_POINT('',#1794);
#532=VERTEX_POINT('',#1798);
#533=VERTEX_POINT('',#1800);
#534=VERTEX_POINT('',#1806);
#535=VERTEX_POINT('',#1807);
#536=VERTEX_POINT('',#1812);
#537=VERTEX_POINT('',#1816);
#538=VERTEX_POINT('',#1825);
#539=VERTEX_POINT('',#1826);
#540=VERTEX_POINT('',#1828);
#541=VERTEX_POINT('',#1841);
#542=VERTEX_POINT('',#1856);
#543=VERTEX_POINT('',#1858);
#544=VERTEX_POINT('',#1862);
#545=VERTEX_POINT('',#1863);
#546=VERTEX_POINT('',#1871);
#547=VERTEX_POINT('',#1873);
#548=VERTEX_POINT('',#1877);
#549=VERTEX_POINT('',#1882);
#550=VERTEX_POINT('',#1884);
#551=VERTEX_POINT('',#1889);
#552=VERTEX_POINT('',#1891);
#553=VERTEX_POINT('',#1896);
#554=VERTEX_POINT('',#1898);
#555=VERTEX_POINT('',#1903);
#556=VERTEX_POINT('',#1905);
#557=VERTEX_POINT('',#1910);
#558=VERTEX_POINT('',#1911);
#559=VERTEX_POINT('',#1913);
#560=VERTEX_POINT('',#1915);
#561=VERTEX_POINT('',#1919);
#562=VERTEX_POINT('',#1921);
#563=VERTEX_POINT('',#1925);
#564=VERTEX_POINT('',#1927);
#565=VERTEX_POINT('',#1931);
#566=VERTEX_POINT('',#1933);
#567=VERTEX_POINT('',#1937);
#568=VERTEX_POINT('',#1939);
#569=VERTEX_POINT('',#1943);
#570=VERTEX_POINT('',#1945);
#571=VERTEX_POINT('',#1949);
#572=VERTEX_POINT('',#1951);
#573=VERTEX_POINT('',#1955);
#574=VERTEX_POINT('',#1957);
#575=VERTEX_POINT('',#1961);
#576=VERTEX_POINT('',#1963);
#577=VERTEX_POINT('',#1967);
#578=VERTEX_POINT('',#1969);
#579=VERTEX_POINT('',#1973);
#580=VERTEX_POINT('',#1975);
#581=VERTEX_POINT('',#1979);
#582=VERTEX_POINT('',#1981);
#583=VERTEX_POINT('',#1985);
#584=VERTEX_POINT('',#1987);
#585=VERTEX_POINT('',#1991);
#586=VERTEX_POINT('',#1993);
#587=VERTEX_POINT('',#1997);
#588=VERTEX_POINT('',#1999);
#589=VERTEX_POINT('',#2003);
#590=VERTEX_POINT('',#2005);
#591=VERTEX_POINT('',#2009);
#592=VERTEX_POINT('',#2011);
#593=VERTEX_POINT('',#2015);
#594=VERTEX_POINT('',#2017);
#595=VERTEX_POINT('',#2021);
#596=VERTEX_POINT('',#2023);
#597=VERTEX_POINT('',#2030);
#598=EDGE_CURVE('',#496,#496,#432,.T.);
#599=EDGE_CURVE('',#496,#497,#250,.T.);
#600=EDGE_CURVE('',#497,#497,#433,.T.);
#601=EDGE_CURVE('',#498,#498,#434,.T.);
#602=EDGE_CURVE('',#498,#499,#251,.T.);
#603=EDGE_CURVE('',#499,#499,#435,.T.);
#604=EDGE_CURVE('',#500,#500,#436,.T.);
#605=EDGE_CURVE('',#500,#501,#252,.T.);
#606=EDGE_CURVE('',#501,#501,#437,.T.);
#607=EDGE_CURVE('',#502,#502,#438,.T.);
#608=EDGE_CURVE('',#502,#503,#253,.T.);
#609=EDGE_CURVE('',#503,#503,#439,.T.);
#610=EDGE_CURVE('',#504,#504,#440,.T.);
#611=EDGE_CURVE('',#504,#505,#254,.T.);
#612=EDGE_CURVE('',#506,#505,#441,.T.);
#613=EDGE_CURVE('',#506,#507,#442,.T.);
#614=EDGE_CURVE('',#508,#507,#443,.T.);
#615=EDGE_CURVE('',#508,#509,#444,.T.);
#616=EDGE_CURVE('',#505,#509,#445,.T.);
#617=EDGE_CURVE('',#510,#510,#446,.T.);
#618=EDGE_CURVE('',#511,#511,#447,.T.);
#619=EDGE_CURVE('',#511,#512,#255,.T.);
#620=EDGE_CURVE('',#512,#512,#448,.T.);
#621=EDGE_CURVE('',#513,#513,#449,.T.);
#622=EDGE_CURVE('',#513,#514,#256,.T.);
#623=EDGE_CURVE('',#514,#514,#450,.T.);
#624=EDGE_CURVE('',#515,#515,#451,.T.);
#625=EDGE_CURVE('',#515,#516,#257,.T.);
#626=EDGE_CURVE('',#516,#516,#452,.T.);
#627=EDGE_CURVE('',#517,#517,#453,.T.);
#628=EDGE_CURVE('',#517,#518,#258,.T.);
#629=EDGE_CURVE('',#518,#518,#454,.T.);
#630=EDGE_CURVE('',#519,#519,#455,.T.);
#631=EDGE_CURVE('',#519,#520,#259,.T.);
#632=EDGE_CURVE('',#520,#520,#456,.T.);
#633=EDGE_CURVE('',#521,#521,#457,.T.);
#634=EDGE_CURVE('',#521,#522,#260,.T.);
#635=EDGE_CURVE('',#522,#522,#458,.T.);
#636=EDGE_CURVE('',#523,#524,#459,.T.);
#637=EDGE_CURVE('',#523,#509,#261,.T.);
#638=EDGE_CURVE('',#524,#508,#262,.T.);
#639=EDGE_CURVE('',#524,#525,#263,.T.);
#640=EDGE_CURVE('',#526,#508,#264,.T.);
#641=EDGE_CURVE('',#525,#526,#265,.T.);
#642=EDGE_CURVE('',#525,#527,#460,.T.);
#643=EDGE_CURVE('',#528,#526,#461,.T.);
#644=EDGE_CURVE('',#527,#528,#266,.T.);
#645=EDGE_CURVE('',#527,#523,#267,.T.);
#646=EDGE_CURVE('',#509,#528,#268,.T.);
#647=EDGE_CURVE('',#510,#529,#269,.T.);
#648=EDGE_CURVE('',#529,#529,#462,.T.);
#649=EDGE_CURVE('',#530,#530,#463,.T.);
#650=EDGE_CURVE('',#530,#531,#270,.T.);
#651=EDGE_CURVE('',#531,#531,#464,.T.);
#652=EDGE_CURVE('',#507,#532,#271,.T.);
#653=EDGE_CURVE('',#532,#533,#465,.T.);
#654=EDGE_CURVE('',#533,#506,#272,.T.);
#655=EDGE_CURVE('',#534,#535,#273,.T.);
#656=EDGE_CURVE('',#534,#506,#274,.T.);
#657=EDGE_CURVE('',#535,#533,#275,.T.);
#658=EDGE_CURVE('',#536,#535,#466,.T.);
#659=EDGE_CURVE('',#536,#532,#276,.T.);
#660=EDGE_CURVE('',#537,#536,#277,.T.);
#661=EDGE_CURVE('',#537,#507,#278,.T.);
#662=EDGE_CURVE('',#534,#537,#467,.T.);
#663=EDGE_CURVE('',#538,#539,#468,.T.);
#664=EDGE_CURVE('',#539,#540,#19,.T.);
#665=EDGE_CURVE('',#540,#541,#469,.T.);
#666=EDGE_CURVE('',#538,#541,#20,.T.);
#667=EDGE_CURVE('',#539,#542,#279,.T.);
#668=EDGE_CURVE('',#542,#543,#470,.T.);
#669=EDGE_CURVE('',#543,#540,#280,.T.);
#670=EDGE_CURVE('',#544,#545,#471,.T.);
#671=EDGE_CURVE('',#545,#543,#472,.T.);
#672=EDGE_CURVE('',#542,#544,#473,.T.);
#673=EDGE_CURVE('',#541,#545,#281,.T.);
#674=EDGE_CURVE('',#544,#538,#282,.T.);
#675=EDGE_CURVE('',#541,#546,#283,.T.);
#676=EDGE_CURVE('',#547,#546,#284,.T.);
#677=EDGE_CURVE('',#545,#547,#285,.T.);
#678=EDGE_CURVE('',#540,#548,#286,.T.);
#679=EDGE_CURVE('',#546,#548,#474,.T.);
#680=EDGE_CURVE('',#549,#549,#475,.T.);
#681=EDGE_CURVE('',#549,#550,#287,.T.);
#682=EDGE_CURVE('',#550,#550,#476,.T.);
#683=EDGE_CURVE('',#551,#551,#477,.T.);
#684=EDGE_CURVE('',#551,#552,#288,.T.);
#685=EDGE_CURVE('',#552,#552,#478,.T.);
#686=EDGE_CURVE('',#553,#553,#479,.T.);
#687=EDGE_CURVE('',#553,#554,#289,.T.);
#688=EDGE_CURVE('',#554,#554,#480,.T.);
#689=EDGE_CURVE('',#555,#555,#481,.T.);
#690=EDGE_CURVE('',#555,#556,#290,.T.);
#691=EDGE_CURVE('',#556,#556,#482,.T.);
#692=EDGE_CURVE('',#557,#558,#291,.T.);
#693=EDGE_CURVE('',#557,#559,#292,.T.);
#694=EDGE_CURVE('',#560,#559,#293,.T.);
#695=EDGE_CURVE('',#558,#560,#294,.T.);
#696=EDGE_CURVE('',#558,#561,#483,.T.);
#697=EDGE_CURVE('',#562,#560,#484,.T.);
#698=EDGE_CURVE('',#561,#562,#295,.T.);
#699=EDGE_CURVE('',#561,#563,#296,.T.);
#700=EDGE_CURVE('',#564,#562,#297,.T.);
#701=EDGE_CURVE('',#563,#564,#298,.T.);
#702=EDGE_CURVE('',#563,#565,#299,.T.);
#703=EDGE_CURVE('',#566,#564,#300,.T.);
#704=EDGE_CURVE('',#565,#566,#301,.T.);
#705=EDGE_CURVE('',#565,#567,#485,.T.);
#706=EDGE_CURVE('',#568,#566,#486,.T.);
#707=EDGE_CURVE('',#567,#568,#302,.T.);
#708=EDGE_CURVE('',#567,#569,#303,.T.);
#709=EDGE_CURVE('',#570,#568,#304,.T.);
#710=EDGE_CURVE('',#569,#570,#305,.T.);
#711=EDGE_CURVE('',#569,#571,#306,.T.);
#712=EDGE_CURVE('',#572,#570,#307,.T.);
#713=EDGE_CURVE('',#571,#572,#308,.T.);
#714=EDGE_CURVE('',#571,#573,#487,.T.);
#715=EDGE_CURVE('',#574,#572,#488,.T.);
#716=EDGE_CURVE('',#573,#574,#309,.T.);
#717=EDGE_CURVE('',#573,#575,#310,.T.);
#718=EDGE_CURVE('',#576,#574,#311,.T.);
#719=EDGE_CURVE('',#575,#576,#312,.T.);
#720=EDGE_CURVE('',#575,#577,#313,.T.);
#721=EDGE_CURVE('',#578,#576,#314,.T.);
#722=EDGE_CURVE('',#577,#578,#315,.T.);
#723=EDGE_CURVE('',#577,#579,#316,.T.);
#724=EDGE_CURVE('',#580,#578,#317,.T.);
#725=EDGE_CURVE('',#579,#580,#318,.T.);
#726=EDGE_CURVE('',#579,#581,#489,.T.);
#727=EDGE_CURVE('',#582,#580,#490,.T.);
#728=EDGE_CURVE('',#581,#582,#319,.T.);
#729=EDGE_CURVE('',#581,#583,#320,.T.);
#730=EDGE_CURVE('',#584,#582,#321,.T.);
#731=EDGE_CURVE('',#583,#584,#322,.T.);
#732=EDGE_CURVE('',#583,#585,#323,.T.);
#733=EDGE_CURVE('',#586,#584,#324,.T.);
#734=EDGE_CURVE('',#585,#586,#325,.T.);
#735=EDGE_CURVE('',#585,#587,#491,.T.);
#736=EDGE_CURVE('',#588,#586,#492,.T.);
#737=EDGE_CURVE('',#587,#588,#326,.T.);
#738=EDGE_CURVE('',#587,#589,#327,.T.);
#739=EDGE_CURVE('',#590,#588,#328,.T.);
#740=EDGE_CURVE('',#589,#590,#329,.T.);
#741=EDGE_CURVE('',#589,#591,#330,.T.);
#742=EDGE_CURVE('',#592,#590,#331,.T.);
#743=EDGE_CURVE('',#591,#592,#332,.T.);
#744=EDGE_CURVE('',#591,#593,#493,.T.);
#745=EDGE_CURVE('',#594,#592,#494,.T.);
#746=EDGE_CURVE('',#593,#594,#333,.T.);
#747=EDGE_CURVE('',#593,#595,#334,.T.);
#748=EDGE_CURVE('',#596,#594,#335,.T.);
#749=EDGE_CURVE('',#595,#596,#336,.T.);
#750=EDGE_CURVE('',#595,#557,#337,.T.);
#751=EDGE_CURVE('',#559,#596,#338,.T.);
#752=EDGE_CURVE('',#548,#597,#339,.T.);
#753=EDGE_CURVE('',#597,#547,#495,.T.);
#754=EDGE_CURVE('',#543,#597,#340,.T.);
#755=ORIENTED_EDGE('',*,*,#598,.F.);
#756=ORIENTED_EDGE('',*,*,#599,.T.);
#757=ORIENTED_EDGE('',*,*,#600,.F.);
#758=ORIENTED_EDGE('',*,*,#599,.F.);
#759=ORIENTED_EDGE('',*,*,#601,.F.);
#760=ORIENTED_EDGE('',*,*,#602,.T.);
#761=ORIENTED_EDGE('',*,*,#603,.F.);
#762=ORIENTED_EDGE('',*,*,#602,.F.);
#763=ORIENTED_EDGE('',*,*,#604,.F.);
#764=ORIENTED_EDGE('',*,*,#605,.T.);
#765=ORIENTED_EDGE('',*,*,#606,.F.);
#766=ORIENTED_EDGE('',*,*,#605,.F.);
#767=ORIENTED_EDGE('',*,*,#607,.F.);
#768=ORIENTED_EDGE('',*,*,#608,.T.);
#769=ORIENTED_EDGE('',*,*,#609,.F.);
#770=ORIENTED_EDGE('',*,*,#608,.F.);
#771=ORIENTED_EDGE('',*,*,#610,.F.);
#772=ORIENTED_EDGE('',*,*,#611,.T.);
#773=ORIENTED_EDGE('',*,*,#612,.F.);
#774=ORIENTED_EDGE('',*,*,#613,.T.);
#775=ORIENTED_EDGE('',*,*,#614,.F.);
#776=ORIENTED_EDGE('',*,*,#615,.T.);
#777=ORIENTED_EDGE('',*,*,#616,.F.);
#778=ORIENTED_EDGE('',*,*,#611,.F.);
#779=ORIENTED_EDGE('',*,*,#610,.T.);
#780=ORIENTED_EDGE('',*,*,#617,.T.);
#781=ORIENTED_EDGE('',*,*,#618,.F.);
#782=ORIENTED_EDGE('',*,*,#619,.T.);
#783=ORIENTED_EDGE('',*,*,#620,.F.);
#784=ORIENTED_EDGE('',*,*,#619,.F.);
#785=ORIENTED_EDGE('',*,*,#621,.F.);
#786=ORIENTED_EDGE('',*,*,#622,.T.);
#787=ORIENTED_EDGE('',*,*,#623,.F.);
#788=ORIENTED_EDGE('',*,*,#622,.F.);
#789=ORIENTED_EDGE('',*,*,#624,.F.);
#790=ORIENTED_EDGE('',*,*,#625,.T.);
#791=ORIENTED_EDGE('',*,*,#626,.F.);
#792=ORIENTED_EDGE('',*,*,#625,.F.);
#793=ORIENTED_EDGE('',*,*,#627,.F.);
#794=ORIENTED_EDGE('',*,*,#628,.T.);
#795=ORIENTED_EDGE('',*,*,#629,.F.);
#796=ORIENTED_EDGE('',*,*,#628,.F.);
#797=ORIENTED_EDGE('',*,*,#630,.F.);
#798=ORIENTED_EDGE('',*,*,#631,.T.);
#799=ORIENTED_EDGE('',*,*,#632,.F.);
#800=ORIENTED_EDGE('',*,*,#631,.F.);
#801=ORIENTED_EDGE('',*,*,#633,.F.);
#802=ORIENTED_EDGE('',*,*,#634,.T.);
#803=ORIENTED_EDGE('',*,*,#635,.F.);
#804=ORIENTED_EDGE('',*,*,#634,.F.);
#805=ORIENTED_EDGE('',*,*,#636,.F.);
#806=ORIENTED_EDGE('',*,*,#637,.T.);
#807=ORIENTED_EDGE('',*,*,#615,.F.);
#808=ORIENTED_EDGE('',*,*,#638,.F.);
#809=ORIENTED_EDGE('',*,*,#639,.F.);
#810=ORIENTED_EDGE('',*,*,#638,.T.);
#811=ORIENTED_EDGE('',*,*,#640,.F.);
#812=ORIENTED_EDGE('',*,*,#641,.F.);
#813=ORIENTED_EDGE('',*,*,#642,.F.);
#814=ORIENTED_EDGE('',*,*,#641,.T.);
#815=ORIENTED_EDGE('',*,*,#643,.F.);
#816=ORIENTED_EDGE('',*,*,#644,.F.);
#817=ORIENTED_EDGE('',*,*,#645,.F.);
#818=ORIENTED_EDGE('',*,*,#644,.T.);
#819=ORIENTED_EDGE('',*,*,#646,.F.);
#820=ORIENTED_EDGE('',*,*,#637,.F.);
#821=ORIENTED_EDGE('',*,*,#617,.F.);
#822=ORIENTED_EDGE('',*,*,#647,.T.);
#823=ORIENTED_EDGE('',*,*,#648,.F.);
#824=ORIENTED_EDGE('',*,*,#647,.F.);
#825=ORIENTED_EDGE('',*,*,#649,.F.);
#826=ORIENTED_EDGE('',*,*,#650,.T.);
#827=ORIENTED_EDGE('',*,*,#651,.F.);
#828=ORIENTED_EDGE('',*,*,#650,.F.);
#829=ORIENTED_EDGE('',*,*,#614,.T.);
#830=ORIENTED_EDGE('',*,*,#652,.T.);
#831=ORIENTED_EDGE('',*,*,#653,.T.);
#832=ORIENTED_EDGE('',*,*,#654,.T.);
#833=ORIENTED_EDGE('',*,*,#612,.T.);
#834=ORIENTED_EDGE('',*,*,#616,.T.);
#835=ORIENTED_EDGE('',*,*,#646,.T.);
#836=ORIENTED_EDGE('',*,*,#643,.T.);
#837=ORIENTED_EDGE('',*,*,#640,.T.);
#838=ORIENTED_EDGE('',*,*,#649,.T.);
#839=ORIENTED_EDGE('',*,*,#651,.T.);
#840=ORIENTED_EDGE('',*,*,#621,.T.);
#841=ORIENTED_EDGE('',*,*,#627,.T.);
#842=ORIENTED_EDGE('',*,*,#630,.T.);
#843=ORIENTED_EDGE('',*,*,#648,.T.);
#844=ORIENTED_EDGE('',*,*,#618,.T.);
#845=ORIENTED_EDGE('',*,*,#624,.T.);
#846=ORIENTED_EDGE('',*,*,#633,.T.);
#847=ORIENTED_EDGE('',*,*,#655,.F.);
#848=ORIENTED_EDGE('',*,*,#656,.T.);
#849=ORIENTED_EDGE('',*,*,#654,.F.);
#850=ORIENTED_EDGE('',*,*,#657,.F.);
#851=ORIENTED_EDGE('',*,*,#658,.T.);
#852=ORIENTED_EDGE('',*,*,#657,.T.);
#853=ORIENTED_EDGE('',*,*,#653,.F.);
#854=ORIENTED_EDGE('',*,*,#659,.F.);
#855=ORIENTED_EDGE('',*,*,#660,.T.);
#856=ORIENTED_EDGE('',*,*,#659,.T.);
#857=ORIENTED_EDGE('',*,*,#652,.F.);
#858=ORIENTED_EDGE('',*,*,#661,.F.);
#859=ORIENTED_EDGE('',*,*,#662,.T.);
#860=ORIENTED_EDGE('',*,*,#661,.T.);
#861=ORIENTED_EDGE('',*,*,#613,.F.);
#862=ORIENTED_EDGE('',*,*,#656,.F.);
#863=ORIENTED_EDGE('',*,*,#636,.T.);
#864=ORIENTED_EDGE('',*,*,#639,.T.);
#865=ORIENTED_EDGE('',*,*,#642,.T.);
#866=ORIENTED_EDGE('',*,*,#645,.T.);
#867=ORIENTED_EDGE('',*,*,#598,.T.);
#868=ORIENTED_EDGE('',*,*,#601,.T.);
#869=ORIENTED_EDGE('',*,*,#604,.T.);
#870=ORIENTED_EDGE('',*,*,#607,.T.);
#871=ORIENTED_EDGE('',*,*,#662,.F.);
#872=ORIENTED_EDGE('',*,*,#655,.T.);
#873=ORIENTED_EDGE('',*,*,#658,.F.);
#874=ORIENTED_EDGE('',*,*,#660,.F.);
#875=ORIENTED_EDGE('',*,*,#600,.T.);
#876=ORIENTED_EDGE('',*,*,#603,.T.);
#877=ORIENTED_EDGE('',*,*,#606,.T.);
#878=ORIENTED_EDGE('',*,*,#609,.T.);
#879=ORIENTED_EDGE('',*,*,#620,.T.);
#880=ORIENTED_EDGE('',*,*,#623,.T.);
#881=ORIENTED_EDGE('',*,*,#626,.T.);
#882=ORIENTED_EDGE('',*,*,#629,.T.);
#883=ORIENTED_EDGE('',*,*,#632,.T.);
#884=ORIENTED_EDGE('',*,*,#635,.T.);
#885=ORIENTED_EDGE('',*,*,#663,.T.);
#886=ORIENTED_EDGE('',*,*,#664,.T.);
#887=ORIENTED_EDGE('',*,*,#665,.T.);
#888=ORIENTED_EDGE('',*,*,#666,.F.);
#889=ORIENTED_EDGE('',*,*,#667,.T.);
#890=ORIENTED_EDGE('',*,*,#668,.T.);
#891=ORIENTED_EDGE('',*,*,#669,.T.);
#892=ORIENTED_EDGE('',*,*,#664,.F.);
#893=ORIENTED_EDGE('',*,*,#670,.T.);
#894=ORIENTED_EDGE('',*,*,#671,.T.);
#895=ORIENTED_EDGE('',*,*,#668,.F.);
#896=ORIENTED_EDGE('',*,*,#672,.T.);
#897=ORIENTED_EDGE('',*,*,#673,.T.);
#898=ORIENTED_EDGE('',*,*,#670,.F.);
#899=ORIENTED_EDGE('',*,*,#674,.T.);
#900=ORIENTED_EDGE('',*,*,#666,.T.);
#901=ORIENTED_EDGE('',*,*,#673,.F.);
#902=ORIENTED_EDGE('',*,*,#675,.T.);
#903=ORIENTED_EDGE('',*,*,#676,.F.);
#904=ORIENTED_EDGE('',*,*,#677,.F.);
#905=ORIENTED_EDGE('',*,*,#665,.F.);
#906=ORIENTED_EDGE('',*,*,#678,.T.);
#907=ORIENTED_EDGE('',*,*,#679,.F.);
#908=ORIENTED_EDGE('',*,*,#675,.F.);
#909=ORIENTED_EDGE('',*,*,#663,.F.);
#910=ORIENTED_EDGE('',*,*,#674,.F.);
#911=ORIENTED_EDGE('',*,*,#672,.F.);
#912=ORIENTED_EDGE('',*,*,#667,.F.);
#913=ORIENTED_EDGE('',*,*,#680,.F.);
#914=ORIENTED_EDGE('',*,*,#681,.T.);
#915=ORIENTED_EDGE('',*,*,#682,.T.);
#916=ORIENTED_EDGE('',*,*,#681,.F.);
#917=ORIENTED_EDGE('',*,*,#682,.F.);
#918=ORIENTED_EDGE('',*,*,#683,.F.);
#919=ORIENTED_EDGE('',*,*,#684,.T.);
#920=ORIENTED_EDGE('',*,*,#685,.T.);
#921=ORIENTED_EDGE('',*,*,#684,.F.);
#922=ORIENTED_EDGE('',*,*,#685,.F.);
#923=ORIENTED_EDGE('',*,*,#686,.F.);
#924=ORIENTED_EDGE('',*,*,#687,.T.);
#925=ORIENTED_EDGE('',*,*,#688,.T.);
#926=ORIENTED_EDGE('',*,*,#687,.F.);
#927=ORIENTED_EDGE('',*,*,#688,.F.);
#928=ORIENTED_EDGE('',*,*,#689,.F.);
#929=ORIENTED_EDGE('',*,*,#690,.T.);
#930=ORIENTED_EDGE('',*,*,#691,.T.);
#931=ORIENTED_EDGE('',*,*,#690,.F.);
#932=ORIENTED_EDGE('',*,*,#691,.F.);
#933=ORIENTED_EDGE('',*,*,#692,.F.);
#934=ORIENTED_EDGE('',*,*,#693,.T.);
#935=ORIENTED_EDGE('',*,*,#694,.F.);
#936=ORIENTED_EDGE('',*,*,#695,.F.);
#937=ORIENTED_EDGE('',*,*,#696,.F.);
#938=ORIENTED_EDGE('',*,*,#695,.T.);
#939=ORIENTED_EDGE('',*,*,#697,.F.);
#940=ORIENTED_EDGE('',*,*,#698,.F.);
#941=ORIENTED_EDGE('',*,*,#699,.F.);
#942=ORIENTED_EDGE('',*,*,#698,.T.);
#943=ORIENTED_EDGE('',*,*,#700,.F.);
#944=ORIENTED_EDGE('',*,*,#701,.F.);
#945=ORIENTED_EDGE('',*,*,#702,.F.);
#946=ORIENTED_EDGE('',*,*,#701,.T.);
#947=ORIENTED_EDGE('',*,*,#703,.F.);
#948=ORIENTED_EDGE('',*,*,#704,.F.);
#949=ORIENTED_EDGE('',*,*,#705,.F.);
#950=ORIENTED_EDGE('',*,*,#704,.T.);
#951=ORIENTED_EDGE('',*,*,#706,.F.);
#952=ORIENTED_EDGE('',*,*,#707,.F.);
#953=ORIENTED_EDGE('',*,*,#708,.F.);
#954=ORIENTED_EDGE('',*,*,#707,.T.);
#955=ORIENTED_EDGE('',*,*,#709,.F.);
#956=ORIENTED_EDGE('',*,*,#710,.F.);
#957=ORIENTED_EDGE('',*,*,#711,.F.);
#958=ORIENTED_EDGE('',*,*,#710,.T.);
#959=ORIENTED_EDGE('',*,*,#712,.F.);
#960=ORIENTED_EDGE('',*,*,#713,.F.);
#961=ORIENTED_EDGE('',*,*,#714,.F.);
#962=ORIENTED_EDGE('',*,*,#713,.T.);
#963=ORIENTED_EDGE('',*,*,#715,.F.);
#964=ORIENTED_EDGE('',*,*,#716,.F.);
#965=ORIENTED_EDGE('',*,*,#717,.F.);
#966=ORIENTED_EDGE('',*,*,#716,.T.);
#967=ORIENTED_EDGE('',*,*,#718,.F.);
#968=ORIENTED_EDGE('',*,*,#719,.F.);
#969=ORIENTED_EDGE('',*,*,#720,.F.);
#970=ORIENTED_EDGE('',*,*,#719,.T.);
#971=ORIENTED_EDGE('',*,*,#721,.F.);
#972=ORIENTED_EDGE('',*,*,#722,.F.);
#973=ORIENTED_EDGE('',*,*,#723,.F.);
#974=ORIENTED_EDGE('',*,*,#722,.T.);
#975=ORIENTED_EDGE('',*,*,#724,.F.);
#976=ORIENTED_EDGE('',*,*,#725,.F.);
#977=ORIENTED_EDGE('',*,*,#726,.F.);
#978=ORIENTED_EDGE('',*,*,#725,.T.);
#979=ORIENTED_EDGE('',*,*,#727,.F.);
#980=ORIENTED_EDGE('',*,*,#728,.F.);
#981=ORIENTED_EDGE('',*,*,#729,.F.);
#982=ORIENTED_EDGE('',*,*,#728,.T.);
#983=ORIENTED_EDGE('',*,*,#730,.F.);
#984=ORIENTED_EDGE('',*,*,#731,.F.);
#985=ORIENTED_EDGE('',*,*,#732,.F.);
#986=ORIENTED_EDGE('',*,*,#731,.T.);
#987=ORIENTED_EDGE('',*,*,#733,.F.);
#988=ORIENTED_EDGE('',*,*,#734,.F.);
#989=ORIENTED_EDGE('',*,*,#735,.F.);
#990=ORIENTED_EDGE('',*,*,#734,.T.);
#991=ORIENTED_EDGE('',*,*,#736,.F.);
#992=ORIENTED_EDGE('',*,*,#737,.F.);
#993=ORIENTED_EDGE('',*,*,#738,.F.);
#994=ORIENTED_EDGE('',*,*,#737,.T.);
#995=ORIENTED_EDGE('',*,*,#739,.F.);
#996=ORIENTED_EDGE('',*,*,#740,.F.);
#997=ORIENTED_EDGE('',*,*,#741,.F.);
#998=ORIENTED_EDGE('',*,*,#740,.T.);
#999=ORIENTED_EDGE('',*,*,#742,.F.);
#1000=ORIENTED_EDGE('',*,*,#743,.F.);
#1001=ORIENTED_EDGE('',*,*,#744,.F.);
#1002=ORIENTED_EDGE('',*,*,#743,.T.);
#1003=ORIENTED_EDGE('',*,*,#745,.F.);
#1004=ORIENTED_EDGE('',*,*,#746,.F.);
#1005=ORIENTED_EDGE('',*,*,#747,.F.);
#1006=ORIENTED_EDGE('',*,*,#746,.T.);
#1007=ORIENTED_EDGE('',*,*,#748,.F.);
#1008=ORIENTED_EDGE('',*,*,#749,.F.);
#1009=ORIENTED_EDGE('',*,*,#750,.F.);
#1010=ORIENTED_EDGE('',*,*,#749,.T.);
#1011=ORIENTED_EDGE('',*,*,#751,.F.);
#1012=ORIENTED_EDGE('',*,*,#693,.F.);
#1013=ORIENTED_EDGE('',*,*,#679,.T.);
#1014=ORIENTED_EDGE('',*,*,#752,.T.);
#1015=ORIENTED_EDGE('',*,*,#753,.T.);
#1016=ORIENTED_EDGE('',*,*,#676,.T.);
#1017=ORIENTED_EDGE('',*,*,#680,.T.);
#1018=ORIENTED_EDGE('',*,*,#683,.T.);
#1019=ORIENTED_EDGE('',*,*,#686,.T.);
#1020=ORIENTED_EDGE('',*,*,#689,.T.);
#1021=ORIENTED_EDGE('',*,*,#751,.T.);
#1022=ORIENTED_EDGE('',*,*,#748,.T.);
#1023=ORIENTED_EDGE('',*,*,#745,.T.);
#1024=ORIENTED_EDGE('',*,*,#742,.T.);
#1025=ORIENTED_EDGE('',*,*,#739,.T.);
#1026=ORIENTED_EDGE('',*,*,#736,.T.);
#1027=ORIENTED_EDGE('',*,*,#733,.T.);
#1028=ORIENTED_EDGE('',*,*,#730,.T.);
#1029=ORIENTED_EDGE('',*,*,#727,.T.);
#1030=ORIENTED_EDGE('',*,*,#724,.T.);
#1031=ORIENTED_EDGE('',*,*,#721,.T.);
#1032=ORIENTED_EDGE('',*,*,#718,.T.);
#1033=ORIENTED_EDGE('',*,*,#715,.T.);
#1034=ORIENTED_EDGE('',*,*,#712,.T.);
#1035=ORIENTED_EDGE('',*,*,#709,.T.);
#1036=ORIENTED_EDGE('',*,*,#706,.T.);
#1037=ORIENTED_EDGE('',*,*,#703,.T.);
#1038=ORIENTED_EDGE('',*,*,#700,.T.);
#1039=ORIENTED_EDGE('',*,*,#697,.T.);
#1040=ORIENTED_EDGE('',*,*,#694,.T.);
#1041=ORIENTED_EDGE('',*,*,#669,.F.);
#1042=ORIENTED_EDGE('',*,*,#754,.T.);
#1043=ORIENTED_EDGE('',*,*,#752,.F.);
#1044=ORIENTED_EDGE('',*,*,#678,.F.);
#1045=ORIENTED_EDGE('',*,*,#671,.F.);
#1046=ORIENTED_EDGE('',*,*,#677,.T.);
#1047=ORIENTED_EDGE('',*,*,#753,.F.);
#1048=ORIENTED_EDGE('',*,*,#754,.F.);
#1049=ORIENTED_EDGE('',*,*,#692,.T.);
#1050=ORIENTED_EDGE('',*,*,#696,.T.);
#1051=ORIENTED_EDGE('',*,*,#699,.T.);
#1052=ORIENTED_EDGE('',*,*,#702,.T.);
#1053=ORIENTED_EDGE('',*,*,#705,.T.);
#1054=ORIENTED_EDGE('',*,*,#708,.T.);
#1055=ORIENTED_EDGE('',*,*,#711,.T.);
#1056=ORIENTED_EDGE('',*,*,#714,.T.);
#1057=ORIENTED_EDGE('',*,*,#717,.T.);
#1058=ORIENTED_EDGE('',*,*,#720,.T.);
#1059=ORIENTED_EDGE('',*,*,#723,.T.);
#1060=ORIENTED_EDGE('',*,*,#726,.T.);
#1061=ORIENTED_EDGE('',*,*,#729,.T.);
#1062=ORIENTED_EDGE('',*,*,#732,.T.);
#1063=ORIENTED_EDGE('',*,*,#735,.T.);
#1064=ORIENTED_EDGE('',*,*,#738,.T.);
#1065=ORIENTED_EDGE('',*,*,#741,.T.);
#1066=ORIENTED_EDGE('',*,*,#744,.T.);
#1067=ORIENTED_EDGE('',*,*,#747,.T.);
#1068=ORIENTED_EDGE('',*,*,#750,.T.);
#1069=CYLINDRICAL_SURFACE('',#1193,1.5);
#1070=CYLINDRICAL_SURFACE('',#1196,1.5);
#1071=CYLINDRICAL_SURFACE('',#1199,1.5);
#1072=CYLINDRICAL_SURFACE('',#1202,1.5);
#1073=CYLINDRICAL_SURFACE('',#1205,19.9999985098839);
#1074=CYLINDRICAL_SURFACE('',#1214,6.);
#1075=CYLINDRICAL_SURFACE('',#1217,2.);
#1076=CYLINDRICAL_SURFACE('',#1220,1.);
#1077=CYLINDRICAL_SURFACE('',#1223,2.);
#1078=CYLINDRICAL_SURFACE('',#1226,2.);
#1079=CYLINDRICAL_SURFACE('',#1229,1.);
#1080=CYLINDRICAL_SURFACE('',#1232,20.);
#1081=CYLINDRICAL_SURFACE('',#1235,25.);
#1082=CYLINDRICAL_SURFACE('',#1239,19.);
#1083=CYLINDRICAL_SURFACE('',#1241,23.9691157837137);
#1084=CYLINDRICAL_SURFACE('',#1249,25.);
#1085=CYLINDRICAL_SURFACE('',#1252,20.);
#1086=CYLINDRICAL_SURFACE('',#1260,2.);
#1087=CYLINDRICAL_SURFACE('',#1266,2.);
#1088=CYLINDRICAL_SURFACE('',#1268,25.);
#1089=CYLINDRICAL_SURFACE('',#1271,1.45);
#1090=CYLINDRICAL_SURFACE('',#1275,1.45);
#1091=CYLINDRICAL_SURFACE('',#1279,1.45);
#1092=CYLINDRICAL_SURFACE('',#1283,1.45);
#1093=CYLINDRICAL_SURFACE('',#1288,3.00000123679638);
#1094=CYLINDRICAL_SURFACE('',#1293,19.);
#1095=CYLINDRICAL_SURFACE('',#1298,2.99999885261059);
#1096=CYLINDRICAL_SURFACE('',#1304,2.99999999999999);
#1097=CYLINDRICAL_SURFACE('',#1309,23.9987631033252);
#1098=CYLINDRICAL_SURFACE('',#1314,3.00000041723251);
#1099=CYLINDRICAL_SURFACE('',#1322,20.);
#1100=ADVANCED_FACE('',(#91),#1069,.F.);
#1101=ADVANCED_FACE('',(#92),#1070,.F.);
#1102=ADVANCED_FACE('',(#93),#1071,.F.);
#1103=ADVANCED_FACE('',(#94),#1072,.F.);
#1104=ADVANCED_FACE('',(#95),#1073,.T.);
#1105=ADVANCED_FACE('',(#96,#31),#58,.T.);
#1106=ADVANCED_FACE('',(#97),#1074,.F.);
#1107=ADVANCED_FACE('',(#98),#1075,.F.);
#1108=ADVANCED_FACE('',(#99),#1076,.F.);
#1109=ADVANCED_FACE('',(#100),#1077,.F.);
#1110=ADVANCED_FACE('',(#101),#1078,.F.);
#1111=ADVANCED_FACE('',(#102),#1079,.F.);
#1112=ADVANCED_FACE('',(#103),#1080,.T.);
#1113=ADVANCED_FACE('',(#104),#59,.T.);
#1114=ADVANCED_FACE('',(#105),#1081,.T.);
#1115=ADVANCED_FACE('',(#106),#60,.T.);
#1116=ADVANCED_FACE('',(#107),#1082,.F.);
#1117=ADVANCED_FACE('',(#108),#1083,.F.);
#1118=ADVANCED_FACE('',(#109,#32),#61,.T.);
#1119=ADVANCED_FACE('',(#110,#33,#34,#35),#62,.T.);
#1120=ADVANCED_FACE('',(#111,#36,#37,#38),#63,.T.);
#1121=ADVANCED_FACE('',(#112),#64,.T.);
#1122=ADVANCED_FACE('',(#113),#1084,.T.);
#1123=ADVANCED_FACE('',(#114),#65,.T.);
#1124=ADVANCED_FACE('',(#115),#1085,.T.);
#1125=ADVANCED_FACE('',(#116,#39,#40,#41,#42),#66,.T.);
#1126=ADVANCED_FACE('',(#117,#43,#44,#45,#46,#47,#48,#49,#50,#51,#52),#67,
 .F.);
#1127=ADVANCED_FACE('',(#118),#21,.T.);
#1128=ADVANCED_FACE('',(#119),#1086,.T.);
#1129=ADVANCED_FACE('',(#120),#22,.T.);
#1130=ADVANCED_FACE('',(#121),#1087,.T.);
#1131=ADVANCED_FACE('',(#122),#68,.T.);
#1132=ADVANCED_FACE('',(#123),#1088,.T.);
#1133=ADVANCED_FACE('',(#124),#69,.F.);
#1134=ADVANCED_FACE('',(#125),#1089,.F.);
#1135=ADVANCED_FACE('',(#126),#70,.T.);
#1136=ADVANCED_FACE('',(#127),#1090,.F.);
#1137=ADVANCED_FACE('',(#128),#71,.T.);
#1138=ADVANCED_FACE('',(#129),#1091,.F.);
#1139=ADVANCED_FACE('',(#130),#72,.T.);
#1140=ADVANCED_FACE('',(#131),#1092,.F.);
#1141=ADVANCED_FACE('',(#132),#73,.T.);
#1142=ADVANCED_FACE('',(#133),#74,.T.);
#1143=ADVANCED_FACE('',(#134),#1093,.T.);
#1144=ADVANCED_FACE('',(#135),#75,.T.);
#1145=ADVANCED_FACE('',(#136),#76,.T.);
#1146=ADVANCED_FACE('',(#137),#1094,.F.);
#1147=ADVANCED_FACE('',(#138),#77,.T.);
#1148=ADVANCED_FACE('',(#139),#78,.T.);
#1149=ADVANCED_FACE('',(#140),#1095,.T.);
#1150=ADVANCED_FACE('',(#141),#79,.T.);
#1151=ADVANCED_FACE('',(#142),#80,.T.);
#1152=ADVANCED_FACE('',(#143),#81,.T.);
#1153=ADVANCED_FACE('',(#144),#1096,.T.);
#1154=ADVANCED_FACE('',(#145),#82,.T.);
#1155=ADVANCED_FACE('',(#146),#83,.T.);
#1156=ADVANCED_FACE('',(#147),#1097,.F.);
#1157=ADVANCED_FACE('',(#148),#84,.T.);
#1158=ADVANCED_FACE('',(#149),#85,.T.);
#1159=ADVANCED_FACE('',(#150),#1098,.T.);
#1160=ADVANCED_FACE('',(#151),#86,.T.);
#1161=ADVANCED_FACE('',(#152),#87,.T.);
#1162=ADVANCED_FACE('',(#153,#53,#54,#55,#56,#57),#88,.T.);
#1163=ADVANCED_FACE('',(#154),#89,.T.);
#1164=ADVANCED_FACE('',(#155),#1099,.T.);
#1165=ADVANCED_FACE('',(#156),#90,.T.);
#1166=CLOSED_SHELL('',(#1100,#1101,#1102,#1103,#1104,#1105,#1106,#1107,
#1108,#1109,#1110,#1111,#1112,#1113,#1114,#1115,#1116,#1117,#1118,#1119,
#1120,#1121,#1122,#1123,#1124,#1125,#1126));
#1167=CLOSED_SHELL('',(#1127,#1128,#1129,#1130,#1131,#1132,#1133,#1134,
#1135,#1136,#1137,#1138,#1139,#1140,#1141,#1142,#1143,#1144,#1145,#1146,
#1147,#1148,#1149,#1150,#1151,#1152,#1153,#1154,#1155,#1156,#1157,#1158,
#1159,#1160,#1161,#1162,#1163,#1164,#1165));
#1168=DERIVED_UNIT_ELEMENT(#1172,1.);
#1169=DERIVED_UNIT_ELEMENT(#2048,-3.);
#1170=DERIVED_UNIT_ELEMENT(#1172,1.);
#1171=DERIVED_UNIT_ELEMENT(#2048,-3.);
#1172=(
MASS_UNIT()
NAMED_UNIT(*)
SI_UNIT(.KILO.,.GRAM.)
);
#1173=DERIVED_UNIT((#1168,#1169));
#1174=DERIVED_UNIT((#1170,#1171));
#1175=MEASURE_REPRESENTATION_ITEM('density measure',
POSITIVE_RATIO_MEASURE(7850.),#1173);
#1176=MEASURE_REPRESENTATION_ITEM('density measure',
POSITIVE_RATIO_MEASURE(7850.),#1174);
#1177=PROPERTY_DEFINITION_REPRESENTATION(#1187,#1181);
#1178=PROPERTY_DEFINITION_REPRESENTATION(#1188,#1182);
#1179=PROPERTY_DEFINITION_REPRESENTATION(#1189,#1183);
#1180=PROPERTY_DEFINITION_REPRESENTATION(#1190,#1184);
#1181=REPRESENTATION('material name',(#1185),#2044);
#1182=REPRESENTATION('density',(#1175),#2044);
#1183=REPRESENTATION('material name',(#1186),#2045);
#1184=REPRESENTATION('density',(#1176),#2045);
#1185=DESCRIPTIVE_REPRESENTATION_ITEM('\X2\AC15CCA0\X0\','\X2\AC15CCA0\X0\');
#1186=DESCRIPTIVE_REPRESENTATION_ITEM('\X2\AC15CCA0\X0\','\X2\AC15CCA0\X0\');
#1187=PROPERTY_DEFINITION('material property','material name',#2064);
#1188=PROPERTY_DEFINITION('material property','density of part',#2064);
#1189=PROPERTY_DEFINITION('material property','material name',#2065);
#1190=PROPERTY_DEFINITION('material property','density of part',#2065);
#1191=AXIS2_PLACEMENT_3D('',#1687,#1326,#1327);
#1192=AXIS2_PLACEMENT_3D('',#1688,#1328,#1329);
#1193=AXIS2_PLACEMENT_3D('',#1689,#1330,#1331);
#1194=AXIS2_PLACEMENT_3D('',#1691,#1332,#1333);
#1195=AXIS2_PLACEMENT_3D('',#1694,#1335,#1336);
#1196=AXIS2_PLACEMENT_3D('',#1695,#1337,#1338);
#1197=AXIS2_PLACEMENT_3D('',#1697,#1339,#1340);
#1198=AXIS2_PLACEMENT_3D('',#1700,#1342,#1343);
#1199=AXIS2_PLACEMENT_3D('',#1701,#1344,#1345);
#1200=AXIS2_PLACEMENT_3D('',#1703,#1346,#1347);
#1201=AXIS2_PLACEMENT_3D('',#1706,#1349,#1350);
#1202=AXIS2_PLACEMENT_3D('',#1707,#1351,#1352);
#1203=AXIS2_PLACEMENT_3D('',#1709,#1353,#1354);
#1204=AXIS2_PLACEMENT_3D('',#1712,#1356,#1357);
#1205=AXIS2_PLACEMENT_3D('',#1713,#1358,#1359);
#1206=AXIS2_PLACEMENT_3D('',#1715,#1360,#1361);
#1207=AXIS2_PLACEMENT_3D('',#1719,#1363,#1364);
#1208=AXIS2_PLACEMENT_3D('',#1721,#1365,#1366);
#1209=AXIS2_PLACEMENT_3D('',#1723,#1367,#1368);
#1210=AXIS2_PLACEMENT_3D('',#1725,#1369,#1370);
#1211=AXIS2_PLACEMENT_3D('',#1726,#1371,#1372);
#1212=AXIS2_PLACEMENT_3D('',#1727,#1373,#1374);
#1213=AXIS2_PLACEMENT_3D('',#1729,#1375,#1376);
#1214=AXIS2_PLACEMENT_3D('',#1730,#1377,#1378);
#1215=AXIS2_PLACEMENT_3D('',#1732,#1379,#1380);
#1216=AXIS2_PLACEMENT_3D('',#1735,#1382,#1383);
#1217=AXIS2_PLACEMENT_3D('',#1736,#1384,#1385);
#1218=AXIS2_PLACEMENT_3D('',#1738,#1386,#1387);
#1219=AXIS2_PLACEMENT_3D('',#1741,#1389,#1390);
#1220=AXIS2_PLACEMENT_3D('',#1742,#1391,#1392);
#1221=AXIS2_PLACEMENT_3D('',#1744,#1393,#1394);
#1222=AXIS2_PLACEMENT_3D('',#1747,#1396,#1397);
#1223=AXIS2_PLACEMENT_3D('',#1748,#1398,#1399);
#1224=AXIS2_PLACEMENT_3D('',#1750,#1400,#1401);
#1225=AXIS2_PLACEMENT_3D('',#1753,#1403,#1404);
#1226=AXIS2_PLACEMENT_3D('',#1754,#1405,#1406);
#1227=AXIS2_PLACEMENT_3D('',#1756,#1407,#1408);
#1228=AXIS2_PLACEMENT_3D('',#1759,#1410,#1411);
#1229=AXIS2_PLACEMENT_3D('',#1760,#1412,#1413);
#1230=AXIS2_PLACEMENT_3D('',#1762,#1414,#1415);
#1231=AXIS2_PLACEMENT_3D('',#1765,#1417,#1418);
#1232=AXIS2_PLACEMENT_3D('',#1766,#1419,#1420);
#1233=AXIS2_PLACEMENT_3D('',#1769,#1421,#1422);
#1234=AXIS2_PLACEMENT_3D('',#1772,#1425,#1426);
#1235=AXIS2_PLACEMENT_3D('',#1778,#1430,#1431);
#1236=AXIS2_PLACEMENT_3D('',#1780,#1432,#1433);
#1237=AXIS2_PLACEMENT_3D('',#1782,#1434,#1435);
#1238=AXIS2_PLACEMENT_3D('',#1784,#1437,#1438);
#1239=AXIS2_PLACEMENT_3D('',#1787,#1441,#1442);
#1240=AXIS2_PLACEMENT_3D('',#1790,#1444,#1445);
#1241=AXIS2_PLACEMENT_3D('',#1791,#1446,#1447);
#1242=AXIS2_PLACEMENT_3D('',#1793,#1448,#1449);
#1243=AXIS2_PLACEMENT_3D('',#1796,#1451,#1452);
#1244=AXIS2_PLACEMENT_3D('',#1797,#1453,#1454);
#1245=AXIS2_PLACEMENT_3D('',#1801,#1456,#1457);
#1246=AXIS2_PLACEMENT_3D('',#1803,#1459,#1460);
#1247=AXIS2_PLACEMENT_3D('',#1804,#1461,#1462);
#1248=AXIS2_PLACEMENT_3D('',#1805,#1463,#1464);
#1249=AXIS2_PLACEMENT_3D('',#1811,#1468,#1469);
#1250=AXIS2_PLACEMENT_3D('',#1813,#1470,#1471);
#1251=AXIS2_PLACEMENT_3D('',#1815,#1473,#1474);
#1252=AXIS2_PLACEMENT_3D('',#1819,#1477,#1478);
#1253=AXIS2_PLACEMENT_3D('',#1820,#1479,#1480);
#1254=AXIS2_PLACEMENT_3D('',#1821,#1481,#1482);
#1255=AXIS2_PLACEMENT_3D('',#1822,#1483,#1484);
#1256=AXIS2_PLACEMENT_3D('',#1823,#1485,#1486);
#1257=AXIS2_PLACEMENT_3D('',#1824,#1487,#1488);
#1258=AXIS2_PLACEMENT_3D('',#1827,#1489,#1490);
#1259=AXIS2_PLACEMENT_3D('',#1842,#1491,#1492);
#1260=AXIS2_PLACEMENT_3D('',#1855,#1493,#1494);
#1261=AXIS2_PLACEMENT_3D('',#1859,#1496,#1497);
#1262=AXIS2_PLACEMENT_3D('',#1861,#1499,#1500);
#1263=AXIS2_PLACEMENT_3D('',#1864,#1501,#1502);
#1264=AXIS2_PLACEMENT_3D('',#1865,#1503,#1504);
#1265=AXIS2_PLACEMENT_3D('',#1866,#1505,#1506);
#1266=AXIS2_PLACEMENT_3D('',#1867,#1507,#1508);
#1267=AXIS2_PLACEMENT_3D('',#1870,#1511,#1512);
#1268=AXIS2_PLACEMENT_3D('',#1876,#1516,#1517);
#1269=AXIS2_PLACEMENT_3D('',#1879,#1519,#1520);
#1270=AXIS2_PLACEMENT_3D('',#1880,#1521,#1522);
#1271=AXIS2_PLACEMENT_3D('',#1881,#1523,#1524);
#1272=AXIS2_PLACEMENT_3D('',#1883,#1525,#1526);
#1273=AXIS2_PLACEMENT_3D('',#1886,#1528,#1529);
#1274=AXIS2_PLACEMENT_3D('',#1887,#1530,#1531);
#1275=AXIS2_PLACEMENT_3D('',#1888,#1532,#1533);
#1276=AXIS2_PLACEMENT_3D('',#1890,#1534,#1535);
#1277=AXIS2_PLACEMENT_3D('',#1893,#1537,#1538);
#1278=AXIS2_PLACEMENT_3D('',#1894,#1539,#1540);
#1279=AXIS2_PLACEMENT_3D('',#1895,#1541,#1542);
#1280=AXIS2_PLACEMENT_3D('',#1897,#1543,#1544);
#1281=AXIS2_PLACEMENT_3D('',#1900,#1546,#1547);
#1282=AXIS2_PLACEMENT_3D('',#1901,#1548,#1549);
#1283=AXIS2_PLACEMENT_3D('',#1902,#1550,#1551);
#1284=AXIS2_PLACEMENT_3D('',#1904,#1552,#1553);
#1285=AXIS2_PLACEMENT_3D('',#1907,#1555,#1556);
#1286=AXIS2_PLACEMENT_3D('',#1908,#1557,#1558);
#1287=AXIS2_PLACEMENT_3D('',#1909,#1559,#1560);
#1288=AXIS2_PLACEMENT_3D('',#1918,#1565,#1566);
#1289=AXIS2_PLACEMENT_3D('',#1920,#1567,#1568);
#1290=AXIS2_PLACEMENT_3D('',#1922,#1569,#1570);
#1291=AXIS2_PLACEMENT_3D('',#1924,#1572,#1573);
#1292=AXIS2_PLACEMENT_3D('',#1930,#1577,#1578);
#1293=AXIS2_PLACEMENT_3D('',#1936,#1582,#1583);
#1294=AXIS2_PLACEMENT_3D('',#1938,#1584,#1585);
#1295=AXIS2_PLACEMENT_3D('',#1940,#1586,#1587);
#1296=AXIS2_PLACEMENT_3D('',#1942,#1589,#1590);
#1297=AXIS2_PLACEMENT_3D('',#1948,#1594,#1595);
#1298=AXIS2_PLACEMENT_3D('',#1954,#1599,#1600);
#1299=AXIS2_PLACEMENT_3D('',#1956,#1601,#1602);
#1300=AXIS2_PLACEMENT_3D('',#1958,#1603,#1604);
#1301=AXIS2_PLACEMENT_3D('',#1960,#1606,#1607);
#1302=AXIS2_PLACEMENT_3D('',#1966,#1611,#1612);
#1303=AXIS2_PLACEMENT_3D('',#1972,#1616,#1617);
#1304=AXIS2_PLACEMENT_3D('',#1978,#1621,#1622);
#1305=AXIS2_PLACEMENT_3D('',#1980,#1623,#1624);
#1306=AXIS2_PLACEMENT_3D('',#1982,#1625,#1626);
#1307=AXIS2_PLACEMENT_3D('',#1984,#1628,#1629);
#1308=AXIS2_PLACEMENT_3D('',#1990,#1633,#1634);
#1309=AXIS2_PLACEMENT_3D('',#1996,#1638,#1639);
#1310=AXIS2_PLACEMENT_3D('',#1998,#1640,#1641);
#1311=AXIS2_PLACEMENT_3D('',#2000,#1642,#1643);
#1312=AXIS2_PLACEMENT_3D('',#2002,#1645,#1646);
#1313=AXIS2_PLACEMENT_3D('',#2008,#1650,#1651);
#1314=AXIS2_PLACEMENT_3D('',#2014,#1655,#1656);
#1315=AXIS2_PLACEMENT_3D('',#2016,#1657,#1658);
#1316=AXIS2_PLACEMENT_3D('',#2018,#1659,#1660);
#1317=AXIS2_PLACEMENT_3D('',#2020,#1662,#1663);
#1318=AXIS2_PLACEMENT_3D('',#2026,#1667,#1668);
#1319=AXIS2_PLACEMENT_3D('',#2029,#1671,#1672);
#1320=AXIS2_PLACEMENT_3D('',#2032,#1674,#1675);
#1321=AXIS2_PLACEMENT_3D('',#2033,#1676,#1677);
#1322=AXIS2_PLACEMENT_3D('',#2035,#1679,#1680);
#1323=AXIS2_PLACEMENT_3D('',#2036,#1681,#1682);
#1324=AXIS2_PLACEMENT_3D('',#2037,#1683,#1684);
#1325=AXIS2_PLACEMENT_3D('',#2038,#1685,#1686);
#1326=DIRECTION('axis',(0.,0.,1.));
#1327=DIRECTION('refdir',(1.,0.,0.));
#1328=DIRECTION('axis',(0.,0.,1.));
#1329=DIRECTION('refdir',(1.,0.,0.));
#1330=DIRECTION('center_axis',(2.71926214689378E-32,1.,-3.44509284839767E-16));
#1331=DIRECTION('ref_axis',(-2.22044604925031E-16,3.44509284839767E-16,
1.));
#1332=DIRECTION('center_axis',(2.71926214689378E-32,1.,-3.44509284839767E-16));
#1333=DIRECTION('ref_axis',(-2.22044604925031E-16,3.44509284839767E-16,
1.));
#1334=DIRECTION('',(2.71926214689378E-32,1.,-3.44509284839767E-16));
#1335=DIRECTION('center_axis',(-2.71926214689378E-32,-1.,3.44509284839767E-16));
#1336=DIRECTION('ref_axis',(-2.22044604925031E-16,3.44509284839767E-16,
1.));
#1337=DIRECTION('center_axis',(2.71926214689378E-32,1.,-3.44509284839767E-16));
#1338=DIRECTION('ref_axis',(-2.22044604925031E-16,3.44509284839767E-16,
1.));
#1339=DIRECTION('center_axis',(2.71926214689378E-32,1.,-3.44509284839767E-16));
#1340=DIRECTION('ref_axis',(-2.22044604925031E-16,3.44509284839767E-16,
1.));
#1341=DIRECTION('',(2.71926214689378E-32,1.,-3.44509284839767E-16));
#1342=DIRECTION('center_axis',(-2.71926214689378E-32,-1.,3.44509284839767E-16));
#1343=DIRECTION('ref_axis',(-2.22044604925031E-16,3.44509284839767E-16,
1.));
#1344=DIRECTION('center_axis',(2.71926214689378E-32,1.,-3.44509284839767E-16));
#1345=DIRECTION('ref_axis',(-2.22044604925031E-16,3.44509284839767E-16,
1.));
#1346=DIRECTION('center_axis',(2.71926214689378E-32,1.,-3.44509284839767E-16));
#1347=DIRECTION('ref_axis',(-2.22044604925031E-16,3.44509284839767E-16,
1.));
#1348=DIRECTION('',(2.71926214689378E-32,1.,-3.44509284839766E-16));
#1349=DIRECTION('center_axis',(-2.71926214689378E-32,-1.,3.44509284839767E-16));
#1350=DIRECTION('ref_axis',(-2.22044604925031E-16,3.44509284839767E-16,
1.));
#1351=DIRECTION('center_axis',(2.71926214689378E-32,1.,-3.44509284839767E-16));
#1352=DIRECTION('ref_axis',(-2.22044604925031E-16,3.44509284839767E-16,
1.));
#1353=DIRECTION('center_axis',(2.71926214689378E-32,1.,-3.44509284839767E-16));
#1354=DIRECTION('ref_axis',(-2.22044604925031E-16,3.44509284839767E-16,
1.));
#1355=DIRECTION('',(2.71926214689378E-32,1.,-3.44509284839767E-16));
#1356=DIRECTION('center_axis',(-2.71926214689378E-32,-1.,3.44509284839767E-16));
#1357=DIRECTION('ref_axis',(-2.22044604925031E-16,3.44509284839767E-16,
1.));
#1358=DIRECTION('center_axis',(-2.71926214689378E-32,-1.,3.44509284839767E-16));
#1359=DIRECTION('ref_axis',(-2.22044604925031E-16,3.44509284839767E-16,
1.));
#1360=DIRECTION('center_axis',(-2.71926214689378E-32,-1.,3.44509284839767E-16));
#1361=DIRECTION('ref_axis',(-2.22044604925031E-16,3.44509284839767E-16,
1.));
#1362=DIRECTION('',(2.71926214689378E-32,1.,-3.44509284839767E-16));
#1363=DIRECTION('center_axis',(2.71926214689378E-32,1.,-3.44509284839767E-16));
#1364=DIRECTION('ref_axis',(-2.22044604925031E-16,3.44509284839767E-16,
1.));
#1365=DIRECTION('center_axis',(-2.71926214689378E-32,-1.,3.44509284839767E-16));
#1366=DIRECTION('ref_axis',(0.0496911578371384,-3.44083688869142E-16,-0.99876463134855));
#1367=DIRECTION('center_axis',(2.71926214689378E-32,1.,-3.44509284839767E-16));
#1368=DIRECTION('ref_axis',(-2.22044604925031E-16,3.44509284839767E-16,
1.));
#1369=DIRECTION('center_axis',(-2.71926214689378E-32,-1.,3.44509284839767E-16));
#1370=DIRECTION('ref_axis',(-0.264657556236861,3.32224930836511E-16,0.964342458842673));
#1371=DIRECTION('center_axis',(2.71926214689378E-32,1.,-3.44509284839767E-16));
#1372=DIRECTION('ref_axis',(-2.22044604925031E-16,3.44509284839767E-16,
1.));
#1373=DIRECTION('center_axis',(-2.71926214689378E-32,-1.,3.44509284839767E-16));
#1374=DIRECTION('ref_axis',(-2.22044604925031E-16,3.44509284839767E-16,
1.));
#1375=DIRECTION('center_axis',(2.71926214689378E-32,1.,-3.44509284839767E-16));
#1376=DIRECTION('ref_axis',(-2.22044604925031E-16,3.44509284839767E-16,
1.));
#1377=DIRECTION('center_axis',(2.71926214689378E-32,1.,-3.44509284839767E-16));
#1378=DIRECTION('ref_axis',(-2.22044604925031E-16,3.44509284839767E-16,
1.));
#1379=DIRECTION('center_axis',(2.71926214689378E-32,1.,-3.44509284839767E-16));
#1380=DIRECTION('ref_axis',(-2.22044604925031E-16,3.44509284839767E-16,
1.));
#1381=DIRECTION('',(2.71926214689378E-32,1.,-3.44509284839767E-16));
#1382=DIRECTION('center_axis',(-2.71926214689378E-32,-1.,3.44509284839767E-16));
#1383=DIRECTION('ref_axis',(-2.22044604925031E-16,3.44509284839767E-16,
1.));
#1384=DIRECTION('center_axis',(2.71926214689378E-32,1.,-3.44509284839767E-16));
#1385=DIRECTION('ref_axis',(-2.22044604925031E-16,3.44509284839767E-16,
1.));
#1386=DIRECTION('center_axis',(2.71926214689378E-32,1.,-3.44509284839767E-16));
#1387=DIRECTION('ref_axis',(-2.22044604925031E-16,3.44509284839767E-16,
1.));
#1388=DIRECTION('',(2.71926214689378E-32,1.,-3.44509284839767E-16));
#1389=DIRECTION('center_axis',(-2.71926214689378E-32,-1.,3.44509284839767E-16));
#1390=DIRECTION('ref_axis',(-2.22044604925031E-16,3.44509284839767E-16,
1.));
#1391=DIRECTION('center_axis',(2.71926214689378E-32,1.,-3.44509284839767E-16));
#1392=DIRECTION('ref_axis',(-2.22044604925031E-16,3.44509284839767E-16,
1.));
#1393=DIRECTION('center_axis',(2.71926214689378E-32,1.,-3.44509284839767E-16));
#1394=DIRECTION('ref_axis',(-2.22044604925031E-16,3.44509284839767E-16,
1.));
#1395=DIRECTION('',(2.71926214689378E-32,1.,-3.44509284839767E-16));
#1396=DIRECTION('center_axis',(-2.71926214689378E-32,-1.,3.44509284839767E-16));
#1397=DIRECTION('ref_axis',(-2.22044604925031E-16,3.44509284839767E-16,
1.));
#1398=DIRECTION('center_axis',(2.71926214689378E-32,1.,-3.44509284839767E-16));
#1399=DIRECTION('ref_axis',(-2.22044604925031E-16,3.44509284839767E-16,
1.));
#1400=DIRECTION('center_axis',(2.71926214689378E-32,1.,-3.44509284839767E-16));
#1401=DIRECTION('ref_axis',(-2.22044604925031E-16,3.44509284839767E-16,
1.));
#1402=DIRECTION('',(2.71926214689378E-32,1.,-3.44509284839767E-16));
#1403=DIRECTION('center_axis',(-2.71926214689378E-32,-1.,3.44509284839767E-16));
#1404=DIRECTION('ref_axis',(-2.22044604925031E-16,3.44509284839767E-16,
1.));
#1405=DIRECTION('center_axis',(2.71926214689378E-32,1.,-3.44509284839767E-16));
#1406=DIRECTION('ref_axis',(-2.22044604925031E-16,3.44509284839767E-16,
1.));
#1407=DIRECTION('center_axis',(2.71926214689378E-32,1.,-3.44509284839767E-16));
#1408=DIRECTION('ref_axis',(-2.22044604925031E-16,3.44509284839767E-16,
1.));
#1409=DIRECTION('',(2.71926214689378E-32,1.,-3.44509284839767E-16));
#1410=DIRECTION('center_axis',(-2.71926214689378E-32,-1.,3.44509284839767E-16));
#1411=DIRECTION('ref_axis',(-2.22044604925031E-16,3.44509284839767E-16,
1.));
#1412=DIRECTION('center_axis',(2.71926214689378E-32,1.,-3.44509284839767E-16));
#1413=DIRECTION('ref_axis',(-2.22044604925031E-16,3.44509284839767E-16,
1.));
#1414=DIRECTION('center_axis',(2.71926214689378E-32,1.,-3.44509284839767E-16));
#1415=DIRECTION('ref_axis',(-2.22044604925031E-16,3.44509284839767E-16,
1.));
#1416=DIRECTION('',(2.71926214689378E-32,1.,-3.44509284839767E-16));
#1417=DIRECTION('center_axis',(-2.71926214689378E-32,-1.,3.44509284839767E-16));
#1418=DIRECTION('ref_axis',(-2.22044604925031E-16,3.44509284839767E-16,
1.));
#1419=DIRECTION('center_axis',(-2.71926214689378E-32,-1.,3.44509284839767E-16));
#1420=DIRECTION('ref_axis',(-0.264657556236861,3.32224930836511E-16,0.964342458842673));
#1421=DIRECTION('center_axis',(2.71926214689378E-32,1.,-3.44509284839767E-16));
#1422=DIRECTION('ref_axis',(-0.264657556236861,3.32224930836511E-16,0.964342458842673));
#1423=DIRECTION('',(-2.71926214689378E-32,-1.,3.44509284839767E-16));
#1424=DIRECTION('',(-2.71926214689378E-32,-1.,3.44509284839767E-16));
#1425=DIRECTION('center_axis',(-0.0496911578371372,-3.44083688869142E-16,
-0.99876463134855));
#1426=DIRECTION('ref_axis',(0.99876463134855,-1.71190652493321E-17,-0.0496911578371372));
#1427=DIRECTION('',(-0.99876463134855,1.71190652493321E-17,0.0496911578371372));
#1428=DIRECTION('',(0.99876463134855,-1.71190652493321E-17,-0.0496911578371372));
#1429=DIRECTION('',(-2.71926214689378E-32,-1.,3.44509284839767E-16));
#1430=DIRECTION('center_axis',(-2.71926214689378E-32,-1.,3.44509284839767E-16));
#1431=DIRECTION('ref_axis',(0.331492336086384,-3.25030010430101E-16,-0.943457911682335));
#1432=DIRECTION('center_axis',(2.71926214689378E-32,1.,-3.44509284839767E-16));
#1433=DIRECTION('ref_axis',(0.331492336086384,-3.25030010430101E-16,-0.943457911682335));
#1434=DIRECTION('center_axis',(-2.71926214689378E-32,-1.,3.44509284839767E-16));
#1435=DIRECTION('ref_axis',(0.331492336086384,-3.25030010430101E-16,-0.943457911682335));
#1436=DIRECTION('',(-2.71926214689378E-32,-1.,3.44509284839767E-16));
#1437=DIRECTION('center_axis',(-0.0496911578371375,3.44083688869142E-16,
0.99876463134855));
#1438=DIRECTION('ref_axis',(-0.99876463134855,-1.71190652493322E-17,-0.0496911578371375));
#1439=DIRECTION('',(0.99876463134855,1.71190652493322E-17,0.0496911578371375));
#1440=DIRECTION('',(-0.99876463134855,-1.71190652493322E-17,-0.0496911578371375));
#1441=DIRECTION('center_axis',(-2.71926214689378E-32,-1.,3.44509284839767E-16));
#1442=DIRECTION('ref_axis',(-2.22044604925031E-16,3.44509284839767E-16,
1.));
#1443=DIRECTION('',(2.71926214689378E-32,1.,-3.44509284839767E-16));
#1444=DIRECTION('center_axis',(-2.71926214689378E-32,-1.,3.44509284839767E-16));
#1445=DIRECTION('ref_axis',(-2.22044604925031E-16,3.44509284839767E-16,
1.));
#1446=DIRECTION('center_axis',(-2.71926214689378E-32,-1.,3.44509284839767E-16));
#1447=DIRECTION('ref_axis',(-2.22044604925031E-16,3.44509284839767E-16,
1.));
#1448=DIRECTION('center_axis',(2.71926214689378E-32,1.,-3.44509284839767E-16));
#1449=DIRECTION('ref_axis',(-2.22044604925031E-16,3.44509284839767E-16,
1.));
#1450=DIRECTION('',(2.71926214689378E-32,1.,-3.44509284839767E-16));
#1451=DIRECTION('center_axis',(-2.71926214689378E-32,-1.,3.44509284839767E-16));
#1452=DIRECTION('ref_axis',(-2.22044604925031E-16,3.44509284839767E-16,
1.));
#1453=DIRECTION('center_axis',(-2.71926214689378E-32,-1.,3.44509284839767E-16));
#1454=DIRECTION('ref_axis',(-2.22044604925031E-16,3.44509284839767E-16,
1.));
#1455=DIRECTION('',(-0.99876463134855,1.71190652493321E-17,0.0496911578371371));
#1456=DIRECTION('center_axis',(-2.71926214689378E-32,-1.,3.44509284839767E-16));
#1457=DIRECTION('ref_axis',(-2.22044604925031E-16,3.44509284839767E-16,
1.));
#1458=DIRECTION('',(0.99876463134855,1.71190652493322E-17,0.0496911578371375));
#1459=DIRECTION('center_axis',(-2.71926214689378E-32,-1.,3.44509284839767E-16));
#1460=DIRECTION('ref_axis',(2.22044604925031E-16,-3.44509284839767E-16,
-1.));
#1461=DIRECTION('center_axis',(-2.71926214689378E-32,-1.,3.44509284839767E-16));
#1462=DIRECTION('ref_axis',(2.22044604925031E-16,-3.44509284839767E-16,
-1.));
#1463=DIRECTION('center_axis',(0.0496911578371375,-3.44083688869142E-16,
-0.99876463134855));
#1464=DIRECTION('ref_axis',(0.99876463134855,1.71190652493322E-17,0.0496911578371375));
#1465=DIRECTION('',(-0.99876463134855,-1.71190652493322E-17,-0.0496911578371375));
#1466=DIRECTION('',(-2.71926214689378E-32,-1.,3.44509284839767E-16));
#1467=DIRECTION('',(-2.71926214689378E-32,-1.,3.44509284839767E-16));
#1468=DIRECTION('center_axis',(-2.71926214689378E-32,-1.,3.44509284839767E-16));
#1469=DIRECTION('ref_axis',(-2.22044604925031E-16,3.44509284839767E-16,
1.));
#1470=DIRECTION('center_axis',(-2.71926214689378E-32,-1.,3.44509284839767E-16));
#1471=DIRECTION('ref_axis',(-2.22044604925031E-16,3.44509284839767E-16,
1.));
#1472=DIRECTION('',(-2.71926214689378E-32,-1.,3.44509284839767E-16));
#1473=DIRECTION('center_axis',(0.0496911578371371,3.44083688869142E-16,
0.99876463134855));
#1474=DIRECTION('ref_axis',(-0.99876463134855,1.71190652493321E-17,0.0496911578371371));
#1475=DIRECTION('',(-0.99876463134855,1.71190652493321E-17,0.0496911578371371));
#1476=DIRECTION('',(-2.71926214689378E-32,-1.,3.44509284839767E-16));
#1477=DIRECTION('center_axis',(-2.71926214689378E-32,-1.,3.44509284839767E-16));
#1478=DIRECTION('ref_axis',(0.0496911578371384,-3.44083688869142E-16,-0.99876463134855));
#1479=DIRECTION('center_axis',(-2.71926214689378E-32,-1.,3.44509284839767E-16));
#1480=DIRECTION('ref_axis',(0.0496911578371384,-3.44083688869142E-16,-0.99876463134855));
#1481=DIRECTION('center_axis',(-2.71926214689378E-32,-1.,3.44509284839767E-16));
#1482=DIRECTION('ref_axis',(2.22044604925031E-16,-3.44509284839767E-16,
-1.));
#1483=DIRECTION('center_axis',(-2.71926214689378E-32,-1.,3.44509284839767E-16));
#1484=DIRECTION('ref_axis',(2.22044604925031E-16,-3.44509284839767E-16,
-1.));
#1485=DIRECTION('axis',(0.,0.,1.));
#1486=DIRECTION('refdir',(1.,0.,0.));
#1487=DIRECTION('center_axis',(1.22464679914705E-16,-1.,5.44009282066326E-15));
#1488=DIRECTION('ref_axis',(-5.76171735059863E-15,5.6843418860808E-15,1.));
#1489=DIRECTION('center_axis',(1.22464679914705E-16,-1.,5.44009282066326E-15));
#1490=DIRECTION('ref_axis',(1.,1.22464679914736E-16,5.70048501064126E-15));
#1491=DIRECTION('center_axis',(-1.22464679914705E-16,1.,-5.44009282066326E-15));
#1492=DIRECTION('ref_axis',(1.,1.22464679914736E-16,5.70048501064126E-15));
#1493=DIRECTION('center_axis',(0.99876463134855,3.92637901888515E-16,0.049691157837143));
#1494=DIRECTION('ref_axis',(-0.035136954671655,0.707106781186551,0.706233243635838));
#1495=DIRECTION('',(-0.99876463134855,-3.92637901888515E-16,-0.049691157837143));
#1496=DIRECTION('center_axis',(0.99876463134855,3.92637901888492E-16,0.0496911578371386));
#1497=DIRECTION('ref_axis',(-1.22464679914705E-16,1.,-5.44009282066327E-15));
#1498=DIRECTION('',(0.99876463134855,3.92637901888515E-16,0.049691157837143));
#1499=DIRECTION('center_axis',(1.22464679914705E-16,-1.,5.44009282066326E-15));
#1500=DIRECTION('ref_axis',(-5.6843418860808E-15,5.6843418860808E-15,1.));
#1501=DIRECTION('center_axis',(-0.99876463134855,1.48011120112019E-16,0.049691157837136));
#1502=DIRECTION('ref_axis',(-1.22464679914705E-16,1.,-5.44009282066327E-15));
#1503=DIRECTION('center_axis',(-1.22464679914705E-16,1.,-5.44009282066326E-15));
#1504=DIRECTION('ref_axis',(-1.,-1.22464679914742E-16,-6.58050683125968E-15));
#1505=DIRECTION('center_axis',(1.22464679914705E-16,-1.,5.44009282066326E-15));
#1506=DIRECTION('ref_axis',(-1.,-1.22464679914741E-16,-6.58050683125968E-15));
#1507=DIRECTION('center_axis',(0.99876463134855,-1.48011120111996E-16,-0.0496911578371316));
#1508=DIRECTION('ref_axis',(-0.0351369546716437,0.707106781186544,-0.706233243635846));
#1509=DIRECTION('',(-0.99876463134855,1.48011120111996E-16,0.0496911578371316));
#1510=DIRECTION('',(0.99876463134855,-1.48011120111996E-16,-0.0496911578371316));
#1511=DIRECTION('center_axis',(-0.0496911578371316,-5.43945771227076E-15,
-0.99876463134855));
#1512=DIRECTION('ref_axis',(0.99876463134855,-1.48011120111996E-16,-0.0496911578371316));
#1513=DIRECTION('',(1.22464679914705E-16,-1.,5.44009282066326E-15));
#1514=DIRECTION('',(0.99876463134855,-1.48011120111996E-16,-0.0496911578371315));
#1515=DIRECTION('',(1.22464679914705E-16,-1.,5.44009282066326E-15));
#1516=DIRECTION('center_axis',(1.22464679914705E-16,-1.,5.44009282066326E-15));
#1517=DIRECTION('ref_axis',(5.76171735059863E-15,-5.44009282066326E-15,
-1.));
#1518=DIRECTION('',(1.22464679914705E-16,-1.,5.44009282066326E-15));
#1519=DIRECTION('center_axis',(1.22464679914705E-16,-1.,5.44009282066326E-15));
#1520=DIRECTION('ref_axis',(5.76171735059863E-15,-5.44009282066326E-15,
-1.));
#1521=DIRECTION('center_axis',(1.22464679914705E-16,-1.,5.44009282066326E-15));
#1522=DIRECTION('ref_axis',(-5.76171735059863E-15,5.44009282066326E-15,
1.));
#1523=DIRECTION('center_axis',(-1.22464679914705E-16,1.,-5.44009282066326E-15));
#1524=DIRECTION('ref_axis',(5.76171735059863E-15,-5.44009282066326E-15,
-1.));
#1525=DIRECTION('center_axis',(-1.22464679914705E-16,1.,-5.44009282066326E-15));
#1526=DIRECTION('ref_axis',(5.76171735059863E-15,-5.44009282066326E-15,
-1.));
#1527=DIRECTION('',(-1.22464679914705E-16,1.,-5.44009282066327E-15));
#1528=DIRECTION('center_axis',(-1.22464679914705E-16,1.,-5.44009282066326E-15));
#1529=DIRECTION('ref_axis',(5.76171735059863E-15,-5.44009282066326E-15,
-1.));
#1530=DIRECTION('center_axis',(1.22464679914705E-16,-1.,5.44009282066326E-15));
#1531=DIRECTION('ref_axis',(5.76171735059863E-15,-5.44009282066326E-15,
-1.));
#1532=DIRECTION('center_axis',(-1.22464679914705E-16,1.,-5.44009282066326E-15));
#1533=DIRECTION('ref_axis',(5.76171735059863E-15,-5.44009282066326E-15,
-1.));
#1534=DIRECTION('center_axis',(-1.22464679914705E-16,1.,-5.44009282066326E-15));
#1535=DIRECTION('ref_axis',(5.76171735059863E-15,-5.44009282066326E-15,
-1.));
#1536=DIRECTION('',(-1.22464679914705E-16,1.,-5.44009282066327E-15));
#1537=DIRECTION('center_axis',(-1.22464679914705E-16,1.,-5.44009282066326E-15));
#1538=DIRECTION('ref_axis',(5.76171735059863E-15,-5.44009282066326E-15,
-1.));
#1539=DIRECTION('center_axis',(1.22464679914705E-16,-1.,5.44009282066326E-15));
#1540=DIRECTION('ref_axis',(5.76171735059863E-15,-5.44009282066326E-15,
-1.));
#1541=DIRECTION('center_axis',(-1.22464679914705E-16,1.,-5.44009282066326E-15));
#1542=DIRECTION('ref_axis',(5.76171735059863E-15,-5.44009282066326E-15,
-1.));
#1543=DIRECTION('center_axis',(-1.22464679914705E-16,1.,-5.44009282066326E-15));
#1544=DIRECTION('ref_axis',(5.76171735059863E-15,-5.44009282066326E-15,
-1.));
#1545=DIRECTION('',(-1.22464679914705E-16,1.,-5.44009282066327E-15));
#1546=DIRECTION('center_axis',(-1.22464679914705E-16,1.,-5.44009282066326E-15));
#1547=DIRECTION('ref_axis',(5.76171735059863E-15,-5.44009282066326E-15,
-1.));
#1548=DIRECTION('center_axis',(1.22464679914705E-16,-1.,5.44009282066326E-15));
#1549=DIRECTION('ref_axis',(5.76171735059863E-15,-5.44009282066326E-15,
-1.));
#1550=DIRECTION('center_axis',(-1.22464679914705E-16,1.,-5.44009282066326E-15));
#1551=DIRECTION('ref_axis',(5.76171735059863E-15,-5.44009282066326E-15,
-1.));
#1552=DIRECTION('center_axis',(-1.22464679914705E-16,1.,-5.44009282066326E-15));
#1553=DIRECTION('ref_axis',(5.76171735059863E-15,-5.44009282066326E-15,
-1.));
#1554=DIRECTION('',(-1.22464679914705E-16,1.,-5.44009282066327E-15));
#1555=DIRECTION('center_axis',(-1.22464679914705E-16,1.,-5.44009282066326E-15));
#1556=DIRECTION('ref_axis',(5.76171735059863E-15,-5.44009282066326E-15,
-1.));
#1557=DIRECTION('center_axis',(1.22464679914705E-16,-1.,5.44009282066326E-15));
#1558=DIRECTION('ref_axis',(5.76171735059863E-15,-5.44009282066326E-15,
-1.));
#1559=DIRECTION('center_axis',(1.,1.22464679914737E-16,5.76171735059863E-15));
#1560=DIRECTION('ref_axis',(-5.76171735059863E-15,5.44009282066326E-15,
1.));
#1561=DIRECTION('',(5.76171735059863E-15,-5.44009282066326E-15,-1.));
#1562=DIRECTION('',(1.22464679914705E-16,-1.,5.44009282066326E-15));
#1563=DIRECTION('',(-5.76171735059863E-15,5.44009282066326E-15,1.));
#1564=DIRECTION('',(1.22464679914705E-16,-1.,5.44009282066326E-15));
#1565=DIRECTION('center_axis',(1.22464679914705E-16,-1.,5.44009282066326E-15));
#1566=DIRECTION('ref_axis',(-1.,-1.22464679914736E-16,-5.76171735059863E-15));
#1567=DIRECTION('center_axis',(-1.22464679914705E-16,1.,-5.44009282066326E-15));
#1568=DIRECTION('ref_axis',(-1.,-1.22464679914736E-16,-5.76171735059863E-15));
#1569=DIRECTION('center_axis',(1.22464679914705E-16,-1.,5.44009282066326E-15));
#1570=DIRECTION('ref_axis',(-1.,-1.22464679914736E-16,-5.76171735059863E-15));
#1571=DIRECTION('',(1.22464679914705E-16,-1.,5.44009282066326E-15));
#1572=DIRECTION('center_axis',(-1.,-1.22464679914737E-16,-5.76171735059863E-15));
#1573=DIRECTION('ref_axis',(5.76171735059863E-15,-5.44009282066326E-15,
-1.));
#1574=DIRECTION('',(-5.76171735059863E-15,5.44009282066326E-15,1.));
#1575=DIRECTION('',(5.76171735059863E-15,-5.44009282066326E-15,-1.));
#1576=DIRECTION('',(1.22464679914705E-16,-1.,5.44009282066326E-15));
#1577=DIRECTION('center_axis',(0.049691157837143,-5.42728688879252E-15,
-0.99876463134855));
#1578=DIRECTION('ref_axis',(0.99876463134855,3.92637901888515E-16,0.049691157837143));
#1579=DIRECTION('',(-0.99876463134855,-3.92637901888515E-16,-0.049691157837143));
#1580=DIRECTION('',(0.99876463134855,3.92637901888515E-16,0.049691157837143));
#1581=DIRECTION('',(1.22464679914705E-16,-1.,5.44009282066326E-15));
#1582=DIRECTION('center_axis',(1.22464679914705E-16,-1.,5.44009282066326E-15));
#1583=DIRECTION('ref_axis',(-0.0496911578371437,5.42728688879252E-15,0.99876463134855));
#1584=DIRECTION('center_axis',(1.22464679914705E-16,-1.,5.44009282066326E-15));
#1585=DIRECTION('ref_axis',(-0.0496911578371437,5.42728688879252E-15,0.99876463134855));
#1586=DIRECTION('center_axis',(-1.22464679914705E-16,1.,-5.44009282066326E-15));
#1587=DIRECTION('ref_axis',(-0.0496911578371437,5.42728688879252E-15,0.99876463134855));
#1588=DIRECTION('',(1.22464679914705E-16,-1.,5.44009282066326E-15));
#1589=DIRECTION('center_axis',(0.049691157837131,5.43945771227076E-15,0.99876463134855));
#1590=DIRECTION('ref_axis',(-0.99876463134855,1.48011120111993E-16,0.049691157837131));
#1591=DIRECTION('',(0.99876463134855,-1.48011120111993E-16,-0.049691157837131));
#1592=DIRECTION('',(-0.99876463134855,1.48011120111993E-16,0.049691157837131));
#1593=DIRECTION('',(1.22464679914705E-16,-1.,5.44009282066326E-15));
#1594=DIRECTION('center_axis',(-1.,-1.22464679914737E-16,-5.76171735059863E-15));
#1595=DIRECTION('ref_axis',(5.76171735059863E-15,-5.44009282066326E-15,
-1.));
#1596=DIRECTION('',(-5.76171735059863E-15,5.44009282066326E-15,1.));
#1597=DIRECTION('',(5.76171735059863E-15,-5.44009282066326E-15,-1.));
#1598=DIRECTION('',(1.22464679914705E-16,-1.,5.44009282066326E-15));
#1599=DIRECTION('center_axis',(1.22464679914705E-16,-1.,5.44009282066326E-15));
#1600=DIRECTION('ref_axis',(1.,1.22464679914737E-16,5.76171735059863E-15));
#1601=DIRECTION('center_axis',(-1.22464679914705E-16,1.,-5.44009282066326E-15));
#1602=DIRECTION('ref_axis',(1.,1.22464679914737E-16,5.76171735059863E-15));
#1603=DIRECTION('center_axis',(1.22464679914705E-16,-1.,5.44009282066326E-15));
#1604=DIRECTION('ref_axis',(1.,1.22464679914737E-16,5.76171735059863E-15));
#1605=DIRECTION('',(1.22464679914705E-16,-1.,5.44009282066326E-15));
#1606=DIRECTION('center_axis',(1.,1.22464679914737E-16,5.76171735059863E-15));
#1607=DIRECTION('ref_axis',(-5.76171735059863E-15,5.44009282066326E-15,
1.));
#1608=DIRECTION('',(5.76171735059863E-15,-5.44009282066326E-15,-1.));
#1609=DIRECTION('',(-5.76171735059863E-15,5.44009282066326E-15,1.));
#1610=DIRECTION('',(1.22464679914705E-16,-1.,5.44009282066326E-15));
#1611=DIRECTION('center_axis',(0.0496911578371316,5.43945771227076E-15,
0.99876463134855));
#1612=DIRECTION('ref_axis',(-0.99876463134855,1.48011120111996E-16,0.0496911578371316));
#1613=DIRECTION('',(0.99876463134855,-1.48011120111996E-16,-0.0496911578371316));
#1614=DIRECTION('',(-0.99876463134855,1.48011120111996E-16,0.0496911578371316));
#1615=DIRECTION('',(1.22464679914705E-16,-1.,5.44009282066326E-15));
#1616=DIRECTION('center_axis',(-1.,-1.22464679914737E-16,-5.76171735059863E-15));
#1617=DIRECTION('ref_axis',(5.76171735059863E-15,-5.44009282066326E-15,
-1.));
#1618=DIRECTION('',(-5.76171735059863E-15,5.44009282066326E-15,1.));
#1619=DIRECTION('',(5.76171735059863E-15,-5.44009282066326E-15,-1.));
#1620=DIRECTION('',(1.22464679914705E-16,-1.,5.44009282066326E-15));
#1621=DIRECTION('center_axis',(1.22464679914705E-16,-1.,5.44009282066326E-15));
#1622=DIRECTION('ref_axis',(1.,1.22464679914737E-16,5.76171735059863E-15));
#1623=DIRECTION('center_axis',(-1.22464679914705E-16,1.,-5.44009282066326E-15));
#1624=DIRECTION('ref_axis',(1.,1.22464679914737E-16,5.76171735059863E-15));
#1625=DIRECTION('center_axis',(1.22464679914705E-16,-1.,5.44009282066326E-15));
#1626=DIRECTION('ref_axis',(1.,1.22464679914737E-16,5.76171735059863E-15));
#1627=DIRECTION('',(1.22464679914705E-16,-1.,5.44009282066326E-15));
#1628=DIRECTION('center_axis',(1.,1.22464679914741E-16,6.66724468728124E-15));
#1629=DIRECTION('ref_axis',(-6.66724468728124E-15,5.44009282066326E-15,
1.));
#1630=DIRECTION('',(6.66724468728124E-15,-5.44009282066326E-15,-1.));
#1631=DIRECTION('',(-6.66724468728124E-15,5.44009282066326E-15,1.));
#1632=DIRECTION('',(1.22464679914705E-16,-1.,5.44009282066326E-15));
#1633=DIRECTION('center_axis',(0.049691157837131,5.43945771227076E-15,0.99876463134855));
#1634=DIRECTION('ref_axis',(-0.99876463134855,1.48011120111992E-16,0.049691157837131));
#1635=DIRECTION('',(0.99876463134855,-1.48011120111992E-16,-0.049691157837131));
#1636=DIRECTION('',(-0.99876463134855,1.48011120111992E-16,0.049691157837131));
#1637=DIRECTION('',(1.22464679914705E-16,-1.,5.44009282066326E-15));
#1638=DIRECTION('center_axis',(1.22464679914705E-16,-1.,5.44009282066326E-15));
#1639=DIRECTION('ref_axis',(2.05654539577917E-14,-5.44009282066326E-15,
-1.));
#1640=DIRECTION('center_axis',(1.22464679914705E-16,-1.,5.44009282066326E-15));
#1641=DIRECTION('ref_axis',(2.05654539577917E-14,-5.44009282066326E-15,
-1.));
#1642=DIRECTION('center_axis',(-1.22464679914705E-16,1.,-5.44009282066326E-15));
#1643=DIRECTION('ref_axis',(2.05654539577917E-14,-5.44009282066326E-15,
-1.));
#1644=DIRECTION('',(1.22464679914705E-16,-1.,5.44009282066326E-15));
#1645=DIRECTION('center_axis',(0.0496911578371433,-5.42728688879252E-15,
-0.99876463134855));
#1646=DIRECTION('ref_axis',(0.99876463134855,3.92637901888517E-16,0.0496911578371433));
#1647=DIRECTION('',(-0.99876463134855,-3.92637901888517E-16,-0.0496911578371433));
#1648=DIRECTION('',(0.99876463134855,3.92637901888517E-16,0.0496911578371433));
#1649=DIRECTION('',(1.22464679914705E-16,-1.,5.44009282066326E-15));
#1650=DIRECTION('center_axis',(1.,1.22464679914737E-16,5.76171735059863E-15));
#1651=DIRECTION('ref_axis',(-5.76171735059863E-15,5.44009282066326E-15,
1.));
#1652=DIRECTION('',(5.76171735059863E-15,-5.44009282066326E-15,-1.));
#1653=DIRECTION('',(-5.76171735059863E-15,5.44009282066326E-15,1.));
#1654=DIRECTION('',(1.22464679914705E-16,-1.,5.44009282066326E-15));
#1655=DIRECTION('center_axis',(1.22464679914705E-16,-1.,5.44009282066326E-15));
#1656=DIRECTION('ref_axis',(-1.,-1.22464679914736E-16,-5.76171735059863E-15));
#1657=DIRECTION('center_axis',(-1.22464679914705E-16,1.,-5.44009282066326E-15));
#1658=DIRECTION('ref_axis',(-1.,-1.22464679914736E-16,-5.76171735059863E-15));
#1659=DIRECTION('center_axis',(1.22464679914705E-16,-1.,5.44009282066326E-15));
#1660=DIRECTION('ref_axis',(-1.,-1.22464679914736E-16,-5.76171735059863E-15));
#1661=DIRECTION('',(1.22464679914705E-16,-1.,5.44009282066326E-15));
#1662=DIRECTION('center_axis',(-1.,-1.22464679914737E-16,-5.76171735059863E-15));
#1663=DIRECTION('ref_axis',(5.76171735059863E-15,-5.44009282066326E-15,
-1.));
#1664=DIRECTION('',(-5.76171735059863E-15,5.44009282066326E-15,1.));
#1665=DIRECTION('',(5.76171735059863E-15,-5.44009282066326E-15,-1.));
#1666=DIRECTION('',(1.22464679914705E-16,-1.,5.44009282066326E-15));
#1667=DIRECTION('center_axis',(0.049691157837143,-5.42728688879252E-15,
-0.99876463134855));
#1668=DIRECTION('ref_axis',(0.99876463134855,3.92637901888515E-16,0.049691157837143));
#1669=DIRECTION('',(-0.99876463134855,-3.92637901888515E-16,-0.049691157837143));
#1670=DIRECTION('',(0.99876463134855,3.92637901888515E-16,0.049691157837143));
#1671=DIRECTION('center_axis',(1.22464679914705E-16,-1.,5.44009282066326E-15));
#1672=DIRECTION('ref_axis',(5.76171735059863E-15,-5.44009282066326E-15,
-1.));
#1673=DIRECTION('',(-0.99876463134855,-3.92637901888515E-16,-0.049691157837143));
#1674=DIRECTION('center_axis',(1.22464679914705E-16,-1.,5.44009282066326E-15));
#1675=DIRECTION('ref_axis',(-0.0496911578371439,5.42728688879252E-15,0.99876463134855));
#1676=DIRECTION('center_axis',(-0.049691157837143,5.42728688879252E-15,
0.99876463134855));
#1677=DIRECTION('ref_axis',(-0.99876463134855,-3.92637901888515E-16,-0.049691157837143));
#1678=DIRECTION('',(1.22464679914705E-16,-1.,5.44009282066326E-15));
#1679=DIRECTION('center_axis',(1.22464679914705E-16,-1.,5.44009282066326E-15));
#1680=DIRECTION('ref_axis',(-0.0496911578371439,5.42728688879252E-15,0.99876463134855));
#1681=DIRECTION('center_axis',(1.22464679914705E-16,-1.,5.44009282066326E-15));
#1682=DIRECTION('ref_axis',(-5.76171735059863E-15,5.44009282066326E-15,
1.));
#1683=DIRECTION('',(0.,0.,1.));
#1684=DIRECTION('',(1.,0.,0.));
#1685=DIRECTION('',(-5.6621374255883E-15,-7.08409445135005E-31,-1.));
#1686=DIRECTION('',(-1.,-1.22464679914735E-16,5.6621374255883E-15));
#1687=CARTESIAN_POINT('',(0.,0.,0.));
#1688=CARTESIAN_POINT('',(0.,0.,0.));
#1689=CARTESIAN_POINT('Origin',(80.0000014901161,5.,-15.));
#1690=CARTESIAN_POINT('',(80.0000014901161,4.99999999999999,-16.5));
#1691=CARTESIAN_POINT('Origin',(80.0000014901161,5.,-15.));
#1692=CARTESIAN_POINT('',(80.0000014901161,6.99999999999999,-16.5));
#1693=CARTESIAN_POINT('',(80.0000014901161,4.99999999999999,-16.5));
#1694=CARTESIAN_POINT('Origin',(80.0000014901161,6.99999999999999,-15.));
#1695=CARTESIAN_POINT('Origin',(25.,4.99999999999999,-18.));
#1696=CARTESIAN_POINT('',(25.,4.99999999999999,-19.5));
#1697=CARTESIAN_POINT('Origin',(25.,4.99999999999999,-18.));
#1698=CARTESIAN_POINT('',(25.,6.99999999999999,-19.5));
#1699=CARTESIAN_POINT('',(25.,4.99999999999999,-19.5));
#1700=CARTESIAN_POINT('Origin',(25.,6.99999999999999,-18.));
#1701=CARTESIAN_POINT('Origin',(80.0000014901162,5.00000000000001,15.));
#1702=CARTESIAN_POINT('',(80.0000014901162,5.00000000000001,13.5));
#1703=CARTESIAN_POINT('Origin',(80.0000014901162,5.00000000000001,15.));
#1704=CARTESIAN_POINT('',(80.0000014901162,7.00000000000001,13.5));
#1705=CARTESIAN_POINT('',(80.0000014901162,5.00000000000001,13.5));
#1706=CARTESIAN_POINT('Origin',(80.0000014901162,7.00000000000001,15.));
#1707=CARTESIAN_POINT('Origin',(25.,5.00000000000001,18.));
#1708=CARTESIAN_POINT('',(25.,5.00000000000001,16.5));
#1709=CARTESIAN_POINT('Origin',(25.,5.00000000000001,18.));
#1710=CARTESIAN_POINT('',(25.,7.00000000000001,16.5));
#1711=CARTESIAN_POINT('',(25.,5.00000000000001,16.5));
#1712=CARTESIAN_POINT('Origin',(25.,7.00000000000001,18.));
#1713=CARTESIAN_POINT('Origin',(100.000001490116,1.11022302462516E-15,2.30617135827785E-14));
#1714=CARTESIAN_POINT('',(100.000001490116,-7.00000000000001,-19.9999985098839));
#1715=CARTESIAN_POINT('Origin',(100.000001490116,-7.,2.54732785766569E-14));
#1716=CARTESIAN_POINT('',(100.000001490116,-5.77996215881134E-15,-19.9999985098839));
#1717=CARTESIAN_POINT('',(100.000001490116,-5.77996215881134E-15,-19.9999985098839));
#1718=CARTESIAN_POINT('',(100.993823156743,-5.54562898424282E-15,-19.975292626971));
#1719=CARTESIAN_POINT('Origin',(100.000001490116,1.11022302462516E-15,2.30617135827785E-14));
#1720=CARTESIAN_POINT('',(100.993823156743,7.76607503349314E-15,19.975292626971));
#1721=CARTESIAN_POINT('Origin',(100.,1.11022302462516E-15,2.30617132519063E-14));
#1722=CARTESIAN_POINT('',(94.7068488752628,7.61320987959857E-15,19.2868491768535));
#1723=CARTESIAN_POINT('Origin',(100.000001490116,1.11022302462516E-15,2.30617135827785E-14));
#1724=CARTESIAN_POINT('',(94.7068488752628,-5.39276383034825E-15,-19.2868491768535));
#1725=CARTESIAN_POINT('Origin',(100.,1.11022302462516E-15,2.30617132519063E-14));
#1726=CARTESIAN_POINT('Origin',(100.000001490116,1.11022302462516E-15,2.30617135827785E-14));
#1727=CARTESIAN_POINT('Origin',(100.000001490116,-7.,2.54732785766569E-14));
#1728=CARTESIAN_POINT('',(100.,-7.00000000000001,-19.));
#1729=CARTESIAN_POINT('Origin',(100.,-7.,2.54732782457846E-14));
#1730=CARTESIAN_POINT('Origin',(100.000001490116,5.,2.13391671585797E-14));
#1731=CARTESIAN_POINT('',(100.000001490116,5.,-5.99999999999998));
#1732=CARTESIAN_POINT('Origin',(100.000001490116,5.,2.13391671585797E-14));
#1733=CARTESIAN_POINT('',(100.000001490116,7.,-5.99999999999998));
#1734=CARTESIAN_POINT('',(100.000001490116,5.,-5.99999999999998));
#1735=CARTESIAN_POINT('Origin',(100.000001490116,7.,2.06501485889002E-14));
#1736=CARTESIAN_POINT('Origin',(-1.93178806284777E-15,5.,8.7));
#1737=CARTESIAN_POINT('',(-1.24276949316824E-15,5.,6.7));
#1738=CARTESIAN_POINT('Origin',(-1.93178806284777E-15,5.,8.7));
#1739=CARTESIAN_POINT('',(-1.24276949316824E-15,7.,6.7));
#1740=CARTESIAN_POINT('',(-1.73262821282718E-15,5.,6.7));
#1741=CARTESIAN_POINT('Origin',(-1.93178806284777E-15,7.,8.7));
#1742=CARTESIAN_POINT('Origin',(100.000001490116,5.,-11.));
#1743=CARTESIAN_POINT('',(100.000001490116,5.,-12.));
#1744=CARTESIAN_POINT('Origin',(100.000001490116,5.,-11.));
#1745=CARTESIAN_POINT('',(100.000001490116,7.,-12.));
#1746=CARTESIAN_POINT('',(100.000001490116,5.,-12.));
#1747=CARTESIAN_POINT('Origin',(100.000001490116,7.,-11.));
#1748=CARTESIAN_POINT('Origin',(1.93178806284777E-15,5.,-8.7));
#1749=CARTESIAN_POINT('',(2.62080663252731E-15,5.,-10.7));
#1750=CARTESIAN_POINT('Origin',(1.93178806284777E-15,5.,-8.7));
#1751=CARTESIAN_POINT('',(2.62080663252731E-15,7.,-10.7));
#1752=CARTESIAN_POINT('',(2.13094791286836E-15,5.,-10.7));
#1753=CARTESIAN_POINT('Origin',(1.93178806284777E-15,7.,-8.7));
#1754=CARTESIAN_POINT('Origin',(-5.43852429378756E-32,5.,-8.65293664795686E-16));
#1755=CARTESIAN_POINT('',(6.89018569679533E-16,5.,-2.));
#1756=CARTESIAN_POINT('Origin',(-5.43852429378756E-32,5.,-8.65293664795686E-16));
#1757=CARTESIAN_POINT('',(6.89018569679533E-16,7.,-2.));
#1758=CARTESIAN_POINT('',(1.99159850020592E-16,5.,-2.));
#1759=CARTESIAN_POINT('Origin',(0.,7.,-1.55431223447522E-15));
#1760=CARTESIAN_POINT('Origin',(100.000001490116,5.,11.));
#1761=CARTESIAN_POINT('',(100.000001490116,5.,10.));
#1762=CARTESIAN_POINT('Origin',(100.000001490116,5.,11.));
#1763=CARTESIAN_POINT('',(100.000001490116,7.,10.));
#1764=CARTESIAN_POINT('',(100.000001490116,5.,10.));
#1765=CARTESIAN_POINT('Origin',(100.000001490116,7.,11.));
#1766=CARTESIAN_POINT('Origin',(100.,5.,2.13391668277074E-14));
#1767=CARTESIAN_POINT('',(94.7068488752628,4.99999999999999,-19.2868491768535));
#1768=CARTESIAN_POINT('',(94.7068488752628,5.00000000000001,19.2868491768535));
#1769=CARTESIAN_POINT('Origin',(100.,5.,2.13391668277074E-14));
#1770=CARTESIAN_POINT('',(94.7068488752628,4.99999999999999,-19.2868491768535));
#1771=CARTESIAN_POINT('',(94.7068488752628,5.00000000000001,19.2868491768535));
#1772=CARTESIAN_POINT('Origin',(8.28730840215955,5.00000000000001,23.5864477920584));
#1773=CARTESIAN_POINT('',(8.28730840215955,5.00000000000001,23.5864477920584));
#1774=CARTESIAN_POINT('',(28.4305369936715,5.00000000000001,22.5842693809758));
#1775=CARTESIAN_POINT('',(8.28730840215955,9.67813558007311E-15,23.5864477920584));
#1776=CARTESIAN_POINT('',(94.7068488752628,7.61320987959857E-15,19.2868491768535));
#1777=CARTESIAN_POINT('',(8.28730840215955,5.00000000000001,23.5864477920584));
#1778=CARTESIAN_POINT('Origin',(-5.43852429378756E-32,5.,-8.65293664795686E-16));
#1779=CARTESIAN_POINT('',(8.28730840215959,4.99999999999999,-23.5864477920584));
#1780=CARTESIAN_POINT('Origin',(-5.43852429378756E-32,5.,-8.65293664795686E-16));
#1781=CARTESIAN_POINT('',(8.28730840215959,-7.45768953082279E-15,-23.5864477920584));
#1782=CARTESIAN_POINT('Origin',(-1.90348350282565E-31,1.11022302462516E-15,
8.57252759403147E-16));
#1783=CARTESIAN_POINT('',(8.28730840215959,4.99999999999999,-23.5864477920584));
#1784=CARTESIAN_POINT('Origin',(94.7068488752628,4.99999999999999,-19.2868491768535));
#1785=CARTESIAN_POINT('',(71.6403072302231,4.99999999999999,-20.4344700733733));
#1786=CARTESIAN_POINT('',(8.28730840215959,-7.45768953082279E-15,-23.5864477920584));
#1787=CARTESIAN_POINT('Origin',(100.,5.,2.13391668277074E-14));
#1788=CARTESIAN_POINT('',(100.,4.99999999999999,-19.));
#1789=CARTESIAN_POINT('',(100.,4.99999999999999,-19.));
#1790=CARTESIAN_POINT('Origin',(100.,5.,2.13391668277074E-14));
#1791=CARTESIAN_POINT('Origin',(-5.43852429378756E-32,5.,-8.65293664795686E-16));
#1792=CARTESIAN_POINT('',(8.25758293688878E-15,-7.54265889384736E-15,-23.9691157837137));
#1793=CARTESIAN_POINT('Origin',(-1.90348350282565E-31,1.11022302462516E-15,
8.57252759403147E-16));
#1794=CARTESIAN_POINT('',(8.25758293688878E-15,4.99999999999999,-23.9691157837137));
#1795=CARTESIAN_POINT('',(8.25758293688878E-15,4.99999999999999,-23.9691157837137));
#1796=CARTESIAN_POINT('Origin',(-5.43852429378756E-32,5.,-8.65293664795686E-16));
#1797=CARTESIAN_POINT('Origin',(47.5,1.11022302462516E-15,1.14043714933421E-14));
#1798=CARTESIAN_POINT('',(-5.55111512312578E-15,9.99200722162641E-15,25.));
#1799=CARTESIAN_POINT('',(100.993823156743,7.76607503349314E-15,19.975292626971));
#1800=CARTESIAN_POINT('',(2.4894981252574E-15,-7.7715611723761E-15,-25.));
#1801=CARTESIAN_POINT('Origin',(-1.90348350282565E-31,1.11022302462516E-15,
8.57252759403147E-16));
#1802=CARTESIAN_POINT('',(5.55111512312578E-15,-7.77156117237609E-15,-25.));
#1803=CARTESIAN_POINT('Origin',(47.5,5.,9.6818250691433E-15));
#1804=CARTESIAN_POINT('Origin',(47.5,5.,9.6818250691433E-15));
#1805=CARTESIAN_POINT('Origin',(2.33146835171283E-14,6.99999999999999,-25.));
#1806=CARTESIAN_POINT('',(100.993823156743,6.99999999999999,-19.975292626971));
#1807=CARTESIAN_POINT('',(2.4894981252574E-15,6.99999999999999,-25.));
#1808=CARTESIAN_POINT('',(100.993823156743,6.99999999999999,-19.975292626971));
#1809=CARTESIAN_POINT('',(100.993823156743,6.99999999999999,-19.975292626971));
#1810=CARTESIAN_POINT('',(2.4894981252574E-15,6.99999999999999,-25.));
#1811=CARTESIAN_POINT('Origin',(0.,7.,-1.55431223447522E-15));
#1812=CARTESIAN_POINT('',(-5.55111512312578E-15,7.00000000000001,25.));
#1813=CARTESIAN_POINT('Origin',(0.,7.,-1.55431223447522E-15));
#1814=CARTESIAN_POINT('',(-5.55111512312578E-15,7.00000000000001,25.));
#1815=CARTESIAN_POINT('Origin',(100.993823156743,7.00000000000001,19.975292626971));
#1816=CARTESIAN_POINT('',(100.993823156743,7.00000000000001,19.975292626971));
#1817=CARTESIAN_POINT('',(100.993823156743,7.00000000000001,19.975292626971));
#1818=CARTESIAN_POINT('',(100.993823156743,7.00000000000001,19.975292626971));
#1819=CARTESIAN_POINT('Origin',(100.,7.,2.06501482580279E-14));
#1820=CARTESIAN_POINT('Origin',(100.,7.,2.06501482580279E-14));
#1821=CARTESIAN_POINT('Origin',(47.5,5.,9.6818250691433E-15));
#1822=CARTESIAN_POINT('Origin',(47.5,7.,8.99280649946377E-15));
#1823=CARTESIAN_POINT('',(0.,0.,0.));
#1824=CARTESIAN_POINT('Origin',(-4.28419284108179E-14,38.0000000000001,
39.9999999999999));
#1825=CARTESIAN_POINT('',(0.0486861612385688,40.,17.000051529238));
#1826=CARTESIAN_POINT('',(0.0486861612343257,40.0000000000002,62.9999484707618));
#1827=CARTESIAN_POINT('Origin',(-4.30868577706473E-14,40.0000000000001,
39.9999999999999));
#1828=CARTESIAN_POINT('',(-1.83823245177915E-13,38.0000000000003,64.9999999999999));
#1829=CARTESIAN_POINT('Ctrl Pts',(0.0486861612343231,40.0000000000002,62.9999484707619));
#1830=CARTESIAN_POINT('Ctrl Pts',(0.0486109467517144,40.0000000000002,63.0031084891651));
#1831=CARTESIAN_POINT('Ctrl Pts',(0.0485357239361635,39.9999925115012,63.0062685029453));
#1832=CARTESIAN_POINT('Ctrl Pts',(0.0421225464761921,39.9987157720536,63.2756476167776));
#1833=CARTESIAN_POINT('Ctrl Pts',(0.0357918727564075,39.9443170803996,63.5389598549988));
#1834=CARTESIAN_POINT('Ctrl Pts',(0.0240507582286426,39.7379003292267,64.0234712922383));
#1835=CARTESIAN_POINT('Ctrl Pts',(0.0187365218727713,39.590009959752,64.2408388244773));
#1836=CARTESIAN_POINT('Ctrl Pts',(0.00975000158076784,39.2192656634105,
64.6066026897164));
#1837=CARTESIAN_POINT('Ctrl Pts',(0.00616435190771216,38.9999797724595,
64.751524597739));
#1838=CARTESIAN_POINT('Ctrl Pts',(0.00126568490544489,38.5182149771294,
64.949161905261));
#1839=CARTESIAN_POINT('Ctrl Pts',(-3.56673580496013E-13,38.2603542875484,
64.9999999999999));
#1840=CARTESIAN_POINT('Ctrl Pts',(-3.57176040046564E-13,38.0000000000003,
64.9999999999999));
#1841=CARTESIAN_POINT('',(1.01201005354148E-13,38.,15.));
#1842=CARTESIAN_POINT('Origin',(-4.28419284108179E-14,38.0000000000001,
39.9999999999999));
#1843=CARTESIAN_POINT('Ctrl Pts',(0.0486861612385665,40.,17.000051529238));
#1844=CARTESIAN_POINT('Ctrl Pts',(0.0486109467559654,40.,16.9968915108352));
#1845=CARTESIAN_POINT('Ctrl Pts',(0.048535723936847,39.999992511501,16.993731497054));
#1846=CARTESIAN_POINT('Ctrl Pts',(0.0421225465367212,39.9987157720534,16.7243523832307));
#1847=CARTESIAN_POINT('Ctrl Pts',(0.0357918727560874,39.9443170804002,16.461040145003));
#1848=CARTESIAN_POINT('Ctrl Pts',(0.0240507582295237,39.7379003292265,15.9765287077618));
#1849=CARTESIAN_POINT('Ctrl Pts',(0.0187365218729978,39.5900099597518,15.7591611755227));
#1850=CARTESIAN_POINT('Ctrl Pts',(0.00975000158100113,39.2192656634102,
15.3933973102835));
#1851=CARTESIAN_POINT('Ctrl Pts',(0.00616435190829116,38.9999797724592,
15.2484754022609));
#1852=CARTESIAN_POINT('Ctrl Pts',(0.00126568490550957,38.518214977129,15.0508380947389));
#1853=CARTESIAN_POINT('Ctrl Pts',(-2.41572642192195E-14,38.2603542875481,
14.9999999999999));
#1854=CARTESIAN_POINT('Ctrl Pts',(-4.54887321386932E-13,38.,14.9999999999999));
#1855=CARTESIAN_POINT('Origin',(-24.2123460558362,38.0000000000002,61.7928985379236));
#1856=CARTESIAN_POINT('',(-100.894440841069,40.0000000000002,57.9777633642733));
#1857=CARTESIAN_POINT('',(-24.2123460558362,40.0000000000002,61.7928985379236));
#1858=CARTESIAN_POINT('',(-100.993823156743,38.0000000000002,59.9752926269704));
#1859=CARTESIAN_POINT('Origin',(-100.894440841069,38.0000000000002,57.9777633642733));
#1860=CARTESIAN_POINT('',(-24.3117283715104,38.0000000000002,63.7904278006207));
#1861=CARTESIAN_POINT('Origin',(-100.,38.0000000000001,39.9999999999994));
#1862=CARTESIAN_POINT('',(-100.894440841068,40.,22.0222366357254));
#1863=CARTESIAN_POINT('',(-100.993823156743,38.,20.0247073730283));
#1864=CARTESIAN_POINT('Origin',(-100.894440841068,38.,22.0222366357254));
#1865=CARTESIAN_POINT('Origin',(-100.,38.0000000000001,39.9999999999994));
#1866=CARTESIAN_POINT('Origin',(-100.,40.0000000000001,39.9999999999994));
#1867=CARTESIAN_POINT('Origin',(-74.7092576342073,38.,20.7194551485902));
#1868=CARTESIAN_POINT('',(-74.8086399498815,38.,18.7219258858931));
#1869=CARTESIAN_POINT('',(-74.7092576342073,40.,20.7194551485902));
#1870=CARTESIAN_POINT('Origin',(-100.993823156743,40.,20.0247073730283));
#1871=CARTESIAN_POINT('',(1.04997410431504E-13,6.99999999999998,15.0000000000001));
#1872=CARTESIAN_POINT('',(1.00956075994318E-13,40.,14.9999999999999));
#1873=CARTESIAN_POINT('',(-100.993823156743,7.,20.0247073730285));
#1874=CARTESIAN_POINT('',(-100.993823156743,7.,20.0247073730285));
#1875=CARTESIAN_POINT('',(-100.993823156743,40.,20.0247073730283));
#1876=CARTESIAN_POINT('Origin',(-4.30868577706473E-14,40.0000000000001,
39.9999999999999));
#1877=CARTESIAN_POINT('',(-1.83088457098428E-13,7.00000000000026,65.0000000000001));
#1878=CARTESIAN_POINT('',(-1.84068174537745E-13,40.0000000000003,64.9999999999999));
#1879=CARTESIAN_POINT('Origin',(-3.9045523333462E-14,7.00000000000012,40.0000000000001));
#1880=CARTESIAN_POINT('Origin',(-47.5000000000001,40.0000000000001,39.9999999999997));
#1881=CARTESIAN_POINT('Origin',(-25.0000000000001,7.00000000000022,58.));
#1882=CARTESIAN_POINT('',(-25.0000000000001,7.00000000000022,59.45));
#1883=CARTESIAN_POINT('Origin',(-25.0000000000001,7.00000000000022,58.));
#1884=CARTESIAN_POINT('',(-25.0000000000002,12.0000000000002,59.4499999999999));
#1885=CARTESIAN_POINT('',(-25.0000000000001,7.00000000000023,59.45));
#1886=CARTESIAN_POINT('Origin',(-25.0000000000001,12.0000000000002,57.9999999999999));
#1887=CARTESIAN_POINT('Origin',(-25.0000000000001,12.0000000000002,57.9999999999999));
#1888=CARTESIAN_POINT('Origin',(-80.,7.00000000000003,24.9999999999997));
#1889=CARTESIAN_POINT('',(-80.,7.00000000000004,26.4499999999997));
#1890=CARTESIAN_POINT('Origin',(-80.,7.00000000000003,24.9999999999997));
#1891=CARTESIAN_POINT('',(-80.,12.,26.4499999999996));
#1892=CARTESIAN_POINT('',(-80.,7.00000000000004,26.4499999999997));
#1893=CARTESIAN_POINT('Origin',(-80.,12.,24.9999999999996));
#1894=CARTESIAN_POINT('Origin',(-80.,12.,24.9999999999996));
#1895=CARTESIAN_POINT('Origin',(-24.9999999999999,7.00000000000002,22.));
#1896=CARTESIAN_POINT('',(-24.9999999999999,7.00000000000003,23.45));
#1897=CARTESIAN_POINT('Origin',(-24.9999999999999,7.00000000000002,22.));
#1898=CARTESIAN_POINT('',(-24.9999999999999,12.,23.4499999999999));
#1899=CARTESIAN_POINT('',(-24.9999999999999,7.00000000000003,23.45));
#1900=CARTESIAN_POINT('Origin',(-24.9999999999999,12.,21.9999999999999));
#1901=CARTESIAN_POINT('Origin',(-24.9999999999999,12.,21.9999999999999));
#1902=CARTESIAN_POINT('Origin',(-80.0000000000001,7.00000000000019,54.9999999999997));
#1903=CARTESIAN_POINT('',(-80.0000000000001,7.0000000000002,56.4499999999997));
#1904=CARTESIAN_POINT('Origin',(-80.0000000000001,7.00000000000019,54.9999999999997));
#1905=CARTESIAN_POINT('',(-80.0000000000001,12.0000000000002,56.4499999999996));
#1906=CARTESIAN_POINT('',(-80.0000000000001,7.0000000000002,56.4499999999997));
#1907=CARTESIAN_POINT('Origin',(-80.0000000000001,12.0000000000002,54.9999999999996));
#1908=CARTESIAN_POINT('Origin',(-80.0000000000001,12.0000000000002,54.9999999999996));
#1909=CARTESIAN_POINT('Origin',(-76.9999987632037,38.0000000000002,55.0000002235171));
#1910=CARTESIAN_POINT('',(-76.9999987632038,38.0000000000002,60.1678113736509));
#1911=CARTESIAN_POINT('',(-76.9999987632037,38.0000000000002,54.9999999999995));
#1912=CARTESIAN_POINT('',(-76.9999987632037,38.0000000000002,47.5000001117583));
#1913=CARTESIAN_POINT('',(-76.9999987632038,7.00000000000022,60.1678113736511));
#1914=CARTESIAN_POINT('',(-76.9999987632038,38.0000000000002,60.1678113736509));
#1915=CARTESIAN_POINT('',(-76.9999987632037,7.00000000000019,54.9999999999997));
#1916=CARTESIAN_POINT('',(-76.9999987632037,7.00000000000019,55.0000002235173));
#1917=CARTESIAN_POINT('',(-76.9999987632037,38.0000000000002,54.9999999999995));
#1918=CARTESIAN_POINT('Origin',(-80.0000000000001,38.0000000000002,54.9999999999995));
#1919=CARTESIAN_POINT('',(-83.0000012367965,38.0000000000002,54.9999999999995));
#1920=CARTESIAN_POINT('Origin',(-80.0000000000001,38.0000000000002,54.9999999999995));
#1921=CARTESIAN_POINT('',(-83.0000012367965,7.00000000000019,54.9999999999996));
#1922=CARTESIAN_POINT('Origin',(-80.0000000000001,7.00000000000019,54.9999999999997));
#1923=CARTESIAN_POINT('',(-83.0000012367965,38.0000000000002,54.9999999999995));
#1924=CARTESIAN_POINT('Origin',(-83.0000012367965,38.0000000000002,59.8692955265929));
#1925=CARTESIAN_POINT('',(-83.0000012367965,38.0000000000002,59.8692955265929));
#1926=CARTESIAN_POINT('',(-83.0000012367965,38.0000000000002,49.9346477632962));
#1927=CARTESIAN_POINT('',(-83.0000012367965,7.00000000000022,59.8692955265931));
#1928=CARTESIAN_POINT('',(-83.0000012367965,7.00000000000019,54.9999999999996));
#1929=CARTESIAN_POINT('',(-83.0000012367965,38.0000000000002,59.8692955265929));
#1930=CARTESIAN_POINT('Origin',(-100.944131998906,38.0000000000002,58.9765279956218));
#1931=CARTESIAN_POINT('',(-100.944131998906,38.0000000000002,58.9765279956218));
#1932=CARTESIAN_POINT('',(-74.7589487920447,38.0000000000002,60.2793094827574));
#1933=CARTESIAN_POINT('',(-100.944131998906,7.00000000000021,58.976527995622));
#1934=CARTESIAN_POINT('',(-83.0000012367965,7.00000000000022,59.8692955265931));
#1935=CARTESIAN_POINT('',(-100.944131998906,38.0000000000002,58.9765279956218));
#1936=CARTESIAN_POINT('Origin',(-100.,38.0000000000001,39.9999999999994));
#1937=CARTESIAN_POINT('',(-100.944131998906,38.,21.0234720043769));
#1938=CARTESIAN_POINT('Origin',(-100.,38.0000000000001,39.9999999999994));
#1939=CARTESIAN_POINT('',(-100.944131998906,7.00000000000001,21.0234720043771));
#1940=CARTESIAN_POINT('Origin',(-100.,7.00000000000011,39.9999999999995));
#1941=CARTESIAN_POINT('',(-100.944131998906,38.,21.0234720043769));
#1942=CARTESIAN_POINT('Origin',(-82.9999988526105,38.,20.1307043547865));
#1943=CARTESIAN_POINT('',(-82.9999988526105,38.,20.1307043547865));
#1944=CARTESIAN_POINT('',(-65.7868822188969,38.,19.2743066924465));
#1945=CARTESIAN_POINT('',(-82.9999988526105,7.,20.1307043547867));
#1946=CARTESIAN_POINT('',(-100.944131998906,7.00000000000001,21.0234720043771));
#1947=CARTESIAN_POINT('',(-82.9999988526105,38.,20.1307043547865));
#1948=CARTESIAN_POINT('Origin',(-82.9999988526105,38.,24.9999999999995));
#1949=CARTESIAN_POINT('',(-82.9999988526105,38.,24.9999999999995));
#1950=CARTESIAN_POINT('',(-82.9999988526106,38.0000000000001,32.4999999999995));
#1951=CARTESIAN_POINT('',(-82.9999988526105,7.00000000000003,24.9999999999996));
#1952=CARTESIAN_POINT('',(-82.9999988526105,7.00000000000003,24.9999999999996));
#1953=CARTESIAN_POINT('',(-82.9999988526105,38.,24.9999999999995));
#1954=CARTESIAN_POINT('Origin',(-80.,38.,24.9999999999995));
#1955=CARTESIAN_POINT('',(-77.0000011473894,38.,24.9999999999995));
#1956=CARTESIAN_POINT('Origin',(-80.,38.,24.9999999999995));
#1957=CARTESIAN_POINT('',(-77.0000011473894,7.00000000000003,24.9999999999997));
#1958=CARTESIAN_POINT('Origin',(-80.,7.00000000000003,24.9999999999997));
#1959=CARTESIAN_POINT('',(-77.0000011473894,38.,24.9999999999995));
#1960=CARTESIAN_POINT('Origin',(-77.0000011473893,38.,19.8321887449676));
#1961=CARTESIAN_POINT('',(-77.0000011473893,38.,19.8321887449676));
#1962=CARTESIAN_POINT('',(-77.0000011473894,38.0000000000001,29.9160943724836));
#1963=CARTESIAN_POINT('',(-77.0000011473893,7.,19.8321887449678));
#1964=CARTESIAN_POINT('',(-77.0000011473894,7.00000000000003,24.9999997764823));
#1965=CARTESIAN_POINT('',(-77.0000011473893,38.,19.8321887449676));
#1966=CARTESIAN_POINT('Origin',(-28.0000004172324,38.,17.394310296054));
#1967=CARTESIAN_POINT('',(-28.0000004172324,38.,17.394310296054));
#1968=CARTESIAN_POINT('',(-38.2868830012079,38.,17.9061096630802));
#1969=CARTESIAN_POINT('',(-28.0000004172324,7.,17.3943102960541));
#1970=CARTESIAN_POINT('',(-77.0000011473893,7.,19.8321887449678));
#1971=CARTESIAN_POINT('',(-28.0000004172324,38.,17.394310296054));
#1972=CARTESIAN_POINT('Origin',(-28.0000004172325,38.,21.9999999999998));
#1973=CARTESIAN_POINT('',(-27.9999999999999,38.,21.9999999999998));
#1974=CARTESIAN_POINT('',(-28.0000004172325,38.0000000000001,30.9999999999998));
#1975=CARTESIAN_POINT('',(-27.9999999999999,7.00000000000002,22.));
#1976=CARTESIAN_POINT('',(-28.0000004172324,7.00000000000002,22.));
#1977=CARTESIAN_POINT('',(-27.9999999999999,38.,21.9999999999998));
#1978=CARTESIAN_POINT('Origin',(-24.9999999999999,38.,21.9999999999998));
#1979=CARTESIAN_POINT('',(-22.,38.,21.9999999999998));
#1980=CARTESIAN_POINT('Origin',(-24.9999999999999,38.,21.9999999999998));
#1981=CARTESIAN_POINT('',(-22.,7.00000000000002,22.));
#1982=CARTESIAN_POINT('Origin',(-24.9999999999999,7.00000000000002,22.));
#1983=CARTESIAN_POINT('',(-22.,38.,21.9999999999998));
#1984=CARTESIAN_POINT('Origin',(-21.9999999999999,38.,17.0957945513054));
#1985=CARTESIAN_POINT('',(-21.9999999999999,38.,17.0957945513054));
#1986=CARTESIAN_POINT('',(-22.,38.0000000000001,28.5478972756526));
#1987=CARTESIAN_POINT('',(-21.9999999999999,6.99999999999999,17.0957945513056));
#1988=CARTESIAN_POINT('',(-22.,7.00000000000002,22.));
#1989=CARTESIAN_POINT('',(-21.9999999999999,38.,17.0957945513054));
#1990=CARTESIAN_POINT('Origin',(4.46262637136066E-13,38.,16.0012368966748));
#1991=CARTESIAN_POINT('',(4.50703529234567E-13,38.,16.0012368966748));
#1992=CARTESIAN_POINT('',(-24.2868827925914,38.,17.2095729633906));
#1993=CARTESIAN_POINT('',(4.54499934311923E-13,6.99999999999999,16.0012368966749));
#1994=CARTESIAN_POINT('',(-21.9999999999999,6.99999999999999,17.0957945513056));
#1995=CARTESIAN_POINT('',(4.50703529234567E-13,38.,16.0012368966748));
#1996=CARTESIAN_POINT('Origin',(-4.28419284108179E-14,38.0000000000001,
39.9999999999999));
#1997=CARTESIAN_POINT('',(-1.81116018176153E-13,38.0000000000003,63.9987631033251));
#1998=CARTESIAN_POINT('Origin',(-4.28419284108179E-14,38.0000000000001,
39.9999999999999));
#1999=CARTESIAN_POINT('',(-1.77319613098797E-13,7.00000000000025,63.9987631033253));
#2000=CARTESIAN_POINT('Origin',(-3.9045523333462E-14,7.00000000000012,40.0000000000001));
#2001=CARTESIAN_POINT('',(-1.81116018176153E-13,38.0000000000003,63.9987631033251));
#2002=CARTESIAN_POINT('Origin',(-22.0000003278257,38.0000000000002,62.9042054323841));
#2003=CARTESIAN_POINT('',(-22.0000003278257,38.0000000000002,62.9042054323841));
#2004=CARTESIAN_POINT('',(-35.2868829565046,38.0000000000002,62.2431482011385));
#2005=CARTESIAN_POINT('',(-22.0000003278257,7.00000000000024,62.9042054323842));
#2006=CARTESIAN_POINT('',(-1.77319613098797E-13,7.00000000000025,63.9987631033253));
#2007=CARTESIAN_POINT('',(-22.0000003278257,38.0000000000002,62.9042054323841));
#2008=CARTESIAN_POINT('Origin',(-22.0000003278257,38.0000000000002,58.0000002682207));
#2009=CARTESIAN_POINT('',(-21.9999995827676,38.0000000000002,57.9999999999998));
#2010=CARTESIAN_POINT('',(-22.0000003278256,38.0000000000002,49.0000001341103));
#2011=CARTESIAN_POINT('',(-21.9999995827676,7.00000000000021,58.));
#2012=CARTESIAN_POINT('',(-22.0000003278257,7.00000000000021,58.0000002682209));
#2013=CARTESIAN_POINT('',(-21.9999995827676,38.0000000000002,57.9999999999998));
#2014=CARTESIAN_POINT('Origin',(-25.0000000000001,38.0000000000002,57.9999999999998));
#2015=CARTESIAN_POINT('',(-28.0000004172327,38.0000000000002,57.9999999999998));
#2016=CARTESIAN_POINT('Origin',(-25.0000000000001,38.0000000000002,57.9999999999998));
#2017=CARTESIAN_POINT('',(-28.0000004172327,7.00000000000022,58.));
#2018=CARTESIAN_POINT('Origin',(-25.0000000000001,7.00000000000022,58.));
#2019=CARTESIAN_POINT('',(-28.0000004172327,38.0000000000002,57.9999999999998));
#2020=CARTESIAN_POINT('Origin',(-28.0000004172327,38.0000000000002,62.6056897039456));
#2021=CARTESIAN_POINT('',(-28.0000004172327,38.0000000000002,62.6056897039456));
#2022=CARTESIAN_POINT('',(-28.0000004172326,38.0000000000002,51.3028448519727));
#2023=CARTESIAN_POINT('',(-28.0000004172327,7.00000000000024,62.6056897039458));
#2024=CARTESIAN_POINT('',(-28.0000004172327,7.00000000000022,58.));
#2025=CARTESIAN_POINT('',(-28.0000004172327,38.0000000000002,62.6056897039456));
#2026=CARTESIAN_POINT('Origin',(-76.9999987632038,38.0000000000002,60.1678113736509));
#2027=CARTESIAN_POINT('',(-62.7868821741937,38.0000000000002,60.8749511717719));
#2028=CARTESIAN_POINT('',(-28.0000004172327,7.00000000000024,62.6056897039458));
#2029=CARTESIAN_POINT('Origin',(-47.5000000000001,7.00000000000012,39.9999999999998));
#2030=CARTESIAN_POINT('',(-100.993823156743,7.00000000000021,59.9752926269706));
#2031=CARTESIAN_POINT('',(-1.83088457098428E-13,7.00000000000026,65.0000000000001));
#2032=CARTESIAN_POINT('Origin',(-100.,7.00000000000011,39.9999999999995));
#2033=CARTESIAN_POINT('Origin',(-2.04893359929615E-13,40.0000000000003,
64.9999999999999));
#2034=CARTESIAN_POINT('',(-100.993823156743,40.0000000000002,59.9752926269704));
#2035=CARTESIAN_POINT('Origin',(-100.,40.0000000000001,39.9999999999994));
#2036=CARTESIAN_POINT('Origin',(-47.5000000000001,38.0000000000001,39.9999999999997));
#2037=CARTESIAN_POINT('',(0.,0.,0.));
#2038=CARTESIAN_POINT('',(1.88394642863697E-13,0.,40.0000000000001));
#2039=UNCERTAINTY_MEASURE_WITH_UNIT(LENGTH_MEASURE(0.01),#2047,
'DISTANCE_ACCURACY_VALUE',
'Maximum model space distance between geometric entities at asserted c
onnectivities');
#2040=UNCERTAINTY_MEASURE_WITH_UNIT(LENGTH_MEASURE(0.01),#2047,
'DISTANCE_ACCURACY_VALUE',
'Maximum model space distance between geometric entities at asserted c
onnectivities');
#2041=UNCERTAINTY_MEASURE_WITH_UNIT(LENGTH_MEASURE(0.01),#2047,
'DISTANCE_ACCURACY_VALUE',
'Maximum model space distance between geometric entities at asserted c
onnectivities');
#2042=UNCERTAINTY_MEASURE_WITH_UNIT(LENGTH_MEASURE(0.01),#2047,
'DISTANCE_ACCURACY_VALUE',
'Maximum model space distance between geometric entities at asserted c
onnectivities');
#2043=(
GEOMETRIC_REPRESENTATION_CONTEXT(3)
GLOBAL_UNCERTAINTY_ASSIGNED_CONTEXT((#2039))
GLOBAL_UNIT_ASSIGNED_CONTEXT((#2047,#2049,#2050))
REPRESENTATION_CONTEXT('','3D')
);
#2044=(
GEOMETRIC_REPRESENTATION_CONTEXT(3)
GLOBAL_UNCERTAINTY_ASSIGNED_CONTEXT((#2040))
GLOBAL_UNIT_ASSIGNED_CONTEXT((#2047,#2049,#2050))
REPRESENTATION_CONTEXT('','3D')
);
#2045=(
GEOMETRIC_REPRESENTATION_CONTEXT(3)
GLOBAL_UNCERTAINTY_ASSIGNED_CONTEXT((#2041))
GLOBAL_UNIT_ASSIGNED_CONTEXT((#2047,#2049,#2050))
REPRESENTATION_CONTEXT('','3D')
);
#2046=(
GEOMETRIC_REPRESENTATION_CONTEXT(3)
GLOBAL_UNCERTAINTY_ASSIGNED_CONTEXT((#2042))
GLOBAL_UNIT_ASSIGNED_CONTEXT((#2047,#2049,#2050))
REPRESENTATION_CONTEXT('','3D')
);
#2047=(
LENGTH_UNIT()
NAMED_UNIT(*)
SI_UNIT(.MILLI.,.METRE.)
);
#2048=(
LENGTH_UNIT()
NAMED_UNIT(*)
SI_UNIT($,.METRE.)
);
#2049=(
NAMED_UNIT(*)
PLANE_ANGLE_UNIT()
SI_UNIT($,.RADIAN.)
);
#2050=(
NAMED_UNIT(*)
SI_UNIT($,.STERADIAN.)
SOLID_ANGLE_UNIT()
);
#2051=SHAPE_DEFINITION_REPRESENTATION(#2054,#2059);
#2052=SHAPE_DEFINITION_REPRESENTATION(#2055,#2060);
#2053=SHAPE_DEFINITION_REPRESENTATION(#2056,#2061);
#2054=PRODUCT_DEFINITION_SHAPE('',$,#2063);
#2055=PRODUCT_DEFINITION_SHAPE('',$,#2064);
#2056=PRODUCT_DEFINITION_SHAPE('',$,#2065);
#2057=PRODUCT_DEFINITION_SHAPE($,$,#17);
#2058=PRODUCT_DEFINITION_SHAPE($,$,#18);
#2059=SHAPE_REPRESENTATION('',(#1191,#1324,#1325),#2043);
#2060=SHAPE_REPRESENTATION('',(#1192),#2044);
#2061=SHAPE_REPRESENTATION('',(#1256),#2045);
#2062=PRODUCT_DEFINITION_CONTEXT('part definition',#2073,'design');
#2063=PRODUCT_DEFINITION('(\X2\C800C7A5B418C9C0\X0\ \X2\C54AC74C\X0\)',
'(\X2\C800C7A5B418C9C0\X0\ \X2\C54AC74C\X0\)',#2066,#2062);
#2064=PRODUCT_DEFINITION('TRARM02_Link3A_100x50x7 v1',
'TRARM02_Link3A_100x50x7 v1',#2067,#2062);
#2065=PRODUCT_DEFINITION('TRARM02_Link3B_100x50x33 v1',
'TRARM02_Link3B_100x50x33 v1',#2068,#2062);
#2066=PRODUCT_DEFINITION_FORMATION('',$,#2075);
#2067=PRODUCT_DEFINITION_FORMATION('',$,#2076);
#2068=PRODUCT_DEFINITION_FORMATION('',$,#2077);
#2069=PRODUCT_RELATED_PRODUCT_CATEGORY('(\X2\C800C7A5B418C9C0\X0\ \X2\C54AC74C\X0\)',
'(\X2\C800C7A5B418C9C0\X0\ \X2\C54AC74C\X0\)',(#2075));
#2070=PRODUCT_RELATED_PRODUCT_CATEGORY('TRARM02_Link3A_100x50x7 v1',
'TRARM02_Link3A_100x50x7 v1',(#2076));
#2071=PRODUCT_RELATED_PRODUCT_CATEGORY('TRARM02_Link3B_100x50x33 v1',
'TRARM02_Link3B_100x50x33 v1',(#2077));
#2072=APPLICATION_PROTOCOL_DEFINITION('international standard',
'automotive_design',2009,#2073);
#2073=APPLICATION_CONTEXT(
'Core Data for Automotive Mechanical Design Process');
#2074=PRODUCT_CONTEXT('part definition',#2073,'mechanical');
#2075=PRODUCT('(\X2\C800C7A5B418C9C0\X0\ \X2\C54AC74C\X0\)',
'(\X2\C800C7A5B418C9C0\X0\ \X2\C54AC74C\X0\)',$,(#2074));
#2076=PRODUCT('TRARM02_Link3A_100x50x7 v1','TRARM02_Link3A_100x50x7 v1',
$,(#2074));
#2077=PRODUCT('TRARM02_Link3B_100x50x33 v1',
'TRARM02_Link3B_100x50x33 v1',$,(#2074));
#2078=PRESENTATION_STYLE_ASSIGNMENT((#2079));
#2079=SURFACE_STYLE_USAGE(.BOTH.,#2080);
#2080=SURFACE_SIDE_STYLE('',(#2081));
#2081=SURFACE_STYLE_FILL_AREA(#2082);
#2082=FILL_AREA_STYLE('\X2\AC15CCA0\X0\ - \X2\C0C8D2F4\X0\',(#2083));
#2083=FILL_AREA_STYLE_COLOUR('\X2\AC15CCA0\X0\ - \X2\C0C8D2F4\X0\',#2084);
#2084=COLOUR_RGB('\X2\AC15CCA0\X0\ - \X2\C0C8D2F4\X0\',0.627450980392157,
0.627450980392157,0.627450980392157);
ENDSEC;
END-ISO-10303-21;
