ISO-10303-21;
HEADER;
/* Generated by software containing ST-Developer
 * from STEP Tools, Inc. (www.steptools.com) 
 */

FILE_DESCRIPTION(
/* description */ (''),
/* implementation_level */ '2;1');

FILE_NAME(
/* name */ 'TRARM02_Link2.step',
/* time_stamp */ '2026-06-11T09:08:10+09:00',
/* author */ (''),
/* organization */ (''),
/* preprocessor_version */ 'ST-DEVELOPER v20.1',
/* originating_system */ 'Autodesk Translation Framework v15.8.0.0',
/* authorisation */ '');

FILE_SCHEMA (('AUTOMOTIVE_DESIGN { 1 0 10303 214 3 1 1 }'));
ENDSEC;

DATA;
#10=MECHANICAL_DESIGN_GEOMETRIC_PRESENTATION_REPRESENTATION('',(#25,#26),
#4435);
#11=ITEM_DEFINED_TRANSFORMATION($,$,#2629,#2896);
#12=ITEM_DEFINED_TRANSFORMATION($,$,#2820,#2897);
#13=(
REPRESENTATION_RELATIONSHIP($,$,#4449,#4448)
REPRESENTATION_RELATIONSHIP_WITH_TRANSFORMATION(#11)
SHAPE_REPRESENTATION_RELATIONSHIP()
);
#14=(
REPRESENTATION_RELATIONSHIP($,$,#4450,#4448)
REPRESENTATION_RELATIONSHIP_WITH_TRANSFORMATION(#12)
SHAPE_REPRESENTATION_RELATIONSHIP()
);
#15=CONTEXT_DEPENDENT_SHAPE_REPRESENTATION(#13,#4446);
#16=CONTEXT_DEPENDENT_SHAPE_REPRESENTATION(#14,#4447);
#17=NEXT_ASSEMBLY_USAGE_OCCURRENCE('TRARM02_Link2A_100x50x2 v1:1',
'TRARM02_Link2A_100x50x2 v1:1','TRARM02_Link2A_100x50x2 v1:1',#4452,#4453,
'TRARM02_Link2A_100x50x2 v1:1');
#18=NEXT_ASSEMBLY_USAGE_OCCURRENCE('TRARM02_Link2B_100x50x43 v1:1',
'TRARM02_Link2B_100x50x43 v1:1','TRARM02_Link2B_100x50x43 v1:1',#4452,#4454,
'TRARM02_Link2B_100x50x43 v1:1');
#19=TOROIDAL_SURFACE('',#2827,23.,2.);
#20=TOROIDAL_SURFACE('',#2834,23.,2.);
#21=SHAPE_REPRESENTATION_RELATIONSHIP('SRR','None',#4449,#23);
#22=SHAPE_REPRESENTATION_RELATIONSHIP('SRR','None',#4450,#24);
#23=ADVANCED_BREP_SHAPE_REPRESENTATION('',(#27),#4433);
#24=ADVANCED_BREP_SHAPE_REPRESENTATION('',(#28),#4434);
#25=STYLED_ITEM('',(#4467),#27);
#26=STYLED_ITEM('',(#4467),#28);
#27=MANIFOLD_SOLID_BREP('\X2\BCF8CCB4\X0\1',#2603);
#28=MANIFOLD_SOLID_BREP('\X2\BCF8CCB4\X0\1',#2604);
#29=CONICAL_SURFACE('',#2710,2.5,0.785398163397448);
#30=CONICAL_SURFACE('',#2723,2.5,0.785398163397449);
#31=CONICAL_SURFACE('',#2727,2.5,0.785398163397449);
#32=CONICAL_SURFACE('',#2731,2.5,0.785398163397448);
#33=FACE_BOUND('',#303,.T.);
#34=FACE_BOUND('',#309,.T.);
#35=FACE_BOUND('',#315,.T.);
#36=FACE_BOUND('',#321,.T.);
#37=FACE_BOUND('',#327,.T.);
#38=FACE_BOUND('',#333,.T.);
#39=FACE_BOUND('',#339,.T.);
#40=FACE_BOUND('',#345,.T.);
#41=FACE_BOUND('',#350,.T.);
#42=FACE_BOUND('',#351,.T.);
#43=FACE_BOUND('',#352,.T.);
#44=FACE_BOUND('',#353,.T.);
#45=FACE_BOUND('',#354,.T.);
#46=FACE_BOUND('',#355,.T.);
#47=FACE_BOUND('',#384,.T.);
#48=FACE_BOUND('',#385,.T.);
#49=FACE_BOUND('',#386,.T.);
#50=FACE_BOUND('',#387,.T.);
#51=FACE_BOUND('',#388,.T.);
#52=FACE_BOUND('',#390,.T.);
#53=FACE_BOUND('',#426,.T.);
#54=FACE_BOUND('',#427,.T.);
#55=FACE_BOUND('',#428,.T.);
#56=FACE_BOUND('',#429,.T.);
#57=FACE_BOUND('',#430,.T.);
#58=FACE_BOUND('',#431,.T.);
#59=FACE_BOUND('',#439,.T.);
#60=FACE_BOUND('',#451,.T.);
#61=FACE_BOUND('',#453,.T.);
#62=FACE_BOUND('',#455,.T.);
#63=FACE_BOUND('',#457,.T.);
#64=FACE_BOUND('',#463,.T.);
#65=FACE_BOUND('',#470,.T.);
#66=FACE_BOUND('',#477,.T.);
#67=FACE_BOUND('',#479,.T.);
#68=PLANE('',#2633);
#69=PLANE('',#2634);
#70=PLANE('',#2639);
#71=PLANE('',#2643);
#72=PLANE('',#2644);
#73=PLANE('',#2649);
#74=PLANE('',#2653);
#75=PLANE('',#2654);
#76=PLANE('',#2659);
#77=PLANE('',#2663);
#78=PLANE('',#2664);
#79=PLANE('',#2669);
#80=PLANE('',#2673);
#81=PLANE('',#2674);
#82=PLANE('',#2679);
#83=PLANE('',#2683);
#84=PLANE('',#2684);
#85=PLANE('',#2689);
#86=PLANE('',#2693);
#87=PLANE('',#2694);
#88=PLANE('',#2699);
#89=PLANE('',#2703);
#90=PLANE('',#2704);
#91=PLANE('',#2709);
#92=PLANE('',#2713);
#93=PLANE('',#2735);
#94=PLANE('',#2739);
#95=PLANE('',#2743);
#96=PLANE('',#2747);
#97=PLANE('',#2748);
#98=PLANE('',#2749);
#99=PLANE('',#2753);
#100=PLANE('',#2757);
#101=PLANE('',#2761);
#102=PLANE('',#2762);
#103=PLANE('',#2763);
#104=PLANE('',#2767);
#105=PLANE('',#2771);
#106=PLANE('',#2772);
#107=PLANE('',#2775);
#108=PLANE('',#2776);
#109=PLANE('',#2777);
#110=PLANE('',#2778);
#111=PLANE('',#2779);
#112=PLANE('',#2780);
#113=PLANE('',#2781);
#114=PLANE('',#2782);
#115=PLANE('',#2783);
#116=PLANE('',#2784);
#117=PLANE('',#2785);
#118=PLANE('',#2786);
#119=PLANE('',#2789);
#120=PLANE('',#2792);
#121=PLANE('',#2795);
#122=PLANE('',#2798);
#123=PLANE('',#2801);
#124=PLANE('',#2804);
#125=PLANE('',#2807);
#126=PLANE('',#2810);
#127=PLANE('',#2815);
#128=PLANE('',#2817);
#129=PLANE('',#2819);
#130=PLANE('',#2839);
#131=PLANE('',#2842);
#132=PLANE('',#2846);
#133=PLANE('',#2850);
#134=PLANE('',#2854);
#135=PLANE('',#2858);
#136=PLANE('',#2859);
#137=PLANE('',#2861);
#138=PLANE('',#2863);
#139=PLANE('',#2865);
#140=PLANE('',#2867);
#141=PLANE('',#2870);
#142=PLANE('',#2873);
#143=PLANE('',#2874);
#144=PLANE('',#2878);
#145=PLANE('',#2881);
#146=PLANE('',#2882);
#147=PLANE('',#2883);
#148=PLANE('',#2886);
#149=PLANE('',#2890);
#150=PLANE('',#2891);
#151=PLANE('',#2893);
#152=PLANE('',#2895);
#153=FACE_OUTER_BOUND('',#300,.T.);
#154=FACE_OUTER_BOUND('',#301,.T.);
#155=FACE_OUTER_BOUND('',#302,.T.);
#156=FACE_OUTER_BOUND('',#304,.T.);
#157=FACE_OUTER_BOUND('',#305,.T.);
#158=FACE_OUTER_BOUND('',#306,.T.);
#159=FACE_OUTER_BOUND('',#307,.T.);
#160=FACE_OUTER_BOUND('',#308,.T.);
#161=FACE_OUTER_BOUND('',#310,.T.);
#162=FACE_OUTER_BOUND('',#311,.T.);
#163=FACE_OUTER_BOUND('',#312,.T.);
#164=FACE_OUTER_BOUND('',#313,.T.);
#165=FACE_OUTER_BOUND('',#314,.T.);
#166=FACE_OUTER_BOUND('',#316,.T.);
#167=FACE_OUTER_BOUND('',#317,.T.);
#168=FACE_OUTER_BOUND('',#318,.T.);
#169=FACE_OUTER_BOUND('',#319,.T.);
#170=FACE_OUTER_BOUND('',#320,.T.);
#171=FACE_OUTER_BOUND('',#322,.T.);
#172=FACE_OUTER_BOUND('',#323,.T.);
#173=FACE_OUTER_BOUND('',#324,.T.);
#174=FACE_OUTER_BOUND('',#325,.T.);
#175=FACE_OUTER_BOUND('',#326,.T.);
#176=FACE_OUTER_BOUND('',#328,.T.);
#177=FACE_OUTER_BOUND('',#329,.T.);
#178=FACE_OUTER_BOUND('',#330,.T.);
#179=FACE_OUTER_BOUND('',#331,.T.);
#180=FACE_OUTER_BOUND('',#332,.T.);
#181=FACE_OUTER_BOUND('',#334,.T.);
#182=FACE_OUTER_BOUND('',#335,.T.);
#183=FACE_OUTER_BOUND('',#336,.T.);
#184=FACE_OUTER_BOUND('',#337,.T.);
#185=FACE_OUTER_BOUND('',#338,.T.);
#186=FACE_OUTER_BOUND('',#340,.T.);
#187=FACE_OUTER_BOUND('',#341,.T.);
#188=FACE_OUTER_BOUND('',#342,.T.);
#189=FACE_OUTER_BOUND('',#343,.T.);
#190=FACE_OUTER_BOUND('',#344,.T.);
#191=FACE_OUTER_BOUND('',#346,.T.);
#192=FACE_OUTER_BOUND('',#347,.T.);
#193=FACE_OUTER_BOUND('',#348,.T.);
#194=FACE_OUTER_BOUND('',#349,.T.);
#195=FACE_OUTER_BOUND('',#356,.T.);
#196=FACE_OUTER_BOUND('',#357,.T.);
#197=FACE_OUTER_BOUND('',#358,.T.);
#198=FACE_OUTER_BOUND('',#359,.T.);
#199=FACE_OUTER_BOUND('',#360,.T.);
#200=FACE_OUTER_BOUND('',#361,.T.);
#201=FACE_OUTER_BOUND('',#362,.T.);
#202=FACE_OUTER_BOUND('',#363,.T.);
#203=FACE_OUTER_BOUND('',#364,.T.);
#204=FACE_OUTER_BOUND('',#365,.T.);
#205=FACE_OUTER_BOUND('',#366,.T.);
#206=FACE_OUTER_BOUND('',#367,.T.);
#207=FACE_OUTER_BOUND('',#368,.T.);
#208=FACE_OUTER_BOUND('',#369,.T.);
#209=FACE_OUTER_BOUND('',#370,.T.);
#210=FACE_OUTER_BOUND('',#371,.T.);
#211=FACE_OUTER_BOUND('',#372,.T.);
#212=FACE_OUTER_BOUND('',#373,.T.);
#213=FACE_OUTER_BOUND('',#374,.T.);
#214=FACE_OUTER_BOUND('',#375,.T.);
#215=FACE_OUTER_BOUND('',#376,.T.);
#216=FACE_OUTER_BOUND('',#377,.T.);
#217=FACE_OUTER_BOUND('',#378,.T.);
#218=FACE_OUTER_BOUND('',#379,.T.);
#219=FACE_OUTER_BOUND('',#380,.T.);
#220=FACE_OUTER_BOUND('',#381,.T.);
#221=FACE_OUTER_BOUND('',#382,.T.);
#222=FACE_OUTER_BOUND('',#383,.T.);
#223=FACE_OUTER_BOUND('',#389,.T.);
#224=FACE_OUTER_BOUND('',#391,.T.);
#225=FACE_OUTER_BOUND('',#392,.T.);
#226=FACE_OUTER_BOUND('',#393,.T.);
#227=FACE_OUTER_BOUND('',#394,.T.);
#228=FACE_OUTER_BOUND('',#395,.T.);
#229=FACE_OUTER_BOUND('',#396,.T.);
#230=FACE_OUTER_BOUND('',#397,.T.);
#231=FACE_OUTER_BOUND('',#398,.T.);
#232=FACE_OUTER_BOUND('',#399,.T.);
#233=FACE_OUTER_BOUND('',#400,.T.);
#234=FACE_OUTER_BOUND('',#401,.T.);
#235=FACE_OUTER_BOUND('',#402,.T.);
#236=FACE_OUTER_BOUND('',#403,.T.);
#237=FACE_OUTER_BOUND('',#404,.T.);
#238=FACE_OUTER_BOUND('',#405,.T.);
#239=FACE_OUTER_BOUND('',#406,.T.);
#240=FACE_OUTER_BOUND('',#407,.T.);
#241=FACE_OUTER_BOUND('',#408,.T.);
#242=FACE_OUTER_BOUND('',#409,.T.);
#243=FACE_OUTER_BOUND('',#410,.T.);
#244=FACE_OUTER_BOUND('',#411,.T.);
#245=FACE_OUTER_BOUND('',#412,.T.);
#246=FACE_OUTER_BOUND('',#413,.T.);
#247=FACE_OUTER_BOUND('',#414,.T.);
#248=FACE_OUTER_BOUND('',#415,.T.);
#249=FACE_OUTER_BOUND('',#416,.T.);
#250=FACE_OUTER_BOUND('',#417,.T.);
#251=FACE_OUTER_BOUND('',#418,.T.);
#252=FACE_OUTER_BOUND('',#419,.T.);
#253=FACE_OUTER_BOUND('',#420,.T.);
#254=FACE_OUTER_BOUND('',#421,.T.);
#255=FACE_OUTER_BOUND('',#422,.T.);
#256=FACE_OUTER_BOUND('',#423,.T.);
#257=FACE_OUTER_BOUND('',#424,.T.);
#258=FACE_OUTER_BOUND('',#425,.T.);
#259=FACE_OUTER_BOUND('',#432,.T.);
#260=FACE_OUTER_BOUND('',#433,.T.);
#261=FACE_OUTER_BOUND('',#434,.T.);
#262=FACE_OUTER_BOUND('',#435,.T.);
#263=FACE_OUTER_BOUND('',#436,.T.);
#264=FACE_OUTER_BOUND('',#437,.T.);
#265=FACE_OUTER_BOUND('',#438,.T.);
#266=FACE_OUTER_BOUND('',#440,.T.);
#267=FACE_OUTER_BOUND('',#441,.T.);
#268=FACE_OUTER_BOUND('',#442,.T.);
#269=FACE_OUTER_BOUND('',#443,.T.);
#270=FACE_OUTER_BOUND('',#444,.T.);
#271=FACE_OUTER_BOUND('',#445,.T.);
#272=FACE_OUTER_BOUND('',#446,.T.);
#273=FACE_OUTER_BOUND('',#447,.T.);
#274=FACE_OUTER_BOUND('',#448,.T.);
#275=FACE_OUTER_BOUND('',#449,.T.);
#276=FACE_OUTER_BOUND('',#450,.T.);
#277=FACE_OUTER_BOUND('',#452,.T.);
#278=FACE_OUTER_BOUND('',#454,.T.);
#279=FACE_OUTER_BOUND('',#456,.T.);
#280=FACE_OUTER_BOUND('',#458,.T.);
#281=FACE_OUTER_BOUND('',#459,.T.);
#282=FACE_OUTER_BOUND('',#460,.T.);
#283=FACE_OUTER_BOUND('',#461,.T.);
#284=FACE_OUTER_BOUND('',#462,.T.);
#285=FACE_OUTER_BOUND('',#464,.T.);
#286=FACE_OUTER_BOUND('',#465,.T.);
#287=FACE_OUTER_BOUND('',#466,.T.);
#288=FACE_OUTER_BOUND('',#467,.T.);
#289=FACE_OUTER_BOUND('',#468,.T.);
#290=FACE_OUTER_BOUND('',#469,.T.);
#291=FACE_OUTER_BOUND('',#471,.T.);
#292=FACE_OUTER_BOUND('',#472,.T.);
#293=FACE_OUTER_BOUND('',#473,.T.);
#294=FACE_OUTER_BOUND('',#474,.T.);
#295=FACE_OUTER_BOUND('',#475,.T.);
#296=FACE_OUTER_BOUND('',#476,.T.);
#297=FACE_OUTER_BOUND('',#478,.T.);
#298=FACE_OUTER_BOUND('',#480,.T.);
#299=FACE_OUTER_BOUND('',#481,.T.);
#300=EDGE_LOOP('',(#1680,#1681,#1682,#1683));
#301=EDGE_LOOP('',(#1684,#1685,#1686,#1687));
#302=EDGE_LOOP('',(#1688,#1689,#1690,#1691,#1692,#1693));
#303=EDGE_LOOP('',(#1694));
#304=EDGE_LOOP('',(#1695,#1696,#1697,#1698));
#305=EDGE_LOOP('',(#1699,#1700,#1701,#1702,#1703,#1704,#1705,#1706));
#306=EDGE_LOOP('',(#1707,#1708,#1709,#1710));
#307=EDGE_LOOP('',(#1711,#1712,#1713,#1714));
#308=EDGE_LOOP('',(#1715,#1716,#1717,#1718,#1719,#1720));
#309=EDGE_LOOP('',(#1721));
#310=EDGE_LOOP('',(#1722,#1723,#1724,#1725));
#311=EDGE_LOOP('',(#1726,#1727,#1728,#1729,#1730,#1731,#1732,#1733));
#312=EDGE_LOOP('',(#1734,#1735,#1736,#1737));
#313=EDGE_LOOP('',(#1738,#1739,#1740,#1741));
#314=EDGE_LOOP('',(#1742,#1743,#1744,#1745,#1746,#1747));
#315=EDGE_LOOP('',(#1748));
#316=EDGE_LOOP('',(#1749,#1750,#1751,#1752));
#317=EDGE_LOOP('',(#1753,#1754,#1755,#1756,#1757,#1758,#1759,#1760));
#318=EDGE_LOOP('',(#1761,#1762,#1763,#1764));
#319=EDGE_LOOP('',(#1765,#1766,#1767,#1768));
#320=EDGE_LOOP('',(#1769,#1770,#1771,#1772,#1773,#1774));
#321=EDGE_LOOP('',(#1775));
#322=EDGE_LOOP('',(#1776,#1777,#1778,#1779));
#323=EDGE_LOOP('',(#1780,#1781,#1782,#1783,#1784,#1785,#1786,#1787));
#324=EDGE_LOOP('',(#1788,#1789,#1790,#1791));
#325=EDGE_LOOP('',(#1792,#1793,#1794,#1795));
#326=EDGE_LOOP('',(#1796,#1797,#1798,#1799,#1800,#1801));
#327=EDGE_LOOP('',(#1802));
#328=EDGE_LOOP('',(#1803,#1804,#1805,#1806));
#329=EDGE_LOOP('',(#1807,#1808,#1809,#1810,#1811,#1812,#1813,#1814));
#330=EDGE_LOOP('',(#1815,#1816,#1817,#1818));
#331=EDGE_LOOP('',(#1819,#1820,#1821,#1822));
#332=EDGE_LOOP('',(#1823,#1824,#1825,#1826,#1827,#1828));
#333=EDGE_LOOP('',(#1829));
#334=EDGE_LOOP('',(#1830,#1831,#1832,#1833));
#335=EDGE_LOOP('',(#1834,#1835,#1836,#1837,#1838,#1839,#1840,#1841));
#336=EDGE_LOOP('',(#1842,#1843,#1844,#1845));
#337=EDGE_LOOP('',(#1846,#1847,#1848,#1849));
#338=EDGE_LOOP('',(#1850,#1851,#1852,#1853,#1854,#1855));
#339=EDGE_LOOP('',(#1856));
#340=EDGE_LOOP('',(#1857,#1858,#1859,#1860));
#341=EDGE_LOOP('',(#1861,#1862,#1863,#1864,#1865,#1866,#1867,#1868));
#342=EDGE_LOOP('',(#1869,#1870,#1871,#1872));
#343=EDGE_LOOP('',(#1873,#1874,#1875,#1876));
#344=EDGE_LOOP('',(#1877,#1878,#1879,#1880,#1881,#1882));
#345=EDGE_LOOP('',(#1883));
#346=EDGE_LOOP('',(#1884,#1885,#1886,#1887));
#347=EDGE_LOOP('',(#1888,#1889,#1890,#1891,#1892,#1893,#1894,#1895));
#348=EDGE_LOOP('',(#1896,#1897,#1898,#1899));
#349=EDGE_LOOP('',(#1900,#1901,#1902,#1903));
#350=EDGE_LOOP('',(#1904));
#351=EDGE_LOOP('',(#1905));
#352=EDGE_LOOP('',(#1906));
#353=EDGE_LOOP('',(#1907));
#354=EDGE_LOOP('',(#1908));
#355=EDGE_LOOP('',(#1909));
#356=EDGE_LOOP('',(#1910,#1911,#1912,#1913));
#357=EDGE_LOOP('',(#1914,#1915,#1916,#1917));
#358=EDGE_LOOP('',(#1918,#1919,#1920,#1921));
#359=EDGE_LOOP('',(#1922,#1923,#1924,#1925));
#360=EDGE_LOOP('',(#1926,#1927,#1928,#1929));
#361=EDGE_LOOP('',(#1930,#1931,#1932,#1933));
#362=EDGE_LOOP('',(#1934,#1935,#1936,#1937));
#363=EDGE_LOOP('',(#1938,#1939,#1940,#1941));
#364=EDGE_LOOP('',(#1942,#1943,#1944,#1945));
#365=EDGE_LOOP('',(#1946,#1947,#1948,#1949));
#366=EDGE_LOOP('',(#1950,#1951,#1952,#1953));
#367=EDGE_LOOP('',(#1954,#1955,#1956,#1957));
#368=EDGE_LOOP('',(#1958,#1959,#1960,#1961));
#369=EDGE_LOOP('',(#1962,#1963,#1964,#1965));
#370=EDGE_LOOP('',(#1966,#1967,#1968,#1969));
#371=EDGE_LOOP('',(#1970,#1971,#1972,#1973));
#372=EDGE_LOOP('',(#1974,#1975,#1976,#1977));
#373=EDGE_LOOP('',(#1978,#1979,#1980,#1981));
#374=EDGE_LOOP('',(#1982,#1983,#1984,#1985));
#375=EDGE_LOOP('',(#1986,#1987,#1988,#1989));
#376=EDGE_LOOP('',(#1990,#1991,#1992,#1993));
#377=EDGE_LOOP('',(#1994,#1995,#1996,#1997));
#378=EDGE_LOOP('',(#1998,#1999,#2000,#2001));
#379=EDGE_LOOP('',(#2002,#2003,#2004,#2005));
#380=EDGE_LOOP('',(#2006,#2007,#2008,#2009));
#381=EDGE_LOOP('',(#2010,#2011,#2012,#2013));
#382=EDGE_LOOP('',(#2014,#2015,#2016,#2017));
#383=EDGE_LOOP('',(#2018,#2019,#2020,#2021));
#384=EDGE_LOOP('',(#2022));
#385=EDGE_LOOP('',(#2023));
#386=EDGE_LOOP('',(#2024));
#387=EDGE_LOOP('',(#2025));
#388=EDGE_LOOP('',(#2026,#2027,#2028,#2029,#2030,#2031,#2032,#2033,#2034,
#2035,#2036,#2037,#2038,#2039,#2040,#2041));
#389=EDGE_LOOP('',(#2042,#2043,#2044,#2045));
#390=EDGE_LOOP('',(#2046,#2047,#2048,#2049));
#391=EDGE_LOOP('',(#2050,#2051,#2052,#2053));
#392=EDGE_LOOP('',(#2054,#2055,#2056,#2057));
#393=EDGE_LOOP('',(#2058,#2059,#2060,#2061));
#394=EDGE_LOOP('',(#2062,#2063,#2064,#2065));
#395=EDGE_LOOP('',(#2066,#2067,#2068,#2069));
#396=EDGE_LOOP('',(#2070,#2071,#2072,#2073));
#397=EDGE_LOOP('',(#2074,#2075,#2076,#2077));
#398=EDGE_LOOP('',(#2078,#2079,#2080,#2081));
#399=EDGE_LOOP('',(#2082,#2083,#2084,#2085));
#400=EDGE_LOOP('',(#2086,#2087,#2088,#2089));
#401=EDGE_LOOP('',(#2090,#2091,#2092,#2093));
#402=EDGE_LOOP('',(#2094,#2095,#2096,#2097));
#403=EDGE_LOOP('',(#2098,#2099,#2100,#2101));
#404=EDGE_LOOP('',(#2102));
#405=EDGE_LOOP('',(#2103,#2104,#2105,#2106));
#406=EDGE_LOOP('',(#2107));
#407=EDGE_LOOP('',(#2108,#2109,#2110,#2111));
#408=EDGE_LOOP('',(#2112));
#409=EDGE_LOOP('',(#2113,#2114,#2115,#2116));
#410=EDGE_LOOP('',(#2117));
#411=EDGE_LOOP('',(#2118,#2119,#2120,#2121));
#412=EDGE_LOOP('',(#2122));
#413=EDGE_LOOP('',(#2123,#2124,#2125,#2126));
#414=EDGE_LOOP('',(#2127));
#415=EDGE_LOOP('',(#2128,#2129,#2130,#2131));
#416=EDGE_LOOP('',(#2132));
#417=EDGE_LOOP('',(#2133,#2134,#2135,#2136));
#418=EDGE_LOOP('',(#2137));
#419=EDGE_LOOP('',(#2138,#2139,#2140,#2141));
#420=EDGE_LOOP('',(#2142,#2143,#2144,#2145));
#421=EDGE_LOOP('',(#2146,#2147,#2148,#2149));
#422=EDGE_LOOP('',(#2150,#2151,#2152,#2153));
#423=EDGE_LOOP('',(#2154,#2155,#2156,#2157));
#424=EDGE_LOOP('',(#2158,#2159,#2160,#2161));
#425=EDGE_LOOP('',(#2162,#2163,#2164,#2165,#2166,#2167,#2168,#2169,#2170,
#2171,#2172,#2173,#2174,#2175,#2176,#2177));
#426=EDGE_LOOP('',(#2178,#2179,#2180,#2181,#2182,#2183,#2184,#2185));
#427=EDGE_LOOP('',(#2186,#2187,#2188,#2189,#2190,#2191,#2192,#2193));
#428=EDGE_LOOP('',(#2194,#2195,#2196,#2197,#2198,#2199,#2200,#2201));
#429=EDGE_LOOP('',(#2202,#2203,#2204,#2205,#2206,#2207,#2208,#2209));
#430=EDGE_LOOP('',(#2210));
#431=EDGE_LOOP('',(#2211));
#432=EDGE_LOOP('',(#2212,#2213,#2214,#2215));
#433=EDGE_LOOP('',(#2216,#2217,#2218,#2219));
#434=EDGE_LOOP('',(#2220,#2221,#2222,#2223));
#435=EDGE_LOOP('',(#2224,#2225,#2226,#2227));
#436=EDGE_LOOP('',(#2228,#2229,#2230,#2231));
#437=EDGE_LOOP('',(#2232,#2233,#2234,#2235));
#438=EDGE_LOOP('',(#2236,#2237,#2238,#2239));
#439=EDGE_LOOP('',(#2240));
#440=EDGE_LOOP('',(#2241,#2242,#2243,#2244));
#441=EDGE_LOOP('',(#2245,#2246,#2247,#2248));
#442=EDGE_LOOP('',(#2249,#2250,#2251,#2252));
#443=EDGE_LOOP('',(#2253));
#444=EDGE_LOOP('',(#2254,#2255,#2256,#2257));
#445=EDGE_LOOP('',(#2258));
#446=EDGE_LOOP('',(#2259,#2260,#2261,#2262));
#447=EDGE_LOOP('',(#2263));
#448=EDGE_LOOP('',(#2264,#2265,#2266,#2267));
#449=EDGE_LOOP('',(#2268));
#450=EDGE_LOOP('',(#2269,#2270,#2271,#2272));
#451=EDGE_LOOP('',(#2273));
#452=EDGE_LOOP('',(#2274,#2275,#2276,#2277));
#453=EDGE_LOOP('',(#2278));
#454=EDGE_LOOP('',(#2279,#2280,#2281,#2282));
#455=EDGE_LOOP('',(#2283));
#456=EDGE_LOOP('',(#2284,#2285,#2286,#2287));
#457=EDGE_LOOP('',(#2288));
#458=EDGE_LOOP('',(#2289,#2290,#2291,#2292));
#459=EDGE_LOOP('',(#2293,#2294,#2295,#2296));
#460=EDGE_LOOP('',(#2297,#2298,#2299,#2300));
#461=EDGE_LOOP('',(#2301,#2302,#2303,#2304));
#462=EDGE_LOOP('',(#2305,#2306,#2307,#2308,#2309,#2310,#2311,#2312));
#463=EDGE_LOOP('',(#2313));
#464=EDGE_LOOP('',(#2314,#2315,#2316,#2317));
#465=EDGE_LOOP('',(#2318,#2319,#2320,#2321,#2322,#2323));
#466=EDGE_LOOP('',(#2324,#2325,#2326,#2327));
#467=EDGE_LOOP('',(#2328,#2329,#2330,#2331));
#468=EDGE_LOOP('',(#2332,#2333,#2334,#2335));
#469=EDGE_LOOP('',(#2336,#2337,#2338,#2339,#2340,#2341,#2342,#2343));
#470=EDGE_LOOP('',(#2344));
#471=EDGE_LOOP('',(#2345,#2346,#2347,#2348));
#472=EDGE_LOOP('',(#2349,#2350,#2351,#2352));
#473=EDGE_LOOP('',(#2353,#2354,#2355,#2356));
#474=EDGE_LOOP('',(#2357,#2358,#2359,#2360,#2361,#2362));
#475=EDGE_LOOP('',(#2363,#2364,#2365,#2366));
#476=EDGE_LOOP('',(#2367,#2368,#2369,#2370));
#477=EDGE_LOOP('',(#2371,#2372,#2373,#2374));
#478=EDGE_LOOP('',(#2375,#2376,#2377,#2378));
#479=EDGE_LOOP('',(#2379));
#480=EDGE_LOOP('',(#2380,#2381,#2382,#2383));
#481=EDGE_LOOP('',(#2384,#2385,#2386,#2387,#2388,#2389,#2390,#2391,#2392,
#2393,#2394,#2395,#2396,#2397,#2398,#2399));
#482=LINE('',#3687,#724);
#483=LINE('',#3690,#725);
#484=LINE('',#3693,#726);
#485=LINE('',#3695,#727);
#486=LINE('',#3696,#728);
#487=LINE('',#3699,#729);
#488=LINE('',#3701,#730);
#489=LINE('',#3703,#731);
#490=LINE('',#3709,#732);
#491=LINE('',#3713,#733);
#492=LINE('',#3715,#734);
#493=LINE('',#3717,#735);
#494=LINE('',#3719,#736);
#495=LINE('',#3721,#737);
#496=LINE('',#3722,#738);
#497=LINE('',#3728,#739);
#498=LINE('',#3731,#740);
#499=LINE('',#3734,#741);
#500=LINE('',#3736,#742);
#501=LINE('',#3737,#743);
#502=LINE('',#3740,#744);
#503=LINE('',#3742,#745);
#504=LINE('',#3744,#746);
#505=LINE('',#3750,#747);
#506=LINE('',#3754,#748);
#507=LINE('',#3756,#749);
#508=LINE('',#3758,#750);
#509=LINE('',#3760,#751);
#510=LINE('',#3762,#752);
#511=LINE('',#3763,#753);
#512=LINE('',#3769,#754);
#513=LINE('',#3772,#755);
#514=LINE('',#3775,#756);
#515=LINE('',#3777,#757);
#516=LINE('',#3778,#758);
#517=LINE('',#3781,#759);
#518=LINE('',#3783,#760);
#519=LINE('',#3785,#761);
#520=LINE('',#3791,#762);
#521=LINE('',#3795,#763);
#522=LINE('',#3797,#764);
#523=LINE('',#3799,#765);
#524=LINE('',#3801,#766);
#525=LINE('',#3803,#767);
#526=LINE('',#3804,#768);
#527=LINE('',#3810,#769);
#528=LINE('',#3813,#770);
#529=LINE('',#3816,#771);
#530=LINE('',#3818,#772);
#531=LINE('',#3819,#773);
#532=LINE('',#3822,#774);
#533=LINE('',#3824,#775);
#534=LINE('',#3826,#776);
#535=LINE('',#3832,#777);
#536=LINE('',#3836,#778);
#537=LINE('',#3838,#779);
#538=LINE('',#3840,#780);
#539=LINE('',#3842,#781);
#540=LINE('',#3844,#782);
#541=LINE('',#3845,#783);
#542=LINE('',#3850,#784);
#543=LINE('',#3854,#785);
#544=LINE('',#3856,#786);
#545=LINE('',#3857,#787);
#546=LINE('',#3860,#788);
#547=LINE('',#3862,#789);
#548=LINE('',#3868,#790);
#549=LINE('',#3871,#791);
#550=LINE('',#3873,#792);
#551=LINE('',#3875,#793);
#552=LINE('',#3876,#794);
#553=LINE('',#3881,#795);
#554=LINE('',#3885,#796);
#555=LINE('',#3887,#797);
#556=LINE('',#3888,#798);
#557=LINE('',#3891,#799);
#558=LINE('',#3893,#800);
#559=LINE('',#3899,#801);
#560=LINE('',#3902,#802);
#561=LINE('',#3904,#803);
#562=LINE('',#3906,#804);
#563=LINE('',#3907,#805);
#564=LINE('',#3912,#806);
#565=LINE('',#3916,#807);
#566=LINE('',#3918,#808);
#567=LINE('',#3919,#809);
#568=LINE('',#3922,#810);
#569=LINE('',#3924,#811);
#570=LINE('',#3930,#812);
#571=LINE('',#3933,#813);
#572=LINE('',#3935,#814);
#573=LINE('',#3937,#815);
#574=LINE('',#3938,#816);
#575=LINE('',#3943,#817);
#576=LINE('',#3947,#818);
#577=LINE('',#3949,#819);
#578=LINE('',#3950,#820);
#579=LINE('',#3953,#821);
#580=LINE('',#3955,#822);
#581=LINE('',#3961,#823);
#582=LINE('',#3964,#824);
#583=LINE('',#3966,#825);
#584=LINE('',#3968,#826);
#585=LINE('',#3969,#827);
#586=LINE('',#3974,#828);
#587=LINE('',#3981,#829);
#588=LINE('',#3984,#830);
#589=LINE('',#3998,#831);
#590=LINE('',#4001,#832);
#591=LINE('',#4006,#833);
#592=LINE('',#4009,#834);
#593=LINE('',#4014,#835);
#594=LINE('',#4017,#836);
#595=LINE('',#4022,#837);
#596=LINE('',#4026,#838);
#597=LINE('',#4028,#839);
#598=LINE('',#4030,#840);
#599=LINE('',#4031,#841);
#600=LINE('',#4037,#842);
#601=LINE('',#4040,#843);
#602=LINE('',#4042,#844);
#603=LINE('',#4043,#845);
#604=LINE('',#4049,#846);
#605=LINE('',#4052,#847);
#606=LINE('',#4054,#848);
#607=LINE('',#4055,#849);
#608=LINE('',#4061,#850);
#609=LINE('',#4064,#851);
#610=LINE('',#4066,#852);
#611=LINE('',#4067,#853);
#612=LINE('',#4070,#854);
#613=LINE('',#4072,#855);
#614=LINE('',#4073,#856);
#615=LINE('',#4076,#857);
#616=LINE('',#4078,#858);
#617=LINE('',#4079,#859);
#618=LINE('',#4085,#860);
#619=LINE('',#4088,#861);
#620=LINE('',#4090,#862);
#621=LINE('',#4091,#863);
#622=LINE('',#4097,#864);
#623=LINE('',#4100,#865);
#624=LINE('',#4102,#866);
#625=LINE('',#4103,#867);
#626=LINE('',#4109,#868);
#627=LINE('',#4112,#869);
#628=LINE('',#4114,#870);
#629=LINE('',#4115,#871);
#630=LINE('',#4117,#872);
#631=LINE('',#4118,#873);
#632=LINE('',#4122,#874);
#633=LINE('',#4124,#875);
#634=LINE('',#4126,#876);
#635=LINE('',#4127,#877);
#636=LINE('',#4133,#878);
#637=LINE('',#4136,#879);
#638=LINE('',#4138,#880);
#639=LINE('',#4139,#881);
#640=LINE('',#4149,#882);
#641=LINE('',#4152,#883);
#642=LINE('',#4154,#884);
#643=LINE('',#4156,#885);
#644=LINE('',#4159,#886);
#645=LINE('',#4161,#887);
#646=LINE('',#4164,#888);
#647=LINE('',#4166,#889);
#648=LINE('',#4169,#890);
#649=LINE('',#4171,#891);
#650=LINE('',#4175,#892);
#651=LINE('',#4180,#893);
#652=LINE('',#4185,#894);
#653=LINE('',#4190,#895);
#654=LINE('',#4195,#896);
#655=LINE('',#4200,#897);
#656=LINE('',#4205,#898);
#657=LINE('',#4210,#899);
#658=LINE('',#4216,#900);
#659=LINE('',#4220,#901);
#660=LINE('',#4222,#902);
#661=LINE('',#4223,#903);
#662=LINE('',#4225,#904);
#663=LINE('',#4227,#905);
#664=LINE('',#4235,#906);
#665=LINE('',#4241,#907);
#666=LINE('',#4256,#908);
#667=LINE('',#4257,#909);
#668=LINE('',#4265,#910);
#669=LINE('',#4266,#911);
#670=LINE('',#4269,#912);
#671=LINE('',#4271,#913);
#672=LINE('',#4272,#914);
#673=LINE('',#4275,#915);
#674=LINE('',#4282,#916);
#675=LINE('',#4289,#917);
#676=LINE('',#4296,#918);
#677=LINE('',#4303,#919);
#678=LINE('',#4311,#920);
#679=LINE('',#4313,#921);
#680=LINE('',#4314,#922);
#681=LINE('',#4320,#923);
#682=LINE('',#4322,#924);
#683=LINE('',#4323,#925);
#684=LINE('',#4327,#926);
#685=LINE('',#4329,#927);
#686=LINE('',#4332,#928);
#687=LINE('',#4336,#929);
#688=LINE('',#4338,#930);
#689=LINE('',#4341,#931);
#690=LINE('',#4344,#932);
#691=LINE('',#4346,#933);
#692=LINE('',#4347,#934);
#693=LINE('',#4350,#935);
#694=LINE('',#4354,#936);
#695=LINE('',#4356,#937);
#696=LINE('',#4357,#938);
#697=LINE('',#4360,#939);
#698=LINE('',#4364,#940);
#699=LINE('',#4365,#941);
#700=LINE('',#4367,#942);
#701=LINE('',#4369,#943);
#702=LINE('',#4370,#944);
#703=LINE('',#4373,#945);
#704=LINE('',#4374,#946);
#705=LINE('',#4380,#947);
#706=LINE('',#4381,#948);
#707=LINE('',#4384,#949);
#708=LINE('',#4385,#950);
#709=LINE('',#4388,#951);
#710=LINE('',#4392,#952);
#711=LINE('',#4393,#953);
#712=LINE('',#4396,#954);
#713=LINE('',#4398,#955);
#714=LINE('',#4399,#956);
#715=LINE('',#4400,#957);
#716=LINE('',#4403,#958);
#717=LINE('',#4404,#959);
#718=LINE('',#4407,#960);
#719=LINE('',#4411,#961);
#720=LINE('',#4412,#962);
#721=LINE('',#4417,#963);
#722=LINE('',#4420,#964);
#723=LINE('',#4423,#965);
#724=VECTOR('',#2906,10.);
#725=VECTOR('',#2909,10.);
#726=VECTOR('',#2912,10.);
#727=VECTOR('',#2913,10.);
#728=VECTOR('',#2914,10.);
#729=VECTOR('',#2917,10.);
#730=VECTOR('',#2918,10.);
#731=VECTOR('',#2919,10.);
#732=VECTOR('',#2926,10.);
#733=VECTOR('',#2931,10.);
#734=VECTOR('',#2932,10.);
#735=VECTOR('',#2933,10.);
#736=VECTOR('',#2934,10.);
#737=VECTOR('',#2935,10.);
#738=VECTOR('',#2936,10.);
#739=VECTOR('',#2941,10.);
#740=VECTOR('',#2944,10.);
#741=VECTOR('',#2947,10.);
#742=VECTOR('',#2948,10.);
#743=VECTOR('',#2949,10.);
#744=VECTOR('',#2952,10.);
#745=VECTOR('',#2953,10.);
#746=VECTOR('',#2954,10.);
#747=VECTOR('',#2961,10.);
#748=VECTOR('',#2966,10.);
#749=VECTOR('',#2967,10.);
#750=VECTOR('',#2968,10.);
#751=VECTOR('',#2969,10.);
#752=VECTOR('',#2970,10.);
#753=VECTOR('',#2971,10.);
#754=VECTOR('',#2976,10.);
#755=VECTOR('',#2979,10.);
#756=VECTOR('',#2982,10.);
#757=VECTOR('',#2983,10.);
#758=VECTOR('',#2984,10.);
#759=VECTOR('',#2987,10.);
#760=VECTOR('',#2988,10.);
#761=VECTOR('',#2989,10.);
#762=VECTOR('',#2996,10.);
#763=VECTOR('',#3001,10.);
#764=VECTOR('',#3002,10.);
#765=VECTOR('',#3003,10.);
#766=VECTOR('',#3004,10.);
#767=VECTOR('',#3005,10.);
#768=VECTOR('',#3006,10.);
#769=VECTOR('',#3011,10.);
#770=VECTOR('',#3014,10.);
#771=VECTOR('',#3017,10.);
#772=VECTOR('',#3018,10.);
#773=VECTOR('',#3019,10.);
#774=VECTOR('',#3022,10.);
#775=VECTOR('',#3023,10.);
#776=VECTOR('',#3024,10.);
#777=VECTOR('',#3031,10.);
#778=VECTOR('',#3036,10.);
#779=VECTOR('',#3037,10.);
#780=VECTOR('',#3038,10.);
#781=VECTOR('',#3039,10.);
#782=VECTOR('',#3040,10.);
#783=VECTOR('',#3041,10.);
#784=VECTOR('',#3046,10.);
#785=VECTOR('',#3051,10.);
#786=VECTOR('',#3052,10.);
#787=VECTOR('',#3053,10.);
#788=VECTOR('',#3056,10.);
#789=VECTOR('',#3057,10.);
#790=VECTOR('',#3064,10.);
#791=VECTOR('',#3069,10.);
#792=VECTOR('',#3070,10.);
#793=VECTOR('',#3071,10.);
#794=VECTOR('',#3072,10.);
#795=VECTOR('',#3077,10.);
#796=VECTOR('',#3082,10.);
#797=VECTOR('',#3083,10.);
#798=VECTOR('',#3084,10.);
#799=VECTOR('',#3087,10.);
#800=VECTOR('',#3088,10.);
#801=VECTOR('',#3095,10.);
#802=VECTOR('',#3100,10.);
#803=VECTOR('',#3101,10.);
#804=VECTOR('',#3102,10.);
#805=VECTOR('',#3103,10.);
#806=VECTOR('',#3108,10.);
#807=VECTOR('',#3113,10.);
#808=VECTOR('',#3114,10.);
#809=VECTOR('',#3115,10.);
#810=VECTOR('',#3118,10.);
#811=VECTOR('',#3119,10.);
#812=VECTOR('',#3126,10.);
#813=VECTOR('',#3131,10.);
#814=VECTOR('',#3132,10.);
#815=VECTOR('',#3133,10.);
#816=VECTOR('',#3134,10.);
#817=VECTOR('',#3139,10.);
#818=VECTOR('',#3144,10.);
#819=VECTOR('',#3145,10.);
#820=VECTOR('',#3146,10.);
#821=VECTOR('',#3149,10.);
#822=VECTOR('',#3150,10.);
#823=VECTOR('',#3157,10.);
#824=VECTOR('',#3162,10.);
#825=VECTOR('',#3163,10.);
#826=VECTOR('',#3164,10.);
#827=VECTOR('',#3165,10.);
#828=VECTOR('',#3170,2.5);
#829=VECTOR('',#3177,10.);
#830=VECTOR('',#3180,10.);
#831=VECTOR('',#3195,1.5);
#832=VECTOR('',#3198,2.5);
#833=VECTOR('',#3205,1.5);
#834=VECTOR('',#3208,2.5);
#835=VECTOR('',#3215,1.5);
#836=VECTOR('',#3218,2.5);
#837=VECTOR('',#3225,1.5);
#838=VECTOR('',#3228,10.);
#839=VECTOR('',#3229,10.);
#840=VECTOR('',#3230,10.);
#841=VECTOR('',#3231,10.);
#842=VECTOR('',#3238,10.);
#843=VECTOR('',#3241,10.);
#844=VECTOR('',#3242,10.);
#845=VECTOR('',#3243,10.);
#846=VECTOR('',#3250,10.);
#847=VECTOR('',#3253,10.);
#848=VECTOR('',#3254,10.);
#849=VECTOR('',#3255,10.);
#850=VECTOR('',#3262,10.);
#851=VECTOR('',#3265,10.);
#852=VECTOR('',#3266,10.);
#853=VECTOR('',#3267,10.);
#854=VECTOR('',#3270,10.);
#855=VECTOR('',#3271,10.);
#856=VECTOR('',#3272,10.);
#857=VECTOR('',#3275,10.);
#858=VECTOR('',#3276,10.);
#859=VECTOR('',#3277,10.);
#860=VECTOR('',#3284,10.);
#861=VECTOR('',#3287,10.);
#862=VECTOR('',#3288,10.);
#863=VECTOR('',#3289,10.);
#864=VECTOR('',#3296,10.);
#865=VECTOR('',#3299,10.);
#866=VECTOR('',#3300,10.);
#867=VECTOR('',#3301,10.);
#868=VECTOR('',#3308,10.);
#869=VECTOR('',#3311,10.);
#870=VECTOR('',#3312,10.);
#871=VECTOR('',#3313,10.);
#872=VECTOR('',#3316,10.);
#873=VECTOR('',#3317,10.);
#874=VECTOR('',#3320,10.);
#875=VECTOR('',#3321,10.);
#876=VECTOR('',#3322,10.);
#877=VECTOR('',#3323,10.);
#878=VECTOR('',#3330,10.);
#879=VECTOR('',#3333,10.);
#880=VECTOR('',#3334,10.);
#881=VECTOR('',#3335,10.);
#882=VECTOR('',#3348,10.);
#883=VECTOR('',#3351,10.);
#884=VECTOR('',#3354,10.);
#885=VECTOR('',#3357,10.);
#886=VECTOR('',#3362,10.);
#887=VECTOR('',#3365,10.);
#888=VECTOR('',#3370,10.);
#889=VECTOR('',#3373,10.);
#890=VECTOR('',#3378,10.);
#891=VECTOR('',#3381,10.);
#892=VECTOR('',#3386,1.95);
#893=VECTOR('',#3393,1.95);
#894=VECTOR('',#3400,1.95);
#895=VECTOR('',#3407,1.95);
#896=VECTOR('',#3414,1.95);
#897=VECTOR('',#3421,1.95);
#898=VECTOR('',#3428,1.95);
#899=VECTOR('',#3435,1.95);
#900=VECTOR('',#3444,7.25);
#901=VECTOR('',#3449,7.25);
#902=VECTOR('',#3452,10.);
#903=VECTOR('',#3453,10.);
#904=VECTOR('',#3456,10.);
#905=VECTOR('',#3459,10.);
#906=VECTOR('',#3470,5.);
#907=VECTOR('',#3477,5.);
#908=VECTOR('',#3494,10.);
#909=VECTOR('',#3495,10.);
#910=VECTOR('',#3506,10.);
#911=VECTOR('',#3507,10.);
#912=VECTOR('',#3510,10.);
#913=VECTOR('',#3511,10.);
#914=VECTOR('',#3512,10.);
#915=VECTOR('',#3515,10.);
#916=VECTOR('',#3524,1.45);
#917=VECTOR('',#3533,1.45);
#918=VECTOR('',#3542,1.45);
#919=VECTOR('',#3551,1.45);
#920=VECTOR('',#3560,10.);
#921=VECTOR('',#3561,10.);
#922=VECTOR('',#3562,10.);
#923=VECTOR('',#3567,10.);
#924=VECTOR('',#3568,10.);
#925=VECTOR('',#3569,10.);
#926=VECTOR('',#3572,10.);
#927=VECTOR('',#3573,10.);
#928=VECTOR('',#3576,10.);
#929=VECTOR('',#3579,10.);
#930=VECTOR('',#3580,10.);
#931=VECTOR('',#3583,10.);
#932=VECTOR('',#3586,10.);
#933=VECTOR('',#3587,10.);
#934=VECTOR('',#3588,10.);
#935=VECTOR('',#3591,10.);
#936=VECTOR('',#3596,10.);
#937=VECTOR('',#3597,10.);
#938=VECTOR('',#3598,10.);
#939=VECTOR('',#3601,10.);
#940=VECTOR('',#3606,10.);
#941=VECTOR('',#3607,10.);
#942=VECTOR('',#3608,10.);
#943=VECTOR('',#3609,10.);
#944=VECTOR('',#3610,10.);
#945=VECTOR('',#3613,10.);
#946=VECTOR('',#3614,10.);
#947=VECTOR('',#3621,10.);
#948=VECTOR('',#3622,10.);
#949=VECTOR('',#3625,10.);
#950=VECTOR('',#3626,10.);
#951=VECTOR('',#3629,10.);
#952=VECTOR('',#3634,10.);
#953=VECTOR('',#3635,10.);
#954=VECTOR('',#3638,10.);
#955=VECTOR('',#3639,10.);
#956=VECTOR('',#3640,10.);
#957=VECTOR('',#3641,10.);
#958=VECTOR('',#3644,10.);
#959=VECTOR('',#3645,10.);
#960=VECTOR('',#3648,10.);
#961=VECTOR('',#3653,10.);
#962=VECTOR('',#3654,10.);
#963=VECTOR('',#3663,10.);
#964=VECTOR('',#3666,10.);
#965=VECTOR('',#3671,10.);
#966=CIRCLE('',#2631,1.);
#967=CIRCLE('',#2632,1.);
#968=CIRCLE('',#2635,1.);
#969=CIRCLE('',#2636,1.95);
#970=CIRCLE('',#2638,1.);
#971=CIRCLE('',#2641,1.);
#972=CIRCLE('',#2642,1.);
#973=CIRCLE('',#2645,1.);
#974=CIRCLE('',#2646,1.95);
#975=CIRCLE('',#2648,1.);
#976=CIRCLE('',#2651,1.);
#977=CIRCLE('',#2652,1.);
#978=CIRCLE('',#2655,1.);
#979=CIRCLE('',#2656,1.95);
#980=CIRCLE('',#2658,1.);
#981=CIRCLE('',#2661,1.);
#982=CIRCLE('',#2662,1.);
#983=CIRCLE('',#2665,1.);
#984=CIRCLE('',#2666,1.95);
#985=CIRCLE('',#2668,1.);
#986=CIRCLE('',#2671,1.);
#987=CIRCLE('',#2672,1.);
#988=CIRCLE('',#2675,1.);
#989=CIRCLE('',#2676,1.95);
#990=CIRCLE('',#2678,1.);
#991=CIRCLE('',#2681,1.);
#992=CIRCLE('',#2682,1.);
#993=CIRCLE('',#2685,1.);
#994=CIRCLE('',#2686,1.95);
#995=CIRCLE('',#2688,1.);
#996=CIRCLE('',#2691,1.);
#997=CIRCLE('',#2692,1.);
#998=CIRCLE('',#2695,1.);
#999=CIRCLE('',#2696,1.95);
#1000=CIRCLE('',#2698,1.);
#1001=CIRCLE('',#2701,1.);
#1002=CIRCLE('',#2702,1.);
#1003=CIRCLE('',#2705,1.);
#1004=CIRCLE('',#2706,1.95);
#1005=CIRCLE('',#2708,1.);
#1006=CIRCLE('',#2711,3.5);
#1007=CIRCLE('',#2712,1.5);
#1008=CIRCLE('',#2714,25.);
#1009=CIRCLE('',#2715,25.);
#1010=CIRCLE('',#2716,3.5);
#1011=CIRCLE('',#2717,3.5);
#1012=CIRCLE('',#2718,7.25);
#1013=CIRCLE('',#2719,7.25);
#1014=CIRCLE('',#2720,3.5);
#1015=CIRCLE('',#2722,1.5);
#1016=CIRCLE('',#2724,1.5);
#1017=CIRCLE('',#2726,1.5);
#1018=CIRCLE('',#2728,1.5);
#1019=CIRCLE('',#2730,1.5);
#1020=CIRCLE('',#2732,1.5);
#1021=CIRCLE('',#2734,1.5);
#1022=CIRCLE('',#2737,3.00000000000002);
#1023=CIRCLE('',#2738,3.00000000000002);
#1024=CIRCLE('',#2741,23.);
#1025=CIRCLE('',#2742,23.);
#1026=CIRCLE('',#2745,3.00000008940698);
#1027=CIRCLE('',#2746,3.00000008940698);
#1028=CIRCLE('',#2751,3.00000149011614);
#1029=CIRCLE('',#2752,3.00000149011614);
#1030=CIRCLE('',#2755,23.);
#1031=CIRCLE('',#2756,23.);
#1032=CIRCLE('',#2759,3.);
#1033=CIRCLE('',#2760,3.);
#1034=CIRCLE('',#2765,24.);
#1035=CIRCLE('',#2766,24.);
#1036=CIRCLE('',#2769,24.);
#1037=CIRCLE('',#2770,24.);
#1038=CIRCLE('',#2773,25.);
#1039=CIRCLE('',#2774,25.);
#1040=CIRCLE('',#2788,1.95);
#1041=CIRCLE('',#2791,1.95);
#1042=CIRCLE('',#2794,1.95);
#1043=CIRCLE('',#2797,1.95);
#1044=CIRCLE('',#2800,1.95);
#1045=CIRCLE('',#2803,1.95);
#1046=CIRCLE('',#2806,1.95);
#1047=CIRCLE('',#2809,1.95);
#1048=CIRCLE('',#2812,7.25);
#1049=CIRCLE('',#2814,7.25);
#1050=CIRCLE('',#2822,5.);
#1051=CIRCLE('',#2823,5.);
#1052=CIRCLE('',#2825,5.);
#1053=CIRCLE('',#2826,5.);
#1054=CIRCLE('',#2828,2.);
#1055=CIRCLE('',#2829,23.);
#1056=CIRCLE('',#2830,2.);
#1057=CIRCLE('',#2831,25.);
#1058=CIRCLE('',#2833,2.);
#1059=CIRCLE('',#2835,2.);
#1060=CIRCLE('',#2836,25.);
#1061=CIRCLE('',#2837,23.);
#1062=CIRCLE('',#2841,25.);
#1063=CIRCLE('',#2844,1.45);
#1064=CIRCLE('',#2845,1.45);
#1065=CIRCLE('',#2848,1.45);
#1066=CIRCLE('',#2849,1.45);
#1067=CIRCLE('',#2852,1.45);
#1068=CIRCLE('',#2853,1.45);
#1069=CIRCLE('',#2856,1.45);
#1070=CIRCLE('',#2857,1.45);
#1071=CIRCLE('',#2860,3.00000008940698);
#1072=CIRCLE('',#2862,3.00000149011607);
#1073=CIRCLE('',#2864,3.00000000000001);
#1074=CIRCLE('',#2866,3.00000000000781);
#1075=CIRCLE('',#2869,3.00000008940698);
#1076=CIRCLE('',#2872,3.00000149011607);
#1077=CIRCLE('',#2876,24.);
#1078=CIRCLE('',#2877,24.);
#1079=CIRCLE('',#2880,3.00000000000781);
#1080=CIRCLE('',#2885,3.00000000000001);
#1081=CIRCLE('',#2888,24.);
#1082=CIRCLE('',#2889,24.);
#1083=CIRCLE('',#2892,25.);
#1084=VERTEX_POINT('',#3683);
#1085=VERTEX_POINT('',#3684);
#1086=VERTEX_POINT('',#3686);
#1087=VERTEX_POINT('',#3688);
#1088=VERTEX_POINT('',#3692);
#1089=VERTEX_POINT('',#3694);
#1090=VERTEX_POINT('',#3698);
#1091=VERTEX_POINT('',#3700);
#1092=VERTEX_POINT('',#3702);
#1093=VERTEX_POINT('',#3705);
#1094=VERTEX_POINT('',#3708);
#1095=VERTEX_POINT('',#3712);
#1096=VERTEX_POINT('',#3714);
#1097=VERTEX_POINT('',#3716);
#1098=VERTEX_POINT('',#3718);
#1099=VERTEX_POINT('',#3720);
#1100=VERTEX_POINT('',#3724);
#1101=VERTEX_POINT('',#3725);
#1102=VERTEX_POINT('',#3727);
#1103=VERTEX_POINT('',#3729);
#1104=VERTEX_POINT('',#3733);
#1105=VERTEX_POINT('',#3735);
#1106=VERTEX_POINT('',#3739);
#1107=VERTEX_POINT('',#3741);
#1108=VERTEX_POINT('',#3743);
#1109=VERTEX_POINT('',#3746);
#1110=VERTEX_POINT('',#3749);
#1111=VERTEX_POINT('',#3753);
#1112=VERTEX_POINT('',#3755);
#1113=VERTEX_POINT('',#3757);
#1114=VERTEX_POINT('',#3759);
#1115=VERTEX_POINT('',#3761);
#1116=VERTEX_POINT('',#3765);
#1117=VERTEX_POINT('',#3766);
#1118=VERTEX_POINT('',#3768);
#1119=VERTEX_POINT('',#3770);
#1120=VERTEX_POINT('',#3774);
#1121=VERTEX_POINT('',#3776);
#1122=VERTEX_POINT('',#3780);
#1123=VERTEX_POINT('',#3782);
#1124=VERTEX_POINT('',#3784);
#1125=VERTEX_POINT('',#3787);
#1126=VERTEX_POINT('',#3790);
#1127=VERTEX_POINT('',#3794);
#1128=VERTEX_POINT('',#3796);
#1129=VERTEX_POINT('',#3798);
#1130=VERTEX_POINT('',#3800);
#1131=VERTEX_POINT('',#3802);
#1132=VERTEX_POINT('',#3806);
#1133=VERTEX_POINT('',#3807);
#1134=VERTEX_POINT('',#3809);
#1135=VERTEX_POINT('',#3811);
#1136=VERTEX_POINT('',#3815);
#1137=VERTEX_POINT('',#3817);
#1138=VERTEX_POINT('',#3821);
#1139=VERTEX_POINT('',#3823);
#1140=VERTEX_POINT('',#3825);
#1141=VERTEX_POINT('',#3828);
#1142=VERTEX_POINT('',#3831);
#1143=VERTEX_POINT('',#3835);
#1144=VERTEX_POINT('',#3837);
#1145=VERTEX_POINT('',#3839);
#1146=VERTEX_POINT('',#3841);
#1147=VERTEX_POINT('',#3843);
#1148=VERTEX_POINT('',#3847);
#1149=VERTEX_POINT('',#3849);
#1150=VERTEX_POINT('',#3853);
#1151=VERTEX_POINT('',#3855);
#1152=VERTEX_POINT('',#3859);
#1153=VERTEX_POINT('',#3861);
#1154=VERTEX_POINT('',#3864);
#1155=VERTEX_POINT('',#3867);
#1156=VERTEX_POINT('',#3872);
#1157=VERTEX_POINT('',#3874);
#1158=VERTEX_POINT('',#3878);
#1159=VERTEX_POINT('',#3880);
#1160=VERTEX_POINT('',#3884);
#1161=VERTEX_POINT('',#3886);
#1162=VERTEX_POINT('',#3890);
#1163=VERTEX_POINT('',#3892);
#1164=VERTEX_POINT('',#3895);
#1165=VERTEX_POINT('',#3898);
#1166=VERTEX_POINT('',#3903);
#1167=VERTEX_POINT('',#3905);
#1168=VERTEX_POINT('',#3909);
#1169=VERTEX_POINT('',#3911);
#1170=VERTEX_POINT('',#3915);
#1171=VERTEX_POINT('',#3917);
#1172=VERTEX_POINT('',#3921);
#1173=VERTEX_POINT('',#3923);
#1174=VERTEX_POINT('',#3926);
#1175=VERTEX_POINT('',#3929);
#1176=VERTEX_POINT('',#3934);
#1177=VERTEX_POINT('',#3936);
#1178=VERTEX_POINT('',#3940);
#1179=VERTEX_POINT('',#3942);
#1180=VERTEX_POINT('',#3946);
#1181=VERTEX_POINT('',#3948);
#1182=VERTEX_POINT('',#3952);
#1183=VERTEX_POINT('',#3954);
#1184=VERTEX_POINT('',#3957);
#1185=VERTEX_POINT('',#3960);
#1186=VERTEX_POINT('',#3965);
#1187=VERTEX_POINT('',#3967);
#1188=VERTEX_POINT('',#3971);
#1189=VERTEX_POINT('',#3973);
#1190=VERTEX_POINT('',#3977);
#1191=VERTEX_POINT('',#3978);
#1192=VERTEX_POINT('',#3980);
#1193=VERTEX_POINT('',#3982);
#1194=VERTEX_POINT('',#3985);
#1195=VERTEX_POINT('',#3987);
#1196=VERTEX_POINT('',#3989);
#1197=VERTEX_POINT('',#3991);
#1198=VERTEX_POINT('',#3993);
#1199=VERTEX_POINT('',#3996);
#1200=VERTEX_POINT('',#4000);
#1201=VERTEX_POINT('',#4004);
#1202=VERTEX_POINT('',#4008);
#1203=VERTEX_POINT('',#4012);
#1204=VERTEX_POINT('',#4016);
#1205=VERTEX_POINT('',#4020);
#1206=VERTEX_POINT('',#4024);
#1207=VERTEX_POINT('',#4025);
#1208=VERTEX_POINT('',#4027);
#1209=VERTEX_POINT('',#4029);
#1210=VERTEX_POINT('',#4033);
#1211=VERTEX_POINT('',#4035);
#1212=VERTEX_POINT('',#4039);
#1213=VERTEX_POINT('',#4041);
#1214=VERTEX_POINT('',#4045);
#1215=VERTEX_POINT('',#4047);
#1216=VERTEX_POINT('',#4051);
#1217=VERTEX_POINT('',#4053);
#1218=VERTEX_POINT('',#4057);
#1219=VERTEX_POINT('',#4059);
#1220=VERTEX_POINT('',#4063);
#1221=VERTEX_POINT('',#4065);
#1222=VERTEX_POINT('',#4069);
#1223=VERTEX_POINT('',#4071);
#1224=VERTEX_POINT('',#4075);
#1225=VERTEX_POINT('',#4077);
#1226=VERTEX_POINT('',#4081);
#1227=VERTEX_POINT('',#4083);
#1228=VERTEX_POINT('',#4087);
#1229=VERTEX_POINT('',#4089);
#1230=VERTEX_POINT('',#4093);
#1231=VERTEX_POINT('',#4095);
#1232=VERTEX_POINT('',#4099);
#1233=VERTEX_POINT('',#4101);
#1234=VERTEX_POINT('',#4105);
#1235=VERTEX_POINT('',#4107);
#1236=VERTEX_POINT('',#4111);
#1237=VERTEX_POINT('',#4113);
#1238=VERTEX_POINT('',#4120);
#1239=VERTEX_POINT('',#4121);
#1240=VERTEX_POINT('',#4123);
#1241=VERTEX_POINT('',#4125);
#1242=VERTEX_POINT('',#4129);
#1243=VERTEX_POINT('',#4131);
#1244=VERTEX_POINT('',#4135);
#1245=VERTEX_POINT('',#4137);
#1246=VERTEX_POINT('',#4145);
#1247=VERTEX_POINT('',#4146);
#1248=VERTEX_POINT('',#4148);
#1249=VERTEX_POINT('',#4150);
#1250=VERTEX_POINT('',#4174);
#1251=VERTEX_POINT('',#4179);
#1252=VERTEX_POINT('',#4184);
#1253=VERTEX_POINT('',#4189);
#1254=VERTEX_POINT('',#4194);
#1255=VERTEX_POINT('',#4199);
#1256=VERTEX_POINT('',#4204);
#1257=VERTEX_POINT('',#4209);
#1258=VERTEX_POINT('',#4214);
#1259=VERTEX_POINT('',#4218);
#1260=VERTEX_POINT('',#4232);
#1261=VERTEX_POINT('',#4234);
#1262=VERTEX_POINT('',#4238);
#1263=VERTEX_POINT('',#4240);
#1264=VERTEX_POINT('',#4244);
#1265=VERTEX_POINT('',#4245);
#1266=VERTEX_POINT('',#4247);
#1267=VERTEX_POINT('',#4249);
#1268=VERTEX_POINT('',#4253);
#1269=VERTEX_POINT('',#4254);
#1270=VERTEX_POINT('',#4259);
#1271=VERTEX_POINT('',#4260);
#1272=VERTEX_POINT('',#4268);
#1273=VERTEX_POINT('',#4270);
#1274=VERTEX_POINT('',#4274);
#1275=VERTEX_POINT('',#4279);
#1276=VERTEX_POINT('',#4281);
#1277=VERTEX_POINT('',#4286);
#1278=VERTEX_POINT('',#4288);
#1279=VERTEX_POINT('',#4293);
#1280=VERTEX_POINT('',#4295);
#1281=VERTEX_POINT('',#4300);
#1282=VERTEX_POINT('',#4302);
#1283=VERTEX_POINT('',#4307);
#1284=VERTEX_POINT('',#4308);
#1285=VERTEX_POINT('',#4310);
#1286=VERTEX_POINT('',#4312);
#1287=VERTEX_POINT('',#4316);
#1288=VERTEX_POINT('',#4317);
#1289=VERTEX_POINT('',#4319);
#1290=VERTEX_POINT('',#4321);
#1291=VERTEX_POINT('',#4325);
#1292=VERTEX_POINT('',#4326);
#1293=VERTEX_POINT('',#4328);
#1294=VERTEX_POINT('',#4330);
#1295=VERTEX_POINT('',#4334);
#1296=VERTEX_POINT('',#4335);
#1297=VERTEX_POINT('',#4337);
#1298=VERTEX_POINT('',#4339);
#1299=VERTEX_POINT('',#4343);
#1300=VERTEX_POINT('',#4345);
#1301=VERTEX_POINT('',#4349);
#1302=VERTEX_POINT('',#4353);
#1303=VERTEX_POINT('',#4355);
#1304=VERTEX_POINT('',#4359);
#1305=VERTEX_POINT('',#4363);
#1306=VERTEX_POINT('',#4366);
#1307=VERTEX_POINT('',#4368);
#1308=VERTEX_POINT('',#4372);
#1309=VERTEX_POINT('',#4376);
#1310=VERTEX_POINT('',#4378);
#1311=VERTEX_POINT('',#4383);
#1312=VERTEX_POINT('',#4387);
#1313=VERTEX_POINT('',#4391);
#1314=VERTEX_POINT('',#4395);
#1315=VERTEX_POINT('',#4397);
#1316=VERTEX_POINT('',#4402);
#1317=VERTEX_POINT('',#4406);
#1318=VERTEX_POINT('',#4410);
#1319=VERTEX_POINT('',#4419);
#1320=EDGE_CURVE('',#1084,#1085,#966,.T.);
#1321=EDGE_CURVE('',#1085,#1086,#482,.T.);
#1322=EDGE_CURVE('',#1086,#1087,#967,.F.);
#1323=EDGE_CURVE('',#1087,#1084,#483,.T.);
#1324=EDGE_CURVE('',#1088,#1085,#484,.T.);
#1325=EDGE_CURVE('',#1089,#1088,#485,.T.);
#1326=EDGE_CURVE('',#1086,#1089,#486,.T.);
#1327=EDGE_CURVE('',#1084,#1090,#487,.T.);
#1328=EDGE_CURVE('',#1090,#1091,#488,.T.);
#1329=EDGE_CURVE('',#1091,#1092,#489,.T.);
#1330=EDGE_CURVE('',#1088,#1092,#968,.T.);
#1331=EDGE_CURVE('',#1093,#1093,#969,.T.);
#1332=EDGE_CURVE('',#1092,#1094,#490,.T.);
#1333=EDGE_CURVE('',#1094,#1089,#970,.F.);
#1334=EDGE_CURVE('',#1091,#1095,#491,.T.);
#1335=EDGE_CURVE('',#1095,#1096,#492,.T.);
#1336=EDGE_CURVE('',#1096,#1097,#493,.T.);
#1337=EDGE_CURVE('',#1098,#1097,#494,.T.);
#1338=EDGE_CURVE('',#1099,#1098,#495,.T.);
#1339=EDGE_CURVE('',#1094,#1099,#496,.T.);
#1340=EDGE_CURVE('',#1100,#1101,#971,.T.);
#1341=EDGE_CURVE('',#1101,#1102,#497,.T.);
#1342=EDGE_CURVE('',#1102,#1103,#972,.F.);
#1343=EDGE_CURVE('',#1103,#1100,#498,.T.);
#1344=EDGE_CURVE('',#1104,#1101,#499,.T.);
#1345=EDGE_CURVE('',#1105,#1104,#500,.T.);
#1346=EDGE_CURVE('',#1102,#1105,#501,.T.);
#1347=EDGE_CURVE('',#1100,#1106,#502,.T.);
#1348=EDGE_CURVE('',#1106,#1107,#503,.T.);
#1349=EDGE_CURVE('',#1107,#1108,#504,.T.);
#1350=EDGE_CURVE('',#1104,#1108,#973,.T.);
#1351=EDGE_CURVE('',#1109,#1109,#974,.T.);
#1352=EDGE_CURVE('',#1108,#1110,#505,.T.);
#1353=EDGE_CURVE('',#1110,#1105,#975,.F.);
#1354=EDGE_CURVE('',#1107,#1111,#506,.T.);
#1355=EDGE_CURVE('',#1111,#1112,#507,.T.);
#1356=EDGE_CURVE('',#1112,#1113,#508,.T.);
#1357=EDGE_CURVE('',#1114,#1113,#509,.T.);
#1358=EDGE_CURVE('',#1115,#1114,#510,.T.);
#1359=EDGE_CURVE('',#1110,#1115,#511,.T.);
#1360=EDGE_CURVE('',#1116,#1117,#976,.T.);
#1361=EDGE_CURVE('',#1117,#1118,#512,.T.);
#1362=EDGE_CURVE('',#1118,#1119,#977,.F.);
#1363=EDGE_CURVE('',#1119,#1116,#513,.T.);
#1364=EDGE_CURVE('',#1120,#1117,#514,.T.);
#1365=EDGE_CURVE('',#1121,#1120,#515,.T.);
#1366=EDGE_CURVE('',#1118,#1121,#516,.T.);
#1367=EDGE_CURVE('',#1116,#1122,#517,.T.);
#1368=EDGE_CURVE('',#1122,#1123,#518,.T.);
#1369=EDGE_CURVE('',#1123,#1124,#519,.T.);
#1370=EDGE_CURVE('',#1120,#1124,#978,.T.);
#1371=EDGE_CURVE('',#1125,#1125,#979,.T.);
#1372=EDGE_CURVE('',#1124,#1126,#520,.T.);
#1373=EDGE_CURVE('',#1126,#1121,#980,.F.);
#1374=EDGE_CURVE('',#1123,#1127,#521,.T.);
#1375=EDGE_CURVE('',#1127,#1128,#522,.T.);
#1376=EDGE_CURVE('',#1128,#1129,#523,.T.);
#1377=EDGE_CURVE('',#1130,#1129,#524,.T.);
#1378=EDGE_CURVE('',#1131,#1130,#525,.T.);
#1379=EDGE_CURVE('',#1126,#1131,#526,.T.);
#1380=EDGE_CURVE('',#1132,#1133,#981,.T.);
#1381=EDGE_CURVE('',#1133,#1134,#527,.T.);
#1382=EDGE_CURVE('',#1134,#1135,#982,.F.);
#1383=EDGE_CURVE('',#1135,#1132,#528,.T.);
#1384=EDGE_CURVE('',#1136,#1133,#529,.T.);
#1385=EDGE_CURVE('',#1137,#1136,#530,.T.);
#1386=EDGE_CURVE('',#1134,#1137,#531,.T.);
#1387=EDGE_CURVE('',#1132,#1138,#532,.T.);
#1388=EDGE_CURVE('',#1138,#1139,#533,.T.);
#1389=EDGE_CURVE('',#1139,#1140,#534,.T.);
#1390=EDGE_CURVE('',#1136,#1140,#983,.T.);
#1391=EDGE_CURVE('',#1141,#1141,#984,.T.);
#1392=EDGE_CURVE('',#1140,#1142,#535,.T.);
#1393=EDGE_CURVE('',#1142,#1137,#985,.F.);
#1394=EDGE_CURVE('',#1139,#1143,#536,.T.);
#1395=EDGE_CURVE('',#1143,#1144,#537,.T.);
#1396=EDGE_CURVE('',#1144,#1145,#538,.T.);
#1397=EDGE_CURVE('',#1146,#1145,#539,.T.);
#1398=EDGE_CURVE('',#1147,#1146,#540,.T.);
#1399=EDGE_CURVE('',#1142,#1147,#541,.T.);
#1400=EDGE_CURVE('',#1146,#1148,#986,.T.);
#1401=EDGE_CURVE('',#1148,#1149,#542,.T.);
#1402=EDGE_CURVE('',#1149,#1147,#987,.F.);
#1403=EDGE_CURVE('',#1150,#1148,#543,.T.);
#1404=EDGE_CURVE('',#1151,#1150,#544,.T.);
#1405=EDGE_CURVE('',#1149,#1151,#545,.T.);
#1406=EDGE_CURVE('',#1145,#1152,#546,.T.);
#1407=EDGE_CURVE('',#1152,#1153,#547,.T.);
#1408=EDGE_CURVE('',#1150,#1153,#988,.T.);
#1409=EDGE_CURVE('',#1154,#1154,#989,.T.);
#1410=EDGE_CURVE('',#1153,#1155,#548,.T.);
#1411=EDGE_CURVE('',#1155,#1151,#990,.F.);
#1412=EDGE_CURVE('',#1155,#1135,#549,.T.);
#1413=EDGE_CURVE('',#1152,#1156,#550,.T.);
#1414=EDGE_CURVE('',#1156,#1157,#551,.T.);
#1415=EDGE_CURVE('',#1157,#1138,#552,.T.);
#1416=EDGE_CURVE('',#1130,#1158,#991,.T.);
#1417=EDGE_CURVE('',#1158,#1159,#553,.T.);
#1418=EDGE_CURVE('',#1159,#1131,#992,.F.);
#1419=EDGE_CURVE('',#1160,#1158,#554,.T.);
#1420=EDGE_CURVE('',#1161,#1160,#555,.T.);
#1421=EDGE_CURVE('',#1159,#1161,#556,.T.);
#1422=EDGE_CURVE('',#1129,#1162,#557,.T.);
#1423=EDGE_CURVE('',#1162,#1163,#558,.T.);
#1424=EDGE_CURVE('',#1160,#1163,#993,.T.);
#1425=EDGE_CURVE('',#1164,#1164,#994,.T.);
#1426=EDGE_CURVE('',#1163,#1165,#559,.T.);
#1427=EDGE_CURVE('',#1165,#1161,#995,.F.);
#1428=EDGE_CURVE('',#1165,#1119,#560,.T.);
#1429=EDGE_CURVE('',#1162,#1166,#561,.T.);
#1430=EDGE_CURVE('',#1166,#1167,#562,.T.);
#1431=EDGE_CURVE('',#1167,#1122,#563,.T.);
#1432=EDGE_CURVE('',#1114,#1168,#996,.T.);
#1433=EDGE_CURVE('',#1168,#1169,#564,.T.);
#1434=EDGE_CURVE('',#1169,#1115,#997,.F.);
#1435=EDGE_CURVE('',#1170,#1168,#565,.T.);
#1436=EDGE_CURVE('',#1171,#1170,#566,.T.);
#1437=EDGE_CURVE('',#1169,#1171,#567,.T.);
#1438=EDGE_CURVE('',#1113,#1172,#568,.T.);
#1439=EDGE_CURVE('',#1172,#1173,#569,.T.);
#1440=EDGE_CURVE('',#1170,#1173,#998,.T.);
#1441=EDGE_CURVE('',#1174,#1174,#999,.T.);
#1442=EDGE_CURVE('',#1173,#1175,#570,.T.);
#1443=EDGE_CURVE('',#1175,#1171,#1000,.F.);
#1444=EDGE_CURVE('',#1175,#1103,#571,.T.);
#1445=EDGE_CURVE('',#1172,#1176,#572,.T.);
#1446=EDGE_CURVE('',#1176,#1177,#573,.T.);
#1447=EDGE_CURVE('',#1177,#1106,#574,.T.);
#1448=EDGE_CURVE('',#1098,#1178,#1001,.T.);
#1449=EDGE_CURVE('',#1178,#1179,#575,.T.);
#1450=EDGE_CURVE('',#1179,#1099,#1002,.F.);
#1451=EDGE_CURVE('',#1180,#1178,#576,.T.);
#1452=EDGE_CURVE('',#1181,#1180,#577,.T.);
#1453=EDGE_CURVE('',#1179,#1181,#578,.T.);
#1454=EDGE_CURVE('',#1097,#1182,#579,.T.);
#1455=EDGE_CURVE('',#1182,#1183,#580,.T.);
#1456=EDGE_CURVE('',#1180,#1183,#1003,.T.);
#1457=EDGE_CURVE('',#1184,#1184,#1004,.T.);
#1458=EDGE_CURVE('',#1183,#1185,#581,.T.);
#1459=EDGE_CURVE('',#1185,#1181,#1005,.F.);
#1460=EDGE_CURVE('',#1185,#1087,#582,.T.);
#1461=EDGE_CURVE('',#1182,#1186,#583,.T.);
#1462=EDGE_CURVE('',#1186,#1187,#584,.T.);
#1463=EDGE_CURVE('',#1187,#1090,#585,.T.);
#1464=EDGE_CURVE('',#1188,#1188,#1006,.T.);
#1465=EDGE_CURVE('',#1188,#1189,#586,.T.);
#1466=EDGE_CURVE('',#1189,#1189,#1007,.T.);
#1467=EDGE_CURVE('',#1190,#1191,#1008,.T.);
#1468=EDGE_CURVE('',#1190,#1192,#587,.T.);
#1469=EDGE_CURVE('',#1193,#1192,#1009,.T.);
#1470=EDGE_CURVE('',#1191,#1193,#588,.T.);
#1471=EDGE_CURVE('',#1194,#1194,#1010,.T.);
#1472=EDGE_CURVE('',#1195,#1195,#1011,.T.);
#1473=EDGE_CURVE('',#1196,#1196,#1012,.T.);
#1474=EDGE_CURVE('',#1197,#1197,#1013,.T.);
#1475=EDGE_CURVE('',#1198,#1198,#1014,.T.);
#1476=EDGE_CURVE('',#1199,#1199,#1015,.T.);
#1477=EDGE_CURVE('',#1199,#1189,#589,.T.);
#1478=EDGE_CURVE('',#1194,#1200,#590,.T.);
#1479=EDGE_CURVE('',#1200,#1200,#1016,.T.);
#1480=EDGE_CURVE('',#1201,#1201,#1017,.T.);
#1481=EDGE_CURVE('',#1201,#1200,#591,.T.);
#1482=EDGE_CURVE('',#1198,#1202,#592,.T.);
#1483=EDGE_CURVE('',#1202,#1202,#1018,.T.);
#1484=EDGE_CURVE('',#1203,#1203,#1019,.T.);
#1485=EDGE_CURVE('',#1203,#1202,#593,.T.);
#1486=EDGE_CURVE('',#1195,#1204,#594,.T.);
#1487=EDGE_CURVE('',#1204,#1204,#1020,.T.);
#1488=EDGE_CURVE('',#1205,#1205,#1021,.T.);
#1489=EDGE_CURVE('',#1205,#1204,#595,.T.);
#1490=EDGE_CURVE('',#1206,#1207,#596,.T.);
#1491=EDGE_CURVE('',#1206,#1208,#597,.T.);
#1492=EDGE_CURVE('',#1209,#1208,#598,.T.);
#1493=EDGE_CURVE('',#1207,#1209,#599,.T.);
#1494=EDGE_CURVE('',#1207,#1210,#1022,.T.);
#1495=EDGE_CURVE('',#1211,#1209,#1023,.T.);
#1496=EDGE_CURVE('',#1210,#1211,#600,.T.);
#1497=EDGE_CURVE('',#1210,#1212,#601,.T.);
#1498=EDGE_CURVE('',#1213,#1211,#602,.T.);
#1499=EDGE_CURVE('',#1212,#1213,#603,.T.);
#1500=EDGE_CURVE('',#1212,#1214,#1024,.T.);
#1501=EDGE_CURVE('',#1215,#1213,#1025,.T.);
#1502=EDGE_CURVE('',#1214,#1215,#604,.T.);
#1503=EDGE_CURVE('',#1214,#1216,#605,.T.);
#1504=EDGE_CURVE('',#1217,#1215,#606,.T.);
#1505=EDGE_CURVE('',#1216,#1217,#607,.T.);
#1506=EDGE_CURVE('',#1216,#1218,#1026,.T.);
#1507=EDGE_CURVE('',#1219,#1217,#1027,.T.);
#1508=EDGE_CURVE('',#1218,#1219,#608,.T.);
#1509=EDGE_CURVE('',#1218,#1220,#609,.T.);
#1510=EDGE_CURVE('',#1221,#1219,#610,.T.);
#1511=EDGE_CURVE('',#1220,#1221,#611,.T.);
#1512=EDGE_CURVE('',#1220,#1222,#612,.T.);
#1513=EDGE_CURVE('',#1223,#1221,#613,.T.);
#1514=EDGE_CURVE('',#1222,#1223,#614,.T.);
#1515=EDGE_CURVE('',#1222,#1224,#615,.T.);
#1516=EDGE_CURVE('',#1225,#1223,#616,.T.);
#1517=EDGE_CURVE('',#1224,#1225,#617,.T.);
#1518=EDGE_CURVE('',#1224,#1226,#1028,.T.);
#1519=EDGE_CURVE('',#1227,#1225,#1029,.T.);
#1520=EDGE_CURVE('',#1226,#1227,#618,.T.);
#1521=EDGE_CURVE('',#1226,#1228,#619,.T.);
#1522=EDGE_CURVE('',#1229,#1227,#620,.T.);
#1523=EDGE_CURVE('',#1228,#1229,#621,.T.);
#1524=EDGE_CURVE('',#1228,#1230,#1030,.T.);
#1525=EDGE_CURVE('',#1231,#1229,#1031,.T.);
#1526=EDGE_CURVE('',#1230,#1231,#622,.T.);
#1527=EDGE_CURVE('',#1230,#1232,#623,.T.);
#1528=EDGE_CURVE('',#1233,#1231,#624,.T.);
#1529=EDGE_CURVE('',#1232,#1233,#625,.T.);
#1530=EDGE_CURVE('',#1232,#1234,#1032,.T.);
#1531=EDGE_CURVE('',#1235,#1233,#1033,.T.);
#1532=EDGE_CURVE('',#1234,#1235,#626,.T.);
#1533=EDGE_CURVE('',#1234,#1236,#627,.T.);
#1534=EDGE_CURVE('',#1237,#1235,#628,.T.);
#1535=EDGE_CURVE('',#1236,#1237,#629,.T.);
#1536=EDGE_CURVE('',#1236,#1206,#630,.T.);
#1537=EDGE_CURVE('',#1208,#1237,#631,.T.);
#1538=EDGE_CURVE('',#1238,#1239,#632,.T.);
#1539=EDGE_CURVE('',#1238,#1240,#633,.T.);
#1540=EDGE_CURVE('',#1241,#1240,#634,.T.);
#1541=EDGE_CURVE('',#1239,#1241,#635,.T.);
#1542=EDGE_CURVE('',#1239,#1242,#1034,.T.);
#1543=EDGE_CURVE('',#1243,#1241,#1035,.T.);
#1544=EDGE_CURVE('',#1242,#1243,#636,.T.);
#1545=EDGE_CURVE('',#1242,#1244,#637,.T.);
#1546=EDGE_CURVE('',#1245,#1243,#638,.T.);
#1547=EDGE_CURVE('',#1244,#1245,#639,.T.);
#1548=EDGE_CURVE('',#1244,#1238,#1036,.T.);
#1549=EDGE_CURVE('',#1240,#1245,#1037,.T.);
#1550=EDGE_CURVE('',#1246,#1247,#1038,.T.);
#1551=EDGE_CURVE('',#1247,#1248,#640,.T.);
#1552=EDGE_CURVE('',#1248,#1249,#1039,.T.);
#1553=EDGE_CURVE('',#1249,#1246,#641,.T.);
#1554=EDGE_CURVE('',#1157,#1143,#642,.T.);
#1555=EDGE_CURVE('',#1144,#1156,#643,.T.);
#1556=EDGE_CURVE('',#1177,#1111,#644,.T.);
#1557=EDGE_CURVE('',#1112,#1176,#645,.T.);
#1558=EDGE_CURVE('',#1167,#1127,#646,.T.);
#1559=EDGE_CURVE('',#1128,#1166,#647,.T.);
#1560=EDGE_CURVE('',#1187,#1095,#648,.T.);
#1561=EDGE_CURVE('',#1096,#1186,#649,.T.);
#1562=EDGE_CURVE('',#1125,#1250,#650,.T.);
#1563=EDGE_CURVE('',#1250,#1250,#1040,.T.);
#1564=EDGE_CURVE('',#1184,#1251,#651,.T.);
#1565=EDGE_CURVE('',#1251,#1251,#1041,.T.);
#1566=EDGE_CURVE('',#1174,#1252,#652,.T.);
#1567=EDGE_CURVE('',#1252,#1252,#1042,.T.);
#1568=EDGE_CURVE('',#1154,#1253,#653,.T.);
#1569=EDGE_CURVE('',#1253,#1253,#1043,.T.);
#1570=EDGE_CURVE('',#1164,#1254,#654,.T.);
#1571=EDGE_CURVE('',#1254,#1254,#1044,.T.);
#1572=EDGE_CURVE('',#1093,#1255,#655,.T.);
#1573=EDGE_CURVE('',#1255,#1255,#1045,.T.);
#1574=EDGE_CURVE('',#1109,#1256,#656,.T.);
#1575=EDGE_CURVE('',#1256,#1256,#1046,.T.);
#1576=EDGE_CURVE('',#1141,#1257,#657,.T.);
#1577=EDGE_CURVE('',#1257,#1257,#1047,.T.);
#1578=EDGE_CURVE('',#1258,#1258,#1048,.T.);
#1579=EDGE_CURVE('',#1258,#1196,#658,.T.);
#1580=EDGE_CURVE('',#1259,#1259,#1049,.T.);
#1581=EDGE_CURVE('',#1259,#1197,#659,.T.);
#1582=EDGE_CURVE('',#1190,#1246,#660,.T.);
#1583=EDGE_CURVE('',#1192,#1249,#661,.T.);
#1584=EDGE_CURVE('',#1193,#1248,#662,.T.);
#1585=EDGE_CURVE('',#1191,#1247,#663,.T.);
#1586=EDGE_CURVE('',#1260,#1260,#1050,.T.);
#1587=EDGE_CURVE('',#1260,#1261,#664,.T.);
#1588=EDGE_CURVE('',#1261,#1261,#1051,.T.);
#1589=EDGE_CURVE('',#1262,#1262,#1052,.T.);
#1590=EDGE_CURVE('',#1262,#1263,#665,.T.);
#1591=EDGE_CURVE('',#1263,#1263,#1053,.T.);
#1592=EDGE_CURVE('',#1264,#1265,#1054,.T.);
#1593=EDGE_CURVE('',#1265,#1266,#1055,.T.);
#1594=EDGE_CURVE('',#1266,#1267,#1056,.T.);
#1595=EDGE_CURVE('',#1267,#1264,#1057,.T.);
#1596=EDGE_CURVE('',#1268,#1269,#1058,.T.);
#1597=EDGE_CURVE('',#1269,#1267,#666,.T.);
#1598=EDGE_CURVE('',#1266,#1268,#667,.T.);
#1599=EDGE_CURVE('',#1270,#1271,#1059,.T.);
#1600=EDGE_CURVE('',#1271,#1269,#1060,.T.);
#1601=EDGE_CURVE('',#1268,#1270,#1061,.T.);
#1602=EDGE_CURVE('',#1264,#1271,#668,.T.);
#1603=EDGE_CURVE('',#1270,#1265,#669,.T.);
#1604=EDGE_CURVE('',#1264,#1272,#670,.T.);
#1605=EDGE_CURVE('',#1273,#1272,#671,.T.);
#1606=EDGE_CURVE('',#1271,#1273,#672,.T.);
#1607=EDGE_CURVE('',#1267,#1274,#673,.T.);
#1608=EDGE_CURVE('',#1272,#1274,#1062,.T.);
#1609=EDGE_CURVE('',#1275,#1275,#1063,.T.);
#1610=EDGE_CURVE('',#1275,#1276,#674,.T.);
#1611=EDGE_CURVE('',#1276,#1276,#1064,.T.);
#1612=EDGE_CURVE('',#1277,#1277,#1065,.T.);
#1613=EDGE_CURVE('',#1277,#1278,#675,.T.);
#1614=EDGE_CURVE('',#1278,#1278,#1066,.T.);
#1615=EDGE_CURVE('',#1279,#1279,#1067,.T.);
#1616=EDGE_CURVE('',#1279,#1280,#676,.T.);
#1617=EDGE_CURVE('',#1280,#1280,#1068,.T.);
#1618=EDGE_CURVE('',#1281,#1281,#1069,.T.);
#1619=EDGE_CURVE('',#1281,#1282,#677,.T.);
#1620=EDGE_CURVE('',#1282,#1282,#1070,.T.);
#1621=EDGE_CURVE('',#1283,#1284,#1071,.T.);
#1622=EDGE_CURVE('',#1285,#1283,#678,.T.);
#1623=EDGE_CURVE('',#1286,#1285,#679,.T.);
#1624=EDGE_CURVE('',#1284,#1286,#680,.T.);
#1625=EDGE_CURVE('',#1287,#1288,#1072,.T.);
#1626=EDGE_CURVE('',#1289,#1287,#681,.T.);
#1627=EDGE_CURVE('',#1290,#1289,#682,.T.);
#1628=EDGE_CURVE('',#1288,#1290,#683,.T.);
#1629=EDGE_CURVE('',#1291,#1292,#684,.T.);
#1630=EDGE_CURVE('',#1293,#1291,#685,.T.);
#1631=EDGE_CURVE('',#1294,#1293,#1073,.T.);
#1632=EDGE_CURVE('',#1292,#1294,#686,.T.);
#1633=EDGE_CURVE('',#1295,#1296,#687,.T.);
#1634=EDGE_CURVE('',#1297,#1295,#688,.T.);
#1635=EDGE_CURVE('',#1298,#1297,#1074,.T.);
#1636=EDGE_CURVE('',#1296,#1298,#689,.T.);
#1637=EDGE_CURVE('',#1299,#1283,#690,.T.);
#1638=EDGE_CURVE('',#1300,#1299,#691,.T.);
#1639=EDGE_CURVE('',#1300,#1285,#692,.T.);
#1640=EDGE_CURVE('',#1301,#1284,#693,.T.);
#1641=EDGE_CURVE('',#1299,#1301,#1075,.T.);
#1642=EDGE_CURVE('',#1302,#1287,#694,.T.);
#1643=EDGE_CURVE('',#1303,#1302,#695,.T.);
#1644=EDGE_CURVE('',#1303,#1289,#696,.T.);
#1645=EDGE_CURVE('',#1304,#1288,#697,.T.);
#1646=EDGE_CURVE('',#1302,#1304,#1076,.T.);
#1647=EDGE_CURVE('',#1305,#1303,#698,.T.);
#1648=EDGE_CURVE('',#1305,#1286,#699,.T.);
#1649=EDGE_CURVE('',#1285,#1306,#700,.T.);
#1650=EDGE_CURVE('',#1307,#1306,#701,.T.);
#1651=EDGE_CURVE('',#1290,#1307,#702,.T.);
#1652=EDGE_CURVE('',#1308,#1290,#703,.T.);
#1653=EDGE_CURVE('',#1304,#1308,#704,.T.);
#1654=EDGE_CURVE('',#1308,#1309,#1077,.T.);
#1655=EDGE_CURVE('',#1310,#1307,#1078,.T.);
#1656=EDGE_CURVE('',#1296,#1310,#705,.T.);
#1657=EDGE_CURVE('',#1309,#1296,#706,.T.);
#1658=EDGE_CURVE('',#1311,#1298,#707,.T.);
#1659=EDGE_CURVE('',#1309,#1311,#708,.T.);
#1660=EDGE_CURVE('',#1312,#1297,#709,.T.);
#1661=EDGE_CURVE('',#1311,#1312,#1079,.T.);
#1662=EDGE_CURVE('',#1313,#1295,#710,.T.);
#1663=EDGE_CURVE('',#1312,#1313,#711,.T.);
#1664=EDGE_CURVE('',#1313,#1314,#712,.T.);
#1665=EDGE_CURVE('',#1315,#1310,#713,.T.);
#1666=EDGE_CURVE('',#1291,#1315,#714,.T.);
#1667=EDGE_CURVE('',#1314,#1292,#715,.T.);
#1668=EDGE_CURVE('',#1316,#1294,#716,.T.);
#1669=EDGE_CURVE('',#1314,#1316,#717,.T.);
#1670=EDGE_CURVE('',#1317,#1293,#718,.T.);
#1671=EDGE_CURVE('',#1316,#1317,#1080,.T.);
#1672=EDGE_CURVE('',#1318,#1291,#719,.T.);
#1673=EDGE_CURVE('',#1317,#1318,#720,.T.);
#1674=EDGE_CURVE('',#1318,#1300,#1081,.T.);
#1675=EDGE_CURVE('',#1306,#1315,#1082,.T.);
#1676=EDGE_CURVE('',#1301,#1305,#721,.T.);
#1677=EDGE_CURVE('',#1274,#1319,#722,.T.);
#1678=EDGE_CURVE('',#1319,#1273,#1083,.T.);
#1679=EDGE_CURVE('',#1269,#1319,#723,.T.);
#1680=ORIENTED_EDGE('',*,*,#1320,.T.);
#1681=ORIENTED_EDGE('',*,*,#1321,.T.);
#1682=ORIENTED_EDGE('',*,*,#1322,.T.);
#1683=ORIENTED_EDGE('',*,*,#1323,.T.);
#1684=ORIENTED_EDGE('',*,*,#1321,.F.);
#1685=ORIENTED_EDGE('',*,*,#1324,.F.);
#1686=ORIENTED_EDGE('',*,*,#1325,.F.);
#1687=ORIENTED_EDGE('',*,*,#1326,.F.);
#1688=ORIENTED_EDGE('',*,*,#1320,.F.);
#1689=ORIENTED_EDGE('',*,*,#1327,.T.);
#1690=ORIENTED_EDGE('',*,*,#1328,.T.);
#1691=ORIENTED_EDGE('',*,*,#1329,.T.);
#1692=ORIENTED_EDGE('',*,*,#1330,.F.);
#1693=ORIENTED_EDGE('',*,*,#1324,.T.);
#1694=ORIENTED_EDGE('',*,*,#1331,.T.);
#1695=ORIENTED_EDGE('',*,*,#1330,.T.);
#1696=ORIENTED_EDGE('',*,*,#1332,.T.);
#1697=ORIENTED_EDGE('',*,*,#1333,.T.);
#1698=ORIENTED_EDGE('',*,*,#1325,.T.);
#1699=ORIENTED_EDGE('',*,*,#1332,.F.);
#1700=ORIENTED_EDGE('',*,*,#1329,.F.);
#1701=ORIENTED_EDGE('',*,*,#1334,.T.);
#1702=ORIENTED_EDGE('',*,*,#1335,.T.);
#1703=ORIENTED_EDGE('',*,*,#1336,.T.);
#1704=ORIENTED_EDGE('',*,*,#1337,.F.);
#1705=ORIENTED_EDGE('',*,*,#1338,.F.);
#1706=ORIENTED_EDGE('',*,*,#1339,.F.);
#1707=ORIENTED_EDGE('',*,*,#1340,.T.);
#1708=ORIENTED_EDGE('',*,*,#1341,.T.);
#1709=ORIENTED_EDGE('',*,*,#1342,.T.);
#1710=ORIENTED_EDGE('',*,*,#1343,.T.);
#1711=ORIENTED_EDGE('',*,*,#1341,.F.);
#1712=ORIENTED_EDGE('',*,*,#1344,.F.);
#1713=ORIENTED_EDGE('',*,*,#1345,.F.);
#1714=ORIENTED_EDGE('',*,*,#1346,.F.);
#1715=ORIENTED_EDGE('',*,*,#1340,.F.);
#1716=ORIENTED_EDGE('',*,*,#1347,.T.);
#1717=ORIENTED_EDGE('',*,*,#1348,.T.);
#1718=ORIENTED_EDGE('',*,*,#1349,.T.);
#1719=ORIENTED_EDGE('',*,*,#1350,.F.);
#1720=ORIENTED_EDGE('',*,*,#1344,.T.);
#1721=ORIENTED_EDGE('',*,*,#1351,.T.);
#1722=ORIENTED_EDGE('',*,*,#1350,.T.);
#1723=ORIENTED_EDGE('',*,*,#1352,.T.);
#1724=ORIENTED_EDGE('',*,*,#1353,.T.);
#1725=ORIENTED_EDGE('',*,*,#1345,.T.);
#1726=ORIENTED_EDGE('',*,*,#1352,.F.);
#1727=ORIENTED_EDGE('',*,*,#1349,.F.);
#1728=ORIENTED_EDGE('',*,*,#1354,.T.);
#1729=ORIENTED_EDGE('',*,*,#1355,.T.);
#1730=ORIENTED_EDGE('',*,*,#1356,.T.);
#1731=ORIENTED_EDGE('',*,*,#1357,.F.);
#1732=ORIENTED_EDGE('',*,*,#1358,.F.);
#1733=ORIENTED_EDGE('',*,*,#1359,.F.);
#1734=ORIENTED_EDGE('',*,*,#1360,.T.);
#1735=ORIENTED_EDGE('',*,*,#1361,.T.);
#1736=ORIENTED_EDGE('',*,*,#1362,.T.);
#1737=ORIENTED_EDGE('',*,*,#1363,.T.);
#1738=ORIENTED_EDGE('',*,*,#1361,.F.);
#1739=ORIENTED_EDGE('',*,*,#1364,.F.);
#1740=ORIENTED_EDGE('',*,*,#1365,.F.);
#1741=ORIENTED_EDGE('',*,*,#1366,.F.);
#1742=ORIENTED_EDGE('',*,*,#1360,.F.);
#1743=ORIENTED_EDGE('',*,*,#1367,.T.);
#1744=ORIENTED_EDGE('',*,*,#1368,.T.);
#1745=ORIENTED_EDGE('',*,*,#1369,.T.);
#1746=ORIENTED_EDGE('',*,*,#1370,.F.);
#1747=ORIENTED_EDGE('',*,*,#1364,.T.);
#1748=ORIENTED_EDGE('',*,*,#1371,.T.);
#1749=ORIENTED_EDGE('',*,*,#1370,.T.);
#1750=ORIENTED_EDGE('',*,*,#1372,.T.);
#1751=ORIENTED_EDGE('',*,*,#1373,.T.);
#1752=ORIENTED_EDGE('',*,*,#1365,.T.);
#1753=ORIENTED_EDGE('',*,*,#1372,.F.);
#1754=ORIENTED_EDGE('',*,*,#1369,.F.);
#1755=ORIENTED_EDGE('',*,*,#1374,.T.);
#1756=ORIENTED_EDGE('',*,*,#1375,.T.);
#1757=ORIENTED_EDGE('',*,*,#1376,.T.);
#1758=ORIENTED_EDGE('',*,*,#1377,.F.);
#1759=ORIENTED_EDGE('',*,*,#1378,.F.);
#1760=ORIENTED_EDGE('',*,*,#1379,.F.);
#1761=ORIENTED_EDGE('',*,*,#1380,.T.);
#1762=ORIENTED_EDGE('',*,*,#1381,.T.);
#1763=ORIENTED_EDGE('',*,*,#1382,.T.);
#1764=ORIENTED_EDGE('',*,*,#1383,.T.);
#1765=ORIENTED_EDGE('',*,*,#1381,.F.);
#1766=ORIENTED_EDGE('',*,*,#1384,.F.);
#1767=ORIENTED_EDGE('',*,*,#1385,.F.);
#1768=ORIENTED_EDGE('',*,*,#1386,.F.);
#1769=ORIENTED_EDGE('',*,*,#1380,.F.);
#1770=ORIENTED_EDGE('',*,*,#1387,.T.);
#1771=ORIENTED_EDGE('',*,*,#1388,.T.);
#1772=ORIENTED_EDGE('',*,*,#1389,.T.);
#1773=ORIENTED_EDGE('',*,*,#1390,.F.);
#1774=ORIENTED_EDGE('',*,*,#1384,.T.);
#1775=ORIENTED_EDGE('',*,*,#1391,.T.);
#1776=ORIENTED_EDGE('',*,*,#1390,.T.);
#1777=ORIENTED_EDGE('',*,*,#1392,.T.);
#1778=ORIENTED_EDGE('',*,*,#1393,.T.);
#1779=ORIENTED_EDGE('',*,*,#1385,.T.);
#1780=ORIENTED_EDGE('',*,*,#1392,.F.);
#1781=ORIENTED_EDGE('',*,*,#1389,.F.);
#1782=ORIENTED_EDGE('',*,*,#1394,.T.);
#1783=ORIENTED_EDGE('',*,*,#1395,.T.);
#1784=ORIENTED_EDGE('',*,*,#1396,.T.);
#1785=ORIENTED_EDGE('',*,*,#1397,.F.);
#1786=ORIENTED_EDGE('',*,*,#1398,.F.);
#1787=ORIENTED_EDGE('',*,*,#1399,.F.);
#1788=ORIENTED_EDGE('',*,*,#1400,.T.);
#1789=ORIENTED_EDGE('',*,*,#1401,.T.);
#1790=ORIENTED_EDGE('',*,*,#1402,.T.);
#1791=ORIENTED_EDGE('',*,*,#1398,.T.);
#1792=ORIENTED_EDGE('',*,*,#1401,.F.);
#1793=ORIENTED_EDGE('',*,*,#1403,.F.);
#1794=ORIENTED_EDGE('',*,*,#1404,.F.);
#1795=ORIENTED_EDGE('',*,*,#1405,.F.);
#1796=ORIENTED_EDGE('',*,*,#1400,.F.);
#1797=ORIENTED_EDGE('',*,*,#1397,.T.);
#1798=ORIENTED_EDGE('',*,*,#1406,.T.);
#1799=ORIENTED_EDGE('',*,*,#1407,.T.);
#1800=ORIENTED_EDGE('',*,*,#1408,.F.);
#1801=ORIENTED_EDGE('',*,*,#1403,.T.);
#1802=ORIENTED_EDGE('',*,*,#1409,.T.);
#1803=ORIENTED_EDGE('',*,*,#1408,.T.);
#1804=ORIENTED_EDGE('',*,*,#1410,.T.);
#1805=ORIENTED_EDGE('',*,*,#1411,.T.);
#1806=ORIENTED_EDGE('',*,*,#1404,.T.);
#1807=ORIENTED_EDGE('',*,*,#1383,.F.);
#1808=ORIENTED_EDGE('',*,*,#1412,.F.);
#1809=ORIENTED_EDGE('',*,*,#1410,.F.);
#1810=ORIENTED_EDGE('',*,*,#1407,.F.);
#1811=ORIENTED_EDGE('',*,*,#1413,.T.);
#1812=ORIENTED_EDGE('',*,*,#1414,.T.);
#1813=ORIENTED_EDGE('',*,*,#1415,.T.);
#1814=ORIENTED_EDGE('',*,*,#1387,.F.);
#1815=ORIENTED_EDGE('',*,*,#1416,.T.);
#1816=ORIENTED_EDGE('',*,*,#1417,.T.);
#1817=ORIENTED_EDGE('',*,*,#1418,.T.);
#1818=ORIENTED_EDGE('',*,*,#1378,.T.);
#1819=ORIENTED_EDGE('',*,*,#1417,.F.);
#1820=ORIENTED_EDGE('',*,*,#1419,.F.);
#1821=ORIENTED_EDGE('',*,*,#1420,.F.);
#1822=ORIENTED_EDGE('',*,*,#1421,.F.);
#1823=ORIENTED_EDGE('',*,*,#1416,.F.);
#1824=ORIENTED_EDGE('',*,*,#1377,.T.);
#1825=ORIENTED_EDGE('',*,*,#1422,.T.);
#1826=ORIENTED_EDGE('',*,*,#1423,.T.);
#1827=ORIENTED_EDGE('',*,*,#1424,.F.);
#1828=ORIENTED_EDGE('',*,*,#1419,.T.);
#1829=ORIENTED_EDGE('',*,*,#1425,.T.);
#1830=ORIENTED_EDGE('',*,*,#1424,.T.);
#1831=ORIENTED_EDGE('',*,*,#1426,.T.);
#1832=ORIENTED_EDGE('',*,*,#1427,.T.);
#1833=ORIENTED_EDGE('',*,*,#1420,.T.);
#1834=ORIENTED_EDGE('',*,*,#1363,.F.);
#1835=ORIENTED_EDGE('',*,*,#1428,.F.);
#1836=ORIENTED_EDGE('',*,*,#1426,.F.);
#1837=ORIENTED_EDGE('',*,*,#1423,.F.);
#1838=ORIENTED_EDGE('',*,*,#1429,.T.);
#1839=ORIENTED_EDGE('',*,*,#1430,.T.);
#1840=ORIENTED_EDGE('',*,*,#1431,.T.);
#1841=ORIENTED_EDGE('',*,*,#1367,.F.);
#1842=ORIENTED_EDGE('',*,*,#1432,.T.);
#1843=ORIENTED_EDGE('',*,*,#1433,.T.);
#1844=ORIENTED_EDGE('',*,*,#1434,.T.);
#1845=ORIENTED_EDGE('',*,*,#1358,.T.);
#1846=ORIENTED_EDGE('',*,*,#1433,.F.);
#1847=ORIENTED_EDGE('',*,*,#1435,.F.);
#1848=ORIENTED_EDGE('',*,*,#1436,.F.);
#1849=ORIENTED_EDGE('',*,*,#1437,.F.);
#1850=ORIENTED_EDGE('',*,*,#1432,.F.);
#1851=ORIENTED_EDGE('',*,*,#1357,.T.);
#1852=ORIENTED_EDGE('',*,*,#1438,.T.);
#1853=ORIENTED_EDGE('',*,*,#1439,.T.);
#1854=ORIENTED_EDGE('',*,*,#1440,.F.);
#1855=ORIENTED_EDGE('',*,*,#1435,.T.);
#1856=ORIENTED_EDGE('',*,*,#1441,.T.);
#1857=ORIENTED_EDGE('',*,*,#1440,.T.);
#1858=ORIENTED_EDGE('',*,*,#1442,.T.);
#1859=ORIENTED_EDGE('',*,*,#1443,.T.);
#1860=ORIENTED_EDGE('',*,*,#1436,.T.);
#1861=ORIENTED_EDGE('',*,*,#1343,.F.);
#1862=ORIENTED_EDGE('',*,*,#1444,.F.);
#1863=ORIENTED_EDGE('',*,*,#1442,.F.);
#1864=ORIENTED_EDGE('',*,*,#1439,.F.);
#1865=ORIENTED_EDGE('',*,*,#1445,.T.);
#1866=ORIENTED_EDGE('',*,*,#1446,.T.);
#1867=ORIENTED_EDGE('',*,*,#1447,.T.);
#1868=ORIENTED_EDGE('',*,*,#1347,.F.);
#1869=ORIENTED_EDGE('',*,*,#1448,.T.);
#1870=ORIENTED_EDGE('',*,*,#1449,.T.);
#1871=ORIENTED_EDGE('',*,*,#1450,.T.);
#1872=ORIENTED_EDGE('',*,*,#1338,.T.);
#1873=ORIENTED_EDGE('',*,*,#1449,.F.);
#1874=ORIENTED_EDGE('',*,*,#1451,.F.);
#1875=ORIENTED_EDGE('',*,*,#1452,.F.);
#1876=ORIENTED_EDGE('',*,*,#1453,.F.);
#1877=ORIENTED_EDGE('',*,*,#1448,.F.);
#1878=ORIENTED_EDGE('',*,*,#1337,.T.);
#1879=ORIENTED_EDGE('',*,*,#1454,.T.);
#1880=ORIENTED_EDGE('',*,*,#1455,.T.);
#1881=ORIENTED_EDGE('',*,*,#1456,.F.);
#1882=ORIENTED_EDGE('',*,*,#1451,.T.);
#1883=ORIENTED_EDGE('',*,*,#1457,.T.);
#1884=ORIENTED_EDGE('',*,*,#1456,.T.);
#1885=ORIENTED_EDGE('',*,*,#1458,.T.);
#1886=ORIENTED_EDGE('',*,*,#1459,.T.);
#1887=ORIENTED_EDGE('',*,*,#1452,.T.);
#1888=ORIENTED_EDGE('',*,*,#1323,.F.);
#1889=ORIENTED_EDGE('',*,*,#1460,.F.);
#1890=ORIENTED_EDGE('',*,*,#1458,.F.);
#1891=ORIENTED_EDGE('',*,*,#1455,.F.);
#1892=ORIENTED_EDGE('',*,*,#1461,.T.);
#1893=ORIENTED_EDGE('',*,*,#1462,.T.);
#1894=ORIENTED_EDGE('',*,*,#1463,.T.);
#1895=ORIENTED_EDGE('',*,*,#1327,.F.);
#1896=ORIENTED_EDGE('',*,*,#1464,.T.);
#1897=ORIENTED_EDGE('',*,*,#1465,.T.);
#1898=ORIENTED_EDGE('',*,*,#1466,.T.);
#1899=ORIENTED_EDGE('',*,*,#1465,.F.);
#1900=ORIENTED_EDGE('',*,*,#1467,.F.);
#1901=ORIENTED_EDGE('',*,*,#1468,.T.);
#1902=ORIENTED_EDGE('',*,*,#1469,.F.);
#1903=ORIENTED_EDGE('',*,*,#1470,.F.);
#1904=ORIENTED_EDGE('',*,*,#1471,.F.);
#1905=ORIENTED_EDGE('',*,*,#1472,.F.);
#1906=ORIENTED_EDGE('',*,*,#1473,.T.);
#1907=ORIENTED_EDGE('',*,*,#1474,.T.);
#1908=ORIENTED_EDGE('',*,*,#1475,.F.);
#1909=ORIENTED_EDGE('',*,*,#1464,.F.);
#1910=ORIENTED_EDGE('',*,*,#1476,.F.);
#1911=ORIENTED_EDGE('',*,*,#1477,.T.);
#1912=ORIENTED_EDGE('',*,*,#1466,.F.);
#1913=ORIENTED_EDGE('',*,*,#1477,.F.);
#1914=ORIENTED_EDGE('',*,*,#1471,.T.);
#1915=ORIENTED_EDGE('',*,*,#1478,.T.);
#1916=ORIENTED_EDGE('',*,*,#1479,.T.);
#1917=ORIENTED_EDGE('',*,*,#1478,.F.);
#1918=ORIENTED_EDGE('',*,*,#1480,.F.);
#1919=ORIENTED_EDGE('',*,*,#1481,.T.);
#1920=ORIENTED_EDGE('',*,*,#1479,.F.);
#1921=ORIENTED_EDGE('',*,*,#1481,.F.);
#1922=ORIENTED_EDGE('',*,*,#1475,.T.);
#1923=ORIENTED_EDGE('',*,*,#1482,.T.);
#1924=ORIENTED_EDGE('',*,*,#1483,.T.);
#1925=ORIENTED_EDGE('',*,*,#1482,.F.);
#1926=ORIENTED_EDGE('',*,*,#1484,.F.);
#1927=ORIENTED_EDGE('',*,*,#1485,.T.);
#1928=ORIENTED_EDGE('',*,*,#1483,.F.);
#1929=ORIENTED_EDGE('',*,*,#1485,.F.);
#1930=ORIENTED_EDGE('',*,*,#1472,.T.);
#1931=ORIENTED_EDGE('',*,*,#1486,.T.);
#1932=ORIENTED_EDGE('',*,*,#1487,.T.);
#1933=ORIENTED_EDGE('',*,*,#1486,.F.);
#1934=ORIENTED_EDGE('',*,*,#1488,.F.);
#1935=ORIENTED_EDGE('',*,*,#1489,.T.);
#1936=ORIENTED_EDGE('',*,*,#1487,.F.);
#1937=ORIENTED_EDGE('',*,*,#1489,.F.);
#1938=ORIENTED_EDGE('',*,*,#1490,.F.);
#1939=ORIENTED_EDGE('',*,*,#1491,.T.);
#1940=ORIENTED_EDGE('',*,*,#1492,.F.);
#1941=ORIENTED_EDGE('',*,*,#1493,.F.);
#1942=ORIENTED_EDGE('',*,*,#1494,.F.);
#1943=ORIENTED_EDGE('',*,*,#1493,.T.);
#1944=ORIENTED_EDGE('',*,*,#1495,.F.);
#1945=ORIENTED_EDGE('',*,*,#1496,.F.);
#1946=ORIENTED_EDGE('',*,*,#1497,.F.);
#1947=ORIENTED_EDGE('',*,*,#1496,.T.);
#1948=ORIENTED_EDGE('',*,*,#1498,.F.);
#1949=ORIENTED_EDGE('',*,*,#1499,.F.);
#1950=ORIENTED_EDGE('',*,*,#1500,.F.);
#1951=ORIENTED_EDGE('',*,*,#1499,.T.);
#1952=ORIENTED_EDGE('',*,*,#1501,.F.);
#1953=ORIENTED_EDGE('',*,*,#1502,.F.);
#1954=ORIENTED_EDGE('',*,*,#1503,.F.);
#1955=ORIENTED_EDGE('',*,*,#1502,.T.);
#1956=ORIENTED_EDGE('',*,*,#1504,.F.);
#1957=ORIENTED_EDGE('',*,*,#1505,.F.);
#1958=ORIENTED_EDGE('',*,*,#1506,.F.);
#1959=ORIENTED_EDGE('',*,*,#1505,.T.);
#1960=ORIENTED_EDGE('',*,*,#1507,.F.);
#1961=ORIENTED_EDGE('',*,*,#1508,.F.);
#1962=ORIENTED_EDGE('',*,*,#1509,.F.);
#1963=ORIENTED_EDGE('',*,*,#1508,.T.);
#1964=ORIENTED_EDGE('',*,*,#1510,.F.);
#1965=ORIENTED_EDGE('',*,*,#1511,.F.);
#1966=ORIENTED_EDGE('',*,*,#1512,.F.);
#1967=ORIENTED_EDGE('',*,*,#1511,.T.);
#1968=ORIENTED_EDGE('',*,*,#1513,.F.);
#1969=ORIENTED_EDGE('',*,*,#1514,.F.);
#1970=ORIENTED_EDGE('',*,*,#1515,.F.);
#1971=ORIENTED_EDGE('',*,*,#1514,.T.);
#1972=ORIENTED_EDGE('',*,*,#1516,.F.);
#1973=ORIENTED_EDGE('',*,*,#1517,.F.);
#1974=ORIENTED_EDGE('',*,*,#1518,.F.);
#1975=ORIENTED_EDGE('',*,*,#1517,.T.);
#1976=ORIENTED_EDGE('',*,*,#1519,.F.);
#1977=ORIENTED_EDGE('',*,*,#1520,.F.);
#1978=ORIENTED_EDGE('',*,*,#1521,.F.);
#1979=ORIENTED_EDGE('',*,*,#1520,.T.);
#1980=ORIENTED_EDGE('',*,*,#1522,.F.);
#1981=ORIENTED_EDGE('',*,*,#1523,.F.);
#1982=ORIENTED_EDGE('',*,*,#1524,.F.);
#1983=ORIENTED_EDGE('',*,*,#1523,.T.);
#1984=ORIENTED_EDGE('',*,*,#1525,.F.);
#1985=ORIENTED_EDGE('',*,*,#1526,.F.);
#1986=ORIENTED_EDGE('',*,*,#1527,.F.);
#1987=ORIENTED_EDGE('',*,*,#1526,.T.);
#1988=ORIENTED_EDGE('',*,*,#1528,.F.);
#1989=ORIENTED_EDGE('',*,*,#1529,.F.);
#1990=ORIENTED_EDGE('',*,*,#1530,.F.);
#1991=ORIENTED_EDGE('',*,*,#1529,.T.);
#1992=ORIENTED_EDGE('',*,*,#1531,.F.);
#1993=ORIENTED_EDGE('',*,*,#1532,.F.);
#1994=ORIENTED_EDGE('',*,*,#1533,.F.);
#1995=ORIENTED_EDGE('',*,*,#1532,.T.);
#1996=ORIENTED_EDGE('',*,*,#1534,.F.);
#1997=ORIENTED_EDGE('',*,*,#1535,.F.);
#1998=ORIENTED_EDGE('',*,*,#1536,.F.);
#1999=ORIENTED_EDGE('',*,*,#1535,.T.);
#2000=ORIENTED_EDGE('',*,*,#1537,.F.);
#2001=ORIENTED_EDGE('',*,*,#1491,.F.);
#2002=ORIENTED_EDGE('',*,*,#1538,.F.);
#2003=ORIENTED_EDGE('',*,*,#1539,.T.);
#2004=ORIENTED_EDGE('',*,*,#1540,.F.);
#2005=ORIENTED_EDGE('',*,*,#1541,.F.);
#2006=ORIENTED_EDGE('',*,*,#1542,.F.);
#2007=ORIENTED_EDGE('',*,*,#1541,.T.);
#2008=ORIENTED_EDGE('',*,*,#1543,.F.);
#2009=ORIENTED_EDGE('',*,*,#1544,.F.);
#2010=ORIENTED_EDGE('',*,*,#1545,.F.);
#2011=ORIENTED_EDGE('',*,*,#1544,.T.);
#2012=ORIENTED_EDGE('',*,*,#1546,.F.);
#2013=ORIENTED_EDGE('',*,*,#1547,.F.);
#2014=ORIENTED_EDGE('',*,*,#1548,.F.);
#2015=ORIENTED_EDGE('',*,*,#1547,.T.);
#2016=ORIENTED_EDGE('',*,*,#1549,.F.);
#2017=ORIENTED_EDGE('',*,*,#1539,.F.);
#2018=ORIENTED_EDGE('',*,*,#1549,.T.);
#2019=ORIENTED_EDGE('',*,*,#1546,.T.);
#2020=ORIENTED_EDGE('',*,*,#1543,.T.);
#2021=ORIENTED_EDGE('',*,*,#1540,.T.);
#2022=ORIENTED_EDGE('',*,*,#1476,.T.);
#2023=ORIENTED_EDGE('',*,*,#1488,.T.);
#2024=ORIENTED_EDGE('',*,*,#1480,.T.);
#2025=ORIENTED_EDGE('',*,*,#1484,.T.);
#2026=ORIENTED_EDGE('',*,*,#1537,.T.);
#2027=ORIENTED_EDGE('',*,*,#1534,.T.);
#2028=ORIENTED_EDGE('',*,*,#1531,.T.);
#2029=ORIENTED_EDGE('',*,*,#1528,.T.);
#2030=ORIENTED_EDGE('',*,*,#1525,.T.);
#2031=ORIENTED_EDGE('',*,*,#1522,.T.);
#2032=ORIENTED_EDGE('',*,*,#1519,.T.);
#2033=ORIENTED_EDGE('',*,*,#1516,.T.);
#2034=ORIENTED_EDGE('',*,*,#1513,.T.);
#2035=ORIENTED_EDGE('',*,*,#1510,.T.);
#2036=ORIENTED_EDGE('',*,*,#1507,.T.);
#2037=ORIENTED_EDGE('',*,*,#1504,.T.);
#2038=ORIENTED_EDGE('',*,*,#1501,.T.);
#2039=ORIENTED_EDGE('',*,*,#1498,.T.);
#2040=ORIENTED_EDGE('',*,*,#1495,.T.);
#2041=ORIENTED_EDGE('',*,*,#1492,.T.);
#2042=ORIENTED_EDGE('',*,*,#1550,.T.);
#2043=ORIENTED_EDGE('',*,*,#1551,.T.);
#2044=ORIENTED_EDGE('',*,*,#1552,.T.);
#2045=ORIENTED_EDGE('',*,*,#1553,.T.);
#2046=ORIENTED_EDGE('',*,*,#1538,.T.);
#2047=ORIENTED_EDGE('',*,*,#1542,.T.);
#2048=ORIENTED_EDGE('',*,*,#1545,.T.);
#2049=ORIENTED_EDGE('',*,*,#1548,.T.);
#2050=ORIENTED_EDGE('',*,*,#1388,.F.);
#2051=ORIENTED_EDGE('',*,*,#1415,.F.);
#2052=ORIENTED_EDGE('',*,*,#1554,.T.);
#2053=ORIENTED_EDGE('',*,*,#1394,.F.);
#2054=ORIENTED_EDGE('',*,*,#1406,.F.);
#2055=ORIENTED_EDGE('',*,*,#1396,.F.);
#2056=ORIENTED_EDGE('',*,*,#1555,.T.);
#2057=ORIENTED_EDGE('',*,*,#1413,.F.);
#2058=ORIENTED_EDGE('',*,*,#1395,.F.);
#2059=ORIENTED_EDGE('',*,*,#1554,.F.);
#2060=ORIENTED_EDGE('',*,*,#1414,.F.);
#2061=ORIENTED_EDGE('',*,*,#1555,.F.);
#2062=ORIENTED_EDGE('',*,*,#1348,.F.);
#2063=ORIENTED_EDGE('',*,*,#1447,.F.);
#2064=ORIENTED_EDGE('',*,*,#1556,.T.);
#2065=ORIENTED_EDGE('',*,*,#1354,.F.);
#2066=ORIENTED_EDGE('',*,*,#1438,.F.);
#2067=ORIENTED_EDGE('',*,*,#1356,.F.);
#2068=ORIENTED_EDGE('',*,*,#1557,.T.);
#2069=ORIENTED_EDGE('',*,*,#1445,.F.);
#2070=ORIENTED_EDGE('',*,*,#1557,.F.);
#2071=ORIENTED_EDGE('',*,*,#1355,.F.);
#2072=ORIENTED_EDGE('',*,*,#1556,.F.);
#2073=ORIENTED_EDGE('',*,*,#1446,.F.);
#2074=ORIENTED_EDGE('',*,*,#1368,.F.);
#2075=ORIENTED_EDGE('',*,*,#1431,.F.);
#2076=ORIENTED_EDGE('',*,*,#1558,.T.);
#2077=ORIENTED_EDGE('',*,*,#1374,.F.);
#2078=ORIENTED_EDGE('',*,*,#1422,.F.);
#2079=ORIENTED_EDGE('',*,*,#1376,.F.);
#2080=ORIENTED_EDGE('',*,*,#1559,.T.);
#2081=ORIENTED_EDGE('',*,*,#1429,.F.);
#2082=ORIENTED_EDGE('',*,*,#1375,.F.);
#2083=ORIENTED_EDGE('',*,*,#1558,.F.);
#2084=ORIENTED_EDGE('',*,*,#1430,.F.);
#2085=ORIENTED_EDGE('',*,*,#1559,.F.);
#2086=ORIENTED_EDGE('',*,*,#1328,.F.);
#2087=ORIENTED_EDGE('',*,*,#1463,.F.);
#2088=ORIENTED_EDGE('',*,*,#1560,.T.);
#2089=ORIENTED_EDGE('',*,*,#1334,.F.);
#2090=ORIENTED_EDGE('',*,*,#1454,.F.);
#2091=ORIENTED_EDGE('',*,*,#1336,.F.);
#2092=ORIENTED_EDGE('',*,*,#1561,.T.);
#2093=ORIENTED_EDGE('',*,*,#1461,.F.);
#2094=ORIENTED_EDGE('',*,*,#1335,.F.);
#2095=ORIENTED_EDGE('',*,*,#1560,.F.);
#2096=ORIENTED_EDGE('',*,*,#1462,.F.);
#2097=ORIENTED_EDGE('',*,*,#1561,.F.);
#2098=ORIENTED_EDGE('',*,*,#1371,.F.);
#2099=ORIENTED_EDGE('',*,*,#1562,.T.);
#2100=ORIENTED_EDGE('',*,*,#1563,.T.);
#2101=ORIENTED_EDGE('',*,*,#1562,.F.);
#2102=ORIENTED_EDGE('',*,*,#1563,.F.);
#2103=ORIENTED_EDGE('',*,*,#1457,.F.);
#2104=ORIENTED_EDGE('',*,*,#1564,.T.);
#2105=ORIENTED_EDGE('',*,*,#1565,.T.);
#2106=ORIENTED_EDGE('',*,*,#1564,.F.);
#2107=ORIENTED_EDGE('',*,*,#1565,.F.);
#2108=ORIENTED_EDGE('',*,*,#1441,.F.);
#2109=ORIENTED_EDGE('',*,*,#1566,.T.);
#2110=ORIENTED_EDGE('',*,*,#1567,.T.);
#2111=ORIENTED_EDGE('',*,*,#1566,.F.);
#2112=ORIENTED_EDGE('',*,*,#1567,.F.);
#2113=ORIENTED_EDGE('',*,*,#1409,.F.);
#2114=ORIENTED_EDGE('',*,*,#1568,.T.);
#2115=ORIENTED_EDGE('',*,*,#1569,.T.);
#2116=ORIENTED_EDGE('',*,*,#1568,.F.);
#2117=ORIENTED_EDGE('',*,*,#1569,.F.);
#2118=ORIENTED_EDGE('',*,*,#1425,.F.);
#2119=ORIENTED_EDGE('',*,*,#1570,.T.);
#2120=ORIENTED_EDGE('',*,*,#1571,.T.);
#2121=ORIENTED_EDGE('',*,*,#1570,.F.);
#2122=ORIENTED_EDGE('',*,*,#1571,.F.);
#2123=ORIENTED_EDGE('',*,*,#1331,.F.);
#2124=ORIENTED_EDGE('',*,*,#1572,.T.);
#2125=ORIENTED_EDGE('',*,*,#1573,.T.);
#2126=ORIENTED_EDGE('',*,*,#1572,.F.);
#2127=ORIENTED_EDGE('',*,*,#1573,.F.);
#2128=ORIENTED_EDGE('',*,*,#1351,.F.);
#2129=ORIENTED_EDGE('',*,*,#1574,.T.);
#2130=ORIENTED_EDGE('',*,*,#1575,.T.);
#2131=ORIENTED_EDGE('',*,*,#1574,.F.);
#2132=ORIENTED_EDGE('',*,*,#1575,.F.);
#2133=ORIENTED_EDGE('',*,*,#1391,.F.);
#2134=ORIENTED_EDGE('',*,*,#1576,.T.);
#2135=ORIENTED_EDGE('',*,*,#1577,.T.);
#2136=ORIENTED_EDGE('',*,*,#1576,.F.);
#2137=ORIENTED_EDGE('',*,*,#1577,.F.);
#2138=ORIENTED_EDGE('',*,*,#1578,.F.);
#2139=ORIENTED_EDGE('',*,*,#1579,.T.);
#2140=ORIENTED_EDGE('',*,*,#1473,.F.);
#2141=ORIENTED_EDGE('',*,*,#1579,.F.);
#2142=ORIENTED_EDGE('',*,*,#1580,.F.);
#2143=ORIENTED_EDGE('',*,*,#1581,.T.);
#2144=ORIENTED_EDGE('',*,*,#1474,.F.);
#2145=ORIENTED_EDGE('',*,*,#1581,.F.);
#2146=ORIENTED_EDGE('',*,*,#1468,.F.);
#2147=ORIENTED_EDGE('',*,*,#1582,.T.);
#2148=ORIENTED_EDGE('',*,*,#1553,.F.);
#2149=ORIENTED_EDGE('',*,*,#1583,.F.);
#2150=ORIENTED_EDGE('',*,*,#1469,.T.);
#2151=ORIENTED_EDGE('',*,*,#1583,.T.);
#2152=ORIENTED_EDGE('',*,*,#1552,.F.);
#2153=ORIENTED_EDGE('',*,*,#1584,.F.);
#2154=ORIENTED_EDGE('',*,*,#1470,.T.);
#2155=ORIENTED_EDGE('',*,*,#1584,.T.);
#2156=ORIENTED_EDGE('',*,*,#1551,.F.);
#2157=ORIENTED_EDGE('',*,*,#1585,.F.);
#2158=ORIENTED_EDGE('',*,*,#1467,.T.);
#2159=ORIENTED_EDGE('',*,*,#1585,.T.);
#2160=ORIENTED_EDGE('',*,*,#1550,.F.);
#2161=ORIENTED_EDGE('',*,*,#1582,.F.);
#2162=ORIENTED_EDGE('',*,*,#1490,.T.);
#2163=ORIENTED_EDGE('',*,*,#1494,.T.);
#2164=ORIENTED_EDGE('',*,*,#1497,.T.);
#2165=ORIENTED_EDGE('',*,*,#1500,.T.);
#2166=ORIENTED_EDGE('',*,*,#1503,.T.);
#2167=ORIENTED_EDGE('',*,*,#1506,.T.);
#2168=ORIENTED_EDGE('',*,*,#1509,.T.);
#2169=ORIENTED_EDGE('',*,*,#1512,.T.);
#2170=ORIENTED_EDGE('',*,*,#1515,.T.);
#2171=ORIENTED_EDGE('',*,*,#1518,.T.);
#2172=ORIENTED_EDGE('',*,*,#1521,.T.);
#2173=ORIENTED_EDGE('',*,*,#1524,.T.);
#2174=ORIENTED_EDGE('',*,*,#1527,.T.);
#2175=ORIENTED_EDGE('',*,*,#1530,.T.);
#2176=ORIENTED_EDGE('',*,*,#1533,.T.);
#2177=ORIENTED_EDGE('',*,*,#1536,.T.);
#2178=ORIENTED_EDGE('',*,*,#1326,.T.);
#2179=ORIENTED_EDGE('',*,*,#1333,.F.);
#2180=ORIENTED_EDGE('',*,*,#1339,.T.);
#2181=ORIENTED_EDGE('',*,*,#1450,.F.);
#2182=ORIENTED_EDGE('',*,*,#1453,.T.);
#2183=ORIENTED_EDGE('',*,*,#1459,.F.);
#2184=ORIENTED_EDGE('',*,*,#1460,.T.);
#2185=ORIENTED_EDGE('',*,*,#1322,.F.);
#2186=ORIENTED_EDGE('',*,*,#1386,.T.);
#2187=ORIENTED_EDGE('',*,*,#1393,.F.);
#2188=ORIENTED_EDGE('',*,*,#1399,.T.);
#2189=ORIENTED_EDGE('',*,*,#1402,.F.);
#2190=ORIENTED_EDGE('',*,*,#1405,.T.);
#2191=ORIENTED_EDGE('',*,*,#1411,.F.);
#2192=ORIENTED_EDGE('',*,*,#1412,.T.);
#2193=ORIENTED_EDGE('',*,*,#1382,.F.);
#2194=ORIENTED_EDGE('',*,*,#1346,.T.);
#2195=ORIENTED_EDGE('',*,*,#1353,.F.);
#2196=ORIENTED_EDGE('',*,*,#1359,.T.);
#2197=ORIENTED_EDGE('',*,*,#1434,.F.);
#2198=ORIENTED_EDGE('',*,*,#1437,.T.);
#2199=ORIENTED_EDGE('',*,*,#1443,.F.);
#2200=ORIENTED_EDGE('',*,*,#1444,.T.);
#2201=ORIENTED_EDGE('',*,*,#1342,.F.);
#2202=ORIENTED_EDGE('',*,*,#1366,.T.);
#2203=ORIENTED_EDGE('',*,*,#1373,.F.);
#2204=ORIENTED_EDGE('',*,*,#1379,.T.);
#2205=ORIENTED_EDGE('',*,*,#1418,.F.);
#2206=ORIENTED_EDGE('',*,*,#1421,.T.);
#2207=ORIENTED_EDGE('',*,*,#1427,.F.);
#2208=ORIENTED_EDGE('',*,*,#1428,.T.);
#2209=ORIENTED_EDGE('',*,*,#1362,.F.);
#2210=ORIENTED_EDGE('',*,*,#1578,.T.);
#2211=ORIENTED_EDGE('',*,*,#1580,.T.);
#2212=ORIENTED_EDGE('',*,*,#1586,.F.);
#2213=ORIENTED_EDGE('',*,*,#1587,.T.);
#2214=ORIENTED_EDGE('',*,*,#1588,.F.);
#2215=ORIENTED_EDGE('',*,*,#1587,.F.);
#2216=ORIENTED_EDGE('',*,*,#1589,.F.);
#2217=ORIENTED_EDGE('',*,*,#1590,.T.);
#2218=ORIENTED_EDGE('',*,*,#1591,.F.);
#2219=ORIENTED_EDGE('',*,*,#1590,.F.);
#2220=ORIENTED_EDGE('',*,*,#1592,.T.);
#2221=ORIENTED_EDGE('',*,*,#1593,.T.);
#2222=ORIENTED_EDGE('',*,*,#1594,.T.);
#2223=ORIENTED_EDGE('',*,*,#1595,.T.);
#2224=ORIENTED_EDGE('',*,*,#1596,.T.);
#2225=ORIENTED_EDGE('',*,*,#1597,.T.);
#2226=ORIENTED_EDGE('',*,*,#1594,.F.);
#2227=ORIENTED_EDGE('',*,*,#1598,.T.);
#2228=ORIENTED_EDGE('',*,*,#1599,.T.);
#2229=ORIENTED_EDGE('',*,*,#1600,.T.);
#2230=ORIENTED_EDGE('',*,*,#1596,.F.);
#2231=ORIENTED_EDGE('',*,*,#1601,.T.);
#2232=ORIENTED_EDGE('',*,*,#1592,.F.);
#2233=ORIENTED_EDGE('',*,*,#1602,.T.);
#2234=ORIENTED_EDGE('',*,*,#1599,.F.);
#2235=ORIENTED_EDGE('',*,*,#1603,.T.);
#2236=ORIENTED_EDGE('',*,*,#1602,.F.);
#2237=ORIENTED_EDGE('',*,*,#1604,.T.);
#2238=ORIENTED_EDGE('',*,*,#1605,.F.);
#2239=ORIENTED_EDGE('',*,*,#1606,.F.);
#2240=ORIENTED_EDGE('',*,*,#1588,.T.);
#2241=ORIENTED_EDGE('',*,*,#1595,.F.);
#2242=ORIENTED_EDGE('',*,*,#1607,.T.);
#2243=ORIENTED_EDGE('',*,*,#1608,.F.);
#2244=ORIENTED_EDGE('',*,*,#1604,.F.);
#2245=ORIENTED_EDGE('',*,*,#1593,.F.);
#2246=ORIENTED_EDGE('',*,*,#1603,.F.);
#2247=ORIENTED_EDGE('',*,*,#1601,.F.);
#2248=ORIENTED_EDGE('',*,*,#1598,.F.);
#2249=ORIENTED_EDGE('',*,*,#1609,.F.);
#2250=ORIENTED_EDGE('',*,*,#1610,.T.);
#2251=ORIENTED_EDGE('',*,*,#1611,.T.);
#2252=ORIENTED_EDGE('',*,*,#1610,.F.);
#2253=ORIENTED_EDGE('',*,*,#1611,.F.);
#2254=ORIENTED_EDGE('',*,*,#1612,.F.);
#2255=ORIENTED_EDGE('',*,*,#1613,.T.);
#2256=ORIENTED_EDGE('',*,*,#1614,.T.);
#2257=ORIENTED_EDGE('',*,*,#1613,.F.);
#2258=ORIENTED_EDGE('',*,*,#1614,.F.);
#2259=ORIENTED_EDGE('',*,*,#1615,.F.);
#2260=ORIENTED_EDGE('',*,*,#1616,.T.);
#2261=ORIENTED_EDGE('',*,*,#1617,.T.);
#2262=ORIENTED_EDGE('',*,*,#1616,.F.);
#2263=ORIENTED_EDGE('',*,*,#1617,.F.);
#2264=ORIENTED_EDGE('',*,*,#1618,.F.);
#2265=ORIENTED_EDGE('',*,*,#1619,.T.);
#2266=ORIENTED_EDGE('',*,*,#1620,.T.);
#2267=ORIENTED_EDGE('',*,*,#1619,.F.);
#2268=ORIENTED_EDGE('',*,*,#1620,.F.);
#2269=ORIENTED_EDGE('',*,*,#1621,.F.);
#2270=ORIENTED_EDGE('',*,*,#1622,.F.);
#2271=ORIENTED_EDGE('',*,*,#1623,.F.);
#2272=ORIENTED_EDGE('',*,*,#1624,.F.);
#2273=ORIENTED_EDGE('',*,*,#1612,.T.);
#2274=ORIENTED_EDGE('',*,*,#1625,.F.);
#2275=ORIENTED_EDGE('',*,*,#1626,.F.);
#2276=ORIENTED_EDGE('',*,*,#1627,.F.);
#2277=ORIENTED_EDGE('',*,*,#1628,.F.);
#2278=ORIENTED_EDGE('',*,*,#1609,.T.);
#2279=ORIENTED_EDGE('',*,*,#1629,.F.);
#2280=ORIENTED_EDGE('',*,*,#1630,.F.);
#2281=ORIENTED_EDGE('',*,*,#1631,.F.);
#2282=ORIENTED_EDGE('',*,*,#1632,.F.);
#2283=ORIENTED_EDGE('',*,*,#1618,.T.);
#2284=ORIENTED_EDGE('',*,*,#1633,.F.);
#2285=ORIENTED_EDGE('',*,*,#1634,.F.);
#2286=ORIENTED_EDGE('',*,*,#1635,.F.);
#2287=ORIENTED_EDGE('',*,*,#1636,.F.);
#2288=ORIENTED_EDGE('',*,*,#1615,.T.);
#2289=ORIENTED_EDGE('',*,*,#1622,.T.);
#2290=ORIENTED_EDGE('',*,*,#1637,.F.);
#2291=ORIENTED_EDGE('',*,*,#1638,.F.);
#2292=ORIENTED_EDGE('',*,*,#1639,.T.);
#2293=ORIENTED_EDGE('',*,*,#1621,.T.);
#2294=ORIENTED_EDGE('',*,*,#1640,.F.);
#2295=ORIENTED_EDGE('',*,*,#1641,.F.);
#2296=ORIENTED_EDGE('',*,*,#1637,.T.);
#2297=ORIENTED_EDGE('',*,*,#1626,.T.);
#2298=ORIENTED_EDGE('',*,*,#1642,.F.);
#2299=ORIENTED_EDGE('',*,*,#1643,.F.);
#2300=ORIENTED_EDGE('',*,*,#1644,.T.);
#2301=ORIENTED_EDGE('',*,*,#1625,.T.);
#2302=ORIENTED_EDGE('',*,*,#1645,.F.);
#2303=ORIENTED_EDGE('',*,*,#1646,.F.);
#2304=ORIENTED_EDGE('',*,*,#1642,.T.);
#2305=ORIENTED_EDGE('',*,*,#1647,.F.);
#2306=ORIENTED_EDGE('',*,*,#1648,.T.);
#2307=ORIENTED_EDGE('',*,*,#1623,.T.);
#2308=ORIENTED_EDGE('',*,*,#1649,.T.);
#2309=ORIENTED_EDGE('',*,*,#1650,.F.);
#2310=ORIENTED_EDGE('',*,*,#1651,.F.);
#2311=ORIENTED_EDGE('',*,*,#1627,.T.);
#2312=ORIENTED_EDGE('',*,*,#1644,.F.);
#2313=ORIENTED_EDGE('',*,*,#1591,.T.);
#2314=ORIENTED_EDGE('',*,*,#1628,.T.);
#2315=ORIENTED_EDGE('',*,*,#1652,.F.);
#2316=ORIENTED_EDGE('',*,*,#1653,.F.);
#2317=ORIENTED_EDGE('',*,*,#1645,.T.);
#2318=ORIENTED_EDGE('',*,*,#1654,.F.);
#2319=ORIENTED_EDGE('',*,*,#1652,.T.);
#2320=ORIENTED_EDGE('',*,*,#1651,.T.);
#2321=ORIENTED_EDGE('',*,*,#1655,.F.);
#2322=ORIENTED_EDGE('',*,*,#1656,.F.);
#2323=ORIENTED_EDGE('',*,*,#1657,.F.);
#2324=ORIENTED_EDGE('',*,*,#1636,.T.);
#2325=ORIENTED_EDGE('',*,*,#1658,.F.);
#2326=ORIENTED_EDGE('',*,*,#1659,.F.);
#2327=ORIENTED_EDGE('',*,*,#1657,.T.);
#2328=ORIENTED_EDGE('',*,*,#1635,.T.);
#2329=ORIENTED_EDGE('',*,*,#1660,.F.);
#2330=ORIENTED_EDGE('',*,*,#1661,.F.);
#2331=ORIENTED_EDGE('',*,*,#1658,.T.);
#2332=ORIENTED_EDGE('',*,*,#1634,.T.);
#2333=ORIENTED_EDGE('',*,*,#1662,.F.);
#2334=ORIENTED_EDGE('',*,*,#1663,.F.);
#2335=ORIENTED_EDGE('',*,*,#1660,.T.);
#2336=ORIENTED_EDGE('',*,*,#1664,.F.);
#2337=ORIENTED_EDGE('',*,*,#1662,.T.);
#2338=ORIENTED_EDGE('',*,*,#1633,.T.);
#2339=ORIENTED_EDGE('',*,*,#1656,.T.);
#2340=ORIENTED_EDGE('',*,*,#1665,.F.);
#2341=ORIENTED_EDGE('',*,*,#1666,.F.);
#2342=ORIENTED_EDGE('',*,*,#1629,.T.);
#2343=ORIENTED_EDGE('',*,*,#1667,.F.);
#2344=ORIENTED_EDGE('',*,*,#1586,.T.);
#2345=ORIENTED_EDGE('',*,*,#1632,.T.);
#2346=ORIENTED_EDGE('',*,*,#1668,.F.);
#2347=ORIENTED_EDGE('',*,*,#1669,.F.);
#2348=ORIENTED_EDGE('',*,*,#1667,.T.);
#2349=ORIENTED_EDGE('',*,*,#1631,.T.);
#2350=ORIENTED_EDGE('',*,*,#1670,.F.);
#2351=ORIENTED_EDGE('',*,*,#1671,.F.);
#2352=ORIENTED_EDGE('',*,*,#1668,.T.);
#2353=ORIENTED_EDGE('',*,*,#1630,.T.);
#2354=ORIENTED_EDGE('',*,*,#1672,.F.);
#2355=ORIENTED_EDGE('',*,*,#1673,.F.);
#2356=ORIENTED_EDGE('',*,*,#1670,.T.);
#2357=ORIENTED_EDGE('',*,*,#1674,.F.);
#2358=ORIENTED_EDGE('',*,*,#1672,.T.);
#2359=ORIENTED_EDGE('',*,*,#1666,.T.);
#2360=ORIENTED_EDGE('',*,*,#1675,.F.);
#2361=ORIENTED_EDGE('',*,*,#1649,.F.);
#2362=ORIENTED_EDGE('',*,*,#1639,.F.);
#2363=ORIENTED_EDGE('',*,*,#1624,.T.);
#2364=ORIENTED_EDGE('',*,*,#1648,.F.);
#2365=ORIENTED_EDGE('',*,*,#1676,.F.);
#2366=ORIENTED_EDGE('',*,*,#1640,.T.);
#2367=ORIENTED_EDGE('',*,*,#1677,.T.);
#2368=ORIENTED_EDGE('',*,*,#1678,.T.);
#2369=ORIENTED_EDGE('',*,*,#1605,.T.);
#2370=ORIENTED_EDGE('',*,*,#1608,.T.);
#2371=ORIENTED_EDGE('',*,*,#1650,.T.);
#2372=ORIENTED_EDGE('',*,*,#1675,.T.);
#2373=ORIENTED_EDGE('',*,*,#1665,.T.);
#2374=ORIENTED_EDGE('',*,*,#1655,.T.);
#2375=ORIENTED_EDGE('',*,*,#1597,.F.);
#2376=ORIENTED_EDGE('',*,*,#1679,.T.);
#2377=ORIENTED_EDGE('',*,*,#1677,.F.);
#2378=ORIENTED_EDGE('',*,*,#1607,.F.);
#2379=ORIENTED_EDGE('',*,*,#1589,.T.);
#2380=ORIENTED_EDGE('',*,*,#1600,.F.);
#2381=ORIENTED_EDGE('',*,*,#1606,.T.);
#2382=ORIENTED_EDGE('',*,*,#1678,.F.);
#2383=ORIENTED_EDGE('',*,*,#1679,.F.);
#2384=ORIENTED_EDGE('',*,*,#1647,.T.);
#2385=ORIENTED_EDGE('',*,*,#1643,.T.);
#2386=ORIENTED_EDGE('',*,*,#1646,.T.);
#2387=ORIENTED_EDGE('',*,*,#1653,.T.);
#2388=ORIENTED_EDGE('',*,*,#1654,.T.);
#2389=ORIENTED_EDGE('',*,*,#1659,.T.);
#2390=ORIENTED_EDGE('',*,*,#1661,.T.);
#2391=ORIENTED_EDGE('',*,*,#1663,.T.);
#2392=ORIENTED_EDGE('',*,*,#1664,.T.);
#2393=ORIENTED_EDGE('',*,*,#1669,.T.);
#2394=ORIENTED_EDGE('',*,*,#1671,.T.);
#2395=ORIENTED_EDGE('',*,*,#1673,.T.);
#2396=ORIENTED_EDGE('',*,*,#1674,.T.);
#2397=ORIENTED_EDGE('',*,*,#1638,.T.);
#2398=ORIENTED_EDGE('',*,*,#1641,.T.);
#2399=ORIENTED_EDGE('',*,*,#1676,.T.);
#2400=CYLINDRICAL_SURFACE('',#2630,1.);
#2401=CYLINDRICAL_SURFACE('',#2637,1.);
#2402=CYLINDRICAL_SURFACE('',#2640,1.);
#2403=CYLINDRICAL_SURFACE('',#2647,1.);
#2404=CYLINDRICAL_SURFACE('',#2650,1.);
#2405=CYLINDRICAL_SURFACE('',#2657,1.);
#2406=CYLINDRICAL_SURFACE('',#2660,1.);
#2407=CYLINDRICAL_SURFACE('',#2667,1.);
#2408=CYLINDRICAL_SURFACE('',#2670,1.);
#2409=CYLINDRICAL_SURFACE('',#2677,1.);
#2410=CYLINDRICAL_SURFACE('',#2680,1.);
#2411=CYLINDRICAL_SURFACE('',#2687,1.);
#2412=CYLINDRICAL_SURFACE('',#2690,1.);
#2413=CYLINDRICAL_SURFACE('',#2697,1.);
#2414=CYLINDRICAL_SURFACE('',#2700,1.);
#2415=CYLINDRICAL_SURFACE('',#2707,1.);
#2416=CYLINDRICAL_SURFACE('',#2721,1.5);
#2417=CYLINDRICAL_SURFACE('',#2725,1.5);
#2418=CYLINDRICAL_SURFACE('',#2729,1.5);
#2419=CYLINDRICAL_SURFACE('',#2733,1.5);
#2420=CYLINDRICAL_SURFACE('',#2736,3.00000000000002);
#2421=CYLINDRICAL_SURFACE('',#2740,23.);
#2422=CYLINDRICAL_SURFACE('',#2744,3.00000008940698);
#2423=CYLINDRICAL_SURFACE('',#2750,3.00000149011614);
#2424=CYLINDRICAL_SURFACE('',#2754,23.);
#2425=CYLINDRICAL_SURFACE('',#2758,3.);
#2426=CYLINDRICAL_SURFACE('',#2764,24.);
#2427=CYLINDRICAL_SURFACE('',#2768,24.);
#2428=CYLINDRICAL_SURFACE('',#2787,1.95);
#2429=CYLINDRICAL_SURFACE('',#2790,1.95);
#2430=CYLINDRICAL_SURFACE('',#2793,1.95);
#2431=CYLINDRICAL_SURFACE('',#2796,1.95);
#2432=CYLINDRICAL_SURFACE('',#2799,1.95);
#2433=CYLINDRICAL_SURFACE('',#2802,1.95);
#2434=CYLINDRICAL_SURFACE('',#2805,1.95);
#2435=CYLINDRICAL_SURFACE('',#2808,1.95);
#2436=CYLINDRICAL_SURFACE('',#2811,7.25);
#2437=CYLINDRICAL_SURFACE('',#2813,7.25);
#2438=CYLINDRICAL_SURFACE('',#2816,25.);
#2439=CYLINDRICAL_SURFACE('',#2818,25.);
#2440=CYLINDRICAL_SURFACE('',#2821,5.);
#2441=CYLINDRICAL_SURFACE('',#2824,5.);
#2442=CYLINDRICAL_SURFACE('',#2832,2.);
#2443=CYLINDRICAL_SURFACE('',#2838,2.);
#2444=CYLINDRICAL_SURFACE('',#2840,25.);
#2445=CYLINDRICAL_SURFACE('',#2843,1.45);
#2446=CYLINDRICAL_SURFACE('',#2847,1.45);
#2447=CYLINDRICAL_SURFACE('',#2851,1.45);
#2448=CYLINDRICAL_SURFACE('',#2855,1.45);
#2449=CYLINDRICAL_SURFACE('',#2868,3.00000008940698);
#2450=CYLINDRICAL_SURFACE('',#2871,3.00000149011607);
#2451=CYLINDRICAL_SURFACE('',#2875,24.);
#2452=CYLINDRICAL_SURFACE('',#2879,3.00000000000781);
#2453=CYLINDRICAL_SURFACE('',#2884,3.00000000000001);
#2454=CYLINDRICAL_SURFACE('',#2887,24.);
#2455=CYLINDRICAL_SURFACE('',#2894,25.);
#2456=ADVANCED_FACE('',(#153),#2400,.T.);
#2457=ADVANCED_FACE('',(#154),#68,.T.);
#2458=ADVANCED_FACE('',(#155,#33),#69,.T.);
#2459=ADVANCED_FACE('',(#156),#2401,.T.);
#2460=ADVANCED_FACE('',(#157),#70,.T.);
#2461=ADVANCED_FACE('',(#158),#2402,.T.);
#2462=ADVANCED_FACE('',(#159),#71,.T.);
#2463=ADVANCED_FACE('',(#160,#34),#72,.T.);
#2464=ADVANCED_FACE('',(#161),#2403,.T.);
#2465=ADVANCED_FACE('',(#162),#73,.T.);
#2466=ADVANCED_FACE('',(#163),#2404,.T.);
#2467=ADVANCED_FACE('',(#164),#74,.T.);
#2468=ADVANCED_FACE('',(#165,#35),#75,.T.);
#2469=ADVANCED_FACE('',(#166),#2405,.T.);
#2470=ADVANCED_FACE('',(#167),#76,.T.);
#2471=ADVANCED_FACE('',(#168),#2406,.T.);
#2472=ADVANCED_FACE('',(#169),#77,.T.);
#2473=ADVANCED_FACE('',(#170,#36),#78,.T.);
#2474=ADVANCED_FACE('',(#171),#2407,.T.);
#2475=ADVANCED_FACE('',(#172),#79,.T.);
#2476=ADVANCED_FACE('',(#173),#2408,.T.);
#2477=ADVANCED_FACE('',(#174),#80,.T.);
#2478=ADVANCED_FACE('',(#175,#37),#81,.T.);
#2479=ADVANCED_FACE('',(#176),#2409,.T.);
#2480=ADVANCED_FACE('',(#177),#82,.T.);
#2481=ADVANCED_FACE('',(#178),#2410,.T.);
#2482=ADVANCED_FACE('',(#179),#83,.T.);
#2483=ADVANCED_FACE('',(#180,#38),#84,.T.);
#2484=ADVANCED_FACE('',(#181),#2411,.T.);
#2485=ADVANCED_FACE('',(#182),#85,.T.);
#2486=ADVANCED_FACE('',(#183),#2412,.T.);
#2487=ADVANCED_FACE('',(#184),#86,.T.);
#2488=ADVANCED_FACE('',(#185,#39),#87,.T.);
#2489=ADVANCED_FACE('',(#186),#2413,.T.);
#2490=ADVANCED_FACE('',(#187),#88,.T.);
#2491=ADVANCED_FACE('',(#188),#2414,.T.);
#2492=ADVANCED_FACE('',(#189),#89,.T.);
#2493=ADVANCED_FACE('',(#190,#40),#90,.T.);
#2494=ADVANCED_FACE('',(#191),#2415,.T.);
#2495=ADVANCED_FACE('',(#192),#91,.T.);
#2496=ADVANCED_FACE('',(#193),#29,.F.);
#2497=ADVANCED_FACE('',(#194,#41,#42,#43,#44,#45,#46),#92,.F.);
#2498=ADVANCED_FACE('',(#195),#2416,.F.);
#2499=ADVANCED_FACE('',(#196),#30,.F.);
#2500=ADVANCED_FACE('',(#197),#2417,.F.);
#2501=ADVANCED_FACE('',(#198),#31,.F.);
#2502=ADVANCED_FACE('',(#199),#2418,.F.);
#2503=ADVANCED_FACE('',(#200),#32,.F.);
#2504=ADVANCED_FACE('',(#201),#2419,.F.);
#2505=ADVANCED_FACE('',(#202),#93,.T.);
#2506=ADVANCED_FACE('',(#203),#2420,.T.);
#2507=ADVANCED_FACE('',(#204),#94,.T.);
#2508=ADVANCED_FACE('',(#205),#2421,.F.);
#2509=ADVANCED_FACE('',(#206),#95,.T.);
#2510=ADVANCED_FACE('',(#207),#2422,.T.);
#2511=ADVANCED_FACE('',(#208),#96,.T.);
#2512=ADVANCED_FACE('',(#209),#97,.T.);
#2513=ADVANCED_FACE('',(#210),#98,.T.);
#2514=ADVANCED_FACE('',(#211),#2423,.T.);
#2515=ADVANCED_FACE('',(#212),#99,.T.);
#2516=ADVANCED_FACE('',(#213),#2424,.F.);
#2517=ADVANCED_FACE('',(#214),#100,.T.);
#2518=ADVANCED_FACE('',(#215),#2425,.T.);
#2519=ADVANCED_FACE('',(#216),#101,.T.);
#2520=ADVANCED_FACE('',(#217),#102,.T.);
#2521=ADVANCED_FACE('',(#218),#103,.T.);
#2522=ADVANCED_FACE('',(#219),#2426,.T.);
#2523=ADVANCED_FACE('',(#220),#104,.T.);
#2524=ADVANCED_FACE('',(#221),#2427,.T.);
#2525=ADVANCED_FACE('',(#222,#47,#48,#49,#50,#51),#105,.T.);
#2526=ADVANCED_FACE('',(#223,#52),#106,.T.);
#2527=ADVANCED_FACE('',(#224),#107,.F.);
#2528=ADVANCED_FACE('',(#225),#108,.F.);
#2529=ADVANCED_FACE('',(#226),#109,.F.);
#2530=ADVANCED_FACE('',(#227),#110,.F.);
#2531=ADVANCED_FACE('',(#228),#111,.F.);
#2532=ADVANCED_FACE('',(#229),#112,.F.);
#2533=ADVANCED_FACE('',(#230),#113,.F.);
#2534=ADVANCED_FACE('',(#231),#114,.F.);
#2535=ADVANCED_FACE('',(#232),#115,.F.);
#2536=ADVANCED_FACE('',(#233),#116,.F.);
#2537=ADVANCED_FACE('',(#234),#117,.F.);
#2538=ADVANCED_FACE('',(#235),#118,.F.);
#2539=ADVANCED_FACE('',(#236),#2428,.F.);
#2540=ADVANCED_FACE('',(#237),#119,.T.);
#2541=ADVANCED_FACE('',(#238),#2429,.F.);
#2542=ADVANCED_FACE('',(#239),#120,.T.);
#2543=ADVANCED_FACE('',(#240),#2430,.F.);
#2544=ADVANCED_FACE('',(#241),#121,.T.);
#2545=ADVANCED_FACE('',(#242),#2431,.F.);
#2546=ADVANCED_FACE('',(#243),#122,.T.);
#2547=ADVANCED_FACE('',(#244),#2432,.F.);
#2548=ADVANCED_FACE('',(#245),#123,.T.);
#2549=ADVANCED_FACE('',(#246),#2433,.F.);
#2550=ADVANCED_FACE('',(#247),#124,.T.);
#2551=ADVANCED_FACE('',(#248),#2434,.F.);
#2552=ADVANCED_FACE('',(#249),#125,.T.);
#2553=ADVANCED_FACE('',(#250),#2435,.F.);
#2554=ADVANCED_FACE('',(#251),#126,.T.);
#2555=ADVANCED_FACE('',(#252),#2436,.F.);
#2556=ADVANCED_FACE('',(#253),#2437,.F.);
#2557=ADVANCED_FACE('',(#254),#127,.T.);
#2558=ADVANCED_FACE('',(#255),#2438,.T.);
#2559=ADVANCED_FACE('',(#256),#128,.T.);
#2560=ADVANCED_FACE('',(#257),#2439,.T.);
#2561=ADVANCED_FACE('',(#258,#53,#54,#55,#56,#57,#58),#129,.T.);
#2562=ADVANCED_FACE('',(#259),#2440,.F.);
#2563=ADVANCED_FACE('',(#260),#2441,.F.);
#2564=ADVANCED_FACE('',(#261),#19,.T.);
#2565=ADVANCED_FACE('',(#262),#2442,.T.);
#2566=ADVANCED_FACE('',(#263),#20,.T.);
#2567=ADVANCED_FACE('',(#264),#2443,.T.);
#2568=ADVANCED_FACE('',(#265,#59),#130,.T.);
#2569=ADVANCED_FACE('',(#266),#2444,.T.);
#2570=ADVANCED_FACE('',(#267),#131,.F.);
#2571=ADVANCED_FACE('',(#268),#2445,.F.);
#2572=ADVANCED_FACE('',(#269),#132,.T.);
#2573=ADVANCED_FACE('',(#270),#2446,.F.);
#2574=ADVANCED_FACE('',(#271),#133,.T.);
#2575=ADVANCED_FACE('',(#272),#2447,.F.);
#2576=ADVANCED_FACE('',(#273),#134,.T.);
#2577=ADVANCED_FACE('',(#274),#2448,.F.);
#2578=ADVANCED_FACE('',(#275),#135,.T.);
#2579=ADVANCED_FACE('',(#276,#60),#136,.T.);
#2580=ADVANCED_FACE('',(#277,#61),#137,.T.);
#2581=ADVANCED_FACE('',(#278,#62),#138,.T.);
#2582=ADVANCED_FACE('',(#279,#63),#139,.T.);
#2583=ADVANCED_FACE('',(#280),#140,.T.);
#2584=ADVANCED_FACE('',(#281),#2449,.T.);
#2585=ADVANCED_FACE('',(#282),#141,.T.);
#2586=ADVANCED_FACE('',(#283),#2450,.T.);
#2587=ADVANCED_FACE('',(#284,#64),#142,.T.);
#2588=ADVANCED_FACE('',(#285),#143,.T.);
#2589=ADVANCED_FACE('',(#286),#2451,.F.);
#2590=ADVANCED_FACE('',(#287),#144,.T.);
#2591=ADVANCED_FACE('',(#288),#2452,.T.);
#2592=ADVANCED_FACE('',(#289),#145,.T.);
#2593=ADVANCED_FACE('',(#290,#65),#146,.T.);
#2594=ADVANCED_FACE('',(#291),#147,.T.);
#2595=ADVANCED_FACE('',(#292),#2453,.T.);
#2596=ADVANCED_FACE('',(#293),#148,.T.);
#2597=ADVANCED_FACE('',(#294),#2454,.F.);
#2598=ADVANCED_FACE('',(#295),#149,.T.);
#2599=ADVANCED_FACE('',(#296,#66),#150,.T.);
#2600=ADVANCED_FACE('',(#297,#67),#151,.T.);
#2601=ADVANCED_FACE('',(#298),#2455,.T.);
#2602=ADVANCED_FACE('',(#299),#152,.T.);
#2603=CLOSED_SHELL('',(#2456,#2457,#2458,#2459,#2460,#2461,#2462,#2463,
#2464,#2465,#2466,#2467,#2468,#2469,#2470,#2471,#2472,#2473,#2474,#2475,
#2476,#2477,#2478,#2479,#2480,#2481,#2482,#2483,#2484,#2485,#2486,#2487,
#2488,#2489,#2490,#2491,#2492,#2493,#2494,#2495,#2496,#2497,#2498,#2499,
#2500,#2501,#2502,#2503,#2504,#2505,#2506,#2507,#2508,#2509,#2510,#2511,
#2512,#2513,#2514,#2515,#2516,#2517,#2518,#2519,#2520,#2521,#2522,#2523,
#2524,#2525,#2526,#2527,#2528,#2529,#2530,#2531,#2532,#2533,#2534,#2535,
#2536,#2537,#2538,#2539,#2540,#2541,#2542,#2543,#2544,#2545,#2546,#2547,
#2548,#2549,#2550,#2551,#2552,#2553,#2554,#2555,#2556,#2557,#2558,#2559,
#2560,#2561));
#2604=CLOSED_SHELL('',(#2562,#2563,#2564,#2565,#2566,#2567,#2568,#2569,
#2570,#2571,#2572,#2573,#2574,#2575,#2576,#2577,#2578,#2579,#2580,#2581,
#2582,#2583,#2584,#2585,#2586,#2587,#2588,#2589,#2590,#2591,#2592,#2593,
#2594,#2595,#2596,#2597,#2598,#2599,#2600,#2601,#2602));
#2605=DERIVED_UNIT_ELEMENT(#2609,1.);
#2606=DERIVED_UNIT_ELEMENT(#4437,-3.);
#2607=DERIVED_UNIT_ELEMENT(#2609,1.);
#2608=DERIVED_UNIT_ELEMENT(#4437,-3.);
#2609=(
MASS_UNIT()
NAMED_UNIT(*)
SI_UNIT(.KILO.,.GRAM.)
);
#2610=DERIVED_UNIT((#2605,#2606));
#2611=DERIVED_UNIT((#2607,#2608));
#2612=MEASURE_REPRESENTATION_ITEM('density measure',
POSITIVE_RATIO_MEASURE(7850.),#2610);
#2613=MEASURE_REPRESENTATION_ITEM('density measure',
POSITIVE_RATIO_MEASURE(7850.),#2611);
#2614=PROPERTY_DEFINITION_REPRESENTATION(#2624,#2618);
#2615=PROPERTY_DEFINITION_REPRESENTATION(#2625,#2619);
#2616=PROPERTY_DEFINITION_REPRESENTATION(#2626,#2620);
#2617=PROPERTY_DEFINITION_REPRESENTATION(#2627,#2621);
#2618=REPRESENTATION('material name',(#2622),#4433);
#2619=REPRESENTATION('density',(#2612),#4433);
#2620=REPRESENTATION('material name',(#2623),#4434);
#2621=REPRESENTATION('density',(#2613),#4434);
#2622=DESCRIPTIVE_REPRESENTATION_ITEM('\X2\AC15CCA0\X0\','\X2\AC15CCA0\X0\');
#2623=DESCRIPTIVE_REPRESENTATION_ITEM('\X2\AC15CCA0\X0\','\X2\AC15CCA0\X0\');
#2624=PROPERTY_DEFINITION('material property','material name',#4453);
#2625=PROPERTY_DEFINITION('material property','density of part',#4453);
#2626=PROPERTY_DEFINITION('material property','material name',#4454);
#2627=PROPERTY_DEFINITION('material property','density of part',#4454);
#2628=AXIS2_PLACEMENT_3D('',#3680,#2898,#2899);
#2629=AXIS2_PLACEMENT_3D('',#3681,#2900,#2901);
#2630=AXIS2_PLACEMENT_3D('',#3682,#2902,#2903);
#2631=AXIS2_PLACEMENT_3D('',#3685,#2904,#2905);
#2632=AXIS2_PLACEMENT_3D('',#3689,#2907,#2908);
#2633=AXIS2_PLACEMENT_3D('',#3691,#2910,#2911);
#2634=AXIS2_PLACEMENT_3D('',#3697,#2915,#2916);
#2635=AXIS2_PLACEMENT_3D('',#3704,#2920,#2921);
#2636=AXIS2_PLACEMENT_3D('',#3706,#2922,#2923);
#2637=AXIS2_PLACEMENT_3D('',#3707,#2924,#2925);
#2638=AXIS2_PLACEMENT_3D('',#3710,#2927,#2928);
#2639=AXIS2_PLACEMENT_3D('',#3711,#2929,#2930);
#2640=AXIS2_PLACEMENT_3D('',#3723,#2937,#2938);
#2641=AXIS2_PLACEMENT_3D('',#3726,#2939,#2940);
#2642=AXIS2_PLACEMENT_3D('',#3730,#2942,#2943);
#2643=AXIS2_PLACEMENT_3D('',#3732,#2945,#2946);
#2644=AXIS2_PLACEMENT_3D('',#3738,#2950,#2951);
#2645=AXIS2_PLACEMENT_3D('',#3745,#2955,#2956);
#2646=AXIS2_PLACEMENT_3D('',#3747,#2957,#2958);
#2647=AXIS2_PLACEMENT_3D('',#3748,#2959,#2960);
#2648=AXIS2_PLACEMENT_3D('',#3751,#2962,#2963);
#2649=AXIS2_PLACEMENT_3D('',#3752,#2964,#2965);
#2650=AXIS2_PLACEMENT_3D('',#3764,#2972,#2973);
#2651=AXIS2_PLACEMENT_3D('',#3767,#2974,#2975);
#2652=AXIS2_PLACEMENT_3D('',#3771,#2977,#2978);
#2653=AXIS2_PLACEMENT_3D('',#3773,#2980,#2981);
#2654=AXIS2_PLACEMENT_3D('',#3779,#2985,#2986);
#2655=AXIS2_PLACEMENT_3D('',#3786,#2990,#2991);
#2656=AXIS2_PLACEMENT_3D('',#3788,#2992,#2993);
#2657=AXIS2_PLACEMENT_3D('',#3789,#2994,#2995);
#2658=AXIS2_PLACEMENT_3D('',#3792,#2997,#2998);
#2659=AXIS2_PLACEMENT_3D('',#3793,#2999,#3000);
#2660=AXIS2_PLACEMENT_3D('',#3805,#3007,#3008);
#2661=AXIS2_PLACEMENT_3D('',#3808,#3009,#3010);
#2662=AXIS2_PLACEMENT_3D('',#3812,#3012,#3013);
#2663=AXIS2_PLACEMENT_3D('',#3814,#3015,#3016);
#2664=AXIS2_PLACEMENT_3D('',#3820,#3020,#3021);
#2665=AXIS2_PLACEMENT_3D('',#3827,#3025,#3026);
#2666=AXIS2_PLACEMENT_3D('',#3829,#3027,#3028);
#2667=AXIS2_PLACEMENT_3D('',#3830,#3029,#3030);
#2668=AXIS2_PLACEMENT_3D('',#3833,#3032,#3033);
#2669=AXIS2_PLACEMENT_3D('',#3834,#3034,#3035);
#2670=AXIS2_PLACEMENT_3D('',#3846,#3042,#3043);
#2671=AXIS2_PLACEMENT_3D('',#3848,#3044,#3045);
#2672=AXIS2_PLACEMENT_3D('',#3851,#3047,#3048);
#2673=AXIS2_PLACEMENT_3D('',#3852,#3049,#3050);
#2674=AXIS2_PLACEMENT_3D('',#3858,#3054,#3055);
#2675=AXIS2_PLACEMENT_3D('',#3863,#3058,#3059);
#2676=AXIS2_PLACEMENT_3D('',#3865,#3060,#3061);
#2677=AXIS2_PLACEMENT_3D('',#3866,#3062,#3063);
#2678=AXIS2_PLACEMENT_3D('',#3869,#3065,#3066);
#2679=AXIS2_PLACEMENT_3D('',#3870,#3067,#3068);
#2680=AXIS2_PLACEMENT_3D('',#3877,#3073,#3074);
#2681=AXIS2_PLACEMENT_3D('',#3879,#3075,#3076);
#2682=AXIS2_PLACEMENT_3D('',#3882,#3078,#3079);
#2683=AXIS2_PLACEMENT_3D('',#3883,#3080,#3081);
#2684=AXIS2_PLACEMENT_3D('',#3889,#3085,#3086);
#2685=AXIS2_PLACEMENT_3D('',#3894,#3089,#3090);
#2686=AXIS2_PLACEMENT_3D('',#3896,#3091,#3092);
#2687=AXIS2_PLACEMENT_3D('',#3897,#3093,#3094);
#2688=AXIS2_PLACEMENT_3D('',#3900,#3096,#3097);
#2689=AXIS2_PLACEMENT_3D('',#3901,#3098,#3099);
#2690=AXIS2_PLACEMENT_3D('',#3908,#3104,#3105);
#2691=AXIS2_PLACEMENT_3D('',#3910,#3106,#3107);
#2692=AXIS2_PLACEMENT_3D('',#3913,#3109,#3110);
#2693=AXIS2_PLACEMENT_3D('',#3914,#3111,#3112);
#2694=AXIS2_PLACEMENT_3D('',#3920,#3116,#3117);
#2695=AXIS2_PLACEMENT_3D('',#3925,#3120,#3121);
#2696=AXIS2_PLACEMENT_3D('',#3927,#3122,#3123);
#2697=AXIS2_PLACEMENT_3D('',#3928,#3124,#3125);
#2698=AXIS2_PLACEMENT_3D('',#3931,#3127,#3128);
#2699=AXIS2_PLACEMENT_3D('',#3932,#3129,#3130);
#2700=AXIS2_PLACEMENT_3D('',#3939,#3135,#3136);
#2701=AXIS2_PLACEMENT_3D('',#3941,#3137,#3138);
#2702=AXIS2_PLACEMENT_3D('',#3944,#3140,#3141);
#2703=AXIS2_PLACEMENT_3D('',#3945,#3142,#3143);
#2704=AXIS2_PLACEMENT_3D('',#3951,#3147,#3148);
#2705=AXIS2_PLACEMENT_3D('',#3956,#3151,#3152);
#2706=AXIS2_PLACEMENT_3D('',#3958,#3153,#3154);
#2707=AXIS2_PLACEMENT_3D('',#3959,#3155,#3156);
#2708=AXIS2_PLACEMENT_3D('',#3962,#3158,#3159);
#2709=AXIS2_PLACEMENT_3D('',#3963,#3160,#3161);
#2710=AXIS2_PLACEMENT_3D('',#3970,#3166,#3167);
#2711=AXIS2_PLACEMENT_3D('',#3972,#3168,#3169);
#2712=AXIS2_PLACEMENT_3D('',#3975,#3171,#3172);
#2713=AXIS2_PLACEMENT_3D('',#3976,#3173,#3174);
#2714=AXIS2_PLACEMENT_3D('',#3979,#3175,#3176);
#2715=AXIS2_PLACEMENT_3D('',#3983,#3178,#3179);
#2716=AXIS2_PLACEMENT_3D('',#3986,#3181,#3182);
#2717=AXIS2_PLACEMENT_3D('',#3988,#3183,#3184);
#2718=AXIS2_PLACEMENT_3D('',#3990,#3185,#3186);
#2719=AXIS2_PLACEMENT_3D('',#3992,#3187,#3188);
#2720=AXIS2_PLACEMENT_3D('',#3994,#3189,#3190);
#2721=AXIS2_PLACEMENT_3D('',#3995,#3191,#3192);
#2722=AXIS2_PLACEMENT_3D('',#3997,#3193,#3194);
#2723=AXIS2_PLACEMENT_3D('',#3999,#3196,#3197);
#2724=AXIS2_PLACEMENT_3D('',#4002,#3199,#3200);
#2725=AXIS2_PLACEMENT_3D('',#4003,#3201,#3202);
#2726=AXIS2_PLACEMENT_3D('',#4005,#3203,#3204);
#2727=AXIS2_PLACEMENT_3D('',#4007,#3206,#3207);
#2728=AXIS2_PLACEMENT_3D('',#4010,#3209,#3210);
#2729=AXIS2_PLACEMENT_3D('',#4011,#3211,#3212);
#2730=AXIS2_PLACEMENT_3D('',#4013,#3213,#3214);
#2731=AXIS2_PLACEMENT_3D('',#4015,#3216,#3217);
#2732=AXIS2_PLACEMENT_3D('',#4018,#3219,#3220);
#2733=AXIS2_PLACEMENT_3D('',#4019,#3221,#3222);
#2734=AXIS2_PLACEMENT_3D('',#4021,#3223,#3224);
#2735=AXIS2_PLACEMENT_3D('',#4023,#3226,#3227);
#2736=AXIS2_PLACEMENT_3D('',#4032,#3232,#3233);
#2737=AXIS2_PLACEMENT_3D('',#4034,#3234,#3235);
#2738=AXIS2_PLACEMENT_3D('',#4036,#3236,#3237);
#2739=AXIS2_PLACEMENT_3D('',#4038,#3239,#3240);
#2740=AXIS2_PLACEMENT_3D('',#4044,#3244,#3245);
#2741=AXIS2_PLACEMENT_3D('',#4046,#3246,#3247);
#2742=AXIS2_PLACEMENT_3D('',#4048,#3248,#3249);
#2743=AXIS2_PLACEMENT_3D('',#4050,#3251,#3252);
#2744=AXIS2_PLACEMENT_3D('',#4056,#3256,#3257);
#2745=AXIS2_PLACEMENT_3D('',#4058,#3258,#3259);
#2746=AXIS2_PLACEMENT_3D('',#4060,#3260,#3261);
#2747=AXIS2_PLACEMENT_3D('',#4062,#3263,#3264);
#2748=AXIS2_PLACEMENT_3D('',#4068,#3268,#3269);
#2749=AXIS2_PLACEMENT_3D('',#4074,#3273,#3274);
#2750=AXIS2_PLACEMENT_3D('',#4080,#3278,#3279);
#2751=AXIS2_PLACEMENT_3D('',#4082,#3280,#3281);
#2752=AXIS2_PLACEMENT_3D('',#4084,#3282,#3283);
#2753=AXIS2_PLACEMENT_3D('',#4086,#3285,#3286);
#2754=AXIS2_PLACEMENT_3D('',#4092,#3290,#3291);
#2755=AXIS2_PLACEMENT_3D('',#4094,#3292,#3293);
#2756=AXIS2_PLACEMENT_3D('',#4096,#3294,#3295);
#2757=AXIS2_PLACEMENT_3D('',#4098,#3297,#3298);
#2758=AXIS2_PLACEMENT_3D('',#4104,#3302,#3303);
#2759=AXIS2_PLACEMENT_3D('',#4106,#3304,#3305);
#2760=AXIS2_PLACEMENT_3D('',#4108,#3306,#3307);
#2761=AXIS2_PLACEMENT_3D('',#4110,#3309,#3310);
#2762=AXIS2_PLACEMENT_3D('',#4116,#3314,#3315);
#2763=AXIS2_PLACEMENT_3D('',#4119,#3318,#3319);
#2764=AXIS2_PLACEMENT_3D('',#4128,#3324,#3325);
#2765=AXIS2_PLACEMENT_3D('',#4130,#3326,#3327);
#2766=AXIS2_PLACEMENT_3D('',#4132,#3328,#3329);
#2767=AXIS2_PLACEMENT_3D('',#4134,#3331,#3332);
#2768=AXIS2_PLACEMENT_3D('',#4140,#3336,#3337);
#2769=AXIS2_PLACEMENT_3D('',#4141,#3338,#3339);
#2770=AXIS2_PLACEMENT_3D('',#4142,#3340,#3341);
#2771=AXIS2_PLACEMENT_3D('',#4143,#3342,#3343);
#2772=AXIS2_PLACEMENT_3D('',#4144,#3344,#3345);
#2773=AXIS2_PLACEMENT_3D('',#4147,#3346,#3347);
#2774=AXIS2_PLACEMENT_3D('',#4151,#3349,#3350);
#2775=AXIS2_PLACEMENT_3D('',#4153,#3352,#3353);
#2776=AXIS2_PLACEMENT_3D('',#4155,#3355,#3356);
#2777=AXIS2_PLACEMENT_3D('',#4157,#3358,#3359);
#2778=AXIS2_PLACEMENT_3D('',#4158,#3360,#3361);
#2779=AXIS2_PLACEMENT_3D('',#4160,#3363,#3364);
#2780=AXIS2_PLACEMENT_3D('',#4162,#3366,#3367);
#2781=AXIS2_PLACEMENT_3D('',#4163,#3368,#3369);
#2782=AXIS2_PLACEMENT_3D('',#4165,#3371,#3372);
#2783=AXIS2_PLACEMENT_3D('',#4167,#3374,#3375);
#2784=AXIS2_PLACEMENT_3D('',#4168,#3376,#3377);
#2785=AXIS2_PLACEMENT_3D('',#4170,#3379,#3380);
#2786=AXIS2_PLACEMENT_3D('',#4172,#3382,#3383);
#2787=AXIS2_PLACEMENT_3D('',#4173,#3384,#3385);
#2788=AXIS2_PLACEMENT_3D('',#4176,#3387,#3388);
#2789=AXIS2_PLACEMENT_3D('',#4177,#3389,#3390);
#2790=AXIS2_PLACEMENT_3D('',#4178,#3391,#3392);
#2791=AXIS2_PLACEMENT_3D('',#4181,#3394,#3395);
#2792=AXIS2_PLACEMENT_3D('',#4182,#3396,#3397);
#2793=AXIS2_PLACEMENT_3D('',#4183,#3398,#3399);
#2794=AXIS2_PLACEMENT_3D('',#4186,#3401,#3402);
#2795=AXIS2_PLACEMENT_3D('',#4187,#3403,#3404);
#2796=AXIS2_PLACEMENT_3D('',#4188,#3405,#3406);
#2797=AXIS2_PLACEMENT_3D('',#4191,#3408,#3409);
#2798=AXIS2_PLACEMENT_3D('',#4192,#3410,#3411);
#2799=AXIS2_PLACEMENT_3D('',#4193,#3412,#3413);
#2800=AXIS2_PLACEMENT_3D('',#4196,#3415,#3416);
#2801=AXIS2_PLACEMENT_3D('',#4197,#3417,#3418);
#2802=AXIS2_PLACEMENT_3D('',#4198,#3419,#3420);
#2803=AXIS2_PLACEMENT_3D('',#4201,#3422,#3423);
#2804=AXIS2_PLACEMENT_3D('',#4202,#3424,#3425);
#2805=AXIS2_PLACEMENT_3D('',#4203,#3426,#3427);
#2806=AXIS2_PLACEMENT_3D('',#4206,#3429,#3430);
#2807=AXIS2_PLACEMENT_3D('',#4207,#3431,#3432);
#2808=AXIS2_PLACEMENT_3D('',#4208,#3433,#3434);
#2809=AXIS2_PLACEMENT_3D('',#4211,#3436,#3437);
#2810=AXIS2_PLACEMENT_3D('',#4212,#3438,#3439);
#2811=AXIS2_PLACEMENT_3D('',#4213,#3440,#3441);
#2812=AXIS2_PLACEMENT_3D('',#4215,#3442,#3443);
#2813=AXIS2_PLACEMENT_3D('',#4217,#3445,#3446);
#2814=AXIS2_PLACEMENT_3D('',#4219,#3447,#3448);
#2815=AXIS2_PLACEMENT_3D('',#4221,#3450,#3451);
#2816=AXIS2_PLACEMENT_3D('',#4224,#3454,#3455);
#2817=AXIS2_PLACEMENT_3D('',#4226,#3457,#3458);
#2818=AXIS2_PLACEMENT_3D('',#4228,#3460,#3461);
#2819=AXIS2_PLACEMENT_3D('',#4229,#3462,#3463);
#2820=AXIS2_PLACEMENT_3D('',#4230,#3464,#3465);
#2821=AXIS2_PLACEMENT_3D('',#4231,#3466,#3467);
#2822=AXIS2_PLACEMENT_3D('',#4233,#3468,#3469);
#2823=AXIS2_PLACEMENT_3D('',#4236,#3471,#3472);
#2824=AXIS2_PLACEMENT_3D('',#4237,#3473,#3474);
#2825=AXIS2_PLACEMENT_3D('',#4239,#3475,#3476);
#2826=AXIS2_PLACEMENT_3D('',#4242,#3478,#3479);
#2827=AXIS2_PLACEMENT_3D('',#4243,#3480,#3481);
#2828=AXIS2_PLACEMENT_3D('',#4246,#3482,#3483);
#2829=AXIS2_PLACEMENT_3D('',#4248,#3484,#3485);
#2830=AXIS2_PLACEMENT_3D('',#4250,#3486,#3487);
#2831=AXIS2_PLACEMENT_3D('',#4251,#3488,#3489);
#2832=AXIS2_PLACEMENT_3D('',#4252,#3490,#3491);
#2833=AXIS2_PLACEMENT_3D('',#4255,#3492,#3493);
#2834=AXIS2_PLACEMENT_3D('',#4258,#3496,#3497);
#2835=AXIS2_PLACEMENT_3D('',#4261,#3498,#3499);
#2836=AXIS2_PLACEMENT_3D('',#4262,#3500,#3501);
#2837=AXIS2_PLACEMENT_3D('',#4263,#3502,#3503);
#2838=AXIS2_PLACEMENT_3D('',#4264,#3504,#3505);
#2839=AXIS2_PLACEMENT_3D('',#4267,#3508,#3509);
#2840=AXIS2_PLACEMENT_3D('',#4273,#3513,#3514);
#2841=AXIS2_PLACEMENT_3D('',#4276,#3516,#3517);
#2842=AXIS2_PLACEMENT_3D('',#4277,#3518,#3519);
#2843=AXIS2_PLACEMENT_3D('',#4278,#3520,#3521);
#2844=AXIS2_PLACEMENT_3D('',#4280,#3522,#3523);
#2845=AXIS2_PLACEMENT_3D('',#4283,#3525,#3526);
#2846=AXIS2_PLACEMENT_3D('',#4284,#3527,#3528);
#2847=AXIS2_PLACEMENT_3D('',#4285,#3529,#3530);
#2848=AXIS2_PLACEMENT_3D('',#4287,#3531,#3532);
#2849=AXIS2_PLACEMENT_3D('',#4290,#3534,#3535);
#2850=AXIS2_PLACEMENT_3D('',#4291,#3536,#3537);
#2851=AXIS2_PLACEMENT_3D('',#4292,#3538,#3539);
#2852=AXIS2_PLACEMENT_3D('',#4294,#3540,#3541);
#2853=AXIS2_PLACEMENT_3D('',#4297,#3543,#3544);
#2854=AXIS2_PLACEMENT_3D('',#4298,#3545,#3546);
#2855=AXIS2_PLACEMENT_3D('',#4299,#3547,#3548);
#2856=AXIS2_PLACEMENT_3D('',#4301,#3549,#3550);
#2857=AXIS2_PLACEMENT_3D('',#4304,#3552,#3553);
#2858=AXIS2_PLACEMENT_3D('',#4305,#3554,#3555);
#2859=AXIS2_PLACEMENT_3D('',#4306,#3556,#3557);
#2860=AXIS2_PLACEMENT_3D('',#4309,#3558,#3559);
#2861=AXIS2_PLACEMENT_3D('',#4315,#3563,#3564);
#2862=AXIS2_PLACEMENT_3D('',#4318,#3565,#3566);
#2863=AXIS2_PLACEMENT_3D('',#4324,#3570,#3571);
#2864=AXIS2_PLACEMENT_3D('',#4331,#3574,#3575);
#2865=AXIS2_PLACEMENT_3D('',#4333,#3577,#3578);
#2866=AXIS2_PLACEMENT_3D('',#4340,#3581,#3582);
#2867=AXIS2_PLACEMENT_3D('',#4342,#3584,#3585);
#2868=AXIS2_PLACEMENT_3D('',#4348,#3589,#3590);
#2869=AXIS2_PLACEMENT_3D('',#4351,#3592,#3593);
#2870=AXIS2_PLACEMENT_3D('',#4352,#3594,#3595);
#2871=AXIS2_PLACEMENT_3D('',#4358,#3599,#3600);
#2872=AXIS2_PLACEMENT_3D('',#4361,#3602,#3603);
#2873=AXIS2_PLACEMENT_3D('',#4362,#3604,#3605);
#2874=AXIS2_PLACEMENT_3D('',#4371,#3611,#3612);
#2875=AXIS2_PLACEMENT_3D('',#4375,#3615,#3616);
#2876=AXIS2_PLACEMENT_3D('',#4377,#3617,#3618);
#2877=AXIS2_PLACEMENT_3D('',#4379,#3619,#3620);
#2878=AXIS2_PLACEMENT_3D('',#4382,#3623,#3624);
#2879=AXIS2_PLACEMENT_3D('',#4386,#3627,#3628);
#2880=AXIS2_PLACEMENT_3D('',#4389,#3630,#3631);
#2881=AXIS2_PLACEMENT_3D('',#4390,#3632,#3633);
#2882=AXIS2_PLACEMENT_3D('',#4394,#3636,#3637);
#2883=AXIS2_PLACEMENT_3D('',#4401,#3642,#3643);
#2884=AXIS2_PLACEMENT_3D('',#4405,#3646,#3647);
#2885=AXIS2_PLACEMENT_3D('',#4408,#3649,#3650);
#2886=AXIS2_PLACEMENT_3D('',#4409,#3651,#3652);
#2887=AXIS2_PLACEMENT_3D('',#4413,#3655,#3656);
#2888=AXIS2_PLACEMENT_3D('',#4414,#3657,#3658);
#2889=AXIS2_PLACEMENT_3D('',#4415,#3659,#3660);
#2890=AXIS2_PLACEMENT_3D('',#4416,#3661,#3662);
#2891=AXIS2_PLACEMENT_3D('',#4418,#3664,#3665);
#2892=AXIS2_PLACEMENT_3D('',#4421,#3667,#3668);
#2893=AXIS2_PLACEMENT_3D('',#4422,#3669,#3670);
#2894=AXIS2_PLACEMENT_3D('',#4424,#3672,#3673);
#2895=AXIS2_PLACEMENT_3D('',#4425,#3674,#3675);
#2896=AXIS2_PLACEMENT_3D('',#4426,#3676,#3677);
#2897=AXIS2_PLACEMENT_3D('',#4427,#3678,#3679);
#2898=DIRECTION('axis',(0.,0.,1.));
#2899=DIRECTION('refdir',(1.,0.,0.));
#2900=DIRECTION('axis',(0.,0.,1.));
#2901=DIRECTION('refdir',(1.,0.,0.));
#2902=DIRECTION('center_axis',(2.22044604925031E-16,-1.,4.93038065763132E-32));
#2903=DIRECTION('ref_axis',(-0.707106781186547,-1.57009245868377E-16,-0.707106781186548));
#2904=DIRECTION('center_axis',(-2.22044604925031E-16,1.,-4.93038065763132E-32));
#2905=DIRECTION('ref_axis',(-0.707106781186547,-1.57009245868377E-16,-0.707106781186548));
#2906=DIRECTION('',(-2.22044604925031E-16,1.,-4.93038065763132E-32));
#2907=DIRECTION('center_axis',(-2.22044604925031E-16,1.,-4.93038065763132E-32));
#2908=DIRECTION('ref_axis',(-0.707106781186547,-1.57009245868377E-16,-0.707106781186548));
#2909=DIRECTION('',(2.22044604925031E-16,-1.,4.93038065763132E-32));
#2910=DIRECTION('center_axis',(-1.,-2.22044604925031E-16,-3.87287101613427E-16));
#2911=DIRECTION('ref_axis',(3.87287101613427E-16,3.66912048940005E-32,-1.));
#2912=DIRECTION('',(3.87287101613427E-16,3.66912048940005E-32,-1.));
#2913=DIRECTION('',(2.22044604925031E-16,-1.,4.93038065763132E-32));
#2914=DIRECTION('',(-3.87287101613427E-16,-3.66912048940005E-32,1.));
#2915=DIRECTION('center_axis',(2.22044604925031E-16,-1.,4.93038065763132E-32));
#2916=DIRECTION('ref_axis',(1.,2.22044604925031E-16,0.));
#2917=DIRECTION('',(1.,2.22044604925031E-16,0.));
#2918=DIRECTION('',(0.,4.93038065763132E-32,1.));
#2919=DIRECTION('',(-1.,-2.22044604925031E-16,0.));
#2920=DIRECTION('center_axis',(-2.22044604925031E-16,1.,-4.93038065763132E-32));
#2921=DIRECTION('ref_axis',(-0.707106781186547,-1.57009245868377E-16,0.707106781186548));
#2922=DIRECTION('center_axis',(-2.22044604925031E-16,1.,-4.93038065763132E-32));
#2923=DIRECTION('ref_axis',(-1.,-2.22044604925031E-16,0.));
#2924=DIRECTION('center_axis',(2.22044604925031E-16,-1.,4.93038065763132E-32));
#2925=DIRECTION('ref_axis',(-0.707106781186547,-1.57009245868377E-16,0.707106781186548));
#2926=DIRECTION('',(-2.22044604925031E-16,1.,-4.93038065763132E-32));
#2927=DIRECTION('center_axis',(-2.22044604925031E-16,1.,-4.93038065763132E-32));
#2928=DIRECTION('ref_axis',(-0.707106781186547,-1.57009245868377E-16,0.707106781186548));
#2929=DIRECTION('center_axis',(0.,4.93038065763132E-32,1.));
#2930=DIRECTION('ref_axis',(-1.,-2.22044604925031E-16,0.));
#2931=DIRECTION('',(-2.22044604925031E-16,1.,-4.93038065763132E-32));
#2932=DIRECTION('',(1.,2.22044604925031E-16,0.));
#2933=DIRECTION('',(2.22044604925031E-16,-1.,4.93038065763132E-32));
#2934=DIRECTION('',(-1.,-2.22044604925031E-16,0.));
#2935=DIRECTION('',(2.22044604925031E-16,-1.,4.93038065763132E-32));
#2936=DIRECTION('',(1.,2.22044604925031E-16,0.));
#2937=DIRECTION('center_axis',(2.22044604925031E-16,-1.,4.93038065763132E-32));
#2938=DIRECTION('ref_axis',(-0.707106781186548,-1.57009245868378E-16,-0.707106781186547));
#2939=DIRECTION('center_axis',(-2.22044604925031E-16,1.,-4.93038065763132E-32));
#2940=DIRECTION('ref_axis',(-0.707106781186548,-1.57009245868378E-16,-0.707106781186547));
#2941=DIRECTION('',(-2.22044604925031E-16,1.,-4.93038065763132E-32));
#2942=DIRECTION('center_axis',(-2.22044604925031E-16,1.,-4.93038065763132E-32));
#2943=DIRECTION('ref_axis',(-0.707106781186548,-1.57009245868378E-16,-0.707106781186547));
#2944=DIRECTION('',(2.22044604925031E-16,-1.,4.93038065763132E-32));
#2945=DIRECTION('center_axis',(-1.,-2.22044604925031E-16,6.45478502689044E-16));
#2946=DIRECTION('ref_axis',(-6.45478502689044E-16,-1.92628825693503E-31,
-1.));
#2947=DIRECTION('',(-6.45478502689044E-16,-1.92628825693503E-31,-1.));
#2948=DIRECTION('',(2.22044604925031E-16,-1.,4.93038065763132E-32));
#2949=DIRECTION('',(6.45478502689044E-16,1.92628825693503E-31,1.));
#2950=DIRECTION('center_axis',(2.22044604925031E-16,-1.,4.93038065763132E-32));
#2951=DIRECTION('ref_axis',(1.,2.22044604925031E-16,0.));
#2952=DIRECTION('',(1.,2.22044604925031E-16,0.));
#2953=DIRECTION('',(0.,4.93038065763132E-32,1.));
#2954=DIRECTION('',(-1.,-2.22044604925031E-16,0.));
#2955=DIRECTION('center_axis',(-2.22044604925031E-16,1.,-4.93038065763132E-32));
#2956=DIRECTION('ref_axis',(-0.707106781186549,-1.57009245868378E-16,0.707106781186546));
#2957=DIRECTION('center_axis',(-2.22044604925031E-16,1.,-4.93038065763132E-32));
#2958=DIRECTION('ref_axis',(-1.,-2.22044604925031E-16,0.));
#2959=DIRECTION('center_axis',(2.22044604925031E-16,-1.,4.93038065763132E-32));
#2960=DIRECTION('ref_axis',(-0.707106781186549,-1.57009245868378E-16,0.707106781186546));
#2961=DIRECTION('',(-2.22044604925031E-16,1.,-4.93038065763132E-32));
#2962=DIRECTION('center_axis',(-2.22044604925031E-16,1.,-4.93038065763132E-32));
#2963=DIRECTION('ref_axis',(-0.707106781186549,-1.57009245868378E-16,0.707106781186546));
#2964=DIRECTION('center_axis',(0.,4.93038065763132E-32,1.));
#2965=DIRECTION('ref_axis',(-1.,-2.22044604925031E-16,0.));
#2966=DIRECTION('',(-2.22044604925031E-16,1.,-4.93038065763132E-32));
#2967=DIRECTION('',(1.,2.22044604925031E-16,0.));
#2968=DIRECTION('',(2.22044604925031E-16,-1.,4.93038065763132E-32));
#2969=DIRECTION('',(-1.,-2.22044604925031E-16,0.));
#2970=DIRECTION('',(2.22044604925031E-16,-1.,4.93038065763132E-32));
#2971=DIRECTION('',(1.,2.22044604925031E-16,0.));
#2972=DIRECTION('center_axis',(2.22044604925031E-16,-1.,4.93038065763132E-32));
#2973=DIRECTION('ref_axis',(-0.707106781186548,-1.57009245868378E-16,-0.707106781186547));
#2974=DIRECTION('center_axis',(-2.22044604925031E-16,1.,-4.93038065763132E-32));
#2975=DIRECTION('ref_axis',(-0.707106781186548,-1.57009245868378E-16,-0.707106781186547));
#2976=DIRECTION('',(-2.22044604925031E-16,1.,-4.93038065763132E-32));
#2977=DIRECTION('center_axis',(-2.22044604925031E-16,1.,-4.93038065763132E-32));
#2978=DIRECTION('ref_axis',(-0.707106781186548,-1.57009245868378E-16,-0.707106781186547));
#2979=DIRECTION('',(2.22044604925031E-16,-1.,4.93038065763132E-32));
#2980=DIRECTION('center_axis',(-1.,-2.22044604925031E-16,-3.87287101613427E-16));
#2981=DIRECTION('ref_axis',(3.87287101613427E-16,3.66912048940005E-32,-1.));
#2982=DIRECTION('',(3.87287101613427E-16,3.66912048940005E-32,-1.));
#2983=DIRECTION('',(2.22044604925031E-16,-1.,4.93038065763132E-32));
#2984=DIRECTION('',(-3.87287101613427E-16,-3.66912048940005E-32,1.));
#2985=DIRECTION('center_axis',(2.22044604925031E-16,-1.,4.93038065763132E-32));
#2986=DIRECTION('ref_axis',(1.,2.22044604925031E-16,0.));
#2987=DIRECTION('',(1.,2.22044604925031E-16,0.));
#2988=DIRECTION('',(0.,4.93038065763132E-32,1.));
#2989=DIRECTION('',(-1.,-2.22044604925031E-16,0.));
#2990=DIRECTION('center_axis',(-2.22044604925031E-16,1.,-4.93038065763132E-32));
#2991=DIRECTION('ref_axis',(-0.707106781186548,-1.57009245868378E-16,0.707106781186547));
#2992=DIRECTION('center_axis',(-2.22044604925031E-16,1.,-4.93038065763132E-32));
#2993=DIRECTION('ref_axis',(-1.,-2.22044604925031E-16,0.));
#2994=DIRECTION('center_axis',(2.22044604925031E-16,-1.,4.93038065763132E-32));
#2995=DIRECTION('ref_axis',(-0.707106781186548,-1.57009245868378E-16,0.707106781186547));
#2996=DIRECTION('',(-2.22044604925031E-16,1.,-4.93038065763132E-32));
#2997=DIRECTION('center_axis',(-2.22044604925031E-16,1.,-4.93038065763132E-32));
#2998=DIRECTION('ref_axis',(-0.707106781186548,-1.57009245868378E-16,0.707106781186547));
#2999=DIRECTION('center_axis',(0.,4.93038065763132E-32,1.));
#3000=DIRECTION('ref_axis',(-1.,-2.22044604925031E-16,0.));
#3001=DIRECTION('',(-2.22044604925031E-16,1.,-4.93038065763132E-32));
#3002=DIRECTION('',(1.,2.22044604925031E-16,0.));
#3003=DIRECTION('',(2.22044604925031E-16,-1.,4.93038065763132E-32));
#3004=DIRECTION('',(-1.,-2.22044604925031E-16,0.));
#3005=DIRECTION('',(2.22044604925031E-16,-1.,4.93038065763132E-32));
#3006=DIRECTION('',(1.,2.22044604925031E-16,0.));
#3007=DIRECTION('center_axis',(2.22044604925031E-16,-1.,4.93038065763132E-32));
#3008=DIRECTION('ref_axis',(-0.707106781186555,-1.57009245868379E-16,-0.70710678118654));
#3009=DIRECTION('center_axis',(-2.22044604925031E-16,1.,-4.93038065763132E-32));
#3010=DIRECTION('ref_axis',(-0.707106781186555,-1.57009245868379E-16,-0.70710678118654));
#3011=DIRECTION('',(-2.22044604925031E-16,1.,-4.93038065763132E-32));
#3012=DIRECTION('center_axis',(-2.22044604925031E-16,1.,-4.93038065763132E-32));
#3013=DIRECTION('ref_axis',(-0.707106781186555,-1.57009245868379E-16,-0.70710678118654));
#3014=DIRECTION('',(2.22044604925031E-16,-1.,4.93038065763132E-32));
#3015=DIRECTION('center_axis',(-1.,-2.22044604925031E-16,7.74574203226854E-16));
#3016=DIRECTION('ref_axis',(-7.74574203226854E-16,-2.21293829516941E-31,
-1.));
#3017=DIRECTION('',(-7.74574203226854E-16,-2.21293829516941E-31,-1.));
#3018=DIRECTION('',(2.22044604925031E-16,-1.,4.93038065763132E-32));
#3019=DIRECTION('',(7.74574203226854E-16,2.21293829516941E-31,1.));
#3020=DIRECTION('center_axis',(2.22044604925031E-16,-1.,4.93038065763132E-32));
#3021=DIRECTION('ref_axis',(1.,2.22044604925031E-16,0.));
#3022=DIRECTION('',(1.,2.22044604925031E-16,0.));
#3023=DIRECTION('',(0.,4.93038065763132E-32,1.));
#3024=DIRECTION('',(-1.,-2.22044604925031E-16,0.));
#3025=DIRECTION('center_axis',(-2.22044604925031E-16,1.,-4.93038065763132E-32));
#3026=DIRECTION('ref_axis',(-0.707106781186543,-1.57009245868376E-16,0.707106781186552));
#3027=DIRECTION('center_axis',(-2.22044604925031E-16,1.,-4.93038065763132E-32));
#3028=DIRECTION('ref_axis',(-1.,-2.22044604925031E-16,0.));
#3029=DIRECTION('center_axis',(2.22044604925031E-16,-1.,4.93038065763132E-32));
#3030=DIRECTION('ref_axis',(-0.707106781186543,-1.57009245868376E-16,0.707106781186552));
#3031=DIRECTION('',(-2.22044604925031E-16,1.,-4.93038065763132E-32));
#3032=DIRECTION('center_axis',(-2.22044604925031E-16,1.,-4.93038065763132E-32));
#3033=DIRECTION('ref_axis',(-0.707106781186543,-1.57009245868376E-16,0.707106781186552));
#3034=DIRECTION('center_axis',(0.,4.93038065763132E-32,1.));
#3035=DIRECTION('ref_axis',(-1.,-2.22044604925031E-16,0.));
#3036=DIRECTION('',(-2.22044604925031E-16,1.,-4.93038065763132E-32));
#3037=DIRECTION('',(1.,2.22044604925031E-16,0.));
#3038=DIRECTION('',(2.22044604925031E-16,-1.,4.93038065763132E-32));
#3039=DIRECTION('',(-1.,-2.22044604925031E-16,0.));
#3040=DIRECTION('',(2.22044604925031E-16,-1.,4.93038065763132E-32));
#3041=DIRECTION('',(1.,2.22044604925031E-16,0.));
#3042=DIRECTION('center_axis',(2.22044604925031E-16,-1.,4.93038065763132E-32));
#3043=DIRECTION('ref_axis',(0.707106781186555,1.57009245868379E-16,0.70710678118654));
#3044=DIRECTION('center_axis',(-2.22044604925031E-16,1.,-4.93038065763132E-32));
#3045=DIRECTION('ref_axis',(0.707106781186555,1.57009245868379E-16,0.70710678118654));
#3046=DIRECTION('',(-2.22044604925031E-16,1.,-4.93038065763132E-32));
#3047=DIRECTION('center_axis',(-2.22044604925031E-16,1.,-4.93038065763132E-32));
#3048=DIRECTION('ref_axis',(0.707106781186555,1.57009245868379E-16,0.70710678118654));
#3049=DIRECTION('center_axis',(1.,2.22044604925031E-16,-5.16382802151236E-16));
#3050=DIRECTION('ref_axis',(5.16382802151236E-16,1.63963821870065E-31,1.));
#3051=DIRECTION('',(5.16382802151236E-16,1.63963821870065E-31,1.));
#3052=DIRECTION('',(2.22044604925031E-16,-1.,4.93038065763132E-32));
#3053=DIRECTION('',(-5.16382802151236E-16,-1.63963821870065E-31,-1.));
#3054=DIRECTION('center_axis',(2.22044604925031E-16,-1.,4.93038065763132E-32));
#3055=DIRECTION('ref_axis',(1.,2.22044604925031E-16,0.));
#3056=DIRECTION('',(0.,-4.93038065763132E-32,-1.));
#3057=DIRECTION('',(1.,2.22044604925031E-16,0.));
#3058=DIRECTION('center_axis',(-2.22044604925031E-16,1.,-4.93038065763132E-32));
#3059=DIRECTION('ref_axis',(0.707106781186543,1.57009245868376E-16,-0.707106781186552));
#3060=DIRECTION('center_axis',(-2.22044604925031E-16,1.,-4.93038065763132E-32));
#3061=DIRECTION('ref_axis',(-1.,-2.22044604925031E-16,0.));
#3062=DIRECTION('center_axis',(2.22044604925031E-16,-1.,4.93038065763132E-32));
#3063=DIRECTION('ref_axis',(0.707106781186543,1.57009245868376E-16,-0.707106781186552));
#3064=DIRECTION('',(-2.22044604925031E-16,1.,-4.93038065763132E-32));
#3065=DIRECTION('center_axis',(-2.22044604925031E-16,1.,-4.93038065763132E-32));
#3066=DIRECTION('ref_axis',(0.707106781186543,1.57009245868376E-16,-0.707106781186552));
#3067=DIRECTION('center_axis',(0.,-4.93038065763132E-32,-1.));
#3068=DIRECTION('ref_axis',(1.,2.22044604925031E-16,0.));
#3069=DIRECTION('',(-1.,-2.22044604925031E-16,0.));
#3070=DIRECTION('',(-2.22044604925031E-16,1.,-4.93038065763132E-32));
#3071=DIRECTION('',(-1.,-2.22044604925031E-16,0.));
#3072=DIRECTION('',(2.22044604925031E-16,-1.,4.93038065763132E-32));
#3073=DIRECTION('center_axis',(2.22044604925031E-16,-1.,4.93038065763132E-32));
#3074=DIRECTION('ref_axis',(0.707106781186549,1.57009245868378E-16,0.707106781186546));
#3075=DIRECTION('center_axis',(-2.22044604925031E-16,1.,-4.93038065763132E-32));
#3076=DIRECTION('ref_axis',(0.707106781186549,1.57009245868378E-16,0.707106781186546));
#3077=DIRECTION('',(-2.22044604925031E-16,1.,-4.93038065763132E-32));
#3078=DIRECTION('center_axis',(-2.22044604925031E-16,1.,-4.93038065763132E-32));
#3079=DIRECTION('ref_axis',(0.707106781186549,1.57009245868378E-16,0.707106781186546));
#3080=DIRECTION('center_axis',(1.,2.22044604925031E-16,1.03276560430247E-15));
#3081=DIRECTION('ref_axis',(-1.03276560430247E-15,-1.8001622401119E-31,
1.));
#3082=DIRECTION('',(-1.03276560430247E-15,-1.8001622401119E-31,1.));
#3083=DIRECTION('',(2.22044604925031E-16,-1.,4.93038065763132E-32));
#3084=DIRECTION('',(1.03276560430247E-15,1.8001622401119E-31,-1.));
#3085=DIRECTION('center_axis',(2.22044604925031E-16,-1.,4.93038065763132E-32));
#3086=DIRECTION('ref_axis',(1.,2.22044604925031E-16,0.));
#3087=DIRECTION('',(0.,-4.93038065763132E-32,-1.));
#3088=DIRECTION('',(1.,2.22044604925031E-16,0.));
#3089=DIRECTION('center_axis',(-2.22044604925031E-16,1.,-4.93038065763132E-32));
#3090=DIRECTION('ref_axis',(0.707106781186549,1.57009245868378E-16,-0.707106781186546));
#3091=DIRECTION('center_axis',(-2.22044604925031E-16,1.,-4.93038065763132E-32));
#3092=DIRECTION('ref_axis',(-1.,-2.22044604925031E-16,0.));
#3093=DIRECTION('center_axis',(2.22044604925031E-16,-1.,4.93038065763132E-32));
#3094=DIRECTION('ref_axis',(0.707106781186549,1.57009245868378E-16,-0.707106781186546));
#3095=DIRECTION('',(-2.22044604925031E-16,1.,-4.93038065763132E-32));
#3096=DIRECTION('center_axis',(-2.22044604925031E-16,1.,-4.93038065763132E-32));
#3097=DIRECTION('ref_axis',(0.707106781186549,1.57009245868378E-16,-0.707106781186546));
#3098=DIRECTION('center_axis',(0.,-4.93038065763132E-32,-1.));
#3099=DIRECTION('ref_axis',(1.,2.22044604925031E-16,0.));
#3100=DIRECTION('',(-1.,-2.22044604925031E-16,0.));
#3101=DIRECTION('',(-2.22044604925031E-16,1.,-4.93038065763132E-32));
#3102=DIRECTION('',(-1.,-2.22044604925031E-16,0.));
#3103=DIRECTION('',(2.22044604925031E-16,-1.,4.93038065763132E-32));
#3104=DIRECTION('center_axis',(2.22044604925031E-16,-1.,4.93038065763132E-32));
#3105=DIRECTION('ref_axis',(0.707106781186545,1.57009245868377E-16,0.70710678118655));
#3106=DIRECTION('center_axis',(-2.22044604925031E-16,1.,-4.93038065763132E-32));
#3107=DIRECTION('ref_axis',(0.707106781186545,1.57009245868377E-16,0.70710678118655));
#3108=DIRECTION('',(-2.22044604925031E-16,1.,-4.93038065763132E-32));
#3109=DIRECTION('center_axis',(-2.22044604925031E-16,1.,-4.93038065763132E-32));
#3110=DIRECTION('ref_axis',(0.707106781186545,1.57009245868377E-16,0.70710678118655));
#3111=DIRECTION('center_axis',(1.,2.22044604925031E-16,-1.80733980752933E-15));
#3112=DIRECTION('ref_axis',(1.80733980752933E-15,4.50613860104444E-31,1.));
#3113=DIRECTION('',(1.80733980752933E-15,4.50613860104444E-31,1.));
#3114=DIRECTION('',(2.22044604925031E-16,-1.,4.93038065763132E-32));
#3115=DIRECTION('',(-1.80733980752933E-15,-4.50613860104444E-31,-1.));
#3116=DIRECTION('center_axis',(2.22044604925031E-16,-1.,4.93038065763132E-32));
#3117=DIRECTION('ref_axis',(1.,2.22044604925031E-16,0.));
#3118=DIRECTION('',(0.,-4.93038065763132E-32,-1.));
#3119=DIRECTION('',(1.,2.22044604925031E-16,0.));
#3120=DIRECTION('center_axis',(-2.22044604925031E-16,1.,-4.93038065763132E-32));
#3121=DIRECTION('ref_axis',(0.707106781186549,1.57009245868378E-16,-0.707106781186546));
#3122=DIRECTION('center_axis',(-2.22044604925031E-16,1.,-4.93038065763132E-32));
#3123=DIRECTION('ref_axis',(-1.,-2.22044604925031E-16,0.));
#3124=DIRECTION('center_axis',(2.22044604925031E-16,-1.,4.93038065763132E-32));
#3125=DIRECTION('ref_axis',(0.707106781186549,1.57009245868378E-16,-0.707106781186546));
#3126=DIRECTION('',(-2.22044604925031E-16,1.,-4.93038065763132E-32));
#3127=DIRECTION('center_axis',(-2.22044604925031E-16,1.,-4.93038065763132E-32));
#3128=DIRECTION('ref_axis',(0.707106781186549,1.57009245868378E-16,-0.707106781186546));
#3129=DIRECTION('center_axis',(0.,-4.93038065763132E-32,-1.));
#3130=DIRECTION('ref_axis',(1.,2.22044604925031E-16,0.));
#3131=DIRECTION('',(-1.,-2.22044604925031E-16,0.));
#3132=DIRECTION('',(-2.22044604925031E-16,1.,-4.93038065763132E-32));
#3133=DIRECTION('',(-1.,-2.22044604925031E-16,0.));
#3134=DIRECTION('',(2.22044604925031E-16,-1.,4.93038065763132E-32));
#3135=DIRECTION('center_axis',(2.22044604925031E-16,-1.,4.93038065763132E-32));
#3136=DIRECTION('ref_axis',(0.707106781186547,1.57009245868377E-16,0.707106781186548));
#3137=DIRECTION('center_axis',(-2.22044604925031E-16,1.,-4.93038065763132E-32));
#3138=DIRECTION('ref_axis',(0.707106781186547,1.57009245868377E-16,0.707106781186548));
#3139=DIRECTION('',(-2.22044604925031E-16,1.,-4.93038065763132E-32));
#3140=DIRECTION('center_axis',(-2.22044604925031E-16,1.,-4.93038065763132E-32));
#3141=DIRECTION('ref_axis',(0.707106781186547,1.57009245868377E-16,0.707106781186548));
#3142=DIRECTION('center_axis',(1.,2.22044604925031E-16,5.16382802151236E-16));
#3143=DIRECTION('ref_axis',(-5.16382802151236E-16,-6.53562087174385E-32,
1.));
#3144=DIRECTION('',(-5.16382802151236E-16,-6.53562087174385E-32,1.));
#3145=DIRECTION('',(2.22044604925031E-16,-1.,4.93038065763132E-32));
#3146=DIRECTION('',(5.16382802151236E-16,6.53562087174385E-32,-1.));
#3147=DIRECTION('center_axis',(2.22044604925031E-16,-1.,4.93038065763132E-32));
#3148=DIRECTION('ref_axis',(1.,2.22044604925031E-16,0.));
#3149=DIRECTION('',(-3.22739251344522E-17,-5.64700575321727E-32,-1.));
#3150=DIRECTION('',(1.,2.22044604925031E-16,0.));
#3151=DIRECTION('center_axis',(-2.22044604925031E-16,1.,-4.93038065763132E-32));
#3152=DIRECTION('ref_axis',(0.707106781186548,1.57009245868377E-16,-0.707106781186548));
#3153=DIRECTION('center_axis',(-2.22044604925031E-16,1.,-4.93038065763132E-32));
#3154=DIRECTION('ref_axis',(-1.,-2.22044604925031E-16,0.));
#3155=DIRECTION('center_axis',(2.22044604925031E-16,-1.,4.93038065763132E-32));
#3156=DIRECTION('ref_axis',(0.707106781186548,1.57009245868377E-16,-0.707106781186548));
#3157=DIRECTION('',(-2.22044604925031E-16,1.,-4.93038065763132E-32));
#3158=DIRECTION('center_axis',(-2.22044604925031E-16,1.,-4.93038065763132E-32));
#3159=DIRECTION('ref_axis',(0.707106781186548,1.57009245868377E-16,-0.707106781186548));
#3160=DIRECTION('center_axis',(0.,-4.93038065763132E-32,-1.));
#3161=DIRECTION('ref_axis',(1.,2.22044604925031E-16,0.));
#3162=DIRECTION('',(-1.,-2.22044604925031E-16,0.));
#3163=DIRECTION('',(-2.22044604925031E-16,1.,-4.93038065763132E-32));
#3164=DIRECTION('',(-1.,-2.22044604925031E-16,0.));
#3165=DIRECTION('',(2.22044604925031E-16,-1.,4.93038065763132E-32));
#3166=DIRECTION('center_axis',(-2.22044604925031E-16,1.,-4.93038065763132E-32));
#3167=DIRECTION('ref_axis',(-1.,-2.22044604925031E-16,0.));
#3168=DIRECTION('center_axis',(-2.22044604925031E-16,1.,-4.93038065763132E-32));
#3169=DIRECTION('ref_axis',(-1.,-2.22044604925031E-16,0.));
#3170=DIRECTION('',(-0.707106781186547,-0.707106781186548,8.65956056235494E-17));
#3171=DIRECTION('center_axis',(2.22044604925031E-16,-1.,4.93038065763132E-32));
#3172=DIRECTION('ref_axis',(-1.,-2.22044604925031E-16,0.));
#3173=DIRECTION('center_axis',(2.22044604925031E-16,-1.,4.93038065763132E-32));
#3174=DIRECTION('ref_axis',(1.,2.22044604925031E-16,0.));
#3175=DIRECTION('center_axis',(2.22044604925031E-16,-1.,4.93038065763132E-32));
#3176=DIRECTION('ref_axis',(1.,2.22044604925031E-16,0.));
#3177=DIRECTION('',(4.44089209850063E-17,-3.94430452610506E-32,-1.));
#3178=DIRECTION('center_axis',(2.22044604925031E-16,-1.,4.93038065763132E-32));
#3179=DIRECTION('ref_axis',(-1.,-2.22044604925031E-16,0.));
#3180=DIRECTION('',(-4.44089209850063E-17,-5.91645678915759E-32,-1.));
#3181=DIRECTION('center_axis',(-2.22044604925031E-16,1.,-4.93038065763132E-32));
#3182=DIRECTION('ref_axis',(-1.,-2.22044604925031E-16,0.));
#3183=DIRECTION('center_axis',(-2.22044604925031E-16,1.,-4.93038065763132E-32));
#3184=DIRECTION('ref_axis',(-1.,-2.22044604925031E-16,0.));
#3185=DIRECTION('center_axis',(2.22044604925031E-16,-1.,4.93038065763132E-32));
#3186=DIRECTION('ref_axis',(-1.,-2.22044604925031E-16,0.));
#3187=DIRECTION('center_axis',(2.22044604925031E-16,-1.,4.93038065763132E-32));
#3188=DIRECTION('ref_axis',(-1.,-2.22044604925031E-16,0.));
#3189=DIRECTION('center_axis',(-2.22044604925031E-16,1.,-4.93038065763132E-32));
#3190=DIRECTION('ref_axis',(-1.,-2.22044604925031E-16,0.));
#3191=DIRECTION('center_axis',(-2.22044604925031E-16,1.,-4.93038065763132E-32));
#3192=DIRECTION('ref_axis',(-1.,-2.22044604925031E-16,0.));
#3193=DIRECTION('center_axis',(-2.22044604925031E-16,1.,-4.93038065763132E-32));
#3194=DIRECTION('ref_axis',(-1.,-2.22044604925031E-16,0.));
#3195=DIRECTION('',(-2.22044604925031E-16,1.,-4.93038065763132E-32));
#3196=DIRECTION('center_axis',(-2.22044604925031E-16,1.,-4.93038065763132E-32));
#3197=DIRECTION('ref_axis',(-1.,-2.22044604925031E-16,0.));
#3198=DIRECTION('',(-0.707106781186548,-0.707106781186547,8.65956056235494E-17));
#3199=DIRECTION('center_axis',(2.22044604925031E-16,-1.,4.93038065763132E-32));
#3200=DIRECTION('ref_axis',(-1.,-2.22044604925031E-16,0.));
#3201=DIRECTION('center_axis',(-2.22044604925031E-16,1.,-4.93038065763132E-32));
#3202=DIRECTION('ref_axis',(-1.,-2.22044604925031E-16,0.));
#3203=DIRECTION('center_axis',(-2.22044604925031E-16,1.,-4.93038065763132E-32));
#3204=DIRECTION('ref_axis',(-1.,-2.22044604925031E-16,0.));
#3205=DIRECTION('',(-2.22044604925031E-16,1.,-4.93038065763132E-32));
#3206=DIRECTION('center_axis',(-2.22044604925031E-16,1.,-4.93038065763132E-32));
#3207=DIRECTION('ref_axis',(-1.,-2.22044604925031E-16,0.));
#3208=DIRECTION('',(-0.707106781186548,-0.707106781186547,8.65956056235494E-17));
#3209=DIRECTION('center_axis',(2.22044604925031E-16,-1.,4.93038065763132E-32));
#3210=DIRECTION('ref_axis',(-1.,-2.22044604925031E-16,0.));
#3211=DIRECTION('center_axis',(-2.22044604925031E-16,1.,-4.93038065763132E-32));
#3212=DIRECTION('ref_axis',(-1.,-2.22044604925031E-16,0.));
#3213=DIRECTION('center_axis',(-2.22044604925031E-16,1.,-4.93038065763132E-32));
#3214=DIRECTION('ref_axis',(-1.,-2.22044604925031E-16,0.));
#3215=DIRECTION('',(-2.22044604925031E-16,1.,-4.93038065763132E-32));
#3216=DIRECTION('center_axis',(-2.22044604925031E-16,1.,-4.93038065763132E-32));
#3217=DIRECTION('ref_axis',(-1.,-2.22044604925031E-16,0.));
#3218=DIRECTION('',(-0.707106781186547,-0.707106781186548,8.65956056235494E-17));
#3219=DIRECTION('center_axis',(2.22044604925031E-16,-1.,4.93038065763132E-32));
#3220=DIRECTION('ref_axis',(-1.,-2.22044604925031E-16,0.));
#3221=DIRECTION('center_axis',(-2.22044604925031E-16,1.,-4.93038065763132E-32));
#3222=DIRECTION('ref_axis',(-1.,-2.22044604925031E-16,0.));
#3223=DIRECTION('center_axis',(-2.22044604925031E-16,1.,-4.93038065763132E-32));
#3224=DIRECTION('ref_axis',(-1.,-2.22044604925031E-16,0.));
#3225=DIRECTION('',(-2.22044604925031E-16,1.,-4.93038065763132E-32));
#3226=DIRECTION('center_axis',(0.,4.93038065763132E-32,1.));
#3227=DIRECTION('ref_axis',(-1.,-2.22044604925031E-16,0.));
#3228=DIRECTION('',(1.,2.22044604925031E-16,0.));
#3229=DIRECTION('',(2.22044604925031E-16,-1.,4.93038065763132E-32));
#3230=DIRECTION('',(-1.,-2.22044604925031E-16,0.));
#3231=DIRECTION('',(2.22044604925031E-16,-1.,4.93038065763132E-32));
#3232=DIRECTION('center_axis',(2.22044604925031E-16,-1.,4.93038065763132E-32));
#3233=DIRECTION('ref_axis',(1.,2.22044604925031E-16,6.20688073313871E-11));
#3234=DIRECTION('center_axis',(-2.22044604925031E-16,1.,-4.93038065763132E-32));
#3235=DIRECTION('ref_axis',(-9.93410746256505E-8,-2.20581497173844E-23,
-0.999999999999995));
#3236=DIRECTION('center_axis',(2.22044604925031E-16,-1.,4.93038065763132E-32));
#3237=DIRECTION('ref_axis',(-9.93410746256505E-8,-2.20581497173844E-23,
-0.999999999999995));
#3238=DIRECTION('',(2.22044604925031E-16,-1.,4.93038065763132E-32));
#3239=DIRECTION('center_axis',(0.,-4.93038065763132E-32,-1.));
#3240=DIRECTION('ref_axis',(1.,2.22044604925031E-16,0.));
#3241=DIRECTION('',(-1.,-2.22044604925031E-16,0.));
#3242=DIRECTION('',(1.,2.22044604925031E-16,0.));
#3243=DIRECTION('',(2.22044604925031E-16,-1.,4.93038065763132E-32));
#3244=DIRECTION('center_axis',(2.22044604925031E-16,-1.,4.93038065763132E-32));
#3245=DIRECTION('ref_axis',(-1.,-2.22044604925031E-16,0.));
#3246=DIRECTION('center_axis',(2.22044604925031E-16,-1.,4.93038065763132E-32));
#3247=DIRECTION('ref_axis',(-1.,-2.22044604925031E-16,0.));
#3248=DIRECTION('center_axis',(-2.22044604925031E-16,1.,-4.93038065763132E-32));
#3249=DIRECTION('ref_axis',(-1.,-2.22044604925031E-16,0.));
#3250=DIRECTION('',(2.22044604925031E-16,-1.,4.93038065763132E-32));
#3251=DIRECTION('center_axis',(-9.38895972617238E-16,-2.57780591881811E-31,
-1.));
#3252=DIRECTION('ref_axis',(1.,2.22044604925031E-16,-9.38895972617238E-16));
#3253=DIRECTION('',(-1.,-2.22044604925031E-16,9.38895972617238E-16));
#3254=DIRECTION('',(1.,2.22044604925031E-16,-9.38895972617238E-16));
#3255=DIRECTION('',(2.22044604925031E-16,-1.,4.93038065763132E-32));
#3256=DIRECTION('center_axis',(2.22044604925031E-16,-1.,4.93038065763132E-32));
#3257=DIRECTION('ref_axis',(-1.,-2.22044604925031E-16,-6.20717679259999E-11));
#3258=DIRECTION('center_axis',(-2.22044604925031E-16,1.,-4.93038065763132E-32));
#3259=DIRECTION('ref_axis',(9.93410716650559E-8,2.20581490600004E-23,0.999999999999995));
#3260=DIRECTION('center_axis',(2.22044604925031E-16,-1.,4.93038065763132E-32));
#3261=DIRECTION('ref_axis',(9.93410716650559E-8,2.20581490600004E-23,0.999999999999995));
#3262=DIRECTION('',(2.22044604925031E-16,-1.,4.93038065763132E-32));
#3263=DIRECTION('center_axis',(0.,4.93038065763132E-32,1.));
#3264=DIRECTION('ref_axis',(-1.,-2.22044604925031E-16,0.));
#3265=DIRECTION('',(1.,2.22044604925031E-16,0.));
#3266=DIRECTION('',(-1.,-2.22044604925031E-16,0.));
#3267=DIRECTION('',(2.22044604925031E-16,-1.,4.93038065763132E-32));
#3268=DIRECTION('center_axis',(-1.,-2.22044604925031E-16,-1.00929364371049E-16));
#3269=DIRECTION('ref_axis',(1.00929364371049E-16,-2.6892985739209E-32,-1.));
#3270=DIRECTION('',(-1.00929364371049E-16,2.6892985739209E-32,1.));
#3271=DIRECTION('',(1.00929364371049E-16,-2.6892985739209E-32,-1.));
#3272=DIRECTION('',(2.22044604925031E-16,-1.,4.93038065763132E-32));
#3273=DIRECTION('center_axis',(0.,-4.93038065763132E-32,-1.));
#3274=DIRECTION('ref_axis',(1.,2.22044604925031E-16,0.));
#3275=DIRECTION('',(-1.,-2.22044604925031E-16,0.));
#3276=DIRECTION('',(1.,2.22044604925031E-16,0.));
#3277=DIRECTION('',(2.22044604925031E-16,-1.,4.93038065763132E-32));
#3278=DIRECTION('center_axis',(2.22044604925031E-16,-1.,4.93038065763132E-32));
#3279=DIRECTION('ref_axis',(-0.999999759132458,-2.22044551441693E-16,-0.000694071340298258));
#3280=DIRECTION('center_axis',(-2.22044604925031E-16,1.,-4.93038065763132E-32));
#3281=DIRECTION('ref_axis',(9.93410252824293E-8,2.20581387609884E-23,0.999999999999995));
#3282=DIRECTION('center_axis',(2.22044604925031E-16,-1.,4.93038065763132E-32));
#3283=DIRECTION('ref_axis',(9.93410252824293E-8,2.20581387609884E-23,0.999999999999995));
#3284=DIRECTION('',(2.22044604925031E-16,-1.,4.93038065763132E-32));
#3285=DIRECTION('center_axis',(4.96705422471445E-7,1.10290759346097E-22,
0.999999999999877));
#3286=DIRECTION('ref_axis',(-0.999999999999877,-2.22044604925004E-16,4.96705422471445E-7));
#3287=DIRECTION('',(0.999999999999877,2.22044604925004E-16,-4.96705422471445E-7));
#3288=DIRECTION('',(-0.999999999999877,-2.22044604925004E-16,4.96705422471445E-7));
#3289=DIRECTION('',(2.22044604925031E-16,-1.,4.93038065763132E-32));
#3290=DIRECTION('center_axis',(2.22044604925031E-16,-1.,4.93038065763132E-32));
#3291=DIRECTION('ref_axis',(1.,2.22044604925031E-16,0.));
#3292=DIRECTION('center_axis',(2.22044604925031E-16,-1.,4.93038065763132E-32));
#3293=DIRECTION('ref_axis',(1.,2.22044604925031E-16,0.));
#3294=DIRECTION('center_axis',(-2.22044604925031E-16,1.,-4.93038065763132E-32));
#3295=DIRECTION('ref_axis',(1.,2.22044604925031E-16,0.));
#3296=DIRECTION('',(2.22044604925031E-16,-1.,4.93038065763132E-32));
#3297=DIRECTION('center_axis',(-4.96705422471445E-7,-1.10290759247489E-22,
0.999999999999877));
#3298=DIRECTION('ref_axis',(-0.999999999999877,-2.22044604925004E-16,-4.96705422471445E-7));
#3299=DIRECTION('',(0.999999999999877,2.22044604925004E-16,4.96705422471445E-7));
#3300=DIRECTION('',(-0.999999999999877,-2.22044604925004E-16,-4.96705422471445E-7));
#3301=DIRECTION('',(2.22044604925031E-16,-1.,4.93038065763132E-32));
#3302=DIRECTION('center_axis',(2.22044604925031E-16,-1.,4.93038065763132E-32));
#3303=DIRECTION('ref_axis',(0.999999883298228,2.22044579012032E-16,-0.000483118546902232));
#3304=DIRECTION('center_axis',(-2.22044604925031E-16,1.,-4.93038065763132E-32));
#3305=DIRECTION('ref_axis',(-0.000966336321918486,-2.14569766825147E-19,
-0.999999533096947));
#3306=DIRECTION('center_axis',(2.22044604925031E-16,-1.,4.93038065763132E-32));
#3307=DIRECTION('ref_axis',(-0.000966336321918486,-2.14569766825147E-19,
-0.999999533096947));
#3308=DIRECTION('',(2.22044604925031E-16,-1.,4.93038065763132E-32));
#3309=DIRECTION('center_axis',(0.,-4.93038065763132E-32,-1.));
#3310=DIRECTION('ref_axis',(1.,2.22044604925031E-16,0.));
#3311=DIRECTION('',(-1.,-2.22044604925031E-16,0.));
#3312=DIRECTION('',(1.,2.22044604925031E-16,0.));
#3313=DIRECTION('',(2.22044604925031E-16,-1.,4.93038065763132E-32));
#3314=DIRECTION('center_axis',(1.,2.22044604925031E-16,-1.00929364371049E-16));
#3315=DIRECTION('ref_axis',(1.00929364371049E-16,7.17146274134174E-32,1.));
#3316=DIRECTION('',(-1.00929364371049E-16,-7.17146274134174E-32,-1.));
#3317=DIRECTION('',(1.00929364371049E-16,7.17146274134174E-32,1.));
#3318=DIRECTION('center_axis',(1.,2.22044604925031E-16,8.88178419700125E-17));
#3319=DIRECTION('ref_axis',(-8.88178419700125E-17,2.95822839457879E-32,
1.));
#3320=DIRECTION('',(8.88178419700125E-17,-2.95822839457879E-32,-1.));
#3321=DIRECTION('',(2.22044604925031E-16,-1.,4.93038065763132E-32));
#3322=DIRECTION('',(-8.88178419700125E-17,2.95822839457879E-32,1.));
#3323=DIRECTION('',(2.22044604925031E-16,-1.,4.93038065763132E-32));
#3324=DIRECTION('center_axis',(2.22044604925031E-16,-1.,4.93038065763132E-32));
#3325=DIRECTION('ref_axis',(-1.,-2.22044604925031E-16,0.));
#3326=DIRECTION('center_axis',(-2.22044604925031E-16,1.,-4.93038065763132E-32));
#3327=DIRECTION('ref_axis',(-1.,-2.22044604925031E-16,0.));
#3328=DIRECTION('center_axis',(2.22044604925031E-16,-1.,4.93038065763132E-32));
#3329=DIRECTION('ref_axis',(-1.,-2.22044604925031E-16,0.));
#3330=DIRECTION('',(2.22044604925031E-16,-1.,4.93038065763132E-32));
#3331=DIRECTION('center_axis',(-1.,-2.22044604925031E-16,8.88178419700126E-17));
#3332=DIRECTION('ref_axis',(-8.88178419700126E-17,-6.90253292068385E-32,
-1.));
#3333=DIRECTION('',(8.88178419700126E-17,6.90253292068385E-32,1.));
#3334=DIRECTION('',(-8.88178419700126E-17,-6.90253292068385E-32,-1.));
#3335=DIRECTION('',(2.22044604925031E-16,-1.,4.93038065763132E-32));
#3336=DIRECTION('center_axis',(2.22044604925031E-16,-1.,4.93038065763132E-32));
#3337=DIRECTION('ref_axis',(1.,2.22044604925031E-16,0.));
#3338=DIRECTION('center_axis',(-2.22044604925031E-16,1.,-4.93038065763132E-32));
#3339=DIRECTION('ref_axis',(1.,2.22044604925031E-16,0.));
#3340=DIRECTION('center_axis',(2.22044604925031E-16,-1.,4.93038065763132E-32));
#3341=DIRECTION('ref_axis',(1.,2.22044604925031E-16,0.));
#3342=DIRECTION('center_axis',(2.22044604925031E-16,-1.,4.93038065763132E-32));
#3343=DIRECTION('ref_axis',(-1.,-2.22044604925031E-16,0.));
#3344=DIRECTION('center_axis',(2.22044604925031E-16,-1.,4.93038065763132E-32));
#3345=DIRECTION('ref_axis',(1.,2.22044604925031E-16,0.));
#3346=DIRECTION('center_axis',(2.22044604925031E-16,-1.,4.93038065763132E-32));
#3347=DIRECTION('ref_axis',(1.,2.22044604925031E-16,0.));
#3348=DIRECTION('',(-4.44089209850063E-17,-5.91645678915759E-32,-1.));
#3349=DIRECTION('center_axis',(2.22044604925031E-16,-1.,4.93038065763132E-32));
#3350=DIRECTION('ref_axis',(-1.,-2.22044604925031E-16,0.));
#3351=DIRECTION('',(-4.44089209850063E-17,3.94430452610506E-32,1.));
#3352=DIRECTION('center_axis',(-1.,-2.22044604925031E-16,0.));
#3353=DIRECTION('ref_axis',(0.,4.93038065763132E-32,1.));
#3354=DIRECTION('',(0.,4.93038065763132E-32,1.));
#3355=DIRECTION('center_axis',(1.,2.22044604925031E-16,0.));
#3356=DIRECTION('ref_axis',(0.,-4.93038065763132E-32,-1.));
#3357=DIRECTION('',(0.,-4.93038065763132E-32,-1.));
#3358=DIRECTION('center_axis',(-2.22044604925031E-16,1.,-4.93038065763132E-32));
#3359=DIRECTION('ref_axis',(-1.,-2.22044604925031E-16,0.));
#3360=DIRECTION('center_axis',(-1.,-2.22044604925031E-16,0.));
#3361=DIRECTION('ref_axis',(0.,4.93038065763132E-32,1.));
#3362=DIRECTION('',(0.,4.93038065763132E-32,1.));
#3363=DIRECTION('center_axis',(1.,2.22044604925031E-16,0.));
#3364=DIRECTION('ref_axis',(0.,-4.93038065763132E-32,-1.));
#3365=DIRECTION('',(0.,-4.93038065763132E-32,-1.));
#3366=DIRECTION('center_axis',(-2.22044604925031E-16,1.,-4.93038065763132E-32));
#3367=DIRECTION('ref_axis',(-1.,-2.22044604925031E-16,0.));
#3368=DIRECTION('center_axis',(-1.,-2.22044604925031E-16,0.));
#3369=DIRECTION('ref_axis',(0.,4.93038065763132E-32,1.));
#3370=DIRECTION('',(0.,4.93038065763132E-32,1.));
#3371=DIRECTION('center_axis',(1.,2.22044604925031E-16,0.));
#3372=DIRECTION('ref_axis',(0.,-4.93038065763132E-32,-1.));
#3373=DIRECTION('',(0.,-4.93038065763132E-32,-1.));
#3374=DIRECTION('center_axis',(-2.22044604925031E-16,1.,-4.93038065763132E-32));
#3375=DIRECTION('ref_axis',(-1.,-2.22044604925031E-16,0.));
#3376=DIRECTION('center_axis',(-1.,-2.22044604925031E-16,0.));
#3377=DIRECTION('ref_axis',(0.,4.93038065763132E-32,1.));
#3378=DIRECTION('',(0.,4.93038065763132E-32,1.));
#3379=DIRECTION('center_axis',(1.,2.22044604925031E-16,-3.22739251344522E-17));
#3380=DIRECTION('ref_axis',(-3.22739251344522E-17,-5.64700575321727E-32,
-1.));
#3381=DIRECTION('',(-3.22739251344522E-17,-5.64700575321727E-32,-1.));
#3382=DIRECTION('center_axis',(-2.22044604925031E-16,1.,-4.93038065763132E-32));
#3383=DIRECTION('ref_axis',(-1.,-2.22044604925031E-16,0.));
#3384=DIRECTION('center_axis',(-2.22044604925031E-16,1.,-4.93038065763132E-32));
#3385=DIRECTION('ref_axis',(-1.,-2.22044604925031E-16,0.));
#3386=DIRECTION('',(-2.22044604925031E-16,1.,-4.93038065763132E-32));
#3387=DIRECTION('center_axis',(-2.22044604925031E-16,1.,-4.93038065763132E-32));
#3388=DIRECTION('ref_axis',(-1.,-2.22044604925031E-16,0.));
#3389=DIRECTION('center_axis',(2.22044604925031E-16,-1.,4.93038065763132E-32));
#3390=DIRECTION('ref_axis',(-1.,-2.22044604925031E-16,0.));
#3391=DIRECTION('center_axis',(-2.22044604925031E-16,1.,-4.93038065763132E-32));
#3392=DIRECTION('ref_axis',(-1.,-2.22044604925031E-16,0.));
#3393=DIRECTION('',(-2.22044604925031E-16,1.,-4.93038065763132E-32));
#3394=DIRECTION('center_axis',(-2.22044604925031E-16,1.,-4.93038065763132E-32));
#3395=DIRECTION('ref_axis',(-1.,-2.22044604925031E-16,0.));
#3396=DIRECTION('center_axis',(2.22044604925031E-16,-1.,4.93038065763132E-32));
#3397=DIRECTION('ref_axis',(-1.,-2.22044604925031E-16,0.));
#3398=DIRECTION('center_axis',(-2.22044604925031E-16,1.,-4.93038065763132E-32));
#3399=DIRECTION('ref_axis',(-1.,-2.22044604925031E-16,0.));
#3400=DIRECTION('',(-2.22044604925031E-16,1.,-4.93038065763132E-32));
#3401=DIRECTION('center_axis',(-2.22044604925031E-16,1.,-4.93038065763132E-32));
#3402=DIRECTION('ref_axis',(-1.,-2.22044604925031E-16,0.));
#3403=DIRECTION('center_axis',(2.22044604925031E-16,-1.,4.93038065763132E-32));
#3404=DIRECTION('ref_axis',(-1.,-2.22044604925031E-16,0.));
#3405=DIRECTION('center_axis',(-2.22044604925031E-16,1.,-4.93038065763132E-32));
#3406=DIRECTION('ref_axis',(-1.,-2.22044604925031E-16,0.));
#3407=DIRECTION('',(-2.22044604925031E-16,1.,-4.93038065763132E-32));
#3408=DIRECTION('center_axis',(-2.22044604925031E-16,1.,-4.93038065763132E-32));
#3409=DIRECTION('ref_axis',(-1.,-2.22044604925031E-16,0.));
#3410=DIRECTION('center_axis',(2.22044604925031E-16,-1.,4.93038065763132E-32));
#3411=DIRECTION('ref_axis',(-1.,-2.22044604925031E-16,0.));
#3412=DIRECTION('center_axis',(-2.22044604925031E-16,1.,-4.93038065763132E-32));
#3413=DIRECTION('ref_axis',(-1.,-2.22044604925031E-16,0.));
#3414=DIRECTION('',(-2.22044604925031E-16,1.,-4.93038065763132E-32));
#3415=DIRECTION('center_axis',(-2.22044604925031E-16,1.,-4.93038065763132E-32));
#3416=DIRECTION('ref_axis',(-1.,-2.22044604925031E-16,0.));
#3417=DIRECTION('center_axis',(2.22044604925031E-16,-1.,4.93038065763132E-32));
#3418=DIRECTION('ref_axis',(-1.,-2.22044604925031E-16,0.));
#3419=DIRECTION('center_axis',(-2.22044604925031E-16,1.,-4.93038065763132E-32));
#3420=DIRECTION('ref_axis',(-1.,-2.22044604925031E-16,0.));
#3421=DIRECTION('',(-2.22044604925031E-16,1.,-4.93038065763132E-32));
#3422=DIRECTION('center_axis',(-2.22044604925031E-16,1.,-4.93038065763132E-32));
#3423=DIRECTION('ref_axis',(-1.,-2.22044604925031E-16,0.));
#3424=DIRECTION('center_axis',(2.22044604925031E-16,-1.,4.93038065763132E-32));
#3425=DIRECTION('ref_axis',(-1.,-2.22044604925031E-16,0.));
#3426=DIRECTION('center_axis',(-2.22044604925031E-16,1.,-4.93038065763132E-32));
#3427=DIRECTION('ref_axis',(-1.,-2.22044604925031E-16,0.));
#3428=DIRECTION('',(-2.22044604925031E-16,1.,-4.93038065763132E-32));
#3429=DIRECTION('center_axis',(-2.22044604925031E-16,1.,-4.93038065763132E-32));
#3430=DIRECTION('ref_axis',(-1.,-2.22044604925031E-16,0.));
#3431=DIRECTION('center_axis',(2.22044604925031E-16,-1.,4.93038065763132E-32));
#3432=DIRECTION('ref_axis',(-1.,-2.22044604925031E-16,0.));
#3433=DIRECTION('center_axis',(-2.22044604925031E-16,1.,-4.93038065763132E-32));
#3434=DIRECTION('ref_axis',(-1.,-2.22044604925031E-16,0.));
#3435=DIRECTION('',(-2.22044604925031E-16,1.,-4.93038065763132E-32));
#3436=DIRECTION('center_axis',(-2.22044604925031E-16,1.,-4.93038065763132E-32));
#3437=DIRECTION('ref_axis',(-1.,-2.22044604925031E-16,0.));
#3438=DIRECTION('center_axis',(2.22044604925031E-16,-1.,4.93038065763132E-32));
#3439=DIRECTION('ref_axis',(-1.,-2.22044604925031E-16,0.));
#3440=DIRECTION('center_axis',(-2.22044604925031E-16,1.,-4.93038065763132E-32));
#3441=DIRECTION('ref_axis',(-1.,-2.22044604925031E-16,0.));
#3442=DIRECTION('center_axis',(-2.22044604925031E-16,1.,-4.93038065763132E-32));
#3443=DIRECTION('ref_axis',(-1.,-2.22044604925031E-16,0.));
#3444=DIRECTION('',(-2.22044604925031E-16,1.,-4.93038065763132E-32));
#3445=DIRECTION('center_axis',(-2.22044604925031E-16,1.,-4.93038065763132E-32));
#3446=DIRECTION('ref_axis',(-1.,-2.22044604925031E-16,0.));
#3447=DIRECTION('center_axis',(-2.22044604925031E-16,1.,-4.93038065763132E-32));
#3448=DIRECTION('ref_axis',(-1.,-2.22044604925031E-16,0.));
#3449=DIRECTION('',(-2.22044604925031E-16,1.,-4.93038065763132E-32));
#3450=DIRECTION('center_axis',(1.,2.22044604925031E-16,4.44089209850063E-17));
#3451=DIRECTION('ref_axis',(-4.44089209850063E-17,3.94430452610506E-32,
1.));
#3452=DIRECTION('',(2.22044604925031E-16,-1.,4.93038065763132E-32));
#3453=DIRECTION('',(2.22044604925031E-16,-1.,4.93038065763132E-32));
#3454=DIRECTION('center_axis',(2.22044604925031E-16,-1.,4.93038065763132E-32));
#3455=DIRECTION('ref_axis',(-1.,-2.22044604925031E-16,0.));
#3456=DIRECTION('',(2.22044604925031E-16,-1.,4.93038065763132E-32));
#3457=DIRECTION('center_axis',(-1.,-2.22044604925031E-16,4.44089209850063E-17));
#3458=DIRECTION('ref_axis',(-4.44089209850063E-17,-5.91645678915759E-32,
-1.));
#3459=DIRECTION('',(2.22044604925031E-16,-1.,4.93038065763132E-32));
#3460=DIRECTION('center_axis',(2.22044604925031E-16,-1.,4.93038065763132E-32));
#3461=DIRECTION('ref_axis',(1.,2.22044604925031E-16,0.));
#3462=DIRECTION('center_axis',(2.22044604925031E-16,-1.,4.93038065763132E-32));
#3463=DIRECTION('ref_axis',(1.,2.22044604925031E-16,0.));
#3464=DIRECTION('axis',(0.,0.,1.));
#3465=DIRECTION('refdir',(1.,0.,0.));
#3466=DIRECTION('center_axis',(-1.22734588304215E-16,1.,-3.21740420507457E-16));
#3467=DIRECTION('ref_axis',(-7.1438550433058E-17,-3.21740420507457E-16,
-1.));
#3468=DIRECTION('center_axis',(-1.22734588304215E-16,1.,-4.22669784673428E-16));
#3469=DIRECTION('ref_axis',(-7.1438550433058E-17,-3.21740420507457E-16,
-1.));
#3470=DIRECTION('',(-1.22734588304215E-16,1.,-3.21740420507457E-16));
#3471=DIRECTION('center_axis',(1.22734588304215E-16,-1.,3.66149341492464E-16));
#3472=DIRECTION('ref_axis',(-7.1438550433058E-17,-3.21740420507457E-16,
-1.));
#3473=DIRECTION('center_axis',(-1.22734588304215E-16,1.,-3.21740420507457E-16));
#3474=DIRECTION('ref_axis',(-7.1438550433058E-17,-3.21740420507457E-16,
-1.));
#3475=DIRECTION('center_axis',(-1.22734588304215E-16,1.,-2.77331499522451E-16));
#3476=DIRECTION('ref_axis',(-7.1438550433058E-17,-3.21740420507457E-16,
-1.));
#3477=DIRECTION('',(-1.22734588304215E-16,1.,-3.21740420507457E-16));
#3478=DIRECTION('center_axis',(1.22734588304215E-16,-1.,3.72205103496267E-16));
#3479=DIRECTION('ref_axis',(-7.1438550433058E-17,-3.21740420507457E-16,
-1.));
#3480=DIRECTION('center_axis',(1.,1.22734588304215E-16,-7.14385504330581E-17));
#3481=DIRECTION('ref_axis',(0.,-1.,2.8421709430404E-16));
#3482=DIRECTION('center_axis',(7.1438550433058E-17,3.21740420507457E-16,
1.));
#3483=DIRECTION('ref_axis',(-1.22734588304215E-16,1.,-3.21740420507457E-16));
#3484=DIRECTION('center_axis',(1.,1.22734588304215E-16,-7.14385504330581E-17));
#3485=DIRECTION('ref_axis',(7.1438550433058E-17,3.82972760464825E-16,1.));
#3486=DIRECTION('center_axis',(7.1438550433058E-17,4.44205100422193E-16,
1.));
#3487=DIRECTION('ref_axis',(-1.,-1.22734588304215E-16,7.14385504330581E-17));
#3488=DIRECTION('center_axis',(-1.,-1.22734588304215E-16,7.14385504330581E-17));
#3489=DIRECTION('ref_axis',(7.1438550433058E-17,3.82972760464825E-16,1.));
#3490=DIRECTION('center_axis',(7.1438550433058E-17,2.77331499522451E-16,
1.));
#3491=DIRECTION('ref_axis',(-0.707106781186547,-0.707106781186548,2.78019516571987E-16));
#3492=DIRECTION('center_axis',(7.1438550433058E-17,3.21740420507457E-16,
1.));
#3493=DIRECTION('ref_axis',(-1.,-1.22734588304215E-16,7.14385504330581E-17));
#3494=DIRECTION('',(7.1438550433058E-17,2.77331499522451E-16,1.));
#3495=DIRECTION('',(-7.1438550433058E-17,-2.77331499522451E-16,-1.));
#3496=DIRECTION('center_axis',(1.,1.22734588304215E-16,-7.14385504330581E-17));
#3497=DIRECTION('ref_axis',(0.,-1.,2.8421709430404E-16));
#3498=DIRECTION('center_axis',(-7.1438550433058E-17,-3.21740420507457E-16,
-1.));
#3499=DIRECTION('ref_axis',(-1.,-1.22734588304215E-16,7.14385504330581E-17));
#3500=DIRECTION('center_axis',(-1.,-1.22734588304215E-16,7.14385504330581E-17));
#3501=DIRECTION('ref_axis',(-7.1438550433058E-17,-3.82972760464825E-16,
-1.));
#3502=DIRECTION('center_axis',(1.,1.22734588304215E-16,-7.14385504330581E-17));
#3503=DIRECTION('ref_axis',(-7.1438550433058E-17,-3.82972760464825E-16,
-1.));
#3504=DIRECTION('center_axis',(7.1438550433058E-17,3.66149341492464E-16,
1.));
#3505=DIRECTION('ref_axis',(-0.707106781186549,0.707106781186546,-1.76990149673281E-16));
#3506=DIRECTION('',(-7.1438550433058E-17,-3.66149341492464E-16,-1.));
#3507=DIRECTION('',(7.1438550433058E-17,3.66149341492464E-16,1.));
#3508=DIRECTION('center_axis',(-1.22734588304215E-16,1.,-3.66149341492464E-16));
#3509=DIRECTION('ref_axis',(7.1438550433058E-17,3.66149341492464E-16,1.));
#3510=DIRECTION('',(1.,1.22734588304215E-16,-7.14385504330581E-17));
#3511=DIRECTION('',(7.1438550433058E-17,4.1055826247747E-16,1.));
#3512=DIRECTION('',(1.,1.22734588304215E-16,-7.14385504330581E-17));
#3513=DIRECTION('center_axis',(1.,1.22734588304215E-16,-7.14385504330581E-17));
#3514=DIRECTION('ref_axis',(-1.22734588304215E-16,1.,-3.21740420507457E-16));
#3515=DIRECTION('',(1.,1.22734588304215E-16,-7.14385504330581E-17));
#3516=DIRECTION('center_axis',(1.,1.22734588304215E-16,-7.14385504330581E-17));
#3517=DIRECTION('ref_axis',(-1.22734588304215E-16,1.,-3.21740420507457E-16));
#3518=DIRECTION('center_axis',(1.,1.22734588304215E-16,-7.14385504330581E-17));
#3519=DIRECTION('ref_axis',(1.22734588304215E-16,-1.,3.21740420507457E-16));
#3520=DIRECTION('center_axis',(-1.,-1.22734588304215E-16,7.14385504330581E-17));
#3521=DIRECTION('ref_axis',(-1.22734588304215E-16,1.,-3.21740420507457E-16));
#3522=DIRECTION('center_axis',(-1.,-1.22734588304215E-16,7.14385504330581E-17));
#3523=DIRECTION('ref_axis',(-1.22734588304215E-16,1.,-3.21740420507457E-16));
#3524=DIRECTION('',(-1.,-1.22734588304215E-16,7.14385504330581E-17));
#3525=DIRECTION('center_axis',(-1.,-1.22734588304215E-16,7.14385504330581E-17));
#3526=DIRECTION('ref_axis',(-1.22734588304215E-16,1.,-3.21740420507457E-16));
#3527=DIRECTION('center_axis',(1.,1.22734588304215E-16,-7.14385504330581E-17));
#3528=DIRECTION('ref_axis',(-1.22734588304215E-16,1.,-3.21740420507457E-16));
#3529=DIRECTION('center_axis',(-1.,-1.22734588304215E-16,7.14385504330581E-17));
#3530=DIRECTION('ref_axis',(-1.22734588304215E-16,1.,-3.21740420507457E-16));
#3531=DIRECTION('center_axis',(-1.,-1.22734588304215E-16,7.14385504330581E-17));
#3532=DIRECTION('ref_axis',(-1.22734588304215E-16,1.,-3.21740420507457E-16));
#3533=DIRECTION('',(-1.,-1.22734588304215E-16,7.14385504330581E-17));
#3534=DIRECTION('center_axis',(-1.,-1.22734588304215E-16,7.14385504330581E-17));
#3535=DIRECTION('ref_axis',(-1.22734588304215E-16,1.,-3.21740420507457E-16));
#3536=DIRECTION('center_axis',(1.,1.22734588304215E-16,-7.14385504330581E-17));
#3537=DIRECTION('ref_axis',(-1.22734588304215E-16,1.,-3.21740420507457E-16));
#3538=DIRECTION('center_axis',(-1.,-1.22734588304215E-16,7.14385504330581E-17));
#3539=DIRECTION('ref_axis',(-1.22734588304215E-16,1.,-3.21740420507457E-16));
#3540=DIRECTION('center_axis',(-1.,-1.22734588304215E-16,7.14385504330581E-17));
#3541=DIRECTION('ref_axis',(-1.22734588304215E-16,1.,-3.21740420507457E-16));
#3542=DIRECTION('',(-1.,-1.22734588304215E-16,7.14385504330581E-17));
#3543=DIRECTION('center_axis',(-1.,-1.22734588304215E-16,7.14385504330581E-17));
#3544=DIRECTION('ref_axis',(-1.22734588304215E-16,1.,-3.21740420507457E-16));
#3545=DIRECTION('center_axis',(1.,1.22734588304215E-16,-7.14385504330581E-17));
#3546=DIRECTION('ref_axis',(-1.22734588304215E-16,1.,-3.21740420507457E-16));
#3547=DIRECTION('center_axis',(-1.,-1.22734588304215E-16,7.14385504330581E-17));
#3548=DIRECTION('ref_axis',(-1.22734588304215E-16,1.,-3.21740420507457E-16));
#3549=DIRECTION('center_axis',(-1.,-1.22734588304215E-16,7.14385504330581E-17));
#3550=DIRECTION('ref_axis',(-1.22734588304215E-16,1.,-3.21740420507457E-16));
#3551=DIRECTION('',(-1.,-1.22734588304215E-16,7.14385504330581E-17));
#3552=DIRECTION('center_axis',(-1.,-1.22734588304215E-16,7.14385504330581E-17));
#3553=DIRECTION('ref_axis',(-1.22734588304215E-16,1.,-3.21740420507457E-16));
#3554=DIRECTION('center_axis',(1.,1.22734588304215E-16,-7.14385504330581E-17));
#3555=DIRECTION('ref_axis',(-1.22734588304215E-16,1.,-3.21740420507457E-16));
#3556=DIRECTION('center_axis',(1.,1.22734588304215E-16,-7.14385504330581E-17));
#3557=DIRECTION('ref_axis',(-1.22734588304215E-16,1.,-3.21740420507457E-16));
#3558=DIRECTION('center_axis',(-1.,-1.22734588304215E-16,7.14385504330581E-17));
#3559=DIRECTION('ref_axis',(-7.1438550433058E-17,-3.21740420507457E-16,
-1.));
#3560=DIRECTION('',(-1.22734586707438E-16,1.,2.23517441949534E-8));
#3561=DIRECTION('',(7.1438550433058E-17,3.21740420507457E-16,1.));
#3562=DIRECTION('',(1.22734588304215E-16,-1.,3.21740420507457E-16));
#3563=DIRECTION('center_axis',(1.,1.22734588304215E-16,-7.14385504330581E-17));
#3564=DIRECTION('ref_axis',(-1.22734588304215E-16,1.,-3.21740420507457E-16));
#3565=DIRECTION('center_axis',(-1.,-1.22734588304215E-16,7.14385504330581E-17));
#3566=DIRECTION('ref_axis',(-7.15608444567188E-17,0.000996699538768056,
-0.999999503294891));
#3567=DIRECTION('',(-1.22734588305182E-16,1.,-1.35482379107639E-11));
#3568=DIRECTION('',(7.14385504330583E-17,-1.89870562872278E-15,1.));
#3569=DIRECTION('',(1.22734588304215E-16,-1.,3.21740420507457E-16));
#3570=DIRECTION('center_axis',(1.,1.22734588304215E-16,-7.14385504330581E-17));
#3571=DIRECTION('ref_axis',(-1.22734588304215E-16,1.,-3.21740420507457E-16));
#3572=DIRECTION('',(-7.1438550433058E-17,-3.21740420507457E-16,-1.));
#3573=DIRECTION('',(-1.22734588304215E-16,1.,-2.10850560076357E-15));
#3574=DIRECTION('center_axis',(-1.,-1.22734588304215E-16,7.14385504330581E-17));
#3575=DIRECTION('ref_axis',(7.1438550433058E-17,3.21740420507457E-16,1.));
#3576=DIRECTION('',(1.22734588304215E-16,-1.,4.41846643511685E-17));
#3577=DIRECTION('center_axis',(1.,1.22734588304215E-16,-7.14385504330581E-17));
#3578=DIRECTION('ref_axis',(-1.22734588304215E-16,1.,-3.21740420507457E-16));
#3579=DIRECTION('',(-7.1438550433058E-17,-3.21740420507457E-16,-1.));
#3580=DIRECTION('',(-1.22734588304214E-16,1.,4.11583447970327E-15));
#3581=DIRECTION('center_axis',(-1.,-1.22734588304215E-16,7.14385504330581E-17));
#3582=DIRECTION('ref_axis',(7.13161853546857E-17,0.000996700246598945,0.999999503294186));
#3583=DIRECTION('',(1.22734588304215E-16,-1.,3.21740420507457E-16));
#3584=DIRECTION('center_axis',(7.14385531763902E-17,-2.23517441949534E-8,
1.));
#3585=DIRECTION('ref_axis',(1.22734586707438E-16,-1.,-2.23517441949534E-8));
#3586=DIRECTION('',(1.,1.22734588304215E-16,-7.14385504330581E-17));
#3587=DIRECTION('',(-1.22734586707438E-16,1.,2.23517441949534E-8));
#3588=DIRECTION('',(1.,1.22734588304215E-16,-7.14385504330581E-17));
#3589=DIRECTION('center_axis',(1.,1.22734588304215E-16,-7.14385504330581E-17));
#3590=DIRECTION('ref_axis',(-7.1438550433058E-17,-3.21740420507457E-16,
-1.));
#3591=DIRECTION('',(1.,1.22734588304215E-16,-7.14385504330581E-17));
#3592=DIRECTION('center_axis',(-1.,-1.22734588304215E-16,7.14385504330581E-17));
#3593=DIRECTION('ref_axis',(-7.1438550433058E-17,-3.21740420507457E-16,
-1.));
#3594=DIRECTION('center_axis',(7.14385504313952E-17,1.35482379107639E-11,
1.));
#3595=DIRECTION('ref_axis',(1.22734588305182E-16,-1.,1.35482379107639E-11));
#3596=DIRECTION('',(1.,1.22734588304215E-16,-7.14385504330581E-17));
#3597=DIRECTION('',(-1.22734588305182E-16,1.,-1.35482379107639E-11));
#3598=DIRECTION('',(1.,1.22734588304215E-16,-7.14385504330581E-17));
#3599=DIRECTION('center_axis',(1.,1.22734588304215E-16,-7.14385504330581E-17));
#3600=DIRECTION('ref_axis',(-7.15608444567188E-17,0.000996699538768056,
-0.999999503294891));
#3601=DIRECTION('',(1.,1.22734588304215E-16,-7.14385504330581E-17));
#3602=DIRECTION('center_axis',(-1.,-1.22734588304215E-16,7.14385504330581E-17));
#3603=DIRECTION('ref_axis',(-7.15608444567188E-17,0.000996699538768056,
-0.999999503294891));
#3604=DIRECTION('center_axis',(-1.22734588304215E-16,1.,-3.72205103496267E-16));
#3605=DIRECTION('ref_axis',(7.1438550433058E-17,3.72205103496267E-16,1.));
#3606=DIRECTION('',(-7.1438550433058E-17,-3.72205103496267E-16,-1.));
#3607=DIRECTION('',(1.,1.22734588304215E-16,-7.14385504330581E-17));
#3608=DIRECTION('',(1.,1.22734588304215E-16,-7.14385504330581E-17));
#3609=DIRECTION('',(7.14385504330583E-17,-1.89870562872278E-15,1.));
#3610=DIRECTION('',(1.,1.22734588304215E-16,-7.14385504330581E-17));
#3611=DIRECTION('center_axis',(-7.1438550433058E-17,-3.21740420507457E-16,
-1.));
#3612=DIRECTION('ref_axis',(-1.22734588304215E-16,1.,-3.21740420507457E-16));
#3613=DIRECTION('',(1.,1.22734588304215E-16,-7.14385504330581E-17));
#3614=DIRECTION('',(1.22734588304215E-16,-1.,3.21740420507457E-16));
#3615=DIRECTION('center_axis',(1.,1.22734588304215E-16,-7.14385504330581E-17));
#3616=DIRECTION('ref_axis',(1.22734588304215E-16,-1.,3.21740420507457E-16));
#3617=DIRECTION('center_axis',(1.,1.22734588304215E-16,-7.14385504330581E-17));
#3618=DIRECTION('ref_axis',(1.22734588304215E-16,-1.,3.21740420507457E-16));
#3619=DIRECTION('center_axis',(-1.,-1.22734588304215E-16,7.14385504330581E-17));
#3620=DIRECTION('ref_axis',(1.22734588304215E-16,-1.,3.21740420507457E-16));
#3621=DIRECTION('',(1.,1.22734588304215E-16,-7.14385504330581E-17));
#3622=DIRECTION('',(1.,1.22734588304215E-16,-7.14385504330581E-17));
#3623=DIRECTION('center_axis',(-7.1438550433058E-17,-3.21740420507457E-16,
-1.));
#3624=DIRECTION('ref_axis',(-1.22734588304215E-16,1.,-3.21740420507457E-16));
#3625=DIRECTION('',(1.,1.22734588304215E-16,-7.14385504330581E-17));
#3626=DIRECTION('',(1.22734588304215E-16,-1.,3.21740420507457E-16));
#3627=DIRECTION('center_axis',(1.,1.22734588304215E-16,-7.14385504330581E-17));
#3628=DIRECTION('ref_axis',(1.22770170932958E-16,-0.999999875848291,0.000498300514728593));
#3629=DIRECTION('',(1.,1.22734588304215E-16,-7.14385504330581E-17));
#3630=DIRECTION('center_axis',(-1.,-1.22734588304215E-16,7.14385504330581E-17));
#3631=DIRECTION('ref_axis',(7.13161853546857E-17,0.000996700246598945,0.999999503294186));
#3632=DIRECTION('center_axis',(7.14385504330586E-17,-4.11583447970327E-15,
1.));
#3633=DIRECTION('ref_axis',(1.22734588304214E-16,-1.,-4.11583447970327E-15));
#3634=DIRECTION('',(1.,1.22734588304215E-16,-7.14385504330581E-17));
#3635=DIRECTION('',(-1.22734588304214E-16,1.,4.11583447970327E-15));
#3636=DIRECTION('center_axis',(1.22734588304215E-16,-1.,4.22669784673428E-16));
#3637=DIRECTION('ref_axis',(-7.1438550433058E-17,-4.22669784673428E-16,
-1.));
#3638=DIRECTION('',(7.1438550433058E-17,4.22669784673428E-16,1.));
#3639=DIRECTION('',(-7.1438550433058E-17,-3.21740420507457E-16,-1.));
#3640=DIRECTION('',(1.,1.22734588304215E-16,-7.14385504330581E-17));
#3641=DIRECTION('',(1.,1.22734588304215E-16,-7.14385504330581E-17));
#3642=DIRECTION('center_axis',(-7.14385504330581E-17,-4.41846643511685E-17,
-1.));
#3643=DIRECTION('ref_axis',(-1.22734588304215E-16,1.,-4.41846643511685E-17));
#3644=DIRECTION('',(1.,1.22734588304215E-16,-7.14385504330581E-17));
#3645=DIRECTION('',(1.22734588304215E-16,-1.,4.41846643511685E-17));
#3646=DIRECTION('center_axis',(1.,1.22734588304215E-16,-7.14385504330581E-17));
#3647=DIRECTION('ref_axis',(1.2273458829978E-16,-1.,-6.20686336203532E-11));
#3648=DIRECTION('',(1.,1.22734588304215E-16,-7.14385504330581E-17));
#3649=DIRECTION('center_axis',(-1.,-1.22734588304215E-16,7.14385504330581E-17));
#3650=DIRECTION('ref_axis',(7.1438550433058E-17,3.21740420507457E-16,1.));
#3651=DIRECTION('center_axis',(7.14385504330578E-17,2.10850560076357E-15,
1.));
#3652=DIRECTION('ref_axis',(1.22734588304215E-16,-1.,2.10850560076357E-15));
#3653=DIRECTION('',(1.,1.22734588304215E-16,-7.14385504330581E-17));
#3654=DIRECTION('',(-1.22734588304215E-16,1.,-2.10850560076357E-15));
#3655=DIRECTION('center_axis',(1.,1.22734588304215E-16,-7.14385504330581E-17));
#3656=DIRECTION('ref_axis',(-1.22734588304215E-16,1.,-3.21740420507457E-16));
#3657=DIRECTION('center_axis',(1.,1.22734588304215E-16,-7.14385504330581E-17));
#3658=DIRECTION('ref_axis',(-1.22734588304215E-16,1.,-3.21740420507457E-16));
#3659=DIRECTION('center_axis',(-1.,-1.22734588304215E-16,7.14385504330581E-17));
#3660=DIRECTION('ref_axis',(-1.22734588304215E-16,1.,-3.21740420507457E-16));
#3661=DIRECTION('center_axis',(-7.1438550433058E-17,-3.21740420507457E-16,
-1.));
#3662=DIRECTION('ref_axis',(-1.22734588304215E-16,1.,-3.21740420507457E-16));
#3663=DIRECTION('',(1.22734588304215E-16,-1.,3.21740420507457E-16));
#3664=DIRECTION('center_axis',(1.,1.22734588304215E-16,-7.14385504330581E-17));
#3665=DIRECTION('ref_axis',(-1.22734588304215E-16,1.,-3.21740420507457E-16));
#3666=DIRECTION('',(-7.1438550433058E-17,-2.77331499522451E-16,-1.));
#3667=DIRECTION('center_axis',(1.,1.22734588304215E-16,-7.14385504330581E-17));
#3668=DIRECTION('ref_axis',(1.22734588304215E-16,-1.,3.21740420507457E-16));
#3669=DIRECTION('center_axis',(1.22734588304215E-16,-1.,2.77331499522451E-16));
#3670=DIRECTION('ref_axis',(-7.1438550433058E-17,-2.77331499522451E-16,
-1.));
#3671=DIRECTION('',(1.,1.22734588304215E-16,-7.14385504330581E-17));
#3672=DIRECTION('center_axis',(1.,1.22734588304215E-16,-7.14385504330581E-17));
#3673=DIRECTION('ref_axis',(1.22734588304215E-16,-1.,3.21740420507457E-16));
#3674=DIRECTION('center_axis',(1.,1.22734588304215E-16,-7.14385504330581E-17));
#3675=DIRECTION('ref_axis',(1.22734588304215E-16,-1.,3.21740420507457E-16));
#3676=DIRECTION('',(0.,0.,1.));
#3677=DIRECTION('',(1.,0.,0.));
#3678=DIRECTION('',(-2.46519032881566E-32,9.55986197891215E-47,-1.));
#3679=DIRECTION('',(-2.55900736495132E-17,1.,-3.19189119579732E-16));
#3680=CARTESIAN_POINT('',(0.,0.,0.));
#3681=CARTESIAN_POINT('',(0.,0.,0.));
#3682=CARTESIAN_POINT('Origin',(-9.,-2.,-17.8));
#3683=CARTESIAN_POINT('',(-9.,-10.,-18.8));
#3684=CARTESIAN_POINT('',(-10.,-10.,-17.8));
#3685=CARTESIAN_POINT('Origin',(-9.,-10.,-17.8));
#3686=CARTESIAN_POINT('',(-10.,-2.,-17.8));
#3687=CARTESIAN_POINT('',(-10.,-2.,-17.8));
#3688=CARTESIAN_POINT('',(-9.,-2.,-18.8));
#3689=CARTESIAN_POINT('Origin',(-9.,-2.,-17.8));
#3690=CARTESIAN_POINT('',(-9.,-2.,-18.8));
#3691=CARTESIAN_POINT('Origin',(-10.,-2.,-10.2));
#3692=CARTESIAN_POINT('',(-10.,-10.,-11.2));
#3693=CARTESIAN_POINT('',(-10.,-10.,-18.8));
#3694=CARTESIAN_POINT('',(-10.,-2.,-11.2));
#3695=CARTESIAN_POINT('',(-10.,-2.,-11.2));
#3696=CARTESIAN_POINT('',(-10.,-2.,19.9));
#3697=CARTESIAN_POINT('Origin',(2.22044604925031E-15,-10.,-14.5));
#3698=CARTESIAN_POINT('',(-1.00000001490116,-10.,-18.8));
#3699=CARTESIAN_POINT('',(10.,-10.,-18.8));
#3700=CARTESIAN_POINT('',(-1.00000001490116,-10.,-10.2));
#3701=CARTESIAN_POINT('',(-1.00000001490116,-10.,-16.65));
#3702=CARTESIAN_POINT('',(-9.,-10.,-10.2));
#3703=CARTESIAN_POINT('',(-10.,-10.,-10.2));
#3704=CARTESIAN_POINT('Origin',(-9.,-10.,-11.2));
#3705=CARTESIAN_POINT('',(-3.05,-10.,-14.5));
#3706=CARTESIAN_POINT('Origin',(-5.,-10.,-14.5));
#3707=CARTESIAN_POINT('Origin',(-9.,-2.,-11.2));
#3708=CARTESIAN_POINT('',(-9.,-2.,-10.2));
#3709=CARTESIAN_POINT('',(-9.,-2.,-10.2));
#3710=CARTESIAN_POINT('Origin',(-9.,-2.,-11.2));
#3711=CARTESIAN_POINT('Origin',(10.,-2.,-10.2));
#3712=CARTESIAN_POINT('',(-1.00000001490116,-6.,-10.2));
#3713=CARTESIAN_POINT('',(-1.00000001490116,-6.,-10.2));
#3714=CARTESIAN_POINT('',(0.99999998509884,-6.,-10.2));
#3715=CARTESIAN_POINT('',(4.99999999254942,-6.,-10.2));
#3716=CARTESIAN_POINT('',(0.999999985098841,-10.,-10.2));
#3717=CARTESIAN_POINT('',(0.99999998509884,-6.,-10.2));
#3718=CARTESIAN_POINT('',(9.,-10.,-10.2));
#3719=CARTESIAN_POINT('',(-10.,-10.,-10.2));
#3720=CARTESIAN_POINT('',(9.,-2.,-10.2));
#3721=CARTESIAN_POINT('',(9.,-2.,-10.2));
#3722=CARTESIAN_POINT('',(5.,-2.,-10.2));
#3723=CARTESIAN_POINT('Origin',(-9.,-2.,31.2));
#3724=CARTESIAN_POINT('',(-8.99999999999999,-10.,30.2));
#3725=CARTESIAN_POINT('',(-10.,-10.,31.2));
#3726=CARTESIAN_POINT('Origin',(-9.,-10.,31.2));
#3727=CARTESIAN_POINT('',(-10.,-2.,31.2));
#3728=CARTESIAN_POINT('',(-10.,-2.,31.2));
#3729=CARTESIAN_POINT('',(-9.,-2.,30.2));
#3730=CARTESIAN_POINT('Origin',(-9.,-2.,31.2));
#3731=CARTESIAN_POINT('',(-9.,-2.,30.2));
#3732=CARTESIAN_POINT('Origin',(-9.99999999999999,-2.,38.8));
#3733=CARTESIAN_POINT('',(-9.99999999999999,-10.,37.8));
#3734=CARTESIAN_POINT('',(-10.,-10.,30.2));
#3735=CARTESIAN_POINT('',(-9.99999999999999,-2.,37.8));
#3736=CARTESIAN_POINT('',(-9.99999999999999,-2.,37.8));
#3737=CARTESIAN_POINT('',(-9.99999999999999,-2.,44.4));
#3738=CARTESIAN_POINT('Origin',(1.11022302462516E-14,-10.,34.5));
#3739=CARTESIAN_POINT('',(-1.00000001490116,-10.,30.2));
#3740=CARTESIAN_POINT('',(10.,-10.,30.2));
#3741=CARTESIAN_POINT('',(-1.00000001490116,-10.,38.8));
#3742=CARTESIAN_POINT('',(-1.00000001490116,-10.,32.35));
#3743=CARTESIAN_POINT('',(-8.99999999999999,-10.,38.8));
#3744=CARTESIAN_POINT('',(-9.99999999999999,-10.,38.8));
#3745=CARTESIAN_POINT('Origin',(-8.99999999999999,-10.,37.8));
#3746=CARTESIAN_POINT('',(-3.05,-10.,34.5));
#3747=CARTESIAN_POINT('Origin',(-5.,-10.,34.5));
#3748=CARTESIAN_POINT('Origin',(-8.99999999999999,-2.,37.8));
#3749=CARTESIAN_POINT('',(-9.,-2.,38.8));
#3750=CARTESIAN_POINT('',(-8.99999999999999,-2.,38.8));
#3751=CARTESIAN_POINT('Origin',(-8.99999999999999,-2.,37.8));
#3752=CARTESIAN_POINT('Origin',(10.,-2.,38.8));
#3753=CARTESIAN_POINT('',(-1.00000001490116,-6.,38.8));
#3754=CARTESIAN_POINT('',(-1.00000001490116,-6.,38.8));
#3755=CARTESIAN_POINT('',(0.99999998509884,-6.,38.8));
#3756=CARTESIAN_POINT('',(4.99999999254943,-6.,38.8));
#3757=CARTESIAN_POINT('',(0.999999985098841,-10.,38.8));
#3758=CARTESIAN_POINT('',(0.99999998509884,-6.,38.8));
#3759=CARTESIAN_POINT('',(9.00000000000002,-10.,38.8));
#3760=CARTESIAN_POINT('',(-9.99999999999999,-10.,38.8));
#3761=CARTESIAN_POINT('',(9.00000000000002,-2.,38.8));
#3762=CARTESIAN_POINT('',(9.00000000000002,-2.,38.8));
#3763=CARTESIAN_POINT('',(5.00000000000001,-2.,38.8));
#3764=CARTESIAN_POINT('Origin',(-9.,-2.,62.2));
#3765=CARTESIAN_POINT('',(-9.,-10.,61.2));
#3766=CARTESIAN_POINT('',(-10.,-10.,62.2));
#3767=CARTESIAN_POINT('Origin',(-9.,-10.,62.2));
#3768=CARTESIAN_POINT('',(-10.,-2.,62.2));
#3769=CARTESIAN_POINT('',(-10.,-2.,62.2));
#3770=CARTESIAN_POINT('',(-9.,-2.,61.2));
#3771=CARTESIAN_POINT('Origin',(-9.,-2.,62.2));
#3772=CARTESIAN_POINT('',(-9.,-2.,61.2));
#3773=CARTESIAN_POINT('Origin',(-10.,-2.,69.8));
#3774=CARTESIAN_POINT('',(-10.,-10.,68.8));
#3775=CARTESIAN_POINT('',(-10.,-10.,61.2));
#3776=CARTESIAN_POINT('',(-10.,-2.,68.8));
#3777=CARTESIAN_POINT('',(-10.,-2.,68.8));
#3778=CARTESIAN_POINT('',(-10.,-2.,59.9));
#3779=CARTESIAN_POINT('Origin',(2.22044604925031E-15,-10.,65.5));
#3780=CARTESIAN_POINT('',(-1.00000001490116,-10.,61.2));
#3781=CARTESIAN_POINT('',(10.,-10.,61.2));
#3782=CARTESIAN_POINT('',(-1.00000001490116,-10.,69.8));
#3783=CARTESIAN_POINT('',(-1.00000001490116,-10.,63.35));
#3784=CARTESIAN_POINT('',(-9.,-10.,69.8));
#3785=CARTESIAN_POINT('',(-10.,-10.,69.8));
#3786=CARTESIAN_POINT('Origin',(-9.,-10.,68.8));
#3787=CARTESIAN_POINT('',(-3.05,-10.,65.5));
#3788=CARTESIAN_POINT('Origin',(-5.,-10.,65.5));
#3789=CARTESIAN_POINT('Origin',(-9.,-2.,68.8));
#3790=CARTESIAN_POINT('',(-9.,-2.,69.8));
#3791=CARTESIAN_POINT('',(-9.,-2.,69.8));
#3792=CARTESIAN_POINT('Origin',(-9.,-2.,68.8));
#3793=CARTESIAN_POINT('Origin',(9.99999999999999,-2.,69.8));
#3794=CARTESIAN_POINT('',(-1.00000001490116,-6.,69.8));
#3795=CARTESIAN_POINT('',(-1.00000001490116,-6.,69.8));
#3796=CARTESIAN_POINT('',(0.99999998509884,-6.,69.8));
#3797=CARTESIAN_POINT('',(4.99999999254942,-6.,69.8));
#3798=CARTESIAN_POINT('',(0.999999985098841,-10.,69.8));
#3799=CARTESIAN_POINT('',(0.99999998509884,-6.,69.8));
#3800=CARTESIAN_POINT('',(8.99999999999999,-10.,69.8));
#3801=CARTESIAN_POINT('',(-10.,-10.,69.8));
#3802=CARTESIAN_POINT('',(8.99999999999999,-2.,69.8));
#3803=CARTESIAN_POINT('',(8.99999999999999,-2.,69.8));
#3804=CARTESIAN_POINT('',(5.,-2.,69.8));
#3805=CARTESIAN_POINT('Origin',(-9.,-2.,111.2));
#3806=CARTESIAN_POINT('',(-9.,-10.,110.2));
#3807=CARTESIAN_POINT('',(-10.,-10.,111.2));
#3808=CARTESIAN_POINT('Origin',(-9.,-10.,111.2));
#3809=CARTESIAN_POINT('',(-10.,-2.,111.2));
#3810=CARTESIAN_POINT('',(-10.,-2.,111.2));
#3811=CARTESIAN_POINT('',(-9.,-2.,110.2));
#3812=CARTESIAN_POINT('Origin',(-9.,-2.,111.2));
#3813=CARTESIAN_POINT('',(-9.,-2.,110.2));
#3814=CARTESIAN_POINT('Origin',(-10.,-2.,118.8));
#3815=CARTESIAN_POINT('',(-9.99999999999999,-10.,117.8));
#3816=CARTESIAN_POINT('',(-10.,-10.,110.2));
#3817=CARTESIAN_POINT('',(-10.,-2.,117.8));
#3818=CARTESIAN_POINT('',(-10.,-2.,117.8));
#3819=CARTESIAN_POINT('',(-10.,-2.,84.4));
#3820=CARTESIAN_POINT('Origin',(2.22044604925031E-15,-10.,114.5));
#3821=CARTESIAN_POINT('',(-1.00000001490116,-10.,110.2));
#3822=CARTESIAN_POINT('',(10.,-10.,110.2));
#3823=CARTESIAN_POINT('',(-1.00000001490116,-10.,118.8));
#3824=CARTESIAN_POINT('',(-1.00000001490116,-10.,112.35));
#3825=CARTESIAN_POINT('',(-8.99999999999999,-10.,118.8));
#3826=CARTESIAN_POINT('',(-9.99999999999999,-10.,118.8));
#3827=CARTESIAN_POINT('Origin',(-8.99999999999999,-10.,117.8));
#3828=CARTESIAN_POINT('',(-3.05,-10.,114.5));
#3829=CARTESIAN_POINT('Origin',(-5.,-10.,114.5));
#3830=CARTESIAN_POINT('Origin',(-9.,-2.,117.8));
#3831=CARTESIAN_POINT('',(-9.,-2.,118.8));
#3832=CARTESIAN_POINT('',(-9.,-2.,118.8));
#3833=CARTESIAN_POINT('Origin',(-9.,-2.,117.8));
#3834=CARTESIAN_POINT('Origin',(10.,-2.,118.8));
#3835=CARTESIAN_POINT('',(-1.00000001490116,-6.,118.8));
#3836=CARTESIAN_POINT('',(-1.00000001490116,-6.,118.8));
#3837=CARTESIAN_POINT('',(0.99999998509884,-6.,118.8));
#3838=CARTESIAN_POINT('',(4.99999999254942,-6.,118.8));
#3839=CARTESIAN_POINT('',(0.999999985098841,-10.,118.8));
#3840=CARTESIAN_POINT('',(0.99999998509884,-6.,118.8));
#3841=CARTESIAN_POINT('',(9.,-10.,118.8));
#3842=CARTESIAN_POINT('',(-9.99999999999999,-10.,118.8));
#3843=CARTESIAN_POINT('',(9.,-2.,118.8));
#3844=CARTESIAN_POINT('',(9.,-2.,118.8));
#3845=CARTESIAN_POINT('',(5.,-2.,118.8));
#3846=CARTESIAN_POINT('Origin',(9.,-2.,117.8));
#3847=CARTESIAN_POINT('',(10.,-10.,117.8));
#3848=CARTESIAN_POINT('Origin',(9.,-10.,117.8));
#3849=CARTESIAN_POINT('',(10.,-2.,117.8));
#3850=CARTESIAN_POINT('',(10.,-2.,117.8));
#3851=CARTESIAN_POINT('Origin',(9.,-2.,117.8));
#3852=CARTESIAN_POINT('Origin',(10.,-2.,110.2));
#3853=CARTESIAN_POINT('',(10.,-10.,111.2));
#3854=CARTESIAN_POINT('',(10.,-10.,118.8));
#3855=CARTESIAN_POINT('',(10.,-2.,111.2));
#3856=CARTESIAN_POINT('',(10.,-2.,111.2));
#3857=CARTESIAN_POINT('',(9.99999999999998,-2.,80.1));
#3858=CARTESIAN_POINT('Origin',(2.22044604925031E-15,-10.,114.5));
#3859=CARTESIAN_POINT('',(0.999999985098842,-10.,110.2));
#3860=CARTESIAN_POINT('',(0.999999985098841,-10.,116.65));
#3861=CARTESIAN_POINT('',(9.,-10.,110.2));
#3862=CARTESIAN_POINT('',(10.,-10.,110.2));
#3863=CARTESIAN_POINT('Origin',(9.,-10.,111.2));
#3864=CARTESIAN_POINT('',(6.95,-10.,114.5));
#3865=CARTESIAN_POINT('Origin',(5.,-10.,114.5));
#3866=CARTESIAN_POINT('Origin',(9.,-2.,111.2));
#3867=CARTESIAN_POINT('',(9.,-2.,110.2));
#3868=CARTESIAN_POINT('',(9.,-2.,110.2));
#3869=CARTESIAN_POINT('Origin',(9.,-2.,111.2));
#3870=CARTESIAN_POINT('Origin',(-10.,-2.,110.2));
#3871=CARTESIAN_POINT('',(-5.,-2.,110.2));
#3872=CARTESIAN_POINT('',(0.999999985098841,-6.,110.2));
#3873=CARTESIAN_POINT('',(0.99999998509884,-6.,110.2));
#3874=CARTESIAN_POINT('',(-1.00000001490116,-6.,110.2));
#3875=CARTESIAN_POINT('',(-5.00000000745058,-6.,110.2));
#3876=CARTESIAN_POINT('',(-1.00000001490116,-6.,110.2));
#3877=CARTESIAN_POINT('Origin',(8.99999999999999,-2.,68.8));
#3878=CARTESIAN_POINT('',(9.99999999999999,-10.,68.8));
#3879=CARTESIAN_POINT('Origin',(8.99999999999999,-10.,68.8));
#3880=CARTESIAN_POINT('',(9.99999999999999,-2.,68.8));
#3881=CARTESIAN_POINT('',(9.99999999999999,-2.,68.8));
#3882=CARTESIAN_POINT('Origin',(8.99999999999999,-2.,68.8));
#3883=CARTESIAN_POINT('Origin',(10.,-2.,61.2));
#3884=CARTESIAN_POINT('',(10.,-10.,62.2));
#3885=CARTESIAN_POINT('',(9.99999999999999,-10.,69.8));
#3886=CARTESIAN_POINT('',(10.,-2.,62.2));
#3887=CARTESIAN_POINT('',(10.,-2.,62.2));
#3888=CARTESIAN_POINT('',(10.,-2.,55.6));
#3889=CARTESIAN_POINT('Origin',(2.22044604925031E-15,-10.,65.5));
#3890=CARTESIAN_POINT('',(0.999999985098842,-10.,61.2));
#3891=CARTESIAN_POINT('',(0.999999985098841,-10.,67.65));
#3892=CARTESIAN_POINT('',(9.,-10.,61.2));
#3893=CARTESIAN_POINT('',(10.,-10.,61.2));
#3894=CARTESIAN_POINT('Origin',(9.,-10.,62.2));
#3895=CARTESIAN_POINT('',(6.95,-10.,65.5));
#3896=CARTESIAN_POINT('Origin',(5.,-10.,65.5));
#3897=CARTESIAN_POINT('Origin',(9.,-2.,62.2));
#3898=CARTESIAN_POINT('',(9.,-2.,61.2));
#3899=CARTESIAN_POINT('',(9.,-2.,61.2));
#3900=CARTESIAN_POINT('Origin',(9.,-2.,62.2));
#3901=CARTESIAN_POINT('Origin',(-10.,-2.,61.2));
#3902=CARTESIAN_POINT('',(-5.,-2.,61.2));
#3903=CARTESIAN_POINT('',(0.999999985098841,-6.,61.2));
#3904=CARTESIAN_POINT('',(0.99999998509884,-6.,61.2));
#3905=CARTESIAN_POINT('',(-1.00000001490116,-6.,61.2));
#3906=CARTESIAN_POINT('',(-5.00000000745058,-6.,61.2));
#3907=CARTESIAN_POINT('',(-1.00000001490116,-6.,61.2));
#3908=CARTESIAN_POINT('Origin',(9.00000000000002,-2.,37.8));
#3909=CARTESIAN_POINT('',(10.,-10.,37.8));
#3910=CARTESIAN_POINT('Origin',(9.00000000000002,-10.,37.8));
#3911=CARTESIAN_POINT('',(10.,-2.,37.8));
#3912=CARTESIAN_POINT('',(10.,-2.,37.8));
#3913=CARTESIAN_POINT('Origin',(9.00000000000002,-2.,37.8));
#3914=CARTESIAN_POINT('Origin',(10.,-2.,30.2));
#3915=CARTESIAN_POINT('',(10.,-10.,31.2));
#3916=CARTESIAN_POINT('',(10.,-10.,38.8));
#3917=CARTESIAN_POINT('',(10.,-2.,31.2));
#3918=CARTESIAN_POINT('',(10.,-2.,31.2));
#3919=CARTESIAN_POINT('',(10.,-2.,40.1));
#3920=CARTESIAN_POINT('Origin',(1.11022302462516E-14,-10.,34.5));
#3921=CARTESIAN_POINT('',(0.999999985098842,-10.,30.2));
#3922=CARTESIAN_POINT('',(0.999999985098841,-10.,36.65));
#3923=CARTESIAN_POINT('',(9.00000000000001,-10.,30.2));
#3924=CARTESIAN_POINT('',(10.,-10.,30.2));
#3925=CARTESIAN_POINT('Origin',(9.00000000000001,-10.,31.2));
#3926=CARTESIAN_POINT('',(6.95,-10.,34.5));
#3927=CARTESIAN_POINT('Origin',(5.,-10.,34.5));
#3928=CARTESIAN_POINT('Origin',(9.,-2.,31.2));
#3929=CARTESIAN_POINT('',(9.00000000000001,-2.,30.2));
#3930=CARTESIAN_POINT('',(9.,-2.,30.2));
#3931=CARTESIAN_POINT('Origin',(9.,-2.,31.2));
#3932=CARTESIAN_POINT('Origin',(-10.,-2.,30.2));
#3933=CARTESIAN_POINT('',(-5.,-2.,30.2));
#3934=CARTESIAN_POINT('',(0.999999985098841,-6.,30.2));
#3935=CARTESIAN_POINT('',(0.99999998509884,-6.,30.2));
#3936=CARTESIAN_POINT('',(-1.00000001490116,-6.,30.2));
#3937=CARTESIAN_POINT('',(-5.00000000745058,-6.,30.2));
#3938=CARTESIAN_POINT('',(-1.00000001490116,-6.,30.2));
#3939=CARTESIAN_POINT('Origin',(9.,-2.,-11.2));
#3940=CARTESIAN_POINT('',(10.,-10.,-11.2));
#3941=CARTESIAN_POINT('Origin',(9.,-10.,-11.2));
#3942=CARTESIAN_POINT('',(10.,-2.,-11.2));
#3943=CARTESIAN_POINT('',(10.,-2.,-11.2));
#3944=CARTESIAN_POINT('Origin',(9.,-2.,-11.2));
#3945=CARTESIAN_POINT('Origin',(10.,-2.,-18.8));
#3946=CARTESIAN_POINT('',(10.,-10.,-17.8));
#3947=CARTESIAN_POINT('',(10.,-10.,-10.2));
#3948=CARTESIAN_POINT('',(10.,-2.,-17.8));
#3949=CARTESIAN_POINT('',(10.,-2.,-17.8));
#3950=CARTESIAN_POINT('',(9.99999999999998,-2.,15.6));
#3951=CARTESIAN_POINT('Origin',(2.22044604925031E-15,-10.,-14.5));
#3952=CARTESIAN_POINT('',(0.999999985098841,-10.,-18.8));
#3953=CARTESIAN_POINT('',(0.999999985098841,-10.,-12.35));
#3954=CARTESIAN_POINT('',(9.,-10.,-18.8));
#3955=CARTESIAN_POINT('',(10.,-10.,-18.8));
#3956=CARTESIAN_POINT('Origin',(9.,-10.,-17.8));
#3957=CARTESIAN_POINT('',(6.95,-10.,-14.5));
#3958=CARTESIAN_POINT('Origin',(5.,-10.,-14.5));
#3959=CARTESIAN_POINT('Origin',(9.,-2.,-17.8));
#3960=CARTESIAN_POINT('',(9.,-2.,-18.8));
#3961=CARTESIAN_POINT('',(9.,-2.,-18.8));
#3962=CARTESIAN_POINT('Origin',(9.,-2.,-17.8));
#3963=CARTESIAN_POINT('Origin',(-10.,-2.,-18.8));
#3964=CARTESIAN_POINT('',(-5.,-2.,-18.8));
#3965=CARTESIAN_POINT('',(0.99999998509884,-6.,-18.8));
#3966=CARTESIAN_POINT('',(0.99999998509884,-6.,-18.8));
#3967=CARTESIAN_POINT('',(-1.00000001490116,-6.,-18.8));
#3968=CARTESIAN_POINT('',(-5.00000000745058,-6.,-18.8));
#3969=CARTESIAN_POINT('',(-1.00000001490116,-6.,-18.8));
#3970=CARTESIAN_POINT('Origin',(20.,-0.999999999999996,97.));
#3971=CARTESIAN_POINT('',(23.5,5.21804821573824E-15,97.));
#3972=CARTESIAN_POINT('Origin',(20.,4.44089209850063E-15,97.));
#3973=CARTESIAN_POINT('',(21.5,-2.,97.));
#3974=CARTESIAN_POINT('',(22.5,-0.999999999999995,97.));
#3975=CARTESIAN_POINT('Origin',(20.,-2.,97.));
#3976=CARTESIAN_POINT('Origin',(0.,2.46519032881566E-30,50.));
#3977=CARTESIAN_POINT('',(25.,5.55111512312579E-15,100.));
#3978=CARTESIAN_POINT('',(-25.,-5.55111512312578E-15,100.));
#3979=CARTESIAN_POINT('Origin',(0.,4.93038065763132E-30,100.));
#3980=CARTESIAN_POINT('',(25.,5.55111512312578E-15,-3.06161699786838E-15));
#3981=CARTESIAN_POINT('',(25.,5.55111512312579E-15,100.));
#3982=CARTESIAN_POINT('',(-25.,-5.55111512312578E-15,0.));
#3983=CARTESIAN_POINT('Origin',(0.,0.,0.));
#3984=CARTESIAN_POINT('',(-25.,-5.55111512312578E-15,100.));
#3985=CARTESIAN_POINT('',(-16.5,-3.66373598126301E-15,97.));
#3986=CARTESIAN_POINT('Origin',(-20.,-4.44089209850062E-15,97.));
#3987=CARTESIAN_POINT('',(23.5000002980232,5.21804828191268E-15,3.00000004470348));
#3988=CARTESIAN_POINT('Origin',(20.0000002980232,4.44089216467507E-15,3.00000004470348));
#3989=CARTESIAN_POINT('',(7.25,1.60982338570648E-15,8.87868929381831E-16));
#3990=CARTESIAN_POINT('Origin',(0.,0.,0.));
#3991=CARTESIAN_POINT('',(7.25,1.60982338570648E-15,100.));
#3992=CARTESIAN_POINT('Origin',(0.,4.93038065763132E-30,100.));
#3993=CARTESIAN_POINT('',(-16.5000002980232,-3.66373604743746E-15,3.00000004470348));
#3994=CARTESIAN_POINT('Origin',(-20.0000002980232,-4.44089216467507E-15,
3.00000004470348));
#3995=CARTESIAN_POINT('Origin',(20.,-4.,97.));
#3996=CARTESIAN_POINT('',(21.5,-4.,97.));
#3997=CARTESIAN_POINT('Origin',(20.,-4.,97.));
#3998=CARTESIAN_POINT('',(21.5,-4.,97.));
#3999=CARTESIAN_POINT('Origin',(-20.,-1.,97.));
#4000=CARTESIAN_POINT('',(-18.5,-2.,97.));
#4001=CARTESIAN_POINT('',(-17.5,-1.,97.));
#4002=CARTESIAN_POINT('Origin',(-20.,-2.,97.));
#4003=CARTESIAN_POINT('Origin',(-20.,-4.,97.));
#4004=CARTESIAN_POINT('',(-18.5,-4.,97.));
#4005=CARTESIAN_POINT('Origin',(-20.,-4.,97.));
#4006=CARTESIAN_POINT('',(-18.5,-4.,97.));
#4007=CARTESIAN_POINT('Origin',(-20.0000002980232,-1.,3.00000004470348));
#4008=CARTESIAN_POINT('',(-18.5000002980232,-2.,3.00000004470348));
#4009=CARTESIAN_POINT('',(-17.5000002980232,-1.,3.00000004470348));
#4010=CARTESIAN_POINT('Origin',(-20.0000002980232,-2.,3.00000004470348));
#4011=CARTESIAN_POINT('Origin',(-20.0000002980232,-4.,3.00000004470348));
#4012=CARTESIAN_POINT('',(-18.5000002980232,-4.,3.00000004470348));
#4013=CARTESIAN_POINT('Origin',(-20.0000002980232,-4.,3.00000004470348));
#4014=CARTESIAN_POINT('',(-18.5000002980232,-4.,3.00000004470348));
#4015=CARTESIAN_POINT('Origin',(20.0000002980232,-0.999999999999996,3.00000004470348));
#4016=CARTESIAN_POINT('',(21.5000002980232,-2.,3.00000004470348));
#4017=CARTESIAN_POINT('',(22.5000002980232,-0.999999999999995,3.00000004470348));
#4018=CARTESIAN_POINT('Origin',(20.0000002980232,-2.,3.00000004470348));
#4019=CARTESIAN_POINT('Origin',(20.0000002980232,-4.,3.00000004470348));
#4020=CARTESIAN_POINT('',(21.5000002980232,-4.,3.00000004470348));
#4021=CARTESIAN_POINT('Origin',(20.0000002980232,-4.,3.00000004470348));
#4022=CARTESIAN_POINT('',(21.5000002980232,-4.,3.00000004470348));
#4023=CARTESIAN_POINT('Origin',(-20.0000002983956,-2.,6.00000008940697));
#4024=CARTESIAN_POINT('',(-23.,-2.00000000000001,6.00000008940697));
#4025=CARTESIAN_POINT('',(-20.0000002983956,-2.,6.));
#4026=CARTESIAN_POINT('',(-10.0000001491978,-2.,6.00000008940697));
#4027=CARTESIAN_POINT('',(-23.,-4.00000000000001,6.00000008940697));
#4028=CARTESIAN_POINT('',(-23.,-2.00000000000001,6.00000008940697));
#4029=CARTESIAN_POINT('',(-20.0000002983956,-4.,6.));
#4030=CARTESIAN_POINT('',(-20.0000002980232,-4.,6.00000008940697));
#4031=CARTESIAN_POINT('',(-20.0000002983956,-2.,6.));
#4032=CARTESIAN_POINT('Origin',(-20.,-2.,3.));
#4033=CARTESIAN_POINT('',(-20.0000002980232,-2.,0.));
#4034=CARTESIAN_POINT('Origin',(-20.,-2.,3.));
#4035=CARTESIAN_POINT('',(-20.0000002980232,-4.,0.));
#4036=CARTESIAN_POINT('Origin',(-20.,-4.,3.));
#4037=CARTESIAN_POINT('',(-20.0000002980232,-2.,0.));
#4038=CARTESIAN_POINT('Origin',(-23.,-2.00000000000001,0.));
#4039=CARTESIAN_POINT('',(-23.,-2.00000000000001,0.));
#4040=CARTESIAN_POINT('',(-11.5,-2.,0.));
#4041=CARTESIAN_POINT('',(-23.,-4.00000000000001,0.));
#4042=CARTESIAN_POINT('',(-20.0000002980232,-4.,0.));
#4043=CARTESIAN_POINT('',(-23.,-2.00000000000001,0.));
#4044=CARTESIAN_POINT('Origin',(4.44089209850063E-16,-2.,9.86076131526264E-32));
#4045=CARTESIAN_POINT('',(23.,-2.,-2.81668763803891E-15));
#4046=CARTESIAN_POINT('Origin',(4.44089209850063E-16,-2.,9.86076131526264E-32));
#4047=CARTESIAN_POINT('',(23.,-4.,-3.33066907387547E-15));
#4048=CARTESIAN_POINT('Origin',(8.88178419700125E-16,-4.,1.97215226305253E-31));
#4049=CARTESIAN_POINT('',(23.,-2.,-2.81668763803891E-15));
#4050=CARTESIAN_POINT('Origin',(20.0000002983957,-2.,-3.49674429152792E-25));
#4051=CARTESIAN_POINT('',(20.0000002983957,-2.,-8.94069661268662E-8));
#4052=CARTESIAN_POINT('',(10.0000001491978,-2.,8.88178419700125E-15));
#4053=CARTESIAN_POINT('',(20.0000002983957,-4.,-8.94069662749075E-8));
#4054=CARTESIAN_POINT('',(20.0000002980232,-4.,0.));
#4055=CARTESIAN_POINT('',(20.0000002983957,-2.,-8.94069661268662E-8));
#4056=CARTESIAN_POINT('Origin',(20.,-2.,3.));
#4057=CARTESIAN_POINT('',(20.0000002980232,-2.,6.00000008940697));
#4058=CARTESIAN_POINT('Origin',(20.,-2.,3.));
#4059=CARTESIAN_POINT('',(20.0000002980232,-4.,6.00000008940697));
#4060=CARTESIAN_POINT('Origin',(20.,-4.,3.));
#4061=CARTESIAN_POINT('',(20.0000002980232,-2.,6.00000008940697));
#4062=CARTESIAN_POINT('Origin',(23.,-2.,6.00000008940697));
#4063=CARTESIAN_POINT('',(23.,-2.,6.00000008940697));
#4064=CARTESIAN_POINT('',(11.5,-2.,6.00000008940697));
#4065=CARTESIAN_POINT('',(23.,-4.,6.00000008940697));
#4066=CARTESIAN_POINT('',(20.0000002980232,-4.,6.00000008940697));
#4067=CARTESIAN_POINT('',(23.,-2.,6.00000008940697));
#4068=CARTESIAN_POINT('Origin',(23.,-2.,94.0000014007092));
#4069=CARTESIAN_POINT('',(23.,-2.,94.0000014007092));
#4070=CARTESIAN_POINT('',(23.,-2.,72.0000007003546));
#4071=CARTESIAN_POINT('',(23.,-4.,94.0000014007092));
#4072=CARTESIAN_POINT('',(23.,-4.,6.00000008940697));
#4073=CARTESIAN_POINT('',(23.,-2.,94.0000014007092));
#4074=CARTESIAN_POINT('Origin',(20.0041647271301,-2.,94.0000014007092));
#4075=CARTESIAN_POINT('',(20.0041647271301,-2.,94.0000014007092));
#4076=CARTESIAN_POINT('',(10.0020823635651,-2.,94.0000014007092));
#4077=CARTESIAN_POINT('',(20.0041647271301,-4.,94.0000014007092));
#4078=CARTESIAN_POINT('',(20.0000002980232,-4.,94.0000014007092));
#4079=CARTESIAN_POINT('',(20.0041647271301,-2.,94.0000014007092));
#4080=CARTESIAN_POINT('Origin',(20.,-2.,97.));
#4081=CARTESIAN_POINT('',(20.0000002980232,-2.,100.000001490116));
#4082=CARTESIAN_POINT('Origin',(20.,-2.,97.));
#4083=CARTESIAN_POINT('',(20.0000002980232,-4.,100.000001490116));
#4084=CARTESIAN_POINT('Origin',(20.,-4.,97.));
#4085=CARTESIAN_POINT('',(20.0000002980232,-2.,100.000001490116));
#4086=CARTESIAN_POINT('Origin',(23.,-2.,100.));
#4087=CARTESIAN_POINT('',(23.,-2.,100.));
#4088=CARTESIAN_POINT('',(11.5000124176384,-2.,100.000005712106));
#4089=CARTESIAN_POINT('',(23.,-4.,100.));
#4090=CARTESIAN_POINT('',(20.0000002980232,-4.,100.000001490116));
#4091=CARTESIAN_POINT('',(23.,-2.,100.));
#4092=CARTESIAN_POINT('Origin',(4.44089209850061E-16,-2.,100.));
#4093=CARTESIAN_POINT('',(-23.,-2.00000000000001,100.));
#4094=CARTESIAN_POINT('Origin',(4.44089209850061E-16,-2.,100.));
#4095=CARTESIAN_POINT('',(-23.,-4.00000000000001,100.));
#4096=CARTESIAN_POINT('Origin',(8.88178419700126E-16,-4.,100.));
#4097=CARTESIAN_POINT('',(-23.,-2.00000000000001,100.));
#4098=CARTESIAN_POINT('Origin',(-20.0000002980235,-2.,100.000001490116));
#4099=CARTESIAN_POINT('',(-20.0000002980228,-2.,100.));
#4100=CARTESIAN_POINT('',(-10.0000125666502,-2.,100.000006457164));
#4101=CARTESIAN_POINT('',(-20.0000002980228,-4.,100.));
#4102=CARTESIAN_POINT('',(-20.0000002980232,-4.,100.000001490116));
#4103=CARTESIAN_POINT('',(-20.0000002980228,-2.,100.));
#4104=CARTESIAN_POINT('Origin',(-20.,-2.,97.));
#4105=CARTESIAN_POINT('',(-20.0028990089658,-2.,94.0000014007092));
#4106=CARTESIAN_POINT('Origin',(-20.,-2.,97.));
#4107=CARTESIAN_POINT('',(-20.0028990089658,-4.,94.0000014007092));
#4108=CARTESIAN_POINT('Origin',(-20.,-4.,97.));
#4109=CARTESIAN_POINT('',(-20.0028990089658,-2.,94.0000014007092));
#4110=CARTESIAN_POINT('Origin',(-23.,-2.00000000000001,94.0000014007092));
#4111=CARTESIAN_POINT('',(-23.,-2.00000000000001,94.0000014007092));
#4112=CARTESIAN_POINT('',(-11.5,-2.,94.0000014007092));
#4113=CARTESIAN_POINT('',(-23.,-4.00000000000001,94.0000014007092));
#4114=CARTESIAN_POINT('',(-20.0000002980232,-4.,94.0000014007092));
#4115=CARTESIAN_POINT('',(-23.,-2.00000000000001,94.0000014007092));
#4116=CARTESIAN_POINT('Origin',(-23.,-2.00000000000001,6.00000008940697));
#4117=CARTESIAN_POINT('',(-23.,-2.00000000000001,28.0000000447035));
#4118=CARTESIAN_POINT('',(-23.,-4.00000000000001,94.0000014007092));
#4119=CARTESIAN_POINT('Origin',(24.,-1.99999999999999,-2.93915231795365E-15));
#4120=CARTESIAN_POINT('',(24.,-1.99999999999999,100.));
#4121=CARTESIAN_POINT('',(24.,-1.99999999999999,-2.93915231795365E-15));
#4122=CARTESIAN_POINT('',(24.,-1.99999999999999,25.));
#4123=CARTESIAN_POINT('',(24.,-3.99999999999999,100.));
#4124=CARTESIAN_POINT('',(24.,-1.99999999999999,100.));
#4125=CARTESIAN_POINT('',(24.,-3.99999999999999,-3.33066907387547E-15));
#4126=CARTESIAN_POINT('',(24.,-3.99999999999999,-2.93915231795365E-15));
#4127=CARTESIAN_POINT('',(24.,-1.99999999999999,-2.93915231795365E-15));
#4128=CARTESIAN_POINT('Origin',(4.44089209850063E-16,-2.,9.86076131526264E-32));
#4129=CARTESIAN_POINT('',(-24.,-2.00000000000001,0.));
#4130=CARTESIAN_POINT('Origin',(4.44089209850063E-16,-2.,9.86076131526264E-32));
#4131=CARTESIAN_POINT('',(-24.,-4.00000000000001,0.));
#4132=CARTESIAN_POINT('Origin',(8.88178419700125E-16,-4.,1.97215226305253E-31));
#4133=CARTESIAN_POINT('',(-24.,-2.00000000000001,0.));
#4134=CARTESIAN_POINT('Origin',(-24.,-2.00000000000001,100.));
#4135=CARTESIAN_POINT('',(-24.,-2.00000000000001,100.));
#4136=CARTESIAN_POINT('',(-24.,-2.00000000000001,75.));
#4137=CARTESIAN_POINT('',(-24.,-4.00000000000001,100.));
#4138=CARTESIAN_POINT('',(-24.,-4.00000000000001,100.));
#4139=CARTESIAN_POINT('',(-24.,-2.00000000000001,100.));
#4140=CARTESIAN_POINT('Origin',(4.44089209850061E-16,-2.,100.));
#4141=CARTESIAN_POINT('Origin',(4.44089209850061E-16,-2.,100.));
#4142=CARTESIAN_POINT('Origin',(8.88178419700126E-16,-4.,100.));
#4143=CARTESIAN_POINT('Origin',(8.88178419700126E-16,-4.,50.));
#4144=CARTESIAN_POINT('Origin',(4.44089209850063E-16,-2.,50.));
#4145=CARTESIAN_POINT('',(25.,-1.99999999999999,100.));
#4146=CARTESIAN_POINT('',(-25.,-2.00000000000001,100.));
#4147=CARTESIAN_POINT('Origin',(4.44089209850061E-16,-2.,100.));
#4148=CARTESIAN_POINT('',(-25.,-2.00000000000001,0.));
#4149=CARTESIAN_POINT('',(-25.,-2.00000000000001,100.));
#4150=CARTESIAN_POINT('',(25.,-1.99999999999999,0.));
#4151=CARTESIAN_POINT('Origin',(4.44089209850063E-16,-2.,9.86076131526264E-32));
#4152=CARTESIAN_POINT('',(25.,-1.99999999999999,100.));
#4153=CARTESIAN_POINT('Origin',(-1.00000001490116,-10.,110.2));
#4154=CARTESIAN_POINT('',(-1.00000001490116,-6.,110.2));
#4155=CARTESIAN_POINT('Origin',(0.999999985098841,-10.,118.8));
#4156=CARTESIAN_POINT('',(0.999999985098841,-6.,118.8));
#4157=CARTESIAN_POINT('Origin',(-1.49011595285131E-8,-6.,114.5));
#4158=CARTESIAN_POINT('Origin',(-1.00000001490116,-10.,30.2));
#4159=CARTESIAN_POINT('',(-1.00000001490116,-6.,38.8));
#4160=CARTESIAN_POINT('Origin',(0.999999985098841,-10.,38.8));
#4161=CARTESIAN_POINT('',(0.999999985098841,-6.,30.2));
#4162=CARTESIAN_POINT('Origin',(-1.49011595285131E-8,-6.,34.5));
#4163=CARTESIAN_POINT('Origin',(-1.00000001490116,-10.,61.2));
#4164=CARTESIAN_POINT('',(-1.00000001490116,-6.,61.2));
#4165=CARTESIAN_POINT('Origin',(0.999999985098841,-10.,69.8));
#4166=CARTESIAN_POINT('',(0.999999985098841,-6.,69.8));
#4167=CARTESIAN_POINT('Origin',(-1.49011595285131E-8,-6.,65.5));
#4168=CARTESIAN_POINT('Origin',(-1.00000001490116,-10.,-18.8));
#4169=CARTESIAN_POINT('',(-1.00000001490116,-6.,-18.8));
#4170=CARTESIAN_POINT('Origin',(0.999999985098841,-10.,-10.2));
#4171=CARTESIAN_POINT('',(0.999999985098841,-6.,-10.2));
#4172=CARTESIAN_POINT('Origin',(-1.4901159667291E-8,-6.,-14.5));
#4173=CARTESIAN_POINT('Origin',(-5.,-10.,65.5));
#4174=CARTESIAN_POINT('',(-3.05,-5.,65.5));
#4175=CARTESIAN_POINT('',(-3.05,-10.,65.5));
#4176=CARTESIAN_POINT('Origin',(-5.,-5.,65.5));
#4177=CARTESIAN_POINT('Origin',(-5.,-5.,65.5));
#4178=CARTESIAN_POINT('Origin',(5.,-10.,-14.5));
#4179=CARTESIAN_POINT('',(6.95,-5.,-14.5));
#4180=CARTESIAN_POINT('',(6.95,-10.,-14.5));
#4181=CARTESIAN_POINT('Origin',(5.,-5.,-14.5));
#4182=CARTESIAN_POINT('Origin',(5.,-5.,-14.5));
#4183=CARTESIAN_POINT('Origin',(5.,-10.,34.5));
#4184=CARTESIAN_POINT('',(6.95,-5.,34.5));
#4185=CARTESIAN_POINT('',(6.95,-10.,34.5));
#4186=CARTESIAN_POINT('Origin',(5.,-5.,34.5));
#4187=CARTESIAN_POINT('Origin',(5.,-5.,34.5));
#4188=CARTESIAN_POINT('Origin',(5.,-10.,114.5));
#4189=CARTESIAN_POINT('',(6.95,-5.,114.5));
#4190=CARTESIAN_POINT('',(6.95,-10.,114.5));
#4191=CARTESIAN_POINT('Origin',(5.,-5.,114.5));
#4192=CARTESIAN_POINT('Origin',(5.,-5.,114.5));
#4193=CARTESIAN_POINT('Origin',(5.,-10.,65.5));
#4194=CARTESIAN_POINT('',(6.95,-5.,65.5));
#4195=CARTESIAN_POINT('',(6.95,-10.,65.5));
#4196=CARTESIAN_POINT('Origin',(5.,-5.,65.5));
#4197=CARTESIAN_POINT('Origin',(5.,-5.,65.5));
#4198=CARTESIAN_POINT('Origin',(-5.,-10.,-14.5));
#4199=CARTESIAN_POINT('',(-3.05,-5.,-14.5));
#4200=CARTESIAN_POINT('',(-3.05,-10.,-14.5));
#4201=CARTESIAN_POINT('Origin',(-5.,-5.,-14.5));
#4202=CARTESIAN_POINT('Origin',(-5.,-5.,-14.5));
#4203=CARTESIAN_POINT('Origin',(-5.,-10.,34.5));
#4204=CARTESIAN_POINT('',(-3.05,-5.,34.5));
#4205=CARTESIAN_POINT('',(-3.05,-10.,34.5));
#4206=CARTESIAN_POINT('Origin',(-5.,-5.,34.5));
#4207=CARTESIAN_POINT('Origin',(-5.,-5.,34.5));
#4208=CARTESIAN_POINT('Origin',(-5.,-10.,114.5));
#4209=CARTESIAN_POINT('',(-3.05,-5.,114.5));
#4210=CARTESIAN_POINT('',(-3.05,-10.,114.5));
#4211=CARTESIAN_POINT('Origin',(-5.,-5.,114.5));
#4212=CARTESIAN_POINT('Origin',(-5.,-5.,114.5));
#4213=CARTESIAN_POINT('Origin',(4.44089209850063E-16,-2.,9.86076131526264E-32));
#4214=CARTESIAN_POINT('',(7.25,-2.,8.87868929381831E-16));
#4215=CARTESIAN_POINT('Origin',(4.44089209850063E-16,-2.,9.86076131526264E-32));
#4216=CARTESIAN_POINT('',(7.25,-2.,-8.87868929381831E-16));
#4217=CARTESIAN_POINT('Origin',(4.44089209850061E-16,-2.,100.));
#4218=CARTESIAN_POINT('',(7.25,-2.,100.));
#4219=CARTESIAN_POINT('Origin',(4.44089209850061E-16,-2.,100.));
#4220=CARTESIAN_POINT('',(7.25,-2.,100.));
#4221=CARTESIAN_POINT('Origin',(25.,5.55111512312578E-15,0.));
#4222=CARTESIAN_POINT('',(25.,5.55111512312579E-15,100.));
#4223=CARTESIAN_POINT('',(25.,5.55111512312578E-15,-3.06161699786838E-15));
#4224=CARTESIAN_POINT('Origin',(0.,0.,0.));
#4225=CARTESIAN_POINT('',(-25.,-5.55111512312578E-15,0.));
#4226=CARTESIAN_POINT('Origin',(-25.,-5.55111512312578E-15,100.));
#4227=CARTESIAN_POINT('',(-25.,-5.55111512312578E-15,100.));
#4228=CARTESIAN_POINT('Origin',(0.,4.93038065763132E-30,100.));
#4229=CARTESIAN_POINT('Origin',(4.44089209850063E-16,-2.,50.));
#4230=CARTESIAN_POINT('',(0.,0.,0.));
#4231=CARTESIAN_POINT('Origin',(-22.4999997019768,-24.9999997466804,-5.00000004470349));
#4232=CARTESIAN_POINT('',(-22.4999997019768,24.0000002533197,-4.47035031214682E-8));
#4233=CARTESIAN_POINT('Origin',(-22.4999997019768,24.0000002533197,-5.0000000447035));
#4234=CARTESIAN_POINT('',(-22.4999997019768,25.0000002533196,-4.47035031214682E-8));
#4235=CARTESIAN_POINT('',(-22.4999997019768,-24.9999997466804,-4.4703494239684E-8));
#4236=CARTESIAN_POINT('Origin',(-22.4999997019768,25.0000002533196,-5.0000000447035));
#4237=CARTESIAN_POINT('Origin',(-22.4999997019768,-24.9999997466804,-5.00000004470349));
#4238=CARTESIAN_POINT('',(-22.4999997019768,-24.9999997466804,-4.4703494239684E-8));
#4239=CARTESIAN_POINT('Origin',(-22.4999997019768,-24.9999997466804,-5.00000004470349));
#4240=CARTESIAN_POINT('',(-22.4999997019768,-23.9999997466804,-4.4703494239684E-8));
#4241=CARTESIAN_POINT('',(-22.4999997019768,-24.9999997466804,-4.4703494239684E-8));
#4242=CARTESIAN_POINT('Origin',(-22.4999997019768,-23.9999997466804,-5.00000004470349));
#4243=CARTESIAN_POINT('Origin',(-42.9999997019768,2.53319658582996E-7,44.9999999552965));
#4244=CARTESIAN_POINT('',(-42.9999997019768,25.0000002533197,44.9999999552965));
#4245=CARTESIAN_POINT('',(-44.9999997019768,23.0000002533197,44.9999999552965));
#4246=CARTESIAN_POINT('Origin',(-42.9999997019768,23.0000002533197,44.9999999552965));
#4247=CARTESIAN_POINT('',(-44.9999997019768,-22.9999997466803,44.9999999552965));
#4248=CARTESIAN_POINT('Origin',(-44.9999997019768,2.53319658582996E-7,44.9999999552965));
#4249=CARTESIAN_POINT('',(-42.9999997019768,-24.9999997466803,44.9999999552965));
#4250=CARTESIAN_POINT('Origin',(-42.9999997019768,-22.9999997466803,44.9999999552965));
#4251=CARTESIAN_POINT('Origin',(-42.9999997019768,2.53319658582996E-7,44.9999999552965));
#4252=CARTESIAN_POINT('Origin',(-42.9999997019768,-22.9999997466803,19.9999999552965));
#4253=CARTESIAN_POINT('',(-44.9999997019768,-22.9999997466804,-55.0000000447035));
#4254=CARTESIAN_POINT('',(-42.9999997019768,-24.9999997466804,-55.0000000447035));
#4255=CARTESIAN_POINT('Origin',(-42.9999997019768,-22.9999997466804,-55.0000000447035));
#4256=CARTESIAN_POINT('',(-42.9999997019768,-24.9999997466804,19.9999999552965));
#4257=CARTESIAN_POINT('',(-44.9999997019768,-22.9999997466803,19.9999999552965));
#4258=CARTESIAN_POINT('Origin',(-42.9999997019768,2.53319631937643E-7,-55.0000000447035));
#4259=CARTESIAN_POINT('',(-44.9999997019768,23.0000002533196,-55.0000000447035));
#4260=CARTESIAN_POINT('',(-42.9999997019768,25.0000002533196,-55.0000000447035));
#4261=CARTESIAN_POINT('Origin',(-42.9999997019768,23.0000002533196,-55.0000000447035));
#4262=CARTESIAN_POINT('Origin',(-42.9999997019768,2.53319631937643E-7,-55.0000000447035));
#4263=CARTESIAN_POINT('Origin',(-44.9999997019768,2.53319631937643E-7,-55.0000000447035));
#4264=CARTESIAN_POINT('Origin',(-42.9999997019768,23.0000002533196,-30.0000000447035));
#4265=CARTESIAN_POINT('',(-42.9999997019768,25.0000002533196,-30.0000000447035));
#4266=CARTESIAN_POINT('',(-44.9999997019768,23.0000002533196,-30.0000000447035));
#4267=CARTESIAN_POINT('Origin',(-44.9999997019768,25.0000002533196,-55.0000000447035));
#4268=CARTESIAN_POINT('',(-1.99999970197682,25.0000002533197,44.9999999552965));
#4269=CARTESIAN_POINT('',(-44.9999997019768,25.0000002533197,44.9999999552965));
#4270=CARTESIAN_POINT('',(-1.99999970197683,25.0000002533196,-55.0000000447035));
#4271=CARTESIAN_POINT('',(-1.99999970197683,25.0000002533196,-55.0000000447035));
#4272=CARTESIAN_POINT('',(-44.9999997019768,25.0000002533196,-55.0000000447035));
#4273=CARTESIAN_POINT('Origin',(-44.9999997019768,2.53319658582996E-7,44.9999999552965));
#4274=CARTESIAN_POINT('',(-1.99999970197682,-24.9999997466803,44.9999999552965));
#4275=CARTESIAN_POINT('',(-44.9999997019768,-24.9999997466803,44.9999999552965));
#4276=CARTESIAN_POINT('Origin',(-1.99999970197682,2.5331966746478E-7,44.9999999552965));
#4277=CARTESIAN_POINT('Origin',(-44.9999997019768,2.53319640819427E-7,-5.0000000447035));
#4278=CARTESIAN_POINT('Origin',(-3.99999970197683,-19.9999997466804,-52.0000000447035));
#4279=CARTESIAN_POINT('',(-3.99999970197683,-21.4499997466804,-52.0000000447035));
#4280=CARTESIAN_POINT('Origin',(-3.99999970197683,-19.9999997466804,-52.0000000447035));
#4281=CARTESIAN_POINT('',(-8.99999970197683,-21.4499997466804,-52.0000000447035));
#4282=CARTESIAN_POINT('',(-3.99999970197683,-21.4499997466804,-52.0000000447035));
#4283=CARTESIAN_POINT('Origin',(-8.99999970197683,-19.9999997466804,-52.0000000447035));
#4284=CARTESIAN_POINT('Origin',(-8.99999970197683,-19.9999997466804,-52.0000000447035));
#4285=CARTESIAN_POINT('Origin',(-3.99999970197682,-19.9999997466803,41.9999999552965));
#4286=CARTESIAN_POINT('',(-3.99999970197682,-21.4499997466803,41.9999999552965));
#4287=CARTESIAN_POINT('Origin',(-3.99999970197682,-19.9999997466803,41.9999999552965));
#4288=CARTESIAN_POINT('',(-8.99999970197682,-21.4499997466803,41.9999999552965));
#4289=CARTESIAN_POINT('',(-3.99999970197682,-21.4499997466803,41.9999999552965));
#4290=CARTESIAN_POINT('Origin',(-8.99999970197682,-19.9999997466803,41.9999999552965));
#4291=CARTESIAN_POINT('Origin',(-8.99999970197682,-19.9999997466803,41.9999999552965));
#4292=CARTESIAN_POINT('Origin',(-3.99999970197683,20.0000002533196,-52.0000000447035));
#4293=CARTESIAN_POINT('',(-3.99999970197683,18.5500002533196,-52.0000000447035));
#4294=CARTESIAN_POINT('Origin',(-3.99999970197683,20.0000002533196,-52.0000000447035));
#4295=CARTESIAN_POINT('',(-8.99999970197683,18.5500002533196,-52.0000000447035));
#4296=CARTESIAN_POINT('',(-3.99999970197683,18.5500002533196,-52.0000000447035));
#4297=CARTESIAN_POINT('Origin',(-8.99999970197683,20.0000002533196,-52.0000000447035));
#4298=CARTESIAN_POINT('Origin',(-8.99999970197683,20.0000002533196,-52.0000000447035));
#4299=CARTESIAN_POINT('Origin',(-3.99999970197682,20.0000002533197,41.9999999552965));
#4300=CARTESIAN_POINT('',(-3.99999970197682,18.5500002533197,41.9999999552965));
#4301=CARTESIAN_POINT('Origin',(-3.99999970197682,20.0000002533197,41.9999999552965));
#4302=CARTESIAN_POINT('',(-8.99999970197683,18.5500002533197,41.9999999552965));
#4303=CARTESIAN_POINT('',(-3.99999970197682,18.5500002533197,41.9999999552965));
#4304=CARTESIAN_POINT('Origin',(-8.99999970197683,20.0000002533197,41.9999999552965));
#4305=CARTESIAN_POINT('Origin',(-8.99999970197683,20.0000002533197,41.9999999552965));
#4306=CARTESIAN_POINT('Origin',(-3.99999970197683,2.53319649701211E-7,-5.00000000000392));
#4307=CARTESIAN_POINT('',(-3.99999970197683,-19.9999997466803,45.0000000447035));
#4308=CARTESIAN_POINT('',(-3.99999970197682,-20.0000000447036,38.9999998658895));
#4309=CARTESIAN_POINT('Origin',(-3.99999970197682,-19.9999997466803,41.9999999552965));
#4310=CARTESIAN_POINT('',(-3.99999970197682,-23.9999997466803,44.9999999552965));
#4311=CARTESIAN_POINT('',(-3.99999970197682,-10.000000305474,45.0000002682209));
#4312=CARTESIAN_POINT('',(-3.99999970197682,-23.9999997466803,38.9999998658895));
#4313=CARTESIAN_POINT('',(-3.99999970197682,-23.9999997466803,38.9999998658895));
#4314=CARTESIAN_POINT('',(-3.99999970197682,-11.9999997466803,38.9999998658895));
#4315=CARTESIAN_POINT('Origin',(-3.99999970197683,2.53319649701211E-7,-5.00000000000392));
#4316=CARTESIAN_POINT('',(-3.99999970197683,-19.9970096465787,-49.0000000447035));
#4317=CARTESIAN_POINT('',(-3.99999970197683,-19.9970096465789,-55.0000000447035));
#4318=CARTESIAN_POINT('Origin',(-3.99999970197683,-19.9999997466804,-52.0000000447035));
#4319=CARTESIAN_POINT('',(-3.99999970197683,-23.9999997466804,-49.0000000446492));
#4320=CARTESIAN_POINT('',(-3.99999970197683,-9.99850469692767,-49.0000000448389));
#4321=CARTESIAN_POINT('',(-3.99999970197683,-23.9999997466804,-55.0000000447035));
#4322=CARTESIAN_POINT('',(-3.99999970197683,-23.9999997466804,-55.0000000447035));
#4323=CARTESIAN_POINT('',(-3.99999970197683,-11.9999997466804,-55.0000000447035));
#4324=CARTESIAN_POINT('Origin',(-3.99999970197682,20.5000002533197,41.9999999552965));
#4325=CARTESIAN_POINT('',(-3.99999970197682,24.0000002533197,44.9999999552965));
#4326=CARTESIAN_POINT('',(-3.99999970197682,24.0000002533197,38.9999999552965));
#4327=CARTESIAN_POINT('',(-3.99999970197682,24.0000002533197,38.9999999552965));
#4328=CARTESIAN_POINT('',(-3.99999970197682,20.0000005513429,44.9999999552965));
#4329=CARTESIAN_POINT('',(-3.99999970197682,22.2500002533197,44.9999999552965));
#4330=CARTESIAN_POINT('',(-3.99999970197682,20.0000005517153,38.9999999552965));
#4331=CARTESIAN_POINT('Origin',(-3.99999970197682,20.0000002533197,41.9999999552965));
#4332=CARTESIAN_POINT('',(-3.99999970197682,20.2500002533197,38.9999999552965));
#4333=CARTESIAN_POINT('Origin',(-3.99999970197683,2.53319649701211E-7,-5.00000000000392));
#4334=CARTESIAN_POINT('',(-3.99999970197683,24.0000002533196,-49.0000015348134));
#4335=CARTESIAN_POINT('',(-3.99999970197684,24.0000002533196,-55.0000000447113));
#4336=CARTESIAN_POINT('',(-3.99999970197684,24.0000002533196,-55.0000000447113));
#4337=CARTESIAN_POINT('',(-3.99999970197683,20.0029903540594,-49.0000015348131));
#4338=CARTESIAN_POINT('',(-3.99999970197683,12.0000002533197,-49.0000015348134));
#4339=CARTESIAN_POINT('',(-3.99999970197683,20.0000005513424,-55.0000000447035));
#4340=CARTESIAN_POINT('Origin',(-3.99999970197683,20.0000002533196,-52.0000000447035));
#4341=CARTESIAN_POINT('',(-3.99999970197683,10.0000002533196,-55.0000000447113));
#4342=CARTESIAN_POINT('Origin',(-42.9999997019768,-19.9999997466803,45.0000000447035));
#4343=CARTESIAN_POINT('',(-42.9999997019768,-19.9999997466803,45.0000000447035));
#4344=CARTESIAN_POINT('',(-42.9999997019768,-19.9999997466803,45.0000000447035));
#4345=CARTESIAN_POINT('',(-42.9999997019768,-23.9999997466803,44.9999999552965));
#4346=CARTESIAN_POINT('',(-42.9999997019768,-10.000000305474,45.0000002682209));
#4347=CARTESIAN_POINT('',(-42.9999997019768,-23.9999997466803,44.9999999552965));
#4348=CARTESIAN_POINT('Origin',(-42.9999997019768,-19.9999997466803,41.9999999552965));
#4349=CARTESIAN_POINT('',(-42.9999997019768,-19.9999997466803,38.9999998658895));
#4350=CARTESIAN_POINT('',(-42.9999997019768,-19.9999997466803,38.9999998658895));
#4351=CARTESIAN_POINT('Origin',(-42.9999997019768,-19.9999997466803,41.9999999552965));
#4352=CARTESIAN_POINT('Origin',(-42.9999997019768,-19.9970096465789,-49.0000000447035));
#4353=CARTESIAN_POINT('',(-42.9999997019768,-19.9970096465788,-49.0000000447035));
#4354=CARTESIAN_POINT('',(-42.9999997019768,-19.9970096465788,-49.0000000447035));
#4355=CARTESIAN_POINT('',(-42.9999997019768,-23.9999997466804,-49.0000000446492));
#4356=CARTESIAN_POINT('',(-42.9999997019768,-9.99850469692767,-49.0000000448389));
#4357=CARTESIAN_POINT('',(-42.9999997019768,-23.9999997466804,-49.0000000446492));
#4358=CARTESIAN_POINT('Origin',(-42.9999997019768,-19.9999997466804,-52.0000000447035));
#4359=CARTESIAN_POINT('',(-42.9999997019768,-19.9970096465789,-55.0000000447035));
#4360=CARTESIAN_POINT('',(-42.9999997019768,-19.9970096465789,-55.0000000447035));
#4361=CARTESIAN_POINT('Origin',(-42.9999997019768,-19.9999997466804,-52.0000000447035));
#4362=CARTESIAN_POINT('Origin',(-42.9999997019768,-23.9999997466804,-49.0000000446492));
#4363=CARTESIAN_POINT('',(-42.9999997019768,-23.9999997466803,38.9999998658895));
#4364=CARTESIAN_POINT('',(-42.9999997019768,-23.9999997466804,-27.0000000446764));
#4365=CARTESIAN_POINT('',(-42.9999997019768,-23.9999997466803,38.9999998658895));
#4366=CARTESIAN_POINT('',(-1.99999970197682,-23.9999997466803,44.9999999552965));
#4367=CARTESIAN_POINT('',(-42.9999997019768,-23.9999997466803,44.9999999552965));
#4368=CARTESIAN_POINT('',(-1.99999970197683,-23.9999997466804,-55.0000000447035));
#4369=CARTESIAN_POINT('',(-1.99999970197683,-23.9999997466804,-30.0000000447035));
#4370=CARTESIAN_POINT('',(-42.9999997019768,-23.9999997466804,-55.0000000447035));
#4371=CARTESIAN_POINT('Origin',(-42.9999997019768,-23.9999997466804,-55.0000000447035));
#4372=CARTESIAN_POINT('',(-42.9999997019768,-23.9999997466804,-55.0000000447035));
#4373=CARTESIAN_POINT('',(-42.9999997019768,-23.9999997466804,-55.0000000447035));
#4374=CARTESIAN_POINT('',(-42.9999997019768,-11.9999997466804,-55.0000000447035));
#4375=CARTESIAN_POINT('Origin',(-42.9999997019768,2.53319631937643E-7,-55.0000000447035));
#4376=CARTESIAN_POINT('',(-42.9999997019768,24.0000002533196,-55.0000000447113));
#4377=CARTESIAN_POINT('Origin',(-42.9999997019768,2.53319631937643E-7,-55.0000000447035));
#4378=CARTESIAN_POINT('',(-1.99999970197683,24.0000002533196,-55.0000000447113));
#4379=CARTESIAN_POINT('Origin',(-1.99999970197682,2.53319631937643E-7,-55.0000000447035));
#4380=CARTESIAN_POINT('',(-42.9999997019768,24.0000002533196,-55.0000000447113));
#4381=CARTESIAN_POINT('',(-42.9999997019768,24.0000002533196,-55.0000000447113));
#4382=CARTESIAN_POINT('Origin',(-42.9999997019768,20.0000002533196,-55.0000000447113));
#4383=CARTESIAN_POINT('',(-42.9999997019768,20.0000002533196,-55.0000000447113));
#4384=CARTESIAN_POINT('',(-42.9999997019768,20.0000002533196,-55.0000000447113));
#4385=CARTESIAN_POINT('',(-42.9999997019768,10.0000002533196,-55.0000000447113));
#4386=CARTESIAN_POINT('Origin',(-42.9999997019768,20.0000002533196,-52.0000000447035));
#4387=CARTESIAN_POINT('',(-42.9999997019768,20.0029903540594,-49.0000015348131));
#4388=CARTESIAN_POINT('',(-42.9999997019768,20.0029903540594,-49.0000015348131));
#4389=CARTESIAN_POINT('Origin',(-42.9999997019768,20.0000002533196,-52.0000000447035));
#4390=CARTESIAN_POINT('Origin',(-42.9999997019768,24.0000002533196,-49.0000015348134));
#4391=CARTESIAN_POINT('',(-42.9999997019768,24.0000002533196,-49.0000015348134));
#4392=CARTESIAN_POINT('',(-42.9999997019768,24.0000002533196,-49.0000015348134));
#4393=CARTESIAN_POINT('',(-42.9999997019768,12.0000002533197,-49.0000015348134));
#4394=CARTESIAN_POINT('Origin',(-42.9999997019768,24.0000002533197,38.9999999552965));
#4395=CARTESIAN_POINT('',(-42.9999997019768,24.0000002533197,38.9999999552965));
#4396=CARTESIAN_POINT('',(-42.9999997019768,24.0000002533197,16.9999999552965));
#4397=CARTESIAN_POINT('',(-1.99999970197682,24.0000002533197,44.9999999552965));
#4398=CARTESIAN_POINT('',(-1.99999970197683,24.0000002533197,19.9999999552965));
#4399=CARTESIAN_POINT('',(-42.9999997019768,24.0000002533197,44.9999999552965));
#4400=CARTESIAN_POINT('',(-42.9999997019768,24.0000002533197,38.9999999552965));
#4401=CARTESIAN_POINT('Origin',(-42.9999997019768,20.0000002533197,38.9999999552965));
#4402=CARTESIAN_POINT('',(-42.9999997019768,20.0000002533197,38.9999999552965));
#4403=CARTESIAN_POINT('',(-42.9999997019768,20.0000002533197,38.9999999552965));
#4404=CARTESIAN_POINT('',(-42.9999997019768,10.0000002533196,38.9999999552965));
#4405=CARTESIAN_POINT('Origin',(-42.9999997019768,20.0000002533197,41.9999999552965));
#4406=CARTESIAN_POINT('',(-42.9999997019768,20.0000002533197,44.9999999552965));
#4407=CARTESIAN_POINT('',(-42.9999997019768,20.0000002533197,44.9999999552965));
#4408=CARTESIAN_POINT('Origin',(-42.9999997019768,20.0000002533197,41.9999999552965));
#4409=CARTESIAN_POINT('Origin',(-42.9999997019768,24.0000002533197,44.9999999552965));
#4410=CARTESIAN_POINT('',(-42.9999997019768,24.0000002533197,44.9999999552965));
#4411=CARTESIAN_POINT('',(-42.9999997019768,24.0000002533197,44.9999999552965));
#4412=CARTESIAN_POINT('',(-42.9999997019768,12.0000002533197,44.9999999552965));
#4413=CARTESIAN_POINT('Origin',(-42.9999997019768,2.53319658582996E-7,44.9999999552965));
#4414=CARTESIAN_POINT('Origin',(-42.9999997019768,2.53319658582996E-7,44.9999999552965));
#4415=CARTESIAN_POINT('Origin',(-1.99999970197682,2.5331966746478E-7,44.9999999552965));
#4416=CARTESIAN_POINT('Origin',(-42.9999997019768,-23.9999997466803,38.9999998658895));
#4417=CARTESIAN_POINT('',(-42.9999997019768,-11.9999997466803,38.9999998658895));
#4418=CARTESIAN_POINT('Origin',(-1.99999970197683,2.53319649701211E-7,-5.0000000447035));
#4419=CARTESIAN_POINT('',(-1.99999970197683,-24.9999997466804,-55.0000000447035));
#4420=CARTESIAN_POINT('',(-1.99999970197682,-24.9999997466803,44.9999999552965));
#4421=CARTESIAN_POINT('Origin',(-1.99999970197682,2.53319631937643E-7,-55.0000000447035));
#4422=CARTESIAN_POINT('Origin',(-44.9999997019768,-24.9999997466803,44.9999999552965));
#4423=CARTESIAN_POINT('',(-44.9999997019768,-24.9999997466804,-55.0000000447035));
#4424=CARTESIAN_POINT('Origin',(-44.9999997019768,2.53319631937643E-7,-55.0000000447035));
#4425=CARTESIAN_POINT('Origin',(-42.9999997019768,2.53319640819427E-7,-5.0000000447035));
#4426=CARTESIAN_POINT('',(0.,0.,0.));
#4427=CARTESIAN_POINT('',(4.4703494239684E-8,-2.98023170586248E-7,45.));
#4428=UNCERTAINTY_MEASURE_WITH_UNIT(LENGTH_MEASURE(0.01),#4436,
'DISTANCE_ACCURACY_VALUE',
'Maximum model space distance between geometric entities at asserted c
onnectivities');
#4429=UNCERTAINTY_MEASURE_WITH_UNIT(LENGTH_MEASURE(0.01),#4436,
'DISTANCE_ACCURACY_VALUE',
'Maximum model space distance between geometric entities at asserted c
onnectivities');
#4430=UNCERTAINTY_MEASURE_WITH_UNIT(LENGTH_MEASURE(0.01),#4436,
'DISTANCE_ACCURACY_VALUE',
'Maximum model space distance between geometric entities at asserted c
onnectivities');
#4431=UNCERTAINTY_MEASURE_WITH_UNIT(LENGTH_MEASURE(0.01),#4436,
'DISTANCE_ACCURACY_VALUE',
'Maximum model space distance between geometric entities at asserted c
onnectivities');
#4432=(
GEOMETRIC_REPRESENTATION_CONTEXT(3)
GLOBAL_UNCERTAINTY_ASSIGNED_CONTEXT((#4428))
GLOBAL_UNIT_ASSIGNED_CONTEXT((#4436,#4438,#4439))
REPRESENTATION_CONTEXT('','3D')
);
#4433=(
GEOMETRIC_REPRESENTATION_CONTEXT(3)
GLOBAL_UNCERTAINTY_ASSIGNED_CONTEXT((#4429))
GLOBAL_UNIT_ASSIGNED_CONTEXT((#4436,#4438,#4439))
REPRESENTATION_CONTEXT('','3D')
);
#4434=(
GEOMETRIC_REPRESENTATION_CONTEXT(3)
GLOBAL_UNCERTAINTY_ASSIGNED_CONTEXT((#4430))
GLOBAL_UNIT_ASSIGNED_CONTEXT((#4436,#4438,#4439))
REPRESENTATION_CONTEXT('','3D')
);
#4435=(
GEOMETRIC_REPRESENTATION_CONTEXT(3)
GLOBAL_UNCERTAINTY_ASSIGNED_CONTEXT((#4431))
GLOBAL_UNIT_ASSIGNED_CONTEXT((#4436,#4438,#4439))
REPRESENTATION_CONTEXT('','3D')
);
#4436=(
LENGTH_UNIT()
NAMED_UNIT(*)
SI_UNIT(.MILLI.,.METRE.)
);
#4437=(
LENGTH_UNIT()
NAMED_UNIT(*)
SI_UNIT($,.METRE.)
);
#4438=(
NAMED_UNIT(*)
PLANE_ANGLE_UNIT()
SI_UNIT($,.RADIAN.)
);
#4439=(
NAMED_UNIT(*)
SI_UNIT($,.STERADIAN.)
SOLID_ANGLE_UNIT()
);
#4440=SHAPE_DEFINITION_REPRESENTATION(#4443,#4448);
#4441=SHAPE_DEFINITION_REPRESENTATION(#4444,#4449);
#4442=SHAPE_DEFINITION_REPRESENTATION(#4445,#4450);
#4443=PRODUCT_DEFINITION_SHAPE('',$,#4452);
#4444=PRODUCT_DEFINITION_SHAPE('',$,#4453);
#4445=PRODUCT_DEFINITION_SHAPE('',$,#4454);
#4446=PRODUCT_DEFINITION_SHAPE($,$,#17);
#4447=PRODUCT_DEFINITION_SHAPE($,$,#18);
#4448=SHAPE_REPRESENTATION('',(#2628,#2896,#2897),#4432);
#4449=SHAPE_REPRESENTATION('',(#2629),#4433);
#4450=SHAPE_REPRESENTATION('',(#2820),#4434);
#4451=PRODUCT_DEFINITION_CONTEXT('part definition',#4462,'design');
#4452=PRODUCT_DEFINITION('(\X2\C800C7A5B418C9C0\X0\ \X2\C54AC74C\X0\)',
'(\X2\C800C7A5B418C9C0\X0\ \X2\C54AC74C\X0\)',#4455,#4451);
#4453=PRODUCT_DEFINITION('TRARM02_Link2A_100x50x2 v1',
'TRARM02_Link2A_100x50x2 v1',#4456,#4451);
#4454=PRODUCT_DEFINITION('TRARM02_Link2B_100x50x43 v1',
'TRARM02_Link2B_100x50x43 v1',#4457,#4451);
#4455=PRODUCT_DEFINITION_FORMATION('',$,#4464);
#4456=PRODUCT_DEFINITION_FORMATION('',$,#4465);
#4457=PRODUCT_DEFINITION_FORMATION('',$,#4466);
#4458=PRODUCT_RELATED_PRODUCT_CATEGORY('(\X2\C800C7A5B418C9C0\X0\ \X2\C54AC74C\X0\)',
'(\X2\C800C7A5B418C9C0\X0\ \X2\C54AC74C\X0\)',(#4464));
#4459=PRODUCT_RELATED_PRODUCT_CATEGORY('TRARM02_Link2A_100x50x2 v1',
'TRARM02_Link2A_100x50x2 v1',(#4465));
#4460=PRODUCT_RELATED_PRODUCT_CATEGORY('TRARM02_Link2B_100x50x43 v1',
'TRARM02_Link2B_100x50x43 v1',(#4466));
#4461=APPLICATION_PROTOCOL_DEFINITION('international standard',
'automotive_design',2009,#4462);
#4462=APPLICATION_CONTEXT(
'Core Data for Automotive Mechanical Design Process');
#4463=PRODUCT_CONTEXT('part definition',#4462,'mechanical');
#4464=PRODUCT('(\X2\C800C7A5B418C9C0\X0\ \X2\C54AC74C\X0\)',
'(\X2\C800C7A5B418C9C0\X0\ \X2\C54AC74C\X0\)',$,(#4463));
#4465=PRODUCT('TRARM02_Link2A_100x50x2 v1','TRARM02_Link2A_100x50x2 v1',
$,(#4463));
#4466=PRODUCT('TRARM02_Link2B_100x50x43 v1',
'TRARM02_Link2B_100x50x43 v1',$,(#4463));
#4467=PRESENTATION_STYLE_ASSIGNMENT((#4468));
#4468=SURFACE_STYLE_USAGE(.BOTH.,#4469);
#4469=SURFACE_SIDE_STYLE('',(#4470));
#4470=SURFACE_STYLE_FILL_AREA(#4471);
#4471=FILL_AREA_STYLE('\X2\AC15CCA0\X0\ - \X2\C0C8D2F4\X0\',(#4472));
#4472=FILL_AREA_STYLE_COLOUR('\X2\AC15CCA0\X0\ - \X2\C0C8D2F4\X0\',#4473);
#4473=COLOUR_RGB('\X2\AC15CCA0\X0\ - \X2\C0C8D2F4\X0\',0.627450980392157,
0.627450980392157,0.627450980392157);
ENDSEC;
END-ISO-10303-21;
