ISO-10303-21;
HEADER;
/* Generated by software containing ST-Developer
 * from STEP Tools, Inc. (www.steptools.com) 
 */

FILE_DESCRIPTION(
/* description */ (''),
/* implementation_level */ '2;1');

FILE_NAME(
/* name */ 'TRARM02_Link4.step',
/* time_stamp */ '2026-06-11T09:08:31+09:00',
/* author */ (''),
/* organization */ (''),
/* preprocessor_version */ 'ST-DEVELOPER v20.1',
/* originating_system */ 'Autodesk Translation Framework v15.8.0.0',
/* authorisation */ '');

FILE_SCHEMA (('AUTOMOTIVE_DESIGN { 1 0 10303 214 3 1 1 }'));
ENDSEC;

DATA;
#10=MECHANICAL_DESIGN_GEOMETRIC_PRESENTATION_REPRESENTATION('',(#28,#29),
#2072);
#11=ITEM_DEFINED_TRANSFORMATION($,$,#1208,#1318);
#12=ITEM_DEFINED_TRANSFORMATION($,$,#1267,#1319);
#13=(
REPRESENTATION_RELATIONSHIP($,$,#2086,#2085)
REPRESENTATION_RELATIONSHIP_WITH_TRANSFORMATION(#11)
SHAPE_REPRESENTATION_RELATIONSHIP()
);
#14=(
REPRESENTATION_RELATIONSHIP($,$,#2087,#2085)
REPRESENTATION_RELATIONSHIP_WITH_TRANSFORMATION(#12)
SHAPE_REPRESENTATION_RELATIONSHIP()
);
#15=CONTEXT_DEPENDENT_SHAPE_REPRESENTATION(#13,#2083);
#16=CONTEXT_DEPENDENT_SHAPE_REPRESENTATION(#14,#2084);
#17=NEXT_ASSEMBLY_USAGE_OCCURRENCE('TRARM02_Link4A_30x40x2 v1:1',
'TRARM02_Link4A_30x40x2 v1:1','TRARM02_Link4A_30x40x2 v1:1',#2089,#2090,
'TRARM02_Link4A_30x40x2 v1:1');
#18=NEXT_ASSEMBLY_USAGE_OCCURRENCE('TRARM02_Link4B_30x40x28 v1:1',
'TRARM02_Link4B_30x40x28 v1:1','TRARM02_Link4B_30x40x28 v1:1',#2089,#2091,
'TRARM02_Link4B_30x40x28 v1:1');
#19=TOROIDAL_SURFACE('',#1278,18.,2.);
#20=B_SPLINE_CURVE_WITH_KNOTS('',3,(#1865,#1866,#1867,#1868,#1869,#1870,
#1871,#1872,#1873,#1874,#1875,#1876,#1877,#1878,#1879,#1880,#1881,#1882),
 .UNSPECIFIED.,.F.,.F.,(4,2,2,2,2,2,2,2,4),(0.,0.189324276505446,0.378648553010891,
0.567940114551838,0.757231676092786,0.946523237633733,1.13581479917468,
1.32513907568013,1.51446335218557),.UNSPECIFIED.);
#21=B_SPLINE_CURVE_WITH_KNOTS('',3,(#1883,#1884,#1885,#1886,#1887,#1888,
#1889,#1890,#1891,#1892,#1893,#1894,#1895,#1896,#1897,#1898,#1899,#1900),
 .UNSPECIFIED.,.F.,.F.,(4,2,2,2,2,2,2,2,4),(1.51446335218557,1.70378762869102,
1.89311190519646,2.08240346673741,2.27169502827836,2.46098658981931,2.65027815136025,
2.8396024278657,3.02892670437114),.UNSPECIFIED.);
#22=B_SPLINE_CURVE_WITH_KNOTS('',3,(#1904,#1905,#1906,#1907,#1908,#1909,
#1910,#1911,#1912,#1913,#1914,#1915,#1916,#1917,#1918,#1919,#1920,#1921),
 .UNSPECIFIED.,.F.,.F.,(4,2,2,2,2,2,2,2,4),(0.,0.189224116017587,0.378448232035173,
0.567645891150028,0.756843550264884,0.946041209379739,1.13523886849459,
1.32446298451218,1.51368710052977),.UNSPECIFIED.);
#23=B_SPLINE_CURVE_WITH_KNOTS('',3,(#1922,#1923,#1924,#1925,#1926,#1927,
#1928,#1929,#1930,#1931,#1932,#1933,#1934,#1935,#1936,#1937,#1938,#1939),
 .UNSPECIFIED.,.F.,.F.,(4,2,2,2,2,2,2,2,4),(1.51368710052977,1.70291121654735,
1.89213533256494,2.0813329916798,2.27053065079465,2.45972830990951,2.64892596902436,
2.83815008504195,3.02737420105953),.UNSPECIFIED.);
#24=SHAPE_REPRESENTATION_RELATIONSHIP('SRR','None',#2086,#26);
#25=SHAPE_REPRESENTATION_RELATIONSHIP('SRR','None',#2087,#27);
#26=ADVANCED_BREP_SHAPE_REPRESENTATION('',(#30),#2070);
#27=ADVANCED_BREP_SHAPE_REPRESENTATION('',(#31),#2071);
#28=STYLED_ITEM('',(#2104),#30);
#29=STYLED_ITEM('',(#2104),#31);
#30=MANIFOLD_SOLID_BREP('\X2\BCF8CCB4\X0\1',#1182);
#31=MANIFOLD_SOLID_BREP('\X2\BCF8CCB4\X0\1',#1183);
#32=(
BOUNDED_CURVE()
B_SPLINE_CURVE(2,(#1803,#1804,#1805),.UNSPECIFIED.,.F.,.F.)
B_SPLINE_CURVE_WITH_KNOTS((3,3),(0.,0.203960780543714),.UNSPECIFIED.)
CURVE()
GEOMETRIC_REPRESENTATION_ITEM()
RATIONAL_B_SPLINE_CURVE((1.,1.08333333333335,1.))
REPRESENTATION_ITEM('')
);
#33=(
BOUNDED_CURVE()
B_SPLINE_CURVE(2,(#1820,#1821,#1822),.UNSPECIFIED.,.F.,.F.)
B_SPLINE_CURVE_WITH_KNOTS((3,3),(0.,0.20396078054371),.UNSPECIFIED.)
CURVE()
GEOMETRIC_REPRESENTATION_ITEM()
RATIONAL_B_SPLINE_CURVE((1.,1.08333333333335,1.))
REPRESENTATION_ITEM('')
);
#34=CYLINDRICAL_SURFACE('',#1219,1.5);
#35=CYLINDRICAL_SURFACE('',#1223,1.5);
#36=CYLINDRICAL_SURFACE('',#1225,18.);
#37=CYLINDRICAL_SURFACE('',#1229,3.00000000000585);
#38=CYLINDRICAL_SURFACE('',#1237,2.99999999999999);
#39=CYLINDRICAL_SURFACE('',#1244,19.);
#40=CYLINDRICAL_SURFACE('',#1253,1.1);
#41=CYLINDRICAL_SURFACE('',#1258,1.1);
#42=CYLINDRICAL_SURFACE('',#1265,20.);
#43=CYLINDRICAL_SURFACE('',#1268,1.5);
#44=CYLINDRICAL_SURFACE('',#1271,1.5);
#45=CYLINDRICAL_SURFACE('',#1274,5.);
#46=CYLINDRICAL_SURFACE('',#1275,2.);
#47=CYLINDRICAL_SURFACE('',#1282,2.);
#48=CYLINDRICAL_SURFACE('',#1285,20.);
#49=CYLINDRICAL_SURFACE('',#1288,1.45);
#50=CYLINDRICAL_SURFACE('',#1292,1.45);
#51=CYLINDRICAL_SURFACE('',#1303,2.99999734905215);
#52=CYLINDRICAL_SURFACE('',#1306,19.);
#53=CYLINDRICAL_SURFACE('',#1313,2.99999997019772);
#54=FACE_BOUND('',#176,.T.);
#55=FACE_BOUND('',#177,.T.);
#56=FACE_BOUND('',#178,.T.);
#57=FACE_BOUND('',#197,.T.);
#58=FACE_BOUND('',#198,.T.);
#59=FACE_BOUND('',#199,.T.);
#60=FACE_BOUND('',#201,.T.);
#61=FACE_BOUND('',#215,.T.);
#62=FACE_BOUND('',#216,.T.);
#63=FACE_BOUND('',#217,.T.);
#64=FACE_BOUND('',#226,.T.);
#65=FACE_BOUND('',#233,.T.);
#66=FACE_BOUND('',#235,.T.);
#67=FACE_BOUND('',#237,.T.);
#68=FACE_BOUND('',#242,.T.);
#69=FACE_BOUND('',#246,.T.);
#70=FACE_BOUND('',#247,.T.);
#71=FACE_BOUND('',#252,.T.);
#72=FACE_BOUND('',#253,.T.);
#73=PLANE('',#1212);
#74=PLANE('',#1228);
#75=PLANE('',#1232);
#76=PLANE('',#1233);
#77=PLANE('',#1234);
#78=PLANE('',#1235);
#79=PLANE('',#1236);
#80=PLANE('',#1240);
#81=PLANE('',#1241);
#82=PLANE('',#1242);
#83=PLANE('',#1243);
#84=PLANE('',#1247);
#85=PLANE('',#1248);
#86=PLANE('',#1252);
#87=PLANE('',#1257);
#88=PLANE('',#1260);
#89=PLANE('',#1261);
#90=PLANE('',#1262);
#91=PLANE('',#1263);
#92=PLANE('',#1264);
#93=PLANE('',#1266);
#94=PLANE('',#1284);
#95=PLANE('',#1287);
#96=PLANE('',#1291);
#97=PLANE('',#1295);
#98=PLANE('',#1296);
#99=PLANE('',#1298);
#100=PLANE('',#1300);
#101=PLANE('',#1302);
#102=PLANE('',#1305);
#103=PLANE('',#1308);
#104=PLANE('',#1309);
#105=PLANE('',#1310);
#106=PLANE('',#1311);
#107=PLANE('',#1312);
#108=PLANE('',#1315);
#109=PLANE('',#1316);
#110=PLANE('',#1317);
#111=FACE_OUTER_BOUND('',#174,.T.);
#112=FACE_OUTER_BOUND('',#175,.T.);
#113=FACE_OUTER_BOUND('',#179,.T.);
#114=FACE_OUTER_BOUND('',#180,.T.);
#115=FACE_OUTER_BOUND('',#181,.T.);
#116=FACE_OUTER_BOUND('',#182,.T.);
#117=FACE_OUTER_BOUND('',#183,.T.);
#118=FACE_OUTER_BOUND('',#184,.T.);
#119=FACE_OUTER_BOUND('',#185,.T.);
#120=FACE_OUTER_BOUND('',#186,.T.);
#121=FACE_OUTER_BOUND('',#187,.T.);
#122=FACE_OUTER_BOUND('',#188,.T.);
#123=FACE_OUTER_BOUND('',#189,.T.);
#124=FACE_OUTER_BOUND('',#190,.T.);
#125=FACE_OUTER_BOUND('',#191,.T.);
#126=FACE_OUTER_BOUND('',#192,.T.);
#127=FACE_OUTER_BOUND('',#193,.T.);
#128=FACE_OUTER_BOUND('',#194,.T.);
#129=FACE_OUTER_BOUND('',#195,.T.);
#130=FACE_OUTER_BOUND('',#196,.T.);
#131=FACE_OUTER_BOUND('',#200,.T.);
#132=FACE_OUTER_BOUND('',#202,.T.);
#133=FACE_OUTER_BOUND('',#203,.T.);
#134=FACE_OUTER_BOUND('',#204,.T.);
#135=FACE_OUTER_BOUND('',#205,.T.);
#136=FACE_OUTER_BOUND('',#206,.T.);
#137=FACE_OUTER_BOUND('',#207,.T.);
#138=FACE_OUTER_BOUND('',#208,.T.);
#139=FACE_OUTER_BOUND('',#209,.T.);
#140=FACE_OUTER_BOUND('',#210,.T.);
#141=FACE_OUTER_BOUND('',#211,.T.);
#142=FACE_OUTER_BOUND('',#212,.T.);
#143=FACE_OUTER_BOUND('',#213,.T.);
#144=FACE_OUTER_BOUND('',#214,.T.);
#145=FACE_OUTER_BOUND('',#218,.T.);
#146=FACE_OUTER_BOUND('',#219,.T.);
#147=FACE_OUTER_BOUND('',#220,.T.);
#148=FACE_OUTER_BOUND('',#221,.T.);
#149=FACE_OUTER_BOUND('',#222,.T.);
#150=FACE_OUTER_BOUND('',#223,.T.);
#151=FACE_OUTER_BOUND('',#224,.T.);
#152=FACE_OUTER_BOUND('',#225,.T.);
#153=FACE_OUTER_BOUND('',#227,.T.);
#154=FACE_OUTER_BOUND('',#228,.T.);
#155=FACE_OUTER_BOUND('',#229,.T.);
#156=FACE_OUTER_BOUND('',#230,.T.);
#157=FACE_OUTER_BOUND('',#231,.T.);
#158=FACE_OUTER_BOUND('',#232,.T.);
#159=FACE_OUTER_BOUND('',#234,.T.);
#160=FACE_OUTER_BOUND('',#236,.T.);
#161=FACE_OUTER_BOUND('',#238,.T.);
#162=FACE_OUTER_BOUND('',#239,.T.);
#163=FACE_OUTER_BOUND('',#240,.T.);
#164=FACE_OUTER_BOUND('',#241,.T.);
#165=FACE_OUTER_BOUND('',#243,.T.);
#166=FACE_OUTER_BOUND('',#244,.T.);
#167=FACE_OUTER_BOUND('',#245,.T.);
#168=FACE_OUTER_BOUND('',#248,.T.);
#169=FACE_OUTER_BOUND('',#249,.T.);
#170=FACE_OUTER_BOUND('',#250,.T.);
#171=FACE_OUTER_BOUND('',#251,.T.);
#172=FACE_OUTER_BOUND('',#254,.T.);
#173=FACE_OUTER_BOUND('',#255,.T.);
#174=EDGE_LOOP('',(#791,#792,#793,#794));
#175=EDGE_LOOP('',(#795,#796,#797,#798));
#176=EDGE_LOOP('',(#799));
#177=EDGE_LOOP('',(#800,#801,#802,#803,#804,#805,#806,#807,#808,#809));
#178=EDGE_LOOP('',(#810));
#179=EDGE_LOOP('',(#811,#812,#813,#814));
#180=EDGE_LOOP('',(#815,#816,#817,#818));
#181=EDGE_LOOP('',(#819,#820,#821,#822));
#182=EDGE_LOOP('',(#823,#824,#825,#826));
#183=EDGE_LOOP('',(#827,#828,#829,#830));
#184=EDGE_LOOP('',(#831,#832,#833,#834));
#185=EDGE_LOOP('',(#835,#836,#837,#838));
#186=EDGE_LOOP('',(#839,#840,#841,#842));
#187=EDGE_LOOP('',(#843,#844,#845,#846));
#188=EDGE_LOOP('',(#847,#848,#849,#850));
#189=EDGE_LOOP('',(#851,#852,#853,#854));
#190=EDGE_LOOP('',(#855,#856,#857,#858));
#191=EDGE_LOOP('',(#859,#860,#861,#862));
#192=EDGE_LOOP('',(#863,#864,#865,#866));
#193=EDGE_LOOP('',(#867,#868,#869,#870));
#194=EDGE_LOOP('',(#871,#872,#873,#874));
#195=EDGE_LOOP('',(#875,#876,#877,#878));
#196=EDGE_LOOP('',(#879,#880,#881,#882));
#197=EDGE_LOOP('',(#883));
#198=EDGE_LOOP('',(#884));
#199=EDGE_LOOP('',(#885,#886,#887,#888,#889,#890,#891,#892,#893,#894));
#200=EDGE_LOOP('',(#895,#896,#897,#898));
#201=EDGE_LOOP('',(#899,#900,#901,#902));
#202=EDGE_LOOP('',(#903,#904,#905,#906,#907,#908));
#203=EDGE_LOOP('',(#909,#910,#911,#912,#913,#914));
#204=EDGE_LOOP('',(#915,#916,#917,#918));
#205=EDGE_LOOP('',(#919,#920,#921,#922,#923,#924));
#206=EDGE_LOOP('',(#925,#926,#927,#928,#929,#930));
#207=EDGE_LOOP('',(#931,#932,#933,#934));
#208=EDGE_LOOP('',(#935,#936,#937,#938));
#209=EDGE_LOOP('',(#939,#940,#941,#942));
#210=EDGE_LOOP('',(#943,#944,#945,#946));
#211=EDGE_LOOP('',(#947,#948,#949,#950));
#212=EDGE_LOOP('',(#951,#952,#953,#954));
#213=EDGE_LOOP('',(#955,#956,#957,#958));
#214=EDGE_LOOP('',(#959,#960,#961,#962,#963,#964,#965,#966,#967,#968));
#215=EDGE_LOOP('',(#969,#970,#971,#972));
#216=EDGE_LOOP('',(#973));
#217=EDGE_LOOP('',(#974));
#218=EDGE_LOOP('',(#975,#976,#977,#978));
#219=EDGE_LOOP('',(#979,#980,#981,#982));
#220=EDGE_LOOP('',(#983,#984,#985,#986,#987,#988));
#221=EDGE_LOOP('',(#989,#990,#991,#992));
#222=EDGE_LOOP('',(#993,#994,#995,#996));
#223=EDGE_LOOP('',(#997,#998,#999,#1000));
#224=EDGE_LOOP('',(#1001,#1002,#1003,#1004));
#225=EDGE_LOOP('',(#1005,#1006,#1007,#1008));
#226=EDGE_LOOP('',(#1009,#1010));
#227=EDGE_LOOP('',(#1011,#1012,#1013,#1014));
#228=EDGE_LOOP('',(#1015,#1016,#1017,#1018));
#229=EDGE_LOOP('',(#1019));
#230=EDGE_LOOP('',(#1020,#1021,#1022,#1023));
#231=EDGE_LOOP('',(#1024));
#232=EDGE_LOOP('',(#1025,#1026,#1027,#1028));
#233=EDGE_LOOP('',(#1029));
#234=EDGE_LOOP('',(#1030,#1031,#1032,#1033));
#235=EDGE_LOOP('',(#1034));
#236=EDGE_LOOP('',(#1035,#1036,#1037,#1038));
#237=EDGE_LOOP('',(#1039,#1040,#1041,#1042));
#238=EDGE_LOOP('',(#1043,#1044,#1045,#1046));
#239=EDGE_LOOP('',(#1047,#1048,#1049,#1050));
#240=EDGE_LOOP('',(#1051,#1052,#1053,#1054));
#241=EDGE_LOOP('',(#1055,#1056,#1057,#1058,#1059,#1060));
#242=EDGE_LOOP('',(#1061,#1062));
#243=EDGE_LOOP('',(#1063,#1064,#1065,#1066));
#244=EDGE_LOOP('',(#1067,#1068,#1069,#1070,#1071,#1072));
#245=EDGE_LOOP('',(#1073,#1074,#1075,#1076));
#246=EDGE_LOOP('',(#1077));
#247=EDGE_LOOP('',(#1078));
#248=EDGE_LOOP('',(#1079,#1080,#1081,#1082,#1083,#1084));
#249=EDGE_LOOP('',(#1085,#1086,#1087,#1088));
#250=EDGE_LOOP('',(#1089,#1090,#1091,#1092));
#251=EDGE_LOOP('',(#1093,#1094,#1095,#1096,#1097,#1098));
#252=EDGE_LOOP('',(#1099));
#253=EDGE_LOOP('',(#1100));
#254=EDGE_LOOP('',(#1101,#1102,#1103,#1104,#1105,#1106,#1107,#1108,#1109,
#1110));
#255=EDGE_LOOP('',(#1111,#1112,#1113,#1114));
#256=LINE('',#1663,#367);
#257=LINE('',#1670,#368);
#258=LINE('',#1672,#369);
#259=LINE('',#1673,#370);
#260=LINE('',#1680,#371);
#261=LINE('',#1682,#372);
#262=LINE('',#1684,#373);
#263=LINE('',#1690,#374);
#264=LINE('',#1692,#375);
#265=LINE('',#1694,#376);
#266=LINE('',#1699,#377);
#267=LINE('',#1702,#378);
#268=LINE('',#1707,#379);
#269=LINE('',#1713,#380);
#270=LINE('',#1716,#381);
#271=LINE('',#1719,#382);
#272=LINE('',#1721,#383);
#273=LINE('',#1722,#384);
#274=LINE('',#1728,#385);
#275=LINE('',#1731,#386);
#276=LINE('',#1733,#387);
#277=LINE('',#1734,#388);
#278=LINE('',#1737,#389);
#279=LINE('',#1739,#390);
#280=LINE('',#1740,#391);
#281=LINE('',#1743,#392);
#282=LINE('',#1745,#393);
#283=LINE('',#1746,#394);
#284=LINE('',#1749,#395);
#285=LINE('',#1751,#396);
#286=LINE('',#1752,#397);
#287=LINE('',#1755,#398);
#288=LINE('',#1757,#399);
#289=LINE('',#1758,#400);
#290=LINE('',#1764,#401);
#291=LINE('',#1766,#402);
#292=LINE('',#1767,#403);
#293=LINE('',#1771,#404);
#294=LINE('',#1773,#405);
#295=LINE('',#1775,#406);
#296=LINE('',#1776,#407);
#297=LINE('',#1779,#408);
#298=LINE('',#1781,#409);
#299=LINE('',#1782,#410);
#300=LINE('',#1785,#411);
#301=LINE('',#1787,#412);
#302=LINE('',#1788,#413);
#303=LINE('',#1798,#414);
#304=LINE('',#1800,#415);
#305=LINE('',#1801,#416);
#306=LINE('',#1807,#417);
#307=LINE('',#1811,#418);
#308=LINE('',#1813,#419);
#309=LINE('',#1814,#420);
#310=LINE('',#1818,#421);
#311=LINE('',#1824,#422);
#312=LINE('',#1828,#423);
#313=LINE('',#1830,#424);
#314=LINE('',#1831,#425);
#315=LINE('',#1835,#426);
#316=LINE('',#1837,#427);
#317=LINE('',#1839,#428);
#318=LINE('',#1841,#429);
#319=LINE('',#1842,#430);
#320=LINE('',#1844,#431);
#321=LINE('',#1846,#432);
#322=LINE('',#1854,#433);
#323=LINE('',#1860,#434);
#324=LINE('',#1902,#435);
#325=LINE('',#1945,#436);
#326=LINE('',#1948,#437);
#327=LINE('',#1959,#438);
#328=LINE('',#1960,#439);
#329=LINE('',#1963,#440);
#330=LINE('',#1965,#441);
#331=LINE('',#1966,#442);
#332=LINE('',#1969,#443);
#333=LINE('',#1973,#444);
#334=LINE('',#1974,#445);
#335=LINE('',#1979,#446);
#336=LINE('',#1986,#447);
#337=LINE('',#1992,#448);
#338=LINE('',#1994,#449);
#339=LINE('',#1997,#450);
#340=LINE('',#2003,#451);
#341=LINE('',#2005,#452);
#342=LINE('',#2006,#453);
#343=LINE('',#2008,#454);
#344=LINE('',#2011,#455);
#345=LINE('',#2013,#456);
#346=LINE('',#2015,#457);
#347=LINE('',#2019,#458);
#348=LINE('',#2021,#459);
#349=LINE('',#2022,#460);
#350=LINE('',#2025,#461);
#351=LINE('',#2029,#462);
#352=LINE('',#2031,#463);
#353=LINE('',#2032,#464);
#354=LINE('',#2035,#465);
#355=LINE('',#2036,#466);
#356=LINE('',#2039,#467);
#357=LINE('',#2040,#468);
#358=LINE('',#2043,#469);
#359=LINE('',#2044,#470);
#360=LINE('',#2047,#471);
#361=LINE('',#2048,#472);
#362=LINE('',#2051,#473);
#363=LINE('',#2052,#474);
#364=LINE('',#2055,#475);
#365=LINE('',#2056,#476);
#366=LINE('',#2060,#477);
#367=VECTOR('',#1328,2.5);
#368=VECTOR('',#1335,10.);
#369=VECTOR('',#1336,10.);
#370=VECTOR('',#1337,10.);
#371=VECTOR('',#1342,10.);
#372=VECTOR('',#1343,10.);
#373=VECTOR('',#1344,10.);
#374=VECTOR('',#1349,10.);
#375=VECTOR('',#1350,10.);
#376=VECTOR('',#1351,10.);
#377=VECTOR('',#1358,1.5);
#378=VECTOR('',#1361,2.5);
#379=VECTOR('',#1368,1.5);
#380=VECTOR('',#1373,10.);
#381=VECTOR('',#1376,10.);
#382=VECTOR('',#1379,10.);
#383=VECTOR('',#1380,10.);
#384=VECTOR('',#1381,10.);
#385=VECTOR('',#1388,10.);
#386=VECTOR('',#1391,10.);
#387=VECTOR('',#1392,10.);
#388=VECTOR('',#1393,10.);
#389=VECTOR('',#1396,10.);
#390=VECTOR('',#1397,10.);
#391=VECTOR('',#1398,10.);
#392=VECTOR('',#1401,10.);
#393=VECTOR('',#1402,10.);
#394=VECTOR('',#1403,10.);
#395=VECTOR('',#1406,10.);
#396=VECTOR('',#1407,10.);
#397=VECTOR('',#1408,10.);
#398=VECTOR('',#1411,10.);
#399=VECTOR('',#1412,10.);
#400=VECTOR('',#1413,10.);
#401=VECTOR('',#1420,10.);
#402=VECTOR('',#1423,10.);
#403=VECTOR('',#1424,10.);
#404=VECTOR('',#1427,10.);
#405=VECTOR('',#1428,10.);
#406=VECTOR('',#1429,10.);
#407=VECTOR('',#1430,10.);
#408=VECTOR('',#1433,10.);
#409=VECTOR('',#1434,10.);
#410=VECTOR('',#1435,10.);
#411=VECTOR('',#1438,10.);
#412=VECTOR('',#1439,10.);
#413=VECTOR('',#1440,10.);
#414=VECTOR('',#1453,10.);
#415=VECTOR('',#1454,10.);
#416=VECTOR('',#1455,10.);
#417=VECTOR('',#1458,1.85);
#418=VECTOR('',#1463,10.);
#419=VECTOR('',#1464,10.);
#420=VECTOR('',#1465,10.);
#421=VECTOR('',#1470,1.1);
#422=VECTOR('',#1473,1.85);
#423=VECTOR('',#1478,10.);
#424=VECTOR('',#1479,10.);
#425=VECTOR('',#1480,10.);
#426=VECTOR('',#1485,1.1);
#427=VECTOR('',#1488,10.);
#428=VECTOR('',#1491,10.);
#429=VECTOR('',#1494,10.);
#430=VECTOR('',#1495,10.);
#431=VECTOR('',#1498,10.);
#432=VECTOR('',#1501,10.);
#433=VECTOR('',#1512,1.5);
#434=VECTOR('',#1519,1.5);
#435=VECTOR('',#1524,5.);
#436=VECTOR('',#1529,10.);
#437=VECTOR('',#1532,10.);
#438=VECTOR('',#1545,10.);
#439=VECTOR('',#1546,10.);
#440=VECTOR('',#1549,10.);
#441=VECTOR('',#1550,10.);
#442=VECTOR('',#1551,10.);
#443=VECTOR('',#1554,10.);
#444=VECTOR('',#1559,10.);
#445=VECTOR('',#1560,10.);
#446=VECTOR('',#1565,1.45);
#447=VECTOR('',#1574,1.45);
#448=VECTOR('',#1581,10.);
#449=VECTOR('',#1582,10.);
#450=VECTOR('',#1585,10.);
#451=VECTOR('',#1590,10.);
#452=VECTOR('',#1591,10.);
#453=VECTOR('',#1592,10.);
#454=VECTOR('',#1595,10.);
#455=VECTOR('',#1596,10.);
#456=VECTOR('',#1597,10.);
#457=VECTOR('',#1598,10.);
#458=VECTOR('',#1603,10.);
#459=VECTOR('',#1604,10.);
#460=VECTOR('',#1605,10.);
#461=VECTOR('',#1608,10.);
#462=VECTOR('',#1613,10.);
#463=VECTOR('',#1614,10.);
#464=VECTOR('',#1615,10.);
#465=VECTOR('',#1620,10.);
#466=VECTOR('',#1621,10.);
#467=VECTOR('',#1624,10.);
#468=VECTOR('',#1625,10.);
#469=VECTOR('',#1628,10.);
#470=VECTOR('',#1629,10.);
#471=VECTOR('',#1632,10.);
#472=VECTOR('',#1633,10.);
#473=VECTOR('',#1636,10.);
#474=VECTOR('',#1637,10.);
#475=VECTOR('',#1640,10.);
#476=VECTOR('',#1641,10.);
#477=VECTOR('',#1648,10.);
#478=CIRCLE('',#1210,3.5);
#479=CIRCLE('',#1211,1.5);
#480=CIRCLE('',#1213,20.);
#481=CIRCLE('',#1214,3.5);
#482=CIRCLE('',#1215,2.6);
#483=CIRCLE('',#1216,2.6);
#484=CIRCLE('',#1217,2.6);
#485=CIRCLE('',#1218,2.6);
#486=CIRCLE('',#1220,1.5);
#487=CIRCLE('',#1222,1.5);
#488=CIRCLE('',#1224,1.5);
#489=CIRCLE('',#1226,18.);
#490=CIRCLE('',#1227,18.);
#491=CIRCLE('',#1230,3.00000000000585);
#492=CIRCLE('',#1231,3.00000000000585);
#493=CIRCLE('',#1238,2.99999999999999);
#494=CIRCLE('',#1239,2.99999999999999);
#495=CIRCLE('',#1245,19.);
#496=CIRCLE('',#1246,19.);
#497=CIRCLE('',#1249,20.);
#498=CIRCLE('',#1251,1.1);
#499=CIRCLE('',#1254,1.1);
#500=CIRCLE('',#1256,1.1);
#501=CIRCLE('',#1259,1.1);
#502=CIRCLE('',#1269,1.5);
#503=CIRCLE('',#1270,1.5);
#504=CIRCLE('',#1272,1.5);
#505=CIRCLE('',#1273,1.5);
#506=CIRCLE('',#1276,2.);
#507=CIRCLE('',#1277,2.);
#508=CIRCLE('',#1279,2.);
#509=CIRCLE('',#1280,18.);
#510=CIRCLE('',#1281,20.);
#511=CIRCLE('',#1283,2.);
#512=CIRCLE('',#1286,20.);
#513=CIRCLE('',#1289,1.45);
#514=CIRCLE('',#1290,1.45);
#515=CIRCLE('',#1293,1.45);
#516=CIRCLE('',#1294,1.45);
#517=CIRCLE('',#1297,2.99999997019772);
#518=CIRCLE('',#1299,2.99999734905215);
#519=CIRCLE('',#1301,19.);
#520=CIRCLE('',#1304,2.99999734905215);
#521=CIRCLE('',#1307,19.);
#522=CIRCLE('',#1314,2.99999997019772);
#523=VERTEX_POINT('',#1660);
#524=VERTEX_POINT('',#1662);
#525=VERTEX_POINT('',#1666);
#526=VERTEX_POINT('',#1667);
#527=VERTEX_POINT('',#1669);
#528=VERTEX_POINT('',#1671);
#529=VERTEX_POINT('',#1674);
#530=VERTEX_POINT('',#1676);
#531=VERTEX_POINT('',#1677);
#532=VERTEX_POINT('',#1679);
#533=VERTEX_POINT('',#1681);
#534=VERTEX_POINT('',#1683);
#535=VERTEX_POINT('',#1685);
#536=VERTEX_POINT('',#1687);
#537=VERTEX_POINT('',#1689);
#538=VERTEX_POINT('',#1691);
#539=VERTEX_POINT('',#1693);
#540=VERTEX_POINT('',#1697);
#541=VERTEX_POINT('',#1701);
#542=VERTEX_POINT('',#1705);
#543=VERTEX_POINT('',#1709);
#544=VERTEX_POINT('',#1710);
#545=VERTEX_POINT('',#1712);
#546=VERTEX_POINT('',#1714);
#547=VERTEX_POINT('',#1718);
#548=VERTEX_POINT('',#1720);
#549=VERTEX_POINT('',#1724);
#550=VERTEX_POINT('',#1726);
#551=VERTEX_POINT('',#1730);
#552=VERTEX_POINT('',#1732);
#553=VERTEX_POINT('',#1736);
#554=VERTEX_POINT('',#1738);
#555=VERTEX_POINT('',#1742);
#556=VERTEX_POINT('',#1744);
#557=VERTEX_POINT('',#1748);
#558=VERTEX_POINT('',#1750);
#559=VERTEX_POINT('',#1754);
#560=VERTEX_POINT('',#1756);
#561=VERTEX_POINT('',#1760);
#562=VERTEX_POINT('',#1762);
#563=VERTEX_POINT('',#1769);
#564=VERTEX_POINT('',#1770);
#565=VERTEX_POINT('',#1772);
#566=VERTEX_POINT('',#1774);
#567=VERTEX_POINT('',#1778);
#568=VERTEX_POINT('',#1780);
#569=VERTEX_POINT('',#1784);
#570=VERTEX_POINT('',#1786);
#571=VERTEX_POINT('',#1794);
#572=VERTEX_POINT('',#1795);
#573=VERTEX_POINT('',#1797);
#574=VERTEX_POINT('',#1799);
#575=VERTEX_POINT('',#1806);
#576=VERTEX_POINT('',#1810);
#577=VERTEX_POINT('',#1812);
#578=VERTEX_POINT('',#1816);
#579=VERTEX_POINT('',#1823);
#580=VERTEX_POINT('',#1827);
#581=VERTEX_POINT('',#1829);
#582=VERTEX_POINT('',#1833);
#583=VERTEX_POINT('',#1851);
#584=VERTEX_POINT('',#1853);
#585=VERTEX_POINT('',#1857);
#586=VERTEX_POINT('',#1859);
#587=VERTEX_POINT('',#1863);
#588=VERTEX_POINT('',#1864);
#589=VERTEX_POINT('',#1901);
#590=VERTEX_POINT('',#1903);
#591=VERTEX_POINT('',#1941);
#592=VERTEX_POINT('',#1942);
#593=VERTEX_POINT('',#1944);
#594=VERTEX_POINT('',#1946);
#595=VERTEX_POINT('',#1950);
#596=VERTEX_POINT('',#1951);
#597=VERTEX_POINT('',#1956);
#598=VERTEX_POINT('',#1957);
#599=VERTEX_POINT('',#1962);
#600=VERTEX_POINT('',#1964);
#601=VERTEX_POINT('',#1968);
#602=VERTEX_POINT('',#1972);
#603=VERTEX_POINT('',#1976);
#604=VERTEX_POINT('',#1978);
#605=VERTEX_POINT('',#1983);
#606=VERTEX_POINT('',#1985);
#607=VERTEX_POINT('',#1990);
#608=VERTEX_POINT('',#1991);
#609=VERTEX_POINT('',#1993);
#610=VERTEX_POINT('',#1995);
#611=VERTEX_POINT('',#1999);
#612=VERTEX_POINT('',#2000);
#613=VERTEX_POINT('',#2002);
#614=VERTEX_POINT('',#2004);
#615=VERTEX_POINT('',#2009);
#616=VERTEX_POINT('',#2010);
#617=VERTEX_POINT('',#2012);
#618=VERTEX_POINT('',#2014);
#619=VERTEX_POINT('',#2018);
#620=VERTEX_POINT('',#2020);
#621=VERTEX_POINT('',#2024);
#622=VERTEX_POINT('',#2028);
#623=VERTEX_POINT('',#2030);
#624=VERTEX_POINT('',#2038);
#625=VERTEX_POINT('',#2042);
#626=VERTEX_POINT('',#2046);
#627=VERTEX_POINT('',#2050);
#628=VERTEX_POINT('',#2054);
#629=EDGE_CURVE('',#523,#523,#478,.T.);
#630=EDGE_CURVE('',#523,#524,#256,.T.);
#631=EDGE_CURVE('',#524,#524,#479,.T.);
#632=EDGE_CURVE('',#525,#526,#480,.T.);
#633=EDGE_CURVE('',#527,#525,#257,.T.);
#634=EDGE_CURVE('',#527,#528,#258,.T.);
#635=EDGE_CURVE('',#528,#526,#259,.T.);
#636=EDGE_CURVE('',#529,#529,#481,.T.);
#637=EDGE_CURVE('',#530,#531,#482,.T.);
#638=EDGE_CURVE('',#530,#532,#260,.T.);
#639=EDGE_CURVE('',#532,#533,#261,.T.);
#640=EDGE_CURVE('',#533,#534,#262,.T.);
#641=EDGE_CURVE('',#535,#534,#483,.T.);
#642=EDGE_CURVE('',#536,#535,#484,.T.);
#643=EDGE_CURVE('',#536,#537,#263,.T.);
#644=EDGE_CURVE('',#537,#538,#264,.T.);
#645=EDGE_CURVE('',#538,#539,#265,.T.);
#646=EDGE_CURVE('',#531,#539,#485,.T.);
#647=EDGE_CURVE('',#540,#540,#486,.T.);
#648=EDGE_CURVE('',#540,#524,#266,.T.);
#649=EDGE_CURVE('',#529,#541,#267,.T.);
#650=EDGE_CURVE('',#541,#541,#487,.T.);
#651=EDGE_CURVE('',#542,#542,#488,.T.);
#652=EDGE_CURVE('',#542,#541,#268,.T.);
#653=EDGE_CURVE('',#543,#544,#489,.T.);
#654=EDGE_CURVE('',#543,#545,#269,.T.);
#655=EDGE_CURVE('',#546,#545,#490,.T.);
#656=EDGE_CURVE('',#544,#546,#270,.T.);
#657=EDGE_CURVE('',#544,#547,#271,.T.);
#658=EDGE_CURVE('',#548,#546,#272,.T.);
#659=EDGE_CURVE('',#547,#548,#273,.T.);
#660=EDGE_CURVE('',#547,#549,#491,.T.);
#661=EDGE_CURVE('',#550,#548,#492,.T.);
#662=EDGE_CURVE('',#549,#550,#274,.T.);
#663=EDGE_CURVE('',#549,#551,#275,.T.);
#664=EDGE_CURVE('',#552,#550,#276,.T.);
#665=EDGE_CURVE('',#551,#552,#277,.T.);
#666=EDGE_CURVE('',#551,#553,#278,.T.);
#667=EDGE_CURVE('',#554,#552,#279,.T.);
#668=EDGE_CURVE('',#553,#554,#280,.T.);
#669=EDGE_CURVE('',#553,#555,#281,.T.);
#670=EDGE_CURVE('',#556,#554,#282,.T.);
#671=EDGE_CURVE('',#555,#556,#283,.T.);
#672=EDGE_CURVE('',#555,#557,#284,.T.);
#673=EDGE_CURVE('',#558,#556,#285,.T.);
#674=EDGE_CURVE('',#557,#558,#286,.T.);
#675=EDGE_CURVE('',#557,#559,#287,.T.);
#676=EDGE_CURVE('',#560,#558,#288,.T.);
#677=EDGE_CURVE('',#559,#560,#289,.T.);
#678=EDGE_CURVE('',#559,#561,#493,.T.);
#679=EDGE_CURVE('',#562,#560,#494,.T.);
#680=EDGE_CURVE('',#561,#562,#290,.T.);
#681=EDGE_CURVE('',#561,#543,#291,.T.);
#682=EDGE_CURVE('',#545,#562,#292,.T.);
#683=EDGE_CURVE('',#563,#564,#293,.T.);
#684=EDGE_CURVE('',#563,#565,#294,.T.);
#685=EDGE_CURVE('',#566,#565,#295,.T.);
#686=EDGE_CURVE('',#564,#566,#296,.T.);
#687=EDGE_CURVE('',#564,#567,#297,.T.);
#688=EDGE_CURVE('',#568,#566,#298,.T.);
#689=EDGE_CURVE('',#567,#568,#299,.T.);
#690=EDGE_CURVE('',#567,#569,#300,.T.);
#691=EDGE_CURVE('',#570,#568,#301,.T.);
#692=EDGE_CURVE('',#569,#570,#302,.T.);
#693=EDGE_CURVE('',#569,#563,#495,.T.);
#694=EDGE_CURVE('',#565,#570,#496,.T.);
#695=EDGE_CURVE('',#571,#572,#497,.T.);
#696=EDGE_CURVE('',#572,#573,#303,.T.);
#697=EDGE_CURVE('',#573,#574,#304,.T.);
#698=EDGE_CURVE('',#574,#571,#305,.T.);
#699=EDGE_CURVE('',#539,#530,#32,.T.);
#700=EDGE_CURVE('',#531,#575,#306,.T.);
#701=EDGE_CURVE('',#575,#575,#498,.T.);
#702=EDGE_CURVE('',#576,#538,#307,.T.);
#703=EDGE_CURVE('',#577,#576,#308,.T.);
#704=EDGE_CURVE('',#577,#532,#309,.T.);
#705=EDGE_CURVE('',#578,#578,#499,.T.);
#706=EDGE_CURVE('',#578,#575,#310,.T.);
#707=EDGE_CURVE('',#534,#536,#33,.T.);
#708=EDGE_CURVE('',#535,#579,#311,.T.);
#709=EDGE_CURVE('',#579,#579,#500,.T.);
#710=EDGE_CURVE('',#580,#533,#312,.T.);
#711=EDGE_CURVE('',#581,#580,#313,.T.);
#712=EDGE_CURVE('',#581,#537,#314,.T.);
#713=EDGE_CURVE('',#582,#582,#501,.T.);
#714=EDGE_CURVE('',#582,#579,#315,.T.);
#715=EDGE_CURVE('',#580,#577,#316,.T.);
#716=EDGE_CURVE('',#576,#581,#317,.T.);
#717=EDGE_CURVE('',#525,#571,#318,.T.);
#718=EDGE_CURVE('',#527,#574,#319,.T.);
#719=EDGE_CURVE('',#528,#573,#320,.T.);
#720=EDGE_CURVE('',#526,#572,#321,.T.);
#721=EDGE_CURVE('',#583,#583,#502,.T.);
#722=EDGE_CURVE('',#583,#584,#322,.T.);
#723=EDGE_CURVE('',#584,#584,#503,.T.);
#724=EDGE_CURVE('',#585,#585,#504,.T.);
#725=EDGE_CURVE('',#585,#586,#323,.T.);
#726=EDGE_CURVE('',#586,#586,#505,.T.);
#727=EDGE_CURVE('',#587,#588,#20,.T.);
#728=EDGE_CURVE('',#588,#587,#21,.T.);
#729=EDGE_CURVE('',#588,#589,#324,.T.);
#730=EDGE_CURVE('',#590,#589,#22,.T.);
#731=EDGE_CURVE('',#589,#590,#23,.T.);
#732=EDGE_CURVE('',#591,#592,#506,.T.);
#733=EDGE_CURVE('',#592,#593,#325,.T.);
#734=EDGE_CURVE('',#593,#594,#507,.T.);
#735=EDGE_CURVE('',#594,#591,#326,.T.);
#736=EDGE_CURVE('',#595,#596,#508,.T.);
#737=EDGE_CURVE('',#596,#594,#509,.T.);
#738=EDGE_CURVE('',#593,#595,#510,.T.);
#739=EDGE_CURVE('',#597,#598,#511,.T.);
#740=EDGE_CURVE('',#598,#596,#327,.T.);
#741=EDGE_CURVE('',#595,#597,#328,.T.);
#742=EDGE_CURVE('',#595,#599,#329,.T.);
#743=EDGE_CURVE('',#600,#599,#330,.T.);
#744=EDGE_CURVE('',#597,#600,#331,.T.);
#745=EDGE_CURVE('',#593,#601,#332,.T.);
#746=EDGE_CURVE('',#599,#601,#512,.T.);
#747=EDGE_CURVE('',#592,#602,#333,.T.);
#748=EDGE_CURVE('',#601,#602,#334,.T.);
#749=EDGE_CURVE('',#603,#603,#513,.T.);
#750=EDGE_CURVE('',#603,#604,#335,.T.);
#751=EDGE_CURVE('',#604,#604,#514,.T.);
#752=EDGE_CURVE('',#605,#605,#515,.T.);
#753=EDGE_CURVE('',#605,#606,#336,.T.);
#754=EDGE_CURVE('',#606,#606,#516,.T.);
#755=EDGE_CURVE('',#607,#608,#337,.T.);
#756=EDGE_CURVE('',#609,#607,#338,.T.);
#757=EDGE_CURVE('',#610,#609,#517,.T.);
#758=EDGE_CURVE('',#608,#610,#339,.T.);
#759=EDGE_CURVE('',#611,#612,#518,.T.);
#760=EDGE_CURVE('',#613,#611,#340,.T.);
#761=EDGE_CURVE('',#614,#613,#341,.T.);
#762=EDGE_CURVE('',#612,#614,#342,.T.);
#763=EDGE_CURVE('',#602,#600,#343,.T.);
#764=EDGE_CURVE('',#615,#616,#344,.T.);
#765=EDGE_CURVE('',#616,#617,#345,.T.);
#766=EDGE_CURVE('',#617,#618,#346,.T.);
#767=EDGE_CURVE('',#618,#615,#519,.T.);
#768=EDGE_CURVE('',#619,#611,#347,.T.);
#769=EDGE_CURVE('',#620,#619,#348,.T.);
#770=EDGE_CURVE('',#620,#613,#349,.T.);
#771=EDGE_CURVE('',#621,#612,#350,.T.);
#772=EDGE_CURVE('',#619,#621,#520,.T.);
#773=EDGE_CURVE('',#622,#607,#351,.T.);
#774=EDGE_CURVE('',#623,#622,#352,.T.);
#775=EDGE_CURVE('',#623,#609,#353,.T.);
#776=EDGE_CURVE('',#622,#620,#521,.T.);
#777=EDGE_CURVE('',#607,#615,#354,.T.);
#778=EDGE_CURVE('',#613,#618,#355,.T.);
#779=EDGE_CURVE('',#624,#614,#356,.T.);
#780=EDGE_CURVE('',#621,#624,#357,.T.);
#781=EDGE_CURVE('',#624,#625,#358,.T.);
#782=EDGE_CURVE('',#625,#617,#359,.T.);
#783=EDGE_CURVE('',#625,#626,#360,.T.);
#784=EDGE_CURVE('',#626,#616,#361,.T.);
#785=EDGE_CURVE('',#626,#627,#362,.T.);
#786=EDGE_CURVE('',#627,#608,#363,.T.);
#787=EDGE_CURVE('',#628,#610,#364,.T.);
#788=EDGE_CURVE('',#627,#628,#365,.T.);
#789=EDGE_CURVE('',#628,#623,#522,.T.);
#790=EDGE_CURVE('',#598,#591,#366,.T.);
#791=ORIENTED_EDGE('',*,*,#629,.T.);
#792=ORIENTED_EDGE('',*,*,#630,.T.);
#793=ORIENTED_EDGE('',*,*,#631,.T.);
#794=ORIENTED_EDGE('',*,*,#630,.F.);
#795=ORIENTED_EDGE('',*,*,#632,.F.);
#796=ORIENTED_EDGE('',*,*,#633,.F.);
#797=ORIENTED_EDGE('',*,*,#634,.T.);
#798=ORIENTED_EDGE('',*,*,#635,.T.);
#799=ORIENTED_EDGE('',*,*,#636,.F.);
#800=ORIENTED_EDGE('',*,*,#637,.F.);
#801=ORIENTED_EDGE('',*,*,#638,.T.);
#802=ORIENTED_EDGE('',*,*,#639,.T.);
#803=ORIENTED_EDGE('',*,*,#640,.T.);
#804=ORIENTED_EDGE('',*,*,#641,.F.);
#805=ORIENTED_EDGE('',*,*,#642,.F.);
#806=ORIENTED_EDGE('',*,*,#643,.T.);
#807=ORIENTED_EDGE('',*,*,#644,.T.);
#808=ORIENTED_EDGE('',*,*,#645,.T.);
#809=ORIENTED_EDGE('',*,*,#646,.F.);
#810=ORIENTED_EDGE('',*,*,#629,.F.);
#811=ORIENTED_EDGE('',*,*,#647,.F.);
#812=ORIENTED_EDGE('',*,*,#648,.T.);
#813=ORIENTED_EDGE('',*,*,#631,.F.);
#814=ORIENTED_EDGE('',*,*,#648,.F.);
#815=ORIENTED_EDGE('',*,*,#636,.T.);
#816=ORIENTED_EDGE('',*,*,#649,.T.);
#817=ORIENTED_EDGE('',*,*,#650,.T.);
#818=ORIENTED_EDGE('',*,*,#649,.F.);
#819=ORIENTED_EDGE('',*,*,#651,.F.);
#820=ORIENTED_EDGE('',*,*,#652,.T.);
#821=ORIENTED_EDGE('',*,*,#650,.F.);
#822=ORIENTED_EDGE('',*,*,#652,.F.);
#823=ORIENTED_EDGE('',*,*,#653,.F.);
#824=ORIENTED_EDGE('',*,*,#654,.T.);
#825=ORIENTED_EDGE('',*,*,#655,.F.);
#826=ORIENTED_EDGE('',*,*,#656,.F.);
#827=ORIENTED_EDGE('',*,*,#657,.F.);
#828=ORIENTED_EDGE('',*,*,#656,.T.);
#829=ORIENTED_EDGE('',*,*,#658,.F.);
#830=ORIENTED_EDGE('',*,*,#659,.F.);
#831=ORIENTED_EDGE('',*,*,#660,.F.);
#832=ORIENTED_EDGE('',*,*,#659,.T.);
#833=ORIENTED_EDGE('',*,*,#661,.F.);
#834=ORIENTED_EDGE('',*,*,#662,.F.);
#835=ORIENTED_EDGE('',*,*,#663,.F.);
#836=ORIENTED_EDGE('',*,*,#662,.T.);
#837=ORIENTED_EDGE('',*,*,#664,.F.);
#838=ORIENTED_EDGE('',*,*,#665,.F.);
#839=ORIENTED_EDGE('',*,*,#666,.F.);
#840=ORIENTED_EDGE('',*,*,#665,.T.);
#841=ORIENTED_EDGE('',*,*,#667,.F.);
#842=ORIENTED_EDGE('',*,*,#668,.F.);
#843=ORIENTED_EDGE('',*,*,#669,.F.);
#844=ORIENTED_EDGE('',*,*,#668,.T.);
#845=ORIENTED_EDGE('',*,*,#670,.F.);
#846=ORIENTED_EDGE('',*,*,#671,.F.);
#847=ORIENTED_EDGE('',*,*,#672,.F.);
#848=ORIENTED_EDGE('',*,*,#671,.T.);
#849=ORIENTED_EDGE('',*,*,#673,.F.);
#850=ORIENTED_EDGE('',*,*,#674,.F.);
#851=ORIENTED_EDGE('',*,*,#675,.F.);
#852=ORIENTED_EDGE('',*,*,#674,.T.);
#853=ORIENTED_EDGE('',*,*,#676,.F.);
#854=ORIENTED_EDGE('',*,*,#677,.F.);
#855=ORIENTED_EDGE('',*,*,#678,.F.);
#856=ORIENTED_EDGE('',*,*,#677,.T.);
#857=ORIENTED_EDGE('',*,*,#679,.F.);
#858=ORIENTED_EDGE('',*,*,#680,.F.);
#859=ORIENTED_EDGE('',*,*,#681,.F.);
#860=ORIENTED_EDGE('',*,*,#680,.T.);
#861=ORIENTED_EDGE('',*,*,#682,.F.);
#862=ORIENTED_EDGE('',*,*,#654,.F.);
#863=ORIENTED_EDGE('',*,*,#683,.F.);
#864=ORIENTED_EDGE('',*,*,#684,.T.);
#865=ORIENTED_EDGE('',*,*,#685,.F.);
#866=ORIENTED_EDGE('',*,*,#686,.F.);
#867=ORIENTED_EDGE('',*,*,#687,.F.);
#868=ORIENTED_EDGE('',*,*,#686,.T.);
#869=ORIENTED_EDGE('',*,*,#688,.F.);
#870=ORIENTED_EDGE('',*,*,#689,.F.);
#871=ORIENTED_EDGE('',*,*,#690,.F.);
#872=ORIENTED_EDGE('',*,*,#689,.T.);
#873=ORIENTED_EDGE('',*,*,#691,.F.);
#874=ORIENTED_EDGE('',*,*,#692,.F.);
#875=ORIENTED_EDGE('',*,*,#693,.F.);
#876=ORIENTED_EDGE('',*,*,#692,.T.);
#877=ORIENTED_EDGE('',*,*,#694,.F.);
#878=ORIENTED_EDGE('',*,*,#684,.F.);
#879=ORIENTED_EDGE('',*,*,#694,.T.);
#880=ORIENTED_EDGE('',*,*,#691,.T.);
#881=ORIENTED_EDGE('',*,*,#688,.T.);
#882=ORIENTED_EDGE('',*,*,#685,.T.);
#883=ORIENTED_EDGE('',*,*,#651,.T.);
#884=ORIENTED_EDGE('',*,*,#647,.T.);
#885=ORIENTED_EDGE('',*,*,#682,.T.);
#886=ORIENTED_EDGE('',*,*,#679,.T.);
#887=ORIENTED_EDGE('',*,*,#676,.T.);
#888=ORIENTED_EDGE('',*,*,#673,.T.);
#889=ORIENTED_EDGE('',*,*,#670,.T.);
#890=ORIENTED_EDGE('',*,*,#667,.T.);
#891=ORIENTED_EDGE('',*,*,#664,.T.);
#892=ORIENTED_EDGE('',*,*,#661,.T.);
#893=ORIENTED_EDGE('',*,*,#658,.T.);
#894=ORIENTED_EDGE('',*,*,#655,.T.);
#895=ORIENTED_EDGE('',*,*,#695,.T.);
#896=ORIENTED_EDGE('',*,*,#696,.T.);
#897=ORIENTED_EDGE('',*,*,#697,.T.);
#898=ORIENTED_EDGE('',*,*,#698,.T.);
#899=ORIENTED_EDGE('',*,*,#683,.T.);
#900=ORIENTED_EDGE('',*,*,#687,.T.);
#901=ORIENTED_EDGE('',*,*,#690,.T.);
#902=ORIENTED_EDGE('',*,*,#693,.T.);
#903=ORIENTED_EDGE('',*,*,#699,.T.);
#904=ORIENTED_EDGE('',*,*,#637,.T.);
#905=ORIENTED_EDGE('',*,*,#700,.T.);
#906=ORIENTED_EDGE('',*,*,#701,.T.);
#907=ORIENTED_EDGE('',*,*,#700,.F.);
#908=ORIENTED_EDGE('',*,*,#646,.T.);
#909=ORIENTED_EDGE('',*,*,#699,.F.);
#910=ORIENTED_EDGE('',*,*,#645,.F.);
#911=ORIENTED_EDGE('',*,*,#702,.F.);
#912=ORIENTED_EDGE('',*,*,#703,.F.);
#913=ORIENTED_EDGE('',*,*,#704,.T.);
#914=ORIENTED_EDGE('',*,*,#638,.F.);
#915=ORIENTED_EDGE('',*,*,#705,.F.);
#916=ORIENTED_EDGE('',*,*,#706,.T.);
#917=ORIENTED_EDGE('',*,*,#701,.F.);
#918=ORIENTED_EDGE('',*,*,#706,.F.);
#919=ORIENTED_EDGE('',*,*,#707,.T.);
#920=ORIENTED_EDGE('',*,*,#642,.T.);
#921=ORIENTED_EDGE('',*,*,#708,.T.);
#922=ORIENTED_EDGE('',*,*,#709,.T.);
#923=ORIENTED_EDGE('',*,*,#708,.F.);
#924=ORIENTED_EDGE('',*,*,#641,.T.);
#925=ORIENTED_EDGE('',*,*,#707,.F.);
#926=ORIENTED_EDGE('',*,*,#640,.F.);
#927=ORIENTED_EDGE('',*,*,#710,.F.);
#928=ORIENTED_EDGE('',*,*,#711,.F.);
#929=ORIENTED_EDGE('',*,*,#712,.T.);
#930=ORIENTED_EDGE('',*,*,#643,.F.);
#931=ORIENTED_EDGE('',*,*,#713,.F.);
#932=ORIENTED_EDGE('',*,*,#714,.T.);
#933=ORIENTED_EDGE('',*,*,#709,.F.);
#934=ORIENTED_EDGE('',*,*,#714,.F.);
#935=ORIENTED_EDGE('',*,*,#715,.F.);
#936=ORIENTED_EDGE('',*,*,#710,.T.);
#937=ORIENTED_EDGE('',*,*,#639,.F.);
#938=ORIENTED_EDGE('',*,*,#704,.F.);
#939=ORIENTED_EDGE('',*,*,#716,.F.);
#940=ORIENTED_EDGE('',*,*,#702,.T.);
#941=ORIENTED_EDGE('',*,*,#644,.F.);
#942=ORIENTED_EDGE('',*,*,#712,.F.);
#943=ORIENTED_EDGE('',*,*,#633,.T.);
#944=ORIENTED_EDGE('',*,*,#717,.T.);
#945=ORIENTED_EDGE('',*,*,#698,.F.);
#946=ORIENTED_EDGE('',*,*,#718,.F.);
#947=ORIENTED_EDGE('',*,*,#634,.F.);
#948=ORIENTED_EDGE('',*,*,#718,.T.);
#949=ORIENTED_EDGE('',*,*,#697,.F.);
#950=ORIENTED_EDGE('',*,*,#719,.F.);
#951=ORIENTED_EDGE('',*,*,#635,.F.);
#952=ORIENTED_EDGE('',*,*,#719,.T.);
#953=ORIENTED_EDGE('',*,*,#696,.F.);
#954=ORIENTED_EDGE('',*,*,#720,.F.);
#955=ORIENTED_EDGE('',*,*,#632,.T.);
#956=ORIENTED_EDGE('',*,*,#720,.T.);
#957=ORIENTED_EDGE('',*,*,#695,.F.);
#958=ORIENTED_EDGE('',*,*,#717,.F.);
#959=ORIENTED_EDGE('',*,*,#653,.T.);
#960=ORIENTED_EDGE('',*,*,#657,.T.);
#961=ORIENTED_EDGE('',*,*,#660,.T.);
#962=ORIENTED_EDGE('',*,*,#663,.T.);
#963=ORIENTED_EDGE('',*,*,#666,.T.);
#964=ORIENTED_EDGE('',*,*,#669,.T.);
#965=ORIENTED_EDGE('',*,*,#672,.T.);
#966=ORIENTED_EDGE('',*,*,#675,.T.);
#967=ORIENTED_EDGE('',*,*,#678,.T.);
#968=ORIENTED_EDGE('',*,*,#681,.T.);
#969=ORIENTED_EDGE('',*,*,#715,.T.);
#970=ORIENTED_EDGE('',*,*,#703,.T.);
#971=ORIENTED_EDGE('',*,*,#716,.T.);
#972=ORIENTED_EDGE('',*,*,#711,.T.);
#973=ORIENTED_EDGE('',*,*,#713,.T.);
#974=ORIENTED_EDGE('',*,*,#705,.T.);
#975=ORIENTED_EDGE('',*,*,#721,.F.);
#976=ORIENTED_EDGE('',*,*,#722,.T.);
#977=ORIENTED_EDGE('',*,*,#723,.F.);
#978=ORIENTED_EDGE('',*,*,#722,.F.);
#979=ORIENTED_EDGE('',*,*,#724,.F.);
#980=ORIENTED_EDGE('',*,*,#725,.T.);
#981=ORIENTED_EDGE('',*,*,#726,.F.);
#982=ORIENTED_EDGE('',*,*,#725,.F.);
#983=ORIENTED_EDGE('',*,*,#727,.F.);
#984=ORIENTED_EDGE('',*,*,#728,.F.);
#985=ORIENTED_EDGE('',*,*,#729,.T.);
#986=ORIENTED_EDGE('',*,*,#730,.F.);
#987=ORIENTED_EDGE('',*,*,#731,.F.);
#988=ORIENTED_EDGE('',*,*,#729,.F.);
#989=ORIENTED_EDGE('',*,*,#732,.T.);
#990=ORIENTED_EDGE('',*,*,#733,.T.);
#991=ORIENTED_EDGE('',*,*,#734,.T.);
#992=ORIENTED_EDGE('',*,*,#735,.T.);
#993=ORIENTED_EDGE('',*,*,#736,.T.);
#994=ORIENTED_EDGE('',*,*,#737,.T.);
#995=ORIENTED_EDGE('',*,*,#734,.F.);
#996=ORIENTED_EDGE('',*,*,#738,.T.);
#997=ORIENTED_EDGE('',*,*,#739,.T.);
#998=ORIENTED_EDGE('',*,*,#740,.T.);
#999=ORIENTED_EDGE('',*,*,#736,.F.);
#1000=ORIENTED_EDGE('',*,*,#741,.T.);
#1001=ORIENTED_EDGE('',*,*,#741,.F.);
#1002=ORIENTED_EDGE('',*,*,#742,.T.);
#1003=ORIENTED_EDGE('',*,*,#743,.F.);
#1004=ORIENTED_EDGE('',*,*,#744,.F.);
#1005=ORIENTED_EDGE('',*,*,#738,.F.);
#1006=ORIENTED_EDGE('',*,*,#745,.T.);
#1007=ORIENTED_EDGE('',*,*,#746,.F.);
#1008=ORIENTED_EDGE('',*,*,#742,.F.);
#1009=ORIENTED_EDGE('',*,*,#730,.T.);
#1010=ORIENTED_EDGE('',*,*,#731,.T.);
#1011=ORIENTED_EDGE('',*,*,#733,.F.);
#1012=ORIENTED_EDGE('',*,*,#747,.T.);
#1013=ORIENTED_EDGE('',*,*,#748,.F.);
#1014=ORIENTED_EDGE('',*,*,#745,.F.);
#1015=ORIENTED_EDGE('',*,*,#749,.F.);
#1016=ORIENTED_EDGE('',*,*,#750,.T.);
#1017=ORIENTED_EDGE('',*,*,#751,.T.);
#1018=ORIENTED_EDGE('',*,*,#750,.F.);
#1019=ORIENTED_EDGE('',*,*,#751,.F.);
#1020=ORIENTED_EDGE('',*,*,#752,.F.);
#1021=ORIENTED_EDGE('',*,*,#753,.T.);
#1022=ORIENTED_EDGE('',*,*,#754,.T.);
#1023=ORIENTED_EDGE('',*,*,#753,.F.);
#1024=ORIENTED_EDGE('',*,*,#754,.F.);
#1025=ORIENTED_EDGE('',*,*,#755,.F.);
#1026=ORIENTED_EDGE('',*,*,#756,.F.);
#1027=ORIENTED_EDGE('',*,*,#757,.F.);
#1028=ORIENTED_EDGE('',*,*,#758,.F.);
#1029=ORIENTED_EDGE('',*,*,#749,.T.);
#1030=ORIENTED_EDGE('',*,*,#759,.F.);
#1031=ORIENTED_EDGE('',*,*,#760,.F.);
#1032=ORIENTED_EDGE('',*,*,#761,.F.);
#1033=ORIENTED_EDGE('',*,*,#762,.F.);
#1034=ORIENTED_EDGE('',*,*,#752,.T.);
#1035=ORIENTED_EDGE('',*,*,#746,.T.);
#1036=ORIENTED_EDGE('',*,*,#748,.T.);
#1037=ORIENTED_EDGE('',*,*,#763,.T.);
#1038=ORIENTED_EDGE('',*,*,#743,.T.);
#1039=ORIENTED_EDGE('',*,*,#764,.T.);
#1040=ORIENTED_EDGE('',*,*,#765,.T.);
#1041=ORIENTED_EDGE('',*,*,#766,.T.);
#1042=ORIENTED_EDGE('',*,*,#767,.T.);
#1043=ORIENTED_EDGE('',*,*,#760,.T.);
#1044=ORIENTED_EDGE('',*,*,#768,.F.);
#1045=ORIENTED_EDGE('',*,*,#769,.F.);
#1046=ORIENTED_EDGE('',*,*,#770,.T.);
#1047=ORIENTED_EDGE('',*,*,#759,.T.);
#1048=ORIENTED_EDGE('',*,*,#771,.F.);
#1049=ORIENTED_EDGE('',*,*,#772,.F.);
#1050=ORIENTED_EDGE('',*,*,#768,.T.);
#1051=ORIENTED_EDGE('',*,*,#756,.T.);
#1052=ORIENTED_EDGE('',*,*,#773,.F.);
#1053=ORIENTED_EDGE('',*,*,#774,.F.);
#1054=ORIENTED_EDGE('',*,*,#775,.T.);
#1055=ORIENTED_EDGE('',*,*,#776,.F.);
#1056=ORIENTED_EDGE('',*,*,#773,.T.);
#1057=ORIENTED_EDGE('',*,*,#777,.T.);
#1058=ORIENTED_EDGE('',*,*,#767,.F.);
#1059=ORIENTED_EDGE('',*,*,#778,.F.);
#1060=ORIENTED_EDGE('',*,*,#770,.F.);
#1061=ORIENTED_EDGE('',*,*,#727,.T.);
#1062=ORIENTED_EDGE('',*,*,#728,.T.);
#1063=ORIENTED_EDGE('',*,*,#762,.T.);
#1064=ORIENTED_EDGE('',*,*,#779,.F.);
#1065=ORIENTED_EDGE('',*,*,#780,.F.);
#1066=ORIENTED_EDGE('',*,*,#771,.T.);
#1067=ORIENTED_EDGE('',*,*,#781,.F.);
#1068=ORIENTED_EDGE('',*,*,#779,.T.);
#1069=ORIENTED_EDGE('',*,*,#761,.T.);
#1070=ORIENTED_EDGE('',*,*,#778,.T.);
#1071=ORIENTED_EDGE('',*,*,#766,.F.);
#1072=ORIENTED_EDGE('',*,*,#782,.F.);
#1073=ORIENTED_EDGE('',*,*,#783,.F.);
#1074=ORIENTED_EDGE('',*,*,#782,.T.);
#1075=ORIENTED_EDGE('',*,*,#765,.F.);
#1076=ORIENTED_EDGE('',*,*,#784,.F.);
#1077=ORIENTED_EDGE('',*,*,#723,.T.);
#1078=ORIENTED_EDGE('',*,*,#726,.T.);
#1079=ORIENTED_EDGE('',*,*,#785,.F.);
#1080=ORIENTED_EDGE('',*,*,#784,.T.);
#1081=ORIENTED_EDGE('',*,*,#764,.F.);
#1082=ORIENTED_EDGE('',*,*,#777,.F.);
#1083=ORIENTED_EDGE('',*,*,#755,.T.);
#1084=ORIENTED_EDGE('',*,*,#786,.F.);
#1085=ORIENTED_EDGE('',*,*,#758,.T.);
#1086=ORIENTED_EDGE('',*,*,#787,.F.);
#1087=ORIENTED_EDGE('',*,*,#788,.F.);
#1088=ORIENTED_EDGE('',*,*,#786,.T.);
#1089=ORIENTED_EDGE('',*,*,#757,.T.);
#1090=ORIENTED_EDGE('',*,*,#775,.F.);
#1091=ORIENTED_EDGE('',*,*,#789,.F.);
#1092=ORIENTED_EDGE('',*,*,#787,.T.);
#1093=ORIENTED_EDGE('',*,*,#739,.F.);
#1094=ORIENTED_EDGE('',*,*,#744,.T.);
#1095=ORIENTED_EDGE('',*,*,#763,.F.);
#1096=ORIENTED_EDGE('',*,*,#747,.F.);
#1097=ORIENTED_EDGE('',*,*,#732,.F.);
#1098=ORIENTED_EDGE('',*,*,#790,.F.);
#1099=ORIENTED_EDGE('',*,*,#721,.T.);
#1100=ORIENTED_EDGE('',*,*,#724,.T.);
#1101=ORIENTED_EDGE('',*,*,#774,.T.);
#1102=ORIENTED_EDGE('',*,*,#776,.T.);
#1103=ORIENTED_EDGE('',*,*,#769,.T.);
#1104=ORIENTED_EDGE('',*,*,#772,.T.);
#1105=ORIENTED_EDGE('',*,*,#780,.T.);
#1106=ORIENTED_EDGE('',*,*,#781,.T.);
#1107=ORIENTED_EDGE('',*,*,#783,.T.);
#1108=ORIENTED_EDGE('',*,*,#785,.T.);
#1109=ORIENTED_EDGE('',*,*,#788,.T.);
#1110=ORIENTED_EDGE('',*,*,#789,.T.);
#1111=ORIENTED_EDGE('',*,*,#740,.F.);
#1112=ORIENTED_EDGE('',*,*,#790,.T.);
#1113=ORIENTED_EDGE('',*,*,#735,.F.);
#1114=ORIENTED_EDGE('',*,*,#737,.F.);
#1115=CONICAL_SURFACE('',#1209,2.5,0.785398163397448);
#1116=CONICAL_SURFACE('',#1221,2.5,0.785398163397448);
#1117=CONICAL_SURFACE('',#1250,1.85,0.785398163397448);
#1118=CONICAL_SURFACE('',#1255,1.85,0.785398163397448);
#1119=ADVANCED_FACE('',(#111),#1115,.F.);
#1120=ADVANCED_FACE('',(#112,#54,#55,#56),#73,.F.);
#1121=ADVANCED_FACE('',(#113),#34,.F.);
#1122=ADVANCED_FACE('',(#114),#1116,.F.);
#1123=ADVANCED_FACE('',(#115),#35,.F.);
#1124=ADVANCED_FACE('',(#116),#36,.F.);
#1125=ADVANCED_FACE('',(#117),#74,.T.);
#1126=ADVANCED_FACE('',(#118),#37,.T.);
#1127=ADVANCED_FACE('',(#119),#75,.T.);
#1128=ADVANCED_FACE('',(#120),#76,.T.);
#1129=ADVANCED_FACE('',(#121),#77,.T.);
#1130=ADVANCED_FACE('',(#122),#78,.T.);
#1131=ADVANCED_FACE('',(#123),#79,.T.);
#1132=ADVANCED_FACE('',(#124),#38,.T.);
#1133=ADVANCED_FACE('',(#125),#80,.T.);
#1134=ADVANCED_FACE('',(#126),#81,.T.);
#1135=ADVANCED_FACE('',(#127),#82,.T.);
#1136=ADVANCED_FACE('',(#128),#83,.T.);
#1137=ADVANCED_FACE('',(#129),#39,.T.);
#1138=ADVANCED_FACE('',(#130,#57,#58,#59),#84,.T.);
#1139=ADVANCED_FACE('',(#131,#60),#85,.T.);
#1140=ADVANCED_FACE('',(#132),#1117,.F.);
#1141=ADVANCED_FACE('',(#133),#86,.F.);
#1142=ADVANCED_FACE('',(#134),#40,.F.);
#1143=ADVANCED_FACE('',(#135),#1118,.F.);
#1144=ADVANCED_FACE('',(#136),#87,.F.);
#1145=ADVANCED_FACE('',(#137),#41,.F.);
#1146=ADVANCED_FACE('',(#138),#88,.F.);
#1147=ADVANCED_FACE('',(#139),#89,.F.);
#1148=ADVANCED_FACE('',(#140),#90,.T.);
#1149=ADVANCED_FACE('',(#141),#91,.T.);
#1150=ADVANCED_FACE('',(#142),#92,.T.);
#1151=ADVANCED_FACE('',(#143),#42,.T.);
#1152=ADVANCED_FACE('',(#144,#61,#62,#63),#93,.T.);
#1153=ADVANCED_FACE('',(#145),#43,.F.);
#1154=ADVANCED_FACE('',(#146),#44,.F.);
#1155=ADVANCED_FACE('',(#147),#45,.F.);
#1156=ADVANCED_FACE('',(#148),#46,.T.);
#1157=ADVANCED_FACE('',(#149),#19,.T.);
#1158=ADVANCED_FACE('',(#150),#47,.T.);
#1159=ADVANCED_FACE('',(#151),#94,.T.);
#1160=ADVANCED_FACE('',(#152,#64),#48,.T.);
#1161=ADVANCED_FACE('',(#153),#95,.T.);
#1162=ADVANCED_FACE('',(#154),#49,.F.);
#1163=ADVANCED_FACE('',(#155),#96,.T.);
#1164=ADVANCED_FACE('',(#156),#50,.F.);
#1165=ADVANCED_FACE('',(#157),#97,.T.);
#1166=ADVANCED_FACE('',(#158,#65),#98,.T.);
#1167=ADVANCED_FACE('',(#159,#66),#99,.T.);
#1168=ADVANCED_FACE('',(#160,#67),#100,.T.);
#1169=ADVANCED_FACE('',(#161),#101,.T.);
#1170=ADVANCED_FACE('',(#162),#51,.T.);
#1171=ADVANCED_FACE('',(#163),#102,.T.);
#1172=ADVANCED_FACE('',(#164,#68),#52,.F.);
#1173=ADVANCED_FACE('',(#165),#103,.T.);
#1174=ADVANCED_FACE('',(#166),#104,.T.);
#1175=ADVANCED_FACE('',(#167,#69,#70),#105,.T.);
#1176=ADVANCED_FACE('',(#168),#106,.T.);
#1177=ADVANCED_FACE('',(#169),#107,.T.);
#1178=ADVANCED_FACE('',(#170),#53,.T.);
#1179=ADVANCED_FACE('',(#171,#71,#72),#108,.T.);
#1180=ADVANCED_FACE('',(#172),#109,.T.);
#1181=ADVANCED_FACE('',(#173),#110,.F.);
#1182=CLOSED_SHELL('',(#1119,#1120,#1121,#1122,#1123,#1124,#1125,#1126,
#1127,#1128,#1129,#1130,#1131,#1132,#1133,#1134,#1135,#1136,#1137,#1138,
#1139,#1140,#1141,#1142,#1143,#1144,#1145,#1146,#1147,#1148,#1149,#1150,
#1151,#1152));
#1183=CLOSED_SHELL('',(#1153,#1154,#1155,#1156,#1157,#1158,#1159,#1160,
#1161,#1162,#1163,#1164,#1165,#1166,#1167,#1168,#1169,#1170,#1171,#1172,
#1173,#1174,#1175,#1176,#1177,#1178,#1179,#1180,#1181));
#1184=DERIVED_UNIT_ELEMENT(#1188,1.);
#1185=DERIVED_UNIT_ELEMENT(#2074,-3.);
#1186=DERIVED_UNIT_ELEMENT(#1188,1.);
#1187=DERIVED_UNIT_ELEMENT(#2074,-3.);
#1188=(
MASS_UNIT()
NAMED_UNIT(*)
SI_UNIT(.KILO.,.GRAM.)
);
#1189=DERIVED_UNIT((#1184,#1185));
#1190=DERIVED_UNIT((#1186,#1187));
#1191=MEASURE_REPRESENTATION_ITEM('density measure',
POSITIVE_RATIO_MEASURE(7850.),#1189);
#1192=MEASURE_REPRESENTATION_ITEM('density measure',
POSITIVE_RATIO_MEASURE(7850.),#1190);
#1193=PROPERTY_DEFINITION_REPRESENTATION(#1203,#1197);
#1194=PROPERTY_DEFINITION_REPRESENTATION(#1204,#1198);
#1195=PROPERTY_DEFINITION_REPRESENTATION(#1205,#1199);
#1196=PROPERTY_DEFINITION_REPRESENTATION(#1206,#1200);
#1197=REPRESENTATION('material name',(#1201),#2070);
#1198=REPRESENTATION('density',(#1191),#2070);
#1199=REPRESENTATION('material name',(#1202),#2071);
#1200=REPRESENTATION('density',(#1192),#2071);
#1201=DESCRIPTIVE_REPRESENTATION_ITEM('\X2\AC15CCA0\X0\','\X2\AC15CCA0\X0\');
#1202=DESCRIPTIVE_REPRESENTATION_ITEM('\X2\AC15CCA0\X0\','\X2\AC15CCA0\X0\');
#1203=PROPERTY_DEFINITION('material property','material name',#2090);
#1204=PROPERTY_DEFINITION('material property','density of part',#2090);
#1205=PROPERTY_DEFINITION('material property','material name',#2091);
#1206=PROPERTY_DEFINITION('material property','density of part',#2091);
#1207=AXIS2_PLACEMENT_3D('',#1657,#1320,#1321);
#1208=AXIS2_PLACEMENT_3D('',#1658,#1322,#1323);
#1209=AXIS2_PLACEMENT_3D('',#1659,#1324,#1325);
#1210=AXIS2_PLACEMENT_3D('',#1661,#1326,#1327);
#1211=AXIS2_PLACEMENT_3D('',#1664,#1329,#1330);
#1212=AXIS2_PLACEMENT_3D('',#1665,#1331,#1332);
#1213=AXIS2_PLACEMENT_3D('',#1668,#1333,#1334);
#1214=AXIS2_PLACEMENT_3D('',#1675,#1338,#1339);
#1215=AXIS2_PLACEMENT_3D('',#1678,#1340,#1341);
#1216=AXIS2_PLACEMENT_3D('',#1686,#1345,#1346);
#1217=AXIS2_PLACEMENT_3D('',#1688,#1347,#1348);
#1218=AXIS2_PLACEMENT_3D('',#1695,#1352,#1353);
#1219=AXIS2_PLACEMENT_3D('',#1696,#1354,#1355);
#1220=AXIS2_PLACEMENT_3D('',#1698,#1356,#1357);
#1221=AXIS2_PLACEMENT_3D('',#1700,#1359,#1360);
#1222=AXIS2_PLACEMENT_3D('',#1703,#1362,#1363);
#1223=AXIS2_PLACEMENT_3D('',#1704,#1364,#1365);
#1224=AXIS2_PLACEMENT_3D('',#1706,#1366,#1367);
#1225=AXIS2_PLACEMENT_3D('',#1708,#1369,#1370);
#1226=AXIS2_PLACEMENT_3D('',#1711,#1371,#1372);
#1227=AXIS2_PLACEMENT_3D('',#1715,#1374,#1375);
#1228=AXIS2_PLACEMENT_3D('',#1717,#1377,#1378);
#1229=AXIS2_PLACEMENT_3D('',#1723,#1382,#1383);
#1230=AXIS2_PLACEMENT_3D('',#1725,#1384,#1385);
#1231=AXIS2_PLACEMENT_3D('',#1727,#1386,#1387);
#1232=AXIS2_PLACEMENT_3D('',#1729,#1389,#1390);
#1233=AXIS2_PLACEMENT_3D('',#1735,#1394,#1395);
#1234=AXIS2_PLACEMENT_3D('',#1741,#1399,#1400);
#1235=AXIS2_PLACEMENT_3D('',#1747,#1404,#1405);
#1236=AXIS2_PLACEMENT_3D('',#1753,#1409,#1410);
#1237=AXIS2_PLACEMENT_3D('',#1759,#1414,#1415);
#1238=AXIS2_PLACEMENT_3D('',#1761,#1416,#1417);
#1239=AXIS2_PLACEMENT_3D('',#1763,#1418,#1419);
#1240=AXIS2_PLACEMENT_3D('',#1765,#1421,#1422);
#1241=AXIS2_PLACEMENT_3D('',#1768,#1425,#1426);
#1242=AXIS2_PLACEMENT_3D('',#1777,#1431,#1432);
#1243=AXIS2_PLACEMENT_3D('',#1783,#1436,#1437);
#1244=AXIS2_PLACEMENT_3D('',#1789,#1441,#1442);
#1245=AXIS2_PLACEMENT_3D('',#1790,#1443,#1444);
#1246=AXIS2_PLACEMENT_3D('',#1791,#1445,#1446);
#1247=AXIS2_PLACEMENT_3D('',#1792,#1447,#1448);
#1248=AXIS2_PLACEMENT_3D('',#1793,#1449,#1450);
#1249=AXIS2_PLACEMENT_3D('',#1796,#1451,#1452);
#1250=AXIS2_PLACEMENT_3D('',#1802,#1456,#1457);
#1251=AXIS2_PLACEMENT_3D('',#1808,#1459,#1460);
#1252=AXIS2_PLACEMENT_3D('',#1809,#1461,#1462);
#1253=AXIS2_PLACEMENT_3D('',#1815,#1466,#1467);
#1254=AXIS2_PLACEMENT_3D('',#1817,#1468,#1469);
#1255=AXIS2_PLACEMENT_3D('',#1819,#1471,#1472);
#1256=AXIS2_PLACEMENT_3D('',#1825,#1474,#1475);
#1257=AXIS2_PLACEMENT_3D('',#1826,#1476,#1477);
#1258=AXIS2_PLACEMENT_3D('',#1832,#1481,#1482);
#1259=AXIS2_PLACEMENT_3D('',#1834,#1483,#1484);
#1260=AXIS2_PLACEMENT_3D('',#1836,#1486,#1487);
#1261=AXIS2_PLACEMENT_3D('',#1838,#1489,#1490);
#1262=AXIS2_PLACEMENT_3D('',#1840,#1492,#1493);
#1263=AXIS2_PLACEMENT_3D('',#1843,#1496,#1497);
#1264=AXIS2_PLACEMENT_3D('',#1845,#1499,#1500);
#1265=AXIS2_PLACEMENT_3D('',#1847,#1502,#1503);
#1266=AXIS2_PLACEMENT_3D('',#1848,#1504,#1505);
#1267=AXIS2_PLACEMENT_3D('',#1849,#1506,#1507);
#1268=AXIS2_PLACEMENT_3D('',#1850,#1508,#1509);
#1269=AXIS2_PLACEMENT_3D('',#1852,#1510,#1511);
#1270=AXIS2_PLACEMENT_3D('',#1855,#1513,#1514);
#1271=AXIS2_PLACEMENT_3D('',#1856,#1515,#1516);
#1272=AXIS2_PLACEMENT_3D('',#1858,#1517,#1518);
#1273=AXIS2_PLACEMENT_3D('',#1861,#1520,#1521);
#1274=AXIS2_PLACEMENT_3D('',#1862,#1522,#1523);
#1275=AXIS2_PLACEMENT_3D('',#1940,#1525,#1526);
#1276=AXIS2_PLACEMENT_3D('',#1943,#1527,#1528);
#1277=AXIS2_PLACEMENT_3D('',#1947,#1530,#1531);
#1278=AXIS2_PLACEMENT_3D('',#1949,#1533,#1534);
#1279=AXIS2_PLACEMENT_3D('',#1952,#1535,#1536);
#1280=AXIS2_PLACEMENT_3D('',#1953,#1537,#1538);
#1281=AXIS2_PLACEMENT_3D('',#1954,#1539,#1540);
#1282=AXIS2_PLACEMENT_3D('',#1955,#1541,#1542);
#1283=AXIS2_PLACEMENT_3D('',#1958,#1543,#1544);
#1284=AXIS2_PLACEMENT_3D('',#1961,#1547,#1548);
#1285=AXIS2_PLACEMENT_3D('',#1967,#1552,#1553);
#1286=AXIS2_PLACEMENT_3D('',#1970,#1555,#1556);
#1287=AXIS2_PLACEMENT_3D('',#1971,#1557,#1558);
#1288=AXIS2_PLACEMENT_3D('',#1975,#1561,#1562);
#1289=AXIS2_PLACEMENT_3D('',#1977,#1563,#1564);
#1290=AXIS2_PLACEMENT_3D('',#1980,#1566,#1567);
#1291=AXIS2_PLACEMENT_3D('',#1981,#1568,#1569);
#1292=AXIS2_PLACEMENT_3D('',#1982,#1570,#1571);
#1293=AXIS2_PLACEMENT_3D('',#1984,#1572,#1573);
#1294=AXIS2_PLACEMENT_3D('',#1987,#1575,#1576);
#1295=AXIS2_PLACEMENT_3D('',#1988,#1577,#1578);
#1296=AXIS2_PLACEMENT_3D('',#1989,#1579,#1580);
#1297=AXIS2_PLACEMENT_3D('',#1996,#1583,#1584);
#1298=AXIS2_PLACEMENT_3D('',#1998,#1586,#1587);
#1299=AXIS2_PLACEMENT_3D('',#2001,#1588,#1589);
#1300=AXIS2_PLACEMENT_3D('',#2007,#1593,#1594);
#1301=AXIS2_PLACEMENT_3D('',#2016,#1599,#1600);
#1302=AXIS2_PLACEMENT_3D('',#2017,#1601,#1602);
#1303=AXIS2_PLACEMENT_3D('',#2023,#1606,#1607);
#1304=AXIS2_PLACEMENT_3D('',#2026,#1609,#1610);
#1305=AXIS2_PLACEMENT_3D('',#2027,#1611,#1612);
#1306=AXIS2_PLACEMENT_3D('',#2033,#1616,#1617);
#1307=AXIS2_PLACEMENT_3D('',#2034,#1618,#1619);
#1308=AXIS2_PLACEMENT_3D('',#2037,#1622,#1623);
#1309=AXIS2_PLACEMENT_3D('',#2041,#1626,#1627);
#1310=AXIS2_PLACEMENT_3D('',#2045,#1630,#1631);
#1311=AXIS2_PLACEMENT_3D('',#2049,#1634,#1635);
#1312=AXIS2_PLACEMENT_3D('',#2053,#1638,#1639);
#1313=AXIS2_PLACEMENT_3D('',#2057,#1642,#1643);
#1314=AXIS2_PLACEMENT_3D('',#2058,#1644,#1645);
#1315=AXIS2_PLACEMENT_3D('',#2059,#1646,#1647);
#1316=AXIS2_PLACEMENT_3D('',#2061,#1649,#1650);
#1317=AXIS2_PLACEMENT_3D('',#2062,#1651,#1652);
#1318=AXIS2_PLACEMENT_3D('',#2063,#1653,#1654);
#1319=AXIS2_PLACEMENT_3D('',#2064,#1655,#1656);
#1320=DIRECTION('axis',(0.,0.,1.));
#1321=DIRECTION('refdir',(1.,0.,0.));
#1322=DIRECTION('axis',(0.,0.,1.));
#1323=DIRECTION('refdir',(1.,0.,0.));
#1324=DIRECTION('center_axis',(0.,1.,2.22044604925031E-16));
#1325=DIRECTION('ref_axis',(2.22044604925031E-16,-2.22044604925031E-16,
1.));
#1326=DIRECTION('center_axis',(0.,1.,2.22044604925031E-16));
#1327=DIRECTION('ref_axis',(2.22044604925031E-16,-2.22044604925031E-16,
1.));
#1328=DIRECTION('',(2.43604851491927E-16,-0.707106781186548,0.707106781186547));
#1329=DIRECTION('center_axis',(0.,-1.,-2.22044604925031E-16));
#1330=DIRECTION('ref_axis',(2.22044604925031E-16,-2.22044604925031E-16,
1.));
#1331=DIRECTION('center_axis',(0.,-1.,-2.22044604925031E-16));
#1332=DIRECTION('ref_axis',(-2.22044604925031E-16,2.22044604925031E-16,
-1.));
#1333=DIRECTION('center_axis',(0.,-1.,-2.22044604925031E-16));
#1334=DIRECTION('ref_axis',(2.22044604925031E-16,-2.22044604925031E-16,
1.));
#1335=DIRECTION('',(-1.,-4.93038065763132E-32,2.22044604925031E-16));
#1336=DIRECTION('',(-2.22044604925031E-16,2.22044604925031E-16,-1.));
#1337=DIRECTION('',(-1.,-4.93038065763132E-32,2.22044604925031E-16));
#1338=DIRECTION('center_axis',(0.,1.,2.22044604925031E-16));
#1339=DIRECTION('ref_axis',(2.22044604925031E-16,-2.22044604925031E-16,
1.));
#1340=DIRECTION('center_axis',(0.,1.,2.22044604925031E-16));
#1341=DIRECTION('ref_axis',(2.22044604925031E-16,-2.22044604925031E-16,
1.));
#1342=DIRECTION('',(-2.22044604925031E-16,2.22044604925031E-16,-1.));
#1343=DIRECTION('',(1.,4.93038065763132E-32,-2.22044604925031E-16));
#1344=DIRECTION('',(2.22044604925031E-16,-2.22044604925031E-16,1.));
#1345=DIRECTION('center_axis',(0.,1.,2.22044604925031E-16));
#1346=DIRECTION('ref_axis',(2.22044604925031E-16,-2.22044604925031E-16,
1.));
#1347=DIRECTION('center_axis',(0.,1.,2.22044604925031E-16));
#1348=DIRECTION('ref_axis',(2.22044604925031E-16,-2.22044604925031E-16,
1.));
#1349=DIRECTION('',(2.22044604925031E-16,-2.22044604925031E-16,1.));
#1350=DIRECTION('',(-1.,-4.93038065763132E-32,2.22044604925031E-16));
#1351=DIRECTION('',(-2.22044604925031E-16,2.22044604925031E-16,-1.));
#1352=DIRECTION('center_axis',(0.,1.,2.22044604925031E-16));
#1353=DIRECTION('ref_axis',(2.22044604925031E-16,-2.22044604925031E-16,
1.));
#1354=DIRECTION('center_axis',(0.,1.,2.22044604925031E-16));
#1355=DIRECTION('ref_axis',(2.22044604925031E-16,-2.22044604925031E-16,
1.));
#1356=DIRECTION('center_axis',(0.,1.,2.22044604925031E-16));
#1357=DIRECTION('ref_axis',(2.22044604925031E-16,-2.22044604925031E-16,
1.));
#1358=DIRECTION('',(0.,1.,2.22044604925031E-16));
#1359=DIRECTION('center_axis',(0.,1.,2.22044604925031E-16));
#1360=DIRECTION('ref_axis',(2.22044604925031E-16,-2.22044604925031E-16,
1.));
#1361=DIRECTION('',(2.43604851491927E-16,-0.707106781186548,0.707106781186547));
#1362=DIRECTION('center_axis',(0.,-1.,-2.22044604925031E-16));
#1363=DIRECTION('ref_axis',(2.22044604925031E-16,-2.22044604925031E-16,
1.));
#1364=DIRECTION('center_axis',(0.,1.,2.22044604925031E-16));
#1365=DIRECTION('ref_axis',(2.22044604925031E-16,-2.22044604925031E-16,
1.));
#1366=DIRECTION('center_axis',(0.,1.,2.22044604925031E-16));
#1367=DIRECTION('ref_axis',(2.22044604925031E-16,-2.22044604925031E-16,
1.));
#1368=DIRECTION('',(0.,1.,2.22044604925031E-16));
#1369=DIRECTION('center_axis',(0.,-1.,-2.22044604925031E-16));
#1370=DIRECTION('ref_axis',(1.52655665885959E-16,-2.22044604925031E-16,
1.));
#1371=DIRECTION('center_axis',(0.,-1.,-2.22044604925031E-16));
#1372=DIRECTION('ref_axis',(1.52655665885959E-16,-2.22044604925031E-16,
1.));
#1373=DIRECTION('',(0.,-1.,-2.22044604925031E-16));
#1374=DIRECTION('center_axis',(0.,1.,2.22044604925031E-16));
#1375=DIRECTION('ref_axis',(1.52655665885959E-16,-2.22044604925031E-16,
1.));
#1376=DIRECTION('',(0.,-1.,-2.22044604925031E-16));
#1377=DIRECTION('center_axis',(-1.,-5.95754329463917E-32,2.68303897617806E-16));
#1378=DIRECTION('ref_axis',(-2.68303897617806E-16,2.22044604925031E-16,
-1.));
#1379=DIRECTION('',(2.68303897617806E-16,-2.22044604925031E-16,1.));
#1380=DIRECTION('',(-2.68303897617806E-16,2.22044604925031E-16,-1.));
#1381=DIRECTION('',(0.,-1.,-2.22044604925031E-16));
#1382=DIRECTION('center_axis',(0.,-1.,-2.22044604925031E-16));
#1383=DIRECTION('ref_axis',(0.999999999997487,-4.97792114264498E-22,2.24185638030956E-6));
#1384=DIRECTION('center_axis',(0.,1.,2.22044604925031E-16));
#1385=DIRECTION('ref_axis',(0.999999999997487,-4.97792114264498E-22,2.24185638030956E-6));
#1386=DIRECTION('center_axis',(0.,-1.,-2.22044604925031E-16));
#1387=DIRECTION('ref_axis',(0.999999999997487,-4.97792114264498E-22,2.24185638030956E-6));
#1388=DIRECTION('',(0.,-1.,-2.22044604925031E-16));
#1389=DIRECTION('center_axis',(1.,2.13649828497357E-31,-9.62193288008469E-16));
#1390=DIRECTION('ref_axis',(9.62193288008469E-16,-2.22044604925031E-16,
1.));
#1391=DIRECTION('',(-9.62193288008469E-16,2.22044604925031E-16,-1.));
#1392=DIRECTION('',(9.62193288008469E-16,-2.22044604925031E-16,1.));
#1393=DIRECTION('',(0.,-1.,-2.22044604925031E-16));
#1394=DIRECTION('center_axis',(4.2390333667506E-16,-2.22044604925031E-16,
1.));
#1395=DIRECTION('ref_axis',(-1.,-9.41254489184161E-32,4.2390333667506E-16));
#1396=DIRECTION('',(1.,9.41254489184161E-32,-4.2390333667506E-16));
#1397=DIRECTION('',(-1.,-9.41254489184161E-32,4.2390333667506E-16));
#1398=DIRECTION('',(0.,-1.,-2.22044604925031E-16));
#1399=DIRECTION('center_axis',(-1.,5.4782007307015E-33,-2.46716227694481E-17));
#1400=DIRECTION('ref_axis',(2.46716227694481E-17,2.22044604925031E-16,-1.));
#1401=DIRECTION('',(-2.46716227694481E-17,-2.22044604925031E-16,1.));
#1402=DIRECTION('',(2.46716227694481E-17,2.22044604925031E-16,-1.));
#1403=DIRECTION('',(0.,-1.,-2.22044604925031E-16));
#1404=DIRECTION('center_axis',(-3.22973970800045E-16,2.22044604925031E-16,
-1.));
#1405=DIRECTION('ref_axis',(1.,7.17146277473647E-32,-3.22973970800045E-16));
#1406=DIRECTION('',(-1.,-7.17146277473647E-32,3.22973970800045E-16));
#1407=DIRECTION('',(1.,7.17146277473647E-32,-3.22973970800045E-16));
#1408=DIRECTION('',(0.,-1.,-2.22044604925031E-16));
#1409=DIRECTION('center_axis',(1.,2.13649828497357E-31,-9.62193288008469E-16));
#1410=DIRECTION('ref_axis',(9.62193288008469E-16,-2.22044604925031E-16,
1.));
#1411=DIRECTION('',(-9.62193288008469E-16,2.22044604925031E-16,-1.));
#1412=DIRECTION('',(9.62193288008469E-16,-2.22044604925031E-16,1.));
#1413=DIRECTION('',(0.,-1.,-2.22044604925031E-16));
#1414=DIRECTION('center_axis',(0.,-1.,-2.22044604925031E-16));
#1415=DIRECTION('ref_axis',(-1.,-4.93038065763132E-32,2.22044604925031E-16));
#1416=DIRECTION('center_axis',(0.,1.,2.22044604925031E-16));
#1417=DIRECTION('ref_axis',(-1.,-4.93038065763132E-32,2.22044604925031E-16));
#1418=DIRECTION('center_axis',(0.,-1.,-2.22044604925031E-16));
#1419=DIRECTION('ref_axis',(-1.,-4.93038065763132E-32,2.22044604925031E-16));
#1420=DIRECTION('',(0.,-1.,-2.22044604925031E-16));
#1421=DIRECTION('center_axis',(-1.,-2.87605538361827E-32,1.29526019539602E-16));
#1422=DIRECTION('ref_axis',(-1.29526019539602E-16,2.22044604925031E-16,
-1.));
#1423=DIRECTION('',(1.29526019539602E-16,-2.22044604925031E-16,1.));
#1424=DIRECTION('',(-1.29526019539602E-16,2.22044604925031E-16,-1.));
#1425=DIRECTION('center_axis',(2.22044604925031E-16,-2.22044604925031E-16,
1.));
#1426=DIRECTION('ref_axis',(-1.,-4.93038065763132E-32,2.22044604925031E-16));
#1427=DIRECTION('',(1.,4.93038065763132E-32,-2.22044604925031E-16));
#1428=DIRECTION('',(0.,-1.,-2.22044604925031E-16));
#1429=DIRECTION('',(-1.,-4.93038065763132E-32,2.22044604925031E-16));
#1430=DIRECTION('',(0.,-1.,-2.22044604925031E-16));
#1431=DIRECTION('center_axis',(1.,1.01202550340853E-31,-4.55775768004012E-16));
#1432=DIRECTION('ref_axis',(4.55775768004012E-16,-2.22044604925031E-16,
1.));
#1433=DIRECTION('',(-4.55775768004012E-16,2.22044604925031E-16,-1.));
#1434=DIRECTION('',(4.55775768004012E-16,-2.22044604925031E-16,1.));
#1435=DIRECTION('',(0.,-1.,-2.22044604925031E-16));
#1436=DIRECTION('center_axis',(-1.45477499778469E-16,2.22044604925031E-16,
-1.));
#1437=DIRECTION('ref_axis',(1.,3.23024939637914E-32,-1.45477499778469E-16));
#1438=DIRECTION('',(-1.,-3.23024939637914E-32,1.45477499778469E-16));
#1439=DIRECTION('',(1.,3.23024939637914E-32,-1.45477499778469E-16));
#1440=DIRECTION('',(0.,-1.,-2.22044604925031E-16));
#1441=DIRECTION('center_axis',(0.,-1.,-2.22044604925031E-16));
#1442=DIRECTION('ref_axis',(2.22044604925031E-16,-2.22044604925031E-16,
1.));
#1443=DIRECTION('center_axis',(0.,1.,2.22044604925031E-16));
#1444=DIRECTION('ref_axis',(2.22044604925031E-16,-2.22044604925031E-16,
1.));
#1445=DIRECTION('center_axis',(0.,-1.,-2.22044604925031E-16));
#1446=DIRECTION('ref_axis',(2.22044604925031E-16,-2.22044604925031E-16,
1.));
#1447=DIRECTION('center_axis',(0.,-1.,-2.22044604925031E-16));
#1448=DIRECTION('ref_axis',(2.22044604925031E-16,-2.22044604925031E-16,
1.));
#1449=DIRECTION('center_axis',(0.,-1.,-2.22044604925031E-16));
#1450=DIRECTION('ref_axis',(-2.22044604925031E-16,2.22044604925031E-16,
-1.));
#1451=DIRECTION('center_axis',(0.,-1.,-2.22044604925031E-16));
#1452=DIRECTION('ref_axis',(2.22044604925031E-16,-2.22044604925031E-16,
1.));
#1453=DIRECTION('',(1.,4.93038065763132E-32,-2.22044604925031E-16));
#1454=DIRECTION('',(2.22044604925031E-16,-2.22044604925031E-16,1.));
#1455=DIRECTION('',(-1.,-4.93038065763132E-32,2.22044604925031E-16));
#1456=DIRECTION('center_axis',(0.,1.,2.22044604925031E-16));
#1457=DIRECTION('ref_axis',(2.22044604925031E-16,-2.22044604925031E-16,
1.));
#1458=DIRECTION('',(2.43604851491927E-16,-0.707106781186548,0.707106781186547));
#1459=DIRECTION('center_axis',(0.,-1.,-2.22044604925031E-16));
#1460=DIRECTION('ref_axis',(2.22044604925031E-16,-2.22044604925031E-16,
1.));
#1461=DIRECTION('center_axis',(-1.,-4.93038065763132E-32,2.22044604925031E-16));
#1462=DIRECTION('ref_axis',(2.22044604925031E-16,-2.22044604925031E-16,
1.));
#1463=DIRECTION('',(0.,1.,2.22044604925031E-16));
#1464=DIRECTION('',(2.22044604925031E-16,-2.22044604925031E-16,1.));
#1465=DIRECTION('',(0.,1.,2.22044604925031E-16));
#1466=DIRECTION('center_axis',(0.,1.,2.22044604925031E-16));
#1467=DIRECTION('ref_axis',(2.22044604925031E-16,-2.22044604925031E-16,
1.));
#1468=DIRECTION('center_axis',(0.,1.,2.22044604925031E-16));
#1469=DIRECTION('ref_axis',(2.22044604925031E-16,-2.22044604925031E-16,
1.));
#1470=DIRECTION('',(0.,1.,2.22044604925031E-16));
#1471=DIRECTION('center_axis',(0.,1.,2.22044604925031E-16));
#1472=DIRECTION('ref_axis',(2.22044604925031E-16,-2.22044604925031E-16,
1.));
#1473=DIRECTION('',(2.43604851491927E-16,-0.707106781186548,0.707106781186547));
#1474=DIRECTION('center_axis',(0.,-1.,-2.22044604925031E-16));
#1475=DIRECTION('ref_axis',(2.22044604925031E-16,-2.22044604925031E-16,
1.));
#1476=DIRECTION('center_axis',(1.,4.93038065763132E-32,-2.22044604925031E-16));
#1477=DIRECTION('ref_axis',(-2.22044604925031E-16,2.22044604925031E-16,
-1.));
#1478=DIRECTION('',(0.,1.,2.22044604925031E-16));
#1479=DIRECTION('',(-2.22044604925031E-16,2.22044604925031E-16,-1.));
#1480=DIRECTION('',(0.,1.,2.22044604925031E-16));
#1481=DIRECTION('center_axis',(0.,1.,2.22044604925031E-16));
#1482=DIRECTION('ref_axis',(2.22044604925031E-16,-2.22044604925031E-16,
1.));
#1483=DIRECTION('center_axis',(0.,1.,2.22044604925031E-16));
#1484=DIRECTION('ref_axis',(2.22044604925031E-16,-2.22044604925031E-16,
1.));
#1485=DIRECTION('',(0.,1.,2.22044604925031E-16));
#1486=DIRECTION('center_axis',(-2.22044604925031E-16,2.22044604925031E-16,
-1.));
#1487=DIRECTION('ref_axis',(-1.,-4.93038065763132E-32,2.22044604925031E-16));
#1488=DIRECTION('',(-1.,-4.93038065763132E-32,2.22044604925031E-16));
#1489=DIRECTION('center_axis',(2.22044604925031E-16,-2.22044604925031E-16,
1.));
#1490=DIRECTION('ref_axis',(1.,4.93038065763132E-32,-2.22044604925031E-16));
#1491=DIRECTION('',(1.,4.93038065763132E-32,-2.22044604925031E-16));
#1492=DIRECTION('center_axis',(2.22044604925031E-16,-2.22044604925031E-16,
1.));
#1493=DIRECTION('ref_axis',(-1.,-4.93038065763132E-32,2.22044604925031E-16));
#1494=DIRECTION('',(0.,-1.,-2.22044604925031E-16));
#1495=DIRECTION('',(0.,-1.,-2.22044604925031E-16));
#1496=DIRECTION('center_axis',(1.,4.93038065763132E-32,-2.22044604925031E-16));
#1497=DIRECTION('ref_axis',(2.22044604925031E-16,-2.22044604925031E-16,
1.));
#1498=DIRECTION('',(0.,-1.,-2.22044604925031E-16));
#1499=DIRECTION('center_axis',(-2.22044604925031E-16,2.22044604925031E-16,
-1.));
#1500=DIRECTION('ref_axis',(1.,4.93038065763132E-32,-2.22044604925031E-16));
#1501=DIRECTION('',(0.,-1.,-2.22044604925031E-16));
#1502=DIRECTION('center_axis',(0.,-1.,-2.22044604925031E-16));
#1503=DIRECTION('ref_axis',(2.22044604925031E-16,-2.22044604925031E-16,
1.));
#1504=DIRECTION('center_axis',(0.,-1.,-2.22044604925031E-16));
#1505=DIRECTION('ref_axis',(-2.22044604925031E-16,2.22044604925031E-16,
-1.));
#1506=DIRECTION('axis',(0.,0.,1.));
#1507=DIRECTION('refdir',(1.,0.,0.));
#1508=DIRECTION('center_axis',(-6.1232339957366E-17,-1.,-6.12323399573696E-17));
#1509=DIRECTION('ref_axis',(2.22044604925031E-16,-6.12323399573696E-17,
1.));
#1510=DIRECTION('center_axis',(-6.1232339957366E-17,-1.,-6.12323399573696E-17));
#1511=DIRECTION('ref_axis',(2.22044604925031E-16,-6.12323399573696E-17,
1.));
#1512=DIRECTION('',(-6.1232339957366E-17,-1.,-6.12323399573696E-17));
#1513=DIRECTION('center_axis',(6.12323399573659E-17,1.,-1.72498823121633E-16));
#1514=DIRECTION('ref_axis',(2.22044604925031E-16,-6.12323399573696E-17,
1.));
#1515=DIRECTION('center_axis',(-6.1232339957366E-17,-1.,-6.12323399573696E-17));
#1516=DIRECTION('ref_axis',(2.22044604925031E-16,-6.12323399573696E-17,
1.));
#1517=DIRECTION('center_axis',(-6.1232339957366E-17,-1.,-6.12323399573696E-17));
#1518=DIRECTION('ref_axis',(2.22044604925031E-16,-6.12323399573696E-17,
1.));
#1519=DIRECTION('',(-6.1232339957366E-17,-1.,-6.12323399573696E-17));
#1520=DIRECTION('center_axis',(6.12323399573659E-17,1.,-1.72498823121633E-16));
#1521=DIRECTION('ref_axis',(2.22044604925031E-16,-6.12323399573696E-17,
1.));
#1522=DIRECTION('center_axis',(-6.1232339957366E-17,-1.,-6.12323399573696E-17));
#1523=DIRECTION('ref_axis',(-2.22044604925031E-16,6.12323399573696E-17,
-1.));
#1524=DIRECTION('',(-6.1232339957366E-17,-1.,-6.12323399573696E-17));
#1525=DIRECTION('center_axis',(-6.1232339957366E-17,-1.,-6.12323399573696E-17));
#1526=DIRECTION('ref_axis',(-0.707106781186547,8.65956056235495E-17,-0.707106781186548));
#1527=DIRECTION('center_axis',(-6.1232339957366E-17,-1.,-6.12323399573696E-17));
#1528=DIRECTION('ref_axis',(-0.707106781186547,8.65956056235495E-17,-0.707106781186548));
#1529=DIRECTION('',(-6.1232339957366E-17,-1.,-6.12323399573696E-17));
#1530=DIRECTION('center_axis',(6.1232339957366E-17,1.,-5.31914345648268E-17));
#1531=DIRECTION('ref_axis',(-2.22044604925031E-16,-5.31914345648268E-17,
-1.));
#1532=DIRECTION('',(6.1232339957366E-17,1.,6.12323399573696E-17));
#1533=DIRECTION('center_axis',(1.,-6.1232339957366E-17,-2.22044604925031E-16));
#1534=DIRECTION('ref_axis',(-1.77635683940025E-16,6.12323399573696E-17,
-1.));
#1535=DIRECTION('center_axis',(-6.1232339957366E-17,-1.,-6.12323399573696E-17));
#1536=DIRECTION('ref_axis',(2.22044604925031E-16,-6.12323399573696E-17,
1.));
#1537=DIRECTION('center_axis',(1.,-6.1232339957366E-17,-2.22044604925031E-16));
#1538=DIRECTION('ref_axis',(-6.1232339957366E-17,-1.,-1.93791350848565E-30));
#1539=DIRECTION('center_axis',(-1.,6.1232339957366E-17,2.22044604925031E-16));
#1540=DIRECTION('ref_axis',(-6.1232339957366E-17,-1.,-1.93517440812029E-30));
#1541=DIRECTION('center_axis',(-6.1232339957366E-17,-1.,-6.12323399573696E-17));
#1542=DIRECTION('ref_axis',(-0.707106781186547,-2.60385728481154E-30,0.707106781186548));
#1543=DIRECTION('center_axis',(-6.1232339957366E-17,-1.,-6.12323399573696E-17));
#1544=DIRECTION('ref_axis',(-0.707106781186547,-2.60385728481154E-30,0.707106781186548));
#1545=DIRECTION('',(-6.1232339957366E-17,-1.,-6.12323399573696E-17));
#1546=DIRECTION('',(6.1232339957366E-17,1.,6.12323399573696E-17));
#1547=DIRECTION('center_axis',(2.22044604925031E-16,-6.12323399573696E-17,
1.));
#1548=DIRECTION('ref_axis',(-6.1232339957366E-17,-1.,-6.12323399573696E-17));
#1549=DIRECTION('',(1.,-6.1232339957366E-17,-2.22044604925031E-16));
#1550=DIRECTION('',(-6.1232339957366E-17,-1.,1.27825283509742E-17));
#1551=DIRECTION('',(1.,-6.1232339957366E-17,-2.22044604925031E-16));
#1552=DIRECTION('center_axis',(1.,-6.1232339957366E-17,-2.22044604925031E-16));
#1553=DIRECTION('ref_axis',(2.22044604925031E-16,-6.12323399573696E-17,
1.));
#1554=DIRECTION('',(1.,-6.1232339957366E-17,-2.22044604925031E-16));
#1555=DIRECTION('center_axis',(1.,-6.1232339957366E-17,-2.22044604925031E-16));
#1556=DIRECTION('ref_axis',(2.22044604925031E-16,-6.12323399573696E-17,
1.));
#1557=DIRECTION('center_axis',(-2.22044604925031E-16,6.12323399573696E-17,
-1.));
#1558=DIRECTION('ref_axis',(6.1232339957366E-17,1.,6.12323399573696E-17));
#1559=DIRECTION('',(1.,-6.1232339957366E-17,-2.22044604925031E-16));
#1560=DIRECTION('',(6.1232339957366E-17,1.,6.12323399573696E-17));
#1561=DIRECTION('center_axis',(-1.,6.1232339957366E-17,2.22044604925031E-16));
#1562=DIRECTION('ref_axis',(2.22044604925031E-16,-6.12323399573696E-17,
1.));
#1563=DIRECTION('center_axis',(-1.,6.1232339957366E-17,2.22044604925031E-16));
#1564=DIRECTION('ref_axis',(2.22044604925031E-16,-6.12323399573696E-17,
1.));
#1565=DIRECTION('',(-1.,6.1232339957366E-17,2.22044604925031E-16));
#1566=DIRECTION('center_axis',(-1.,6.1232339957366E-17,2.22044604925031E-16));
#1567=DIRECTION('ref_axis',(2.22044604925031E-16,-6.12323399573696E-17,
1.));
#1568=DIRECTION('center_axis',(1.,-6.1232339957366E-17,-2.22044604925031E-16));
#1569=DIRECTION('ref_axis',(2.22044604925031E-16,-6.12323399573696E-17,
1.));
#1570=DIRECTION('center_axis',(-1.,6.1232339957366E-17,2.22044604925031E-16));
#1571=DIRECTION('ref_axis',(2.22044604925031E-16,-6.12323399573696E-17,
1.));
#1572=DIRECTION('center_axis',(-1.,6.1232339957366E-17,2.22044604925031E-16));
#1573=DIRECTION('ref_axis',(2.22044604925031E-16,-6.12323399573696E-17,
1.));
#1574=DIRECTION('',(-1.,6.1232339957366E-17,2.22044604925031E-16));
#1575=DIRECTION('center_axis',(-1.,6.1232339957366E-17,2.22044604925031E-16));
#1576=DIRECTION('ref_axis',(2.22044604925031E-16,-6.12323399573696E-17,
1.));
#1577=DIRECTION('center_axis',(1.,-6.1232339957366E-17,-2.22044604925031E-16));
#1578=DIRECTION('ref_axis',(2.22044604925031E-16,-6.12323399573696E-17,
1.));
#1579=DIRECTION('center_axis',(1.,-6.1232339957366E-17,-2.22044604925031E-16));
#1580=DIRECTION('ref_axis',(2.22044604925031E-16,-6.12323399573696E-17,
1.));
#1581=DIRECTION('',(6.12323399571831E-17,1.,-8.2372426011547E-13));
#1582=DIRECTION('',(2.22044604925031E-16,-6.12323399573696E-17,1.));
#1583=DIRECTION('center_axis',(-1.,6.1232339957366E-17,2.22044604925031E-16));
#1584=DIRECTION('ref_axis',(-6.12323399573662E-17,-1.,-8.01381030393512E-16));
#1585=DIRECTION('',(-2.22044604925031E-16,6.12323399573696E-17,-1.));
#1586=DIRECTION('center_axis',(1.,-6.1232339957366E-17,-2.22044604925031E-16));
#1587=DIRECTION('ref_axis',(2.22044604925031E-16,-6.12323399573696E-17,
1.));
#1588=DIRECTION('center_axis',(-1.,6.1232339957366E-17,2.22044604925031E-16));
#1589=DIRECTION('ref_axis',(6.12323399573663E-17,1.,1.54153101418911E-15));
#1590=DIRECTION('',(2.22044604925031E-16,7.7545538120775E-17,1.));
#1591=DIRECTION('',(-6.12323399573594E-17,-1.,2.95447411446774E-14));
#1592=DIRECTION('',(-2.22044604925031E-16,-4.93879172355209E-16,-1.));
#1593=DIRECTION('center_axis',(1.,-6.1232339957366E-17,-2.22044604925031E-16));
#1594=DIRECTION('ref_axis',(2.22044604925031E-16,-6.12323399573696E-17,
1.));
#1595=DIRECTION('',(2.22044604925031E-16,-6.12323399573696E-17,1.));
#1596=DIRECTION('',(6.12323399571831E-17,1.,-8.2372426011547E-13));
#1597=DIRECTION('',(-2.22044604925031E-16,-1.72498823121633E-16,-1.));
#1598=DIRECTION('',(-6.1232339957366E-17,-1.,-1.57773461406275E-16));
#1599=DIRECTION('center_axis',(-1.,6.1232339957366E-17,2.22044604925031E-16));
#1600=DIRECTION('ref_axis',(2.22044604925031E-16,4.50454966432199E-18,1.));
#1601=DIRECTION('center_axis',(-6.1232339957366E-17,-1.,7.7545538120775E-17));
#1602=DIRECTION('ref_axis',(-2.22044604925031E-16,-7.7545538120775E-17,
-1.));
#1603=DIRECTION('',(1.,-6.1232339957366E-17,-2.22044604925031E-16));
#1604=DIRECTION('',(2.22044604925031E-16,7.7545538120775E-17,1.));
#1605=DIRECTION('',(1.,-6.1232339957366E-17,-2.22044604925031E-16));
#1606=DIRECTION('center_axis',(1.,-6.1232339957366E-17,-2.22044604925031E-16));
#1607=DIRECTION('ref_axis',(6.12323399573663E-17,1.,1.54153101418911E-15));
#1608=DIRECTION('',(1.,-6.1232339957366E-17,-2.22044604925031E-16));
#1609=DIRECTION('center_axis',(-1.,6.1232339957366E-17,2.22044604925031E-16));
#1610=DIRECTION('ref_axis',(6.12323399573663E-17,1.,1.54153101418911E-15));
#1611=DIRECTION('center_axis',(-6.1232339957366E-17,-1.,-6.12323399573696E-17));
#1612=DIRECTION('ref_axis',(-2.22044604925031E-16,6.12323399573696E-17,
-1.));
#1613=DIRECTION('',(1.,-6.1232339957366E-17,-2.22044604925031E-16));
#1614=DIRECTION('',(2.22044604925031E-16,-6.12323399573696E-17,1.));
#1615=DIRECTION('',(1.,-6.1232339957366E-17,-2.22044604925031E-16));
#1616=DIRECTION('center_axis',(1.,-6.1232339957366E-17,-2.22044604925031E-16));
#1617=DIRECTION('ref_axis',(-6.12323552734509E-17,-0.999999999999998,-6.89775149673604E-8));
#1618=DIRECTION('center_axis',(1.,-6.1232339957366E-17,-2.22044604925031E-16));
#1619=DIRECTION('ref_axis',(2.22044604925031E-16,4.50454966432199E-18,1.));
#1620=DIRECTION('',(1.,-6.1232339957366E-17,-2.22044604925031E-16));
#1621=DIRECTION('',(1.,-6.1232339957366E-17,-2.22044604925031E-16));
#1622=DIRECTION('center_axis',(6.12323399573659E-17,1.,-4.93879172355209E-16));
#1623=DIRECTION('ref_axis',(2.22044604925031E-16,4.93879172355209E-16,1.));
#1624=DIRECTION('',(1.,-6.1232339957366E-17,-2.22044604925031E-16));
#1625=DIRECTION('',(-2.22044604925031E-16,-4.93879172355209E-16,-1.));
#1626=DIRECTION('center_axis',(2.22044604925031E-16,-1.57773461406275E-16,
1.));
#1627=DIRECTION('ref_axis',(-6.1232339957366E-17,-1.,-1.57773461406275E-16));
#1628=DIRECTION('',(6.1232339957366E-17,1.,1.57773461406275E-16));
#1629=DIRECTION('',(1.,-6.1232339957366E-17,-2.22044604925031E-16));
#1630=DIRECTION('center_axis',(-6.12323399573659E-17,-1.,1.72498823121633E-16));
#1631=DIRECTION('ref_axis',(-2.22044604925031E-16,-1.72498823121633E-16,
-1.));
#1632=DIRECTION('',(2.22044604925031E-16,1.72498823121633E-16,1.));
#1633=DIRECTION('',(1.,-6.1232339957366E-17,-2.22044604925031E-16));
#1634=DIRECTION('center_axis',(-2.22044604925028E-16,5.60550891615416E-14,
-1.));
#1635=DIRECTION('ref_axis',(6.12323399573784E-17,1.,5.60550891615416E-14));
#1636=DIRECTION('',(-6.12323399573784E-17,-1.,-5.60550891615416E-14));
#1637=DIRECTION('',(1.,-6.1232339957366E-17,-2.22044604925031E-16));
#1638=DIRECTION('center_axis',(6.1232339957366E-17,1.,6.12323399573696E-17));
#1639=DIRECTION('ref_axis',(2.22044604925031E-16,-6.12323399573696E-17,
1.));
#1640=DIRECTION('',(1.,-6.1232339957366E-17,-2.22044604925031E-16));
#1641=DIRECTION('',(-2.22044604925031E-16,6.12323399573696E-17,-1.));
#1642=DIRECTION('center_axis',(1.,-6.1232339957366E-17,-2.22044604925031E-16));
#1643=DIRECTION('ref_axis',(-6.12323399573662E-17,-1.,-8.01381030393512E-16));
#1644=DIRECTION('center_axis',(-1.,6.1232339957366E-17,2.22044604925031E-16));
#1645=DIRECTION('ref_axis',(-6.12323399573662E-17,-1.,-8.01381030393512E-16));
#1646=DIRECTION('center_axis',(6.1232339957366E-17,1.,6.12323399573696E-17));
#1647=DIRECTION('ref_axis',(2.22044604925031E-16,-6.12323399573696E-17,
1.));
#1648=DIRECTION('',(-2.22044604925031E-16,6.12323399573696E-17,-1.));
#1649=DIRECTION('center_axis',(1.,-6.1232339957366E-17,-2.22044604925031E-16));
#1650=DIRECTION('ref_axis',(-2.22044604925031E-16,6.12323399573696E-17,
-1.));
#1651=DIRECTION('center_axis',(1.,-6.1232339957366E-17,-2.22044604925031E-16));
#1652=DIRECTION('ref_axis',(-2.22044604925031E-16,6.12323399573696E-17,
-1.));
#1653=DIRECTION('',(0.,0.,1.));
#1654=DIRECTION('',(1.,0.,0.));
#1655=DIRECTION('',(9.92239836099483E-31,-5.4271045345801E-46,-1.));
#1656=DIRECTION('',(6.12323399573692E-17,1.,3.7470027081099E-16));
#1657=CARTESIAN_POINT('',(0.,0.,0.));
#1658=CARTESIAN_POINT('',(0.,0.,0.));
#1659=CARTESIAN_POINT('Origin',(3.,-1.,15.));
#1660=CARTESIAN_POINT('',(3.,-2.55351295663786E-15,11.5));
#1661=CARTESIAN_POINT('Origin',(3.,-3.33066907387547E-15,15.));
#1662=CARTESIAN_POINT('',(3.,-2.,13.5));
#1663=CARTESIAN_POINT('',(3.,-1.,12.5));
#1664=CARTESIAN_POINT('Origin',(3.,-2.,15.));
#1665=CARTESIAN_POINT('Origin',(5.,2.46519032881566E-31,-1.11022302462516E-15));
#1666=CARTESIAN_POINT('',(4.44089209850062E-15,-4.44089209850062E-15,20.));
#1667=CARTESIAN_POINT('',(-6.89018569679533E-15,4.44089209850062E-15,-20.));
#1668=CARTESIAN_POINT('Origin',(0.,0.,0.));
#1669=CARTESIAN_POINT('',(30.,-4.44089209850062E-15,20.));
#1670=CARTESIAN_POINT('',(30.,-4.44089209850062E-15,20.));
#1671=CARTESIAN_POINT('',(30.,4.44089209850063E-15,-20.));
#1672=CARTESIAN_POINT('',(30.,-4.44089209850062E-15,20.));
#1673=CARTESIAN_POINT('',(30.,4.44089209850063E-15,-20.));
#1674=CARTESIAN_POINT('',(3.00000000000169,4.10782668448942E-15,-18.5000067255691));
#1675=CARTESIAN_POINT('Origin',(3.00000000000169,3.33067056725181E-15,-15.0000067255691));
#1676=CARTESIAN_POINT('',(-6.35,2.22044604925033E-16,-1.00000000000001));
#1677=CARTESIAN_POINT('',(-8.75,9.71445146547012E-16,-2.6));
#1678=CARTESIAN_POINT('Origin',(-8.75,-4.31408307542741E-31,1.94289029309402E-15));
#1679=CARTESIAN_POINT('',(-6.35000000000001,1.35447209004269E-15,-6.1));
#1680=CARTESIAN_POINT('',(-6.35000000000001,6.77236045021345E-16,-3.05));
#1681=CARTESIAN_POINT('',(16.65,1.35447209004269E-15,-6.1));
#1682=CARTESIAN_POINT('',(10.825,1.35447209004269E-15,-6.1));
#1683=CARTESIAN_POINT('',(16.65,2.22044604925032E-16,-1.));
#1684=CARTESIAN_POINT('',(16.65,-6.77236045021344E-16,3.05));
#1685=CARTESIAN_POINT('',(19.05,1.52655665885959E-15,-2.6));
#1686=CARTESIAN_POINT('Origin',(19.05,9.39237515278767E-31,-4.22994972382184E-15));
#1687=CARTESIAN_POINT('',(16.65,-2.22044604925031E-16,0.999999999999997));
#1688=CARTESIAN_POINT('Origin',(19.05,9.39237515278767E-31,-4.22994972382184E-15));
#1689=CARTESIAN_POINT('',(16.65,-1.35447209004269E-15,6.1));
#1690=CARTESIAN_POINT('',(16.65,-6.77236045021344E-16,3.05));
#1691=CARTESIAN_POINT('',(-6.35,-1.35447209004269E-15,6.1));
#1692=CARTESIAN_POINT('',(-0.675,-1.35447209004269E-15,6.1));
#1693=CARTESIAN_POINT('',(-6.35,-2.22044604925034E-16,1.00000000000001));
#1694=CARTESIAN_POINT('',(-6.35000000000001,6.77236045021345E-16,-3.05));
#1695=CARTESIAN_POINT('Origin',(-8.75,-4.31408307542741E-31,1.94289029309402E-15));
#1696=CARTESIAN_POINT('Origin',(3.,-4.,15.));
#1697=CARTESIAN_POINT('',(3.,-4.,13.5));
#1698=CARTESIAN_POINT('Origin',(3.,-4.,15.));
#1699=CARTESIAN_POINT('',(3.,-4.,13.5));
#1700=CARTESIAN_POINT('Origin',(3.00000000000169,-0.999999999999997,-15.0000067255691));
#1701=CARTESIAN_POINT('',(3.00000000000169,-2.,-16.5000067255691));
#1702=CARTESIAN_POINT('',(3.00000000000169,-0.999999999999996,-17.5000067255691));
#1703=CARTESIAN_POINT('Origin',(3.00000000000169,-2.,-15.0000067255691));
#1704=CARTESIAN_POINT('Origin',(3.00000000000169,-4.,-15.0000067255691));
#1705=CARTESIAN_POINT('',(3.00000000000169,-4.,-16.5000067255691));
#1706=CARTESIAN_POINT('Origin',(3.00000000000169,-4.,-15.0000067255691));
#1707=CARTESIAN_POINT('',(3.00000000000169,-4.,-16.5000067255691));
#1708=CARTESIAN_POINT('Origin',(0.,-2.,-4.44089209850063E-16));
#1709=CARTESIAN_POINT('',(2.74780198594726E-15,-2.,18.));
#1710=CARTESIAN_POINT('',(-4.9521662244125E-15,-2.,-18.));
#1711=CARTESIAN_POINT('Origin',(0.,-2.,-4.44089209850063E-16));
#1712=CARTESIAN_POINT('',(2.74780198594726E-15,-4.,18.));
#1713=CARTESIAN_POINT('',(2.74780198594726E-15,-2.,18.));
#1714=CARTESIAN_POINT('',(-4.9521662244125E-15,-4.,-18.));
#1715=CARTESIAN_POINT('Origin',(0.,-4.,-8.88178419700125E-16));
#1716=CARTESIAN_POINT('',(-4.9521662244125E-15,-2.,-18.));
#1717=CARTESIAN_POINT('Origin',(-4.02455846426708E-15,-2.,-15.));
#1718=CARTESIAN_POINT('',(3.37930911431327E-12,-2.,-14.9999999999945));
#1719=CARTESIAN_POINT('',(-2.22044604925031E-15,-2.,-7.5));
#1720=CARTESIAN_POINT('',(3.37930911431327E-12,-4.,-14.9999999999945));
#1721=CARTESIAN_POINT('',(-4.02455846426708E-15,-4.,-15.));
#1722=CARTESIAN_POINT('',(3.37930911431327E-12,-2.,-14.9999999999945));
#1723=CARTESIAN_POINT('Origin',(3.00000000000169,-2.,-15.0000067255691));
#1724=CARTESIAN_POINT('',(6.,-2.,-15.));
#1725=CARTESIAN_POINT('Origin',(3.00000000000169,-2.,-15.0000067255691));
#1726=CARTESIAN_POINT('',(6.,-4.,-15.));
#1727=CARTESIAN_POINT('Origin',(3.00000000000169,-4.,-15.0000067255691));
#1728=CARTESIAN_POINT('',(6.,-2.,-15.));
#1729=CARTESIAN_POINT('Origin',(5.99999999999999,-2.,-18.));
#1730=CARTESIAN_POINT('',(5.99999999999999,-2.,-18.));
#1731=CARTESIAN_POINT('',(6.,-2.,-9.));
#1732=CARTESIAN_POINT('',(5.99999999999999,-4.,-18.));
#1733=CARTESIAN_POINT('',(6.,-4.,-15.));
#1734=CARTESIAN_POINT('',(5.99999999999999,-2.,-18.));
#1735=CARTESIAN_POINT('Origin',(28.,-2.,-18.));
#1736=CARTESIAN_POINT('',(28.,-2.,-18.));
#1737=CARTESIAN_POINT('',(16.5,-2.,-18.));
#1738=CARTESIAN_POINT('',(28.,-4.,-18.));
#1739=CARTESIAN_POINT('',(5.99999999999999,-4.,-18.));
#1740=CARTESIAN_POINT('',(28.,-2.,-18.));
#1741=CARTESIAN_POINT('Origin',(28.,-2.,18.));
#1742=CARTESIAN_POINT('',(28.,-2.,18.));
#1743=CARTESIAN_POINT('',(28.,-2.,8.99999999999999));
#1744=CARTESIAN_POINT('',(28.,-4.,18.));
#1745=CARTESIAN_POINT('',(28.,-4.,18.));
#1746=CARTESIAN_POINT('',(28.,-2.,18.));
#1747=CARTESIAN_POINT('Origin',(6.,-2.,18.));
#1748=CARTESIAN_POINT('',(6.,-2.,18.));
#1749=CARTESIAN_POINT('',(5.5,-2.,18.));
#1750=CARTESIAN_POINT('',(6.,-4.,18.));
#1751=CARTESIAN_POINT('',(28.,-4.,18.));
#1752=CARTESIAN_POINT('',(6.,-2.,18.));
#1753=CARTESIAN_POINT('Origin',(5.99999999999999,-2.,15.));
#1754=CARTESIAN_POINT('',(5.99999999999999,-2.,15.));
#1755=CARTESIAN_POINT('',(5.99999999999998,-2.,7.5));
#1756=CARTESIAN_POINT('',(5.99999999999999,-4.,15.));
#1757=CARTESIAN_POINT('',(5.99999999999999,-4.,15.));
#1758=CARTESIAN_POINT('',(5.99999999999999,-2.,15.));
#1759=CARTESIAN_POINT('Origin',(3.,-2.,15.));
#1760=CARTESIAN_POINT('',(2.22044604925031E-15,-2.,15.));
#1761=CARTESIAN_POINT('Origin',(3.,-2.,15.));
#1762=CARTESIAN_POINT('',(2.22044604925031E-15,-4.,15.));
#1763=CARTESIAN_POINT('Origin',(3.,-4.,15.));
#1764=CARTESIAN_POINT('',(2.22044604925031E-15,-2.,15.));
#1765=CARTESIAN_POINT('Origin',(2.74780198594726E-15,-2.,18.));
#1766=CARTESIAN_POINT('',(1.4432899320127E-15,-2.,9.));
#1767=CARTESIAN_POINT('',(2.35922392732845E-15,-4.,15.));
#1768=CARTESIAN_POINT('Origin',(29.,-2.,19.));
#1769=CARTESIAN_POINT('',(4.21884749357559E-15,-2.,19.));
#1770=CARTESIAN_POINT('',(29.,-2.,19.));
#1771=CARTESIAN_POINT('',(17.,-2.,19.));
#1772=CARTESIAN_POINT('',(4.21884749357559E-15,-4.,19.));
#1773=CARTESIAN_POINT('',(4.21884749357559E-15,-2.,19.));
#1774=CARTESIAN_POINT('',(29.,-4.,19.));
#1775=CARTESIAN_POINT('',(29.,-4.,19.));
#1776=CARTESIAN_POINT('',(29.,-2.,19.));
#1777=CARTESIAN_POINT('Origin',(29.,-2.,-19.));
#1778=CARTESIAN_POINT('',(29.,-2.,-19.));
#1779=CARTESIAN_POINT('',(29.,-2.,-9.50000000000001));
#1780=CARTESIAN_POINT('',(29.,-4.,-19.));
#1781=CARTESIAN_POINT('',(29.,-4.,19.));
#1782=CARTESIAN_POINT('',(29.,-2.,-19.));
#1783=CARTESIAN_POINT('Origin',(-6.54567641195557E-15,-2.,-19.));
#1784=CARTESIAN_POINT('',(-6.54567641195557E-15,-2.,-19.));
#1785=CARTESIAN_POINT('',(2.5,-2.,-19.));
#1786=CARTESIAN_POINT('',(-6.54567641195557E-15,-4.,-19.));
#1787=CARTESIAN_POINT('',(-6.54567641195557E-15,-4.,-19.));
#1788=CARTESIAN_POINT('',(-6.54567641195557E-15,-2.,-19.));
#1789=CARTESIAN_POINT('Origin',(0.,-2.,-4.44089209850063E-16));
#1790=CARTESIAN_POINT('Origin',(0.,-2.,-4.44089209850063E-16));
#1791=CARTESIAN_POINT('Origin',(0.,-4.,-8.88178419700125E-16));
#1792=CARTESIAN_POINT('Origin',(5.,-4.,-1.99840144432528E-15));
#1793=CARTESIAN_POINT('Origin',(5.,-2.,-1.55431223447522E-15));
#1794=CARTESIAN_POINT('',(4.44089209850062E-15,-2.,20.));
#1795=CARTESIAN_POINT('',(-6.89018569679533E-15,-2.,-20.));
#1796=CARTESIAN_POINT('Origin',(0.,-2.,-4.44089209850063E-16));
#1797=CARTESIAN_POINT('',(30.,-2.,-20.));
#1798=CARTESIAN_POINT('',(30.,-2.,-20.));
#1799=CARTESIAN_POINT('',(30.,-2.,20.));
#1800=CARTESIAN_POINT('',(30.,-2.,20.));
#1801=CARTESIAN_POINT('',(30.,-2.,20.));
#1802=CARTESIAN_POINT('Origin',(-8.75,-0.75,1.77635683940025E-15));
#1803=CARTESIAN_POINT('Ctrl Pts',(-6.35,-2.22044604925034E-16,1.00000000000001));
#1804=CARTESIAN_POINT('Ctrl Pts',(-6.35,-0.384615384615393,1.32458147014894E-15));
#1805=CARTESIAN_POINT('Ctrl Pts',(-6.35,2.22044604925033E-16,-1.00000000000001));
#1806=CARTESIAN_POINT('',(-8.75,-1.5,-1.1));
#1807=CARTESIAN_POINT('',(-8.75,-0.75,-1.85));
#1808=CARTESIAN_POINT('Origin',(-8.75,-1.5,1.60982338570648E-15));
#1809=CARTESIAN_POINT('Origin',(-6.35000000000001,-2.,-6.1));
#1810=CARTESIAN_POINT('',(-6.35,-2.,6.1));
#1811=CARTESIAN_POINT('',(-6.35,-2.,6.1));
#1812=CARTESIAN_POINT('',(-6.35000000000001,-2.,-6.1));
#1813=CARTESIAN_POINT('',(-6.35000000000001,-2.,-3.05));
#1814=CARTESIAN_POINT('',(-6.35000000000001,-2.,-6.1));
#1815=CARTESIAN_POINT('Origin',(-8.75,-2.,1.49880108324396E-15));
#1816=CARTESIAN_POINT('',(-8.75,-2.,-1.1));
#1817=CARTESIAN_POINT('Origin',(-8.75,-2.,1.49880108324396E-15));
#1818=CARTESIAN_POINT('',(-8.75,-2.,-1.1));
#1819=CARTESIAN_POINT('Origin',(19.05,-0.75,-4.39648317751562E-15));
#1820=CARTESIAN_POINT('Ctrl Pts',(16.65,-3.33066907387548E-16,-0.999999999999995));
#1821=CARTESIAN_POINT('Ctrl Pts',(16.65,-0.384615384615379,-3.78244444312678E-15));
#1822=CARTESIAN_POINT('Ctrl Pts',(16.65,-7.77156117237607E-16,0.999999999999988));
#1823=CARTESIAN_POINT('',(19.05,-1.5,-1.1));
#1824=CARTESIAN_POINT('',(19.05,-0.75,-1.85));
#1825=CARTESIAN_POINT('Origin',(19.05,-1.5,-4.56301663120939E-15));
#1826=CARTESIAN_POINT('Origin',(16.65,-2.,6.1));
#1827=CARTESIAN_POINT('',(16.65,-2.,-6.1));
#1828=CARTESIAN_POINT('',(16.65,-2.,-6.1));
#1829=CARTESIAN_POINT('',(16.65,-2.,6.1));
#1830=CARTESIAN_POINT('',(16.65,-2.,3.05));
#1831=CARTESIAN_POINT('',(16.65,-2.,6.1));
#1832=CARTESIAN_POINT('Origin',(19.05,-2.,-4.67403893367191E-15));
#1833=CARTESIAN_POINT('',(19.05,-2.,-1.1));
#1834=CARTESIAN_POINT('Origin',(19.05,-2.,-4.67403893367191E-15));
#1835=CARTESIAN_POINT('',(19.05,-2.,-1.1));
#1836=CARTESIAN_POINT('Origin',(16.65,-2.,-6.1));
#1837=CARTESIAN_POINT('',(10.825,-2.,-6.1));
#1838=CARTESIAN_POINT('Origin',(-6.35,-2.,6.1));
#1839=CARTESIAN_POINT('',(-0.675,-2.,6.1));
#1840=CARTESIAN_POINT('Origin',(30.,-4.44089209850062E-15,20.));
#1841=CARTESIAN_POINT('',(4.44089209850062E-15,-4.44089209850062E-15,20.));
#1842=CARTESIAN_POINT('',(30.,-4.44089209850062E-15,20.));
#1843=CARTESIAN_POINT('Origin',(30.,4.44089209850063E-15,-20.));
#1844=CARTESIAN_POINT('',(30.,4.44089209850063E-15,-20.));
#1845=CARTESIAN_POINT('Origin',(-4.44089209850062E-15,4.44089209850062E-15,
-20.));
#1846=CARTESIAN_POINT('',(-6.89018569679533E-15,4.44089209850062E-15,-20.));
#1847=CARTESIAN_POINT('Origin',(0.,0.,0.));
#1848=CARTESIAN_POINT('Origin',(5.,-2.,-1.55431223447522E-15));
#1849=CARTESIAN_POINT('',(0.,0.,0.));
#1850=CARTESIAN_POINT('Origin',(-19.9999932744309,30.,30.0000067255692));
#1851=CARTESIAN_POINT('',(-19.9999932744309,30.,28.5000067255692));
#1852=CARTESIAN_POINT('Origin',(-19.9999932744309,30.,30.0000067255692));
#1853=CARTESIAN_POINT('',(-19.9999932744309,29.,28.5000067255692));
#1854=CARTESIAN_POINT('',(-19.9999932744309,30.,28.5000067255692));
#1855=CARTESIAN_POINT('Origin',(-19.9999932744309,29.,30.0000067255692));
#1856=CARTESIAN_POINT('Origin',(-9.9999932744309,30.,30.0000067255691));
#1857=CARTESIAN_POINT('',(-9.9999932744309,30.,28.5000067255691));
#1858=CARTESIAN_POINT('Origin',(-9.9999932744309,30.,30.0000067255691));
#1859=CARTESIAN_POINT('',(-9.9999932744309,29.,28.5000067255691));
#1860=CARTESIAN_POINT('',(-9.9999932744309,30.,28.5000067255691));
#1861=CARTESIAN_POINT('Origin',(-9.9999932744309,29.,30.0000067255691));
#1862=CARTESIAN_POINT('Origin',(-14.9999932744309,1.02440519373353E-15,
30.0000067255691));
#1863=CARTESIAN_POINT('',(-14.9999932744309,-18.3303027798234,25.0000067255691));
#1864=CARTESIAN_POINT('',(-14.9999932744309,-18.3303027798234,35.0000067255691));
#1865=CARTESIAN_POINT('Ctrl Pts',(-14.9999932744309,-18.3303027798234,25.0000067255691));
#1866=CARTESIAN_POINT('Ctrl Pts',(-14.3689123527461,-18.3303027798234,25.0000067255691));
#1867=CARTESIAN_POINT('Ctrl Pts',(-13.6979220638188,-18.3662921540091,25.1267392832748));
#1868=CARTESIAN_POINT('Ctrl Pts',(-12.4669796887529,-18.4943626881766,25.6379006180135));
#1869=CARTESIAN_POINT('Ctrl Pts',(-11.9067525481973,-18.5843894586214,26.0221796399373));
#1870=CARTESIAN_POINT('Ctrl Pts',(-11.0222426164286,-18.751905472053,26.906689571706));
#1871=CARTESIAN_POINT('Ctrl Pts',(-10.6379040993897,-18.8405516971287,27.4669483549192));
#1872=CARTESIAN_POINT('Ctrl Pts',(-10.1266992206019,-18.9654306784703,28.6980036083284));
#1873=CARTESIAN_POINT('Ctrl Pts',(-9.9999932744309,-19.,29.369034853766));
#1874=CARTESIAN_POINT('Ctrl Pts',(-9.9999932744309,-19.,30.6309785973723));
#1875=CARTESIAN_POINT('Ctrl Pts',(-10.1266992206019,-18.9654306784703,31.3020098428099));
#1876=CARTESIAN_POINT('Ctrl Pts',(-10.6379040993897,-18.8405516971287,32.5330650962191));
#1877=CARTESIAN_POINT('Ctrl Pts',(-11.0222426164286,-18.751905472053,33.0933238794323));
#1878=CARTESIAN_POINT('Ctrl Pts',(-11.9067525481973,-18.5843894586214,33.977833811201));
#1879=CARTESIAN_POINT('Ctrl Pts',(-12.4669796887529,-18.4943626881766,34.3621128331248));
#1880=CARTESIAN_POINT('Ctrl Pts',(-13.6979220638188,-18.3662921540091,34.8732741678634));
#1881=CARTESIAN_POINT('Ctrl Pts',(-14.3689123527461,-18.3303027798234,35.0000067255691));
#1882=CARTESIAN_POINT('Ctrl Pts',(-14.9999932744309,-18.3303027798234,35.0000067255691));
#1883=CARTESIAN_POINT('Ctrl Pts',(-14.9999932744309,-18.3303027798234,35.0000067255691));
#1884=CARTESIAN_POINT('Ctrl Pts',(-15.6310741961157,-18.3303027798234,35.0000067255691));
#1885=CARTESIAN_POINT('Ctrl Pts',(-16.302064485043,-18.3662921540091,34.8732741678634));
#1886=CARTESIAN_POINT('Ctrl Pts',(-17.5330068601089,-18.4943626881766,34.3621128331248));
#1887=CARTESIAN_POINT('Ctrl Pts',(-18.0932340006645,-18.5843894586214,33.977833811201));
#1888=CARTESIAN_POINT('Ctrl Pts',(-18.9777439324332,-18.751905472053,33.0933238794323));
#1889=CARTESIAN_POINT('Ctrl Pts',(-19.3620824494721,-18.8405516971287,32.5330650962191));
#1890=CARTESIAN_POINT('Ctrl Pts',(-19.8732873282599,-18.9654306784703,31.3020098428099));
#1891=CARTESIAN_POINT('Ctrl Pts',(-19.9999932744309,-19.,30.6309785973723));
#1892=CARTESIAN_POINT('Ctrl Pts',(-19.9999932744309,-19.,29.369034853766));
#1893=CARTESIAN_POINT('Ctrl Pts',(-19.8732873282599,-18.9654306784703,28.6980036083284));
#1894=CARTESIAN_POINT('Ctrl Pts',(-19.3620824494721,-18.8405516971287,27.4669483549192));
#1895=CARTESIAN_POINT('Ctrl Pts',(-18.9777439324332,-18.751905472053,26.906689571706));
#1896=CARTESIAN_POINT('Ctrl Pts',(-18.0932340006645,-18.5843894586214,26.0221796399373));
#1897=CARTESIAN_POINT('Ctrl Pts',(-17.5330068601089,-18.4943626881766,25.6379006180135));
#1898=CARTESIAN_POINT('Ctrl Pts',(-16.302064485043,-18.3662921540091,25.1267392832748));
#1899=CARTESIAN_POINT('Ctrl Pts',(-15.6310741961157,-18.3303027798234,25.0000067255691));
#1900=CARTESIAN_POINT('Ctrl Pts',(-14.9999932744309,-18.3303027798234,25.0000067255691));
#1901=CARTESIAN_POINT('',(-14.9999932744309,-19.3649167310371,35.0000067255691));
#1902=CARTESIAN_POINT('',(-14.9999932744309,7.18243493946686E-16,35.0000067255691));
#1903=CARTESIAN_POINT('',(-14.9999932744309,-19.3649167310371,25.0000067255691));
#1904=CARTESIAN_POINT('Ctrl Pts',(-14.9999932744309,-19.3649167310371,25.0000067255691));
#1905=CARTESIAN_POINT('Ctrl Pts',(-15.6307403278229,-19.3649167310371,25.0000067255691));
#1906=CARTESIAN_POINT('Ctrl Pts',(-16.3016018144834,-19.3989431732842,25.1266114551194));
#1907=CARTESIAN_POINT('Ctrl Pts',(-17.5326466995831,-19.5202238889465,25.6376867999885));
#1908=CARTESIAN_POINT('Ctrl Pts',(-18.0930755471673,-19.6055530258171,26.0220211864401));
#1909=CARTESIAN_POINT('Ctrl Pts',(-18.9779169509387,-19.7644752333872,26.9068625902115));
#1910=CARTESIAN_POINT('Ctrl Pts',(-19.3622995709673,-19.8486251890168,27.4673172025589));
#1911=CARTESIAN_POINT('Ctrl Pts',(-19.8734101295812,-19.9671830048978,28.6984534464867));
#1912=CARTESIAN_POINT('Ctrl Pts',(-19.9999932744309,-20.,29.369347861853));
#1913=CARTESIAN_POINT('Ctrl Pts',(-19.9999932744309,-20.,30.6306655892853));
#1914=CARTESIAN_POINT('Ctrl Pts',(-19.8734101295812,-19.9671830048978,31.3015600046516));
#1915=CARTESIAN_POINT('Ctrl Pts',(-19.3622995709673,-19.8486251890168,32.5326962485794));
#1916=CARTESIAN_POINT('Ctrl Pts',(-18.9779169509387,-19.7644752333872,33.0931508609268));
#1917=CARTESIAN_POINT('Ctrl Pts',(-18.0930755471673,-19.6055530258171,33.9779922646982));
#1918=CARTESIAN_POINT('Ctrl Pts',(-17.5326466995831,-19.5202238889465,34.3623266511498));
#1919=CARTESIAN_POINT('Ctrl Pts',(-16.3016018144834,-19.3989431732842,34.8734019960189));
#1920=CARTESIAN_POINT('Ctrl Pts',(-15.6307403278229,-19.3649167310371,35.0000067255691));
#1921=CARTESIAN_POINT('Ctrl Pts',(-14.9999932744309,-19.3649167310371,35.0000067255691));
#1922=CARTESIAN_POINT('Ctrl Pts',(-14.9999932744309,-19.3649167310371,35.0000067255691));
#1923=CARTESIAN_POINT('Ctrl Pts',(-14.3692462210389,-19.3649167310371,35.0000067255691));
#1924=CARTESIAN_POINT('Ctrl Pts',(-13.6983847343784,-19.3989431732842,34.8734019960189));
#1925=CARTESIAN_POINT('Ctrl Pts',(-12.4673398492787,-19.5202238889465,34.3623266511498));
#1926=CARTESIAN_POINT('Ctrl Pts',(-11.9069110016945,-19.6055530258171,33.9779922646982));
#1927=CARTESIAN_POINT('Ctrl Pts',(-11.0220695979231,-19.7644752333872,33.0931508609268));
#1928=CARTESIAN_POINT('Ctrl Pts',(-10.6376869778945,-19.8486251890168,32.5326962485794));
#1929=CARTESIAN_POINT('Ctrl Pts',(-10.1265764192806,-19.9671830048978,31.3015600046516));
#1930=CARTESIAN_POINT('Ctrl Pts',(-9.9999932744309,-20.,30.6306655892853));
#1931=CARTESIAN_POINT('Ctrl Pts',(-9.9999932744309,-20.,29.369347861853));
#1932=CARTESIAN_POINT('Ctrl Pts',(-10.1265764192806,-19.9671830048978,28.6984534464867));
#1933=CARTESIAN_POINT('Ctrl Pts',(-10.6376869778945,-19.8486251890168,27.4673172025589));
#1934=CARTESIAN_POINT('Ctrl Pts',(-11.0220695979231,-19.7644752333872,26.9068625902115));
#1935=CARTESIAN_POINT('Ctrl Pts',(-11.9069110016945,-19.6055530258171,26.0220211864401));
#1936=CARTESIAN_POINT('Ctrl Pts',(-12.4673398492787,-19.5202238889465,25.6376867999885));
#1937=CARTESIAN_POINT('Ctrl Pts',(-13.6983847343784,-19.3989431732842,25.1266114551194));
#1938=CARTESIAN_POINT('Ctrl Pts',(-14.3692462210389,-19.3649167310371,25.0000067255691));
#1939=CARTESIAN_POINT('Ctrl Pts',(-14.9999932744309,-19.3649167310371,25.0000067255691));
#1940=CARTESIAN_POINT('Origin',(-27.9999932744309,2.5,12.0000067255692));
#1941=CARTESIAN_POINT('',(-29.9999932744309,30.,12.0000067255692));
#1942=CARTESIAN_POINT('',(-27.9999932744309,30.,10.0000067255692));
#1943=CARTESIAN_POINT('Origin',(-27.9999932744309,30.,12.0000067255692));
#1944=CARTESIAN_POINT('',(-27.9999932744309,5.95778814031978E-16,10.0000067255692));
#1945=CARTESIAN_POINT('',(-27.9999932744309,2.5,10.0000067255692));
#1946=CARTESIAN_POINT('',(-29.9999932744309,8.24626363076364E-16,12.0000067255692));
#1947=CARTESIAN_POINT('Origin',(-27.9999932744309,7.02161683161632E-16,
12.0000067255692));
#1948=CARTESIAN_POINT('',(-29.9999932744309,2.5,12.0000067255692));
#1949=CARTESIAN_POINT('Origin',(-27.9999932744309,1.82042561317929E-15,
30.0000067255692));
#1950=CARTESIAN_POINT('',(-27.9999932744309,5.957788140319E-16,50.0000067255692));
#1951=CARTESIAN_POINT('',(-29.9999932744309,8.40708173861371E-16,48.0000067255692));
#1952=CARTESIAN_POINT('Origin',(-27.9999932744309,7.18243493946639E-16,
48.0000067255692));
#1953=CARTESIAN_POINT('Origin',(-29.9999932744309,1.94289029309402E-15,
30.0000067255692));
#1954=CARTESIAN_POINT('Origin',(-27.9999932744309,1.82042561317929E-15,
30.0000067255692));
#1955=CARTESIAN_POINT('Origin',(-27.9999932744309,17.5,48.0000067255692));
#1956=CARTESIAN_POINT('',(-27.9999932744309,30.,50.0000067255692));
#1957=CARTESIAN_POINT('',(-29.9999932744309,30.,48.0000067255692));
#1958=CARTESIAN_POINT('Origin',(-27.9999932744309,30.,48.0000067255692));
#1959=CARTESIAN_POINT('',(-29.9999932744309,17.5,48.0000067255692));
#1960=CARTESIAN_POINT('',(-27.9999932744309,17.5,50.0000067255692));
#1961=CARTESIAN_POINT('Origin',(-29.9999932744309,30.,50.0000067255692));
#1962=CARTESIAN_POINT('',(-1.99999327443089,-9.96262024859616E-16,50.0000067255691));
#1963=CARTESIAN_POINT('',(-29.9999932744309,7.18243493946632E-16,50.0000067255692));
#1964=CARTESIAN_POINT('',(-1.99999327443089,30.,50.0000067255691));
#1965=CARTESIAN_POINT('',(-1.99999327443089,30.,50.0000067255691));
#1966=CARTESIAN_POINT('',(-29.9999932744309,30.,50.0000067255692));
#1967=CARTESIAN_POINT('Origin',(-29.9999932744309,1.94289029309402E-15,
30.0000067255692));
#1968=CARTESIAN_POINT('',(-1.9999932744309,-9.96262024859538E-16,10.0000067255691));
#1969=CARTESIAN_POINT('',(-29.9999932744309,7.1824349394671E-16,10.0000067255692));
#1970=CARTESIAN_POINT('Origin',(-1.9999932744309,2.28384774287776E-16,30.0000067255691));
#1971=CARTESIAN_POINT('Origin',(-29.9999932744309,3.16753709224142E-15,
10.0000067255692));
#1972=CARTESIAN_POINT('',(-1.9999932744309,30.,10.0000067255691));
#1973=CARTESIAN_POINT('',(-29.9999932744309,30.,10.0000067255692));
#1974=CARTESIAN_POINT('',(-1.9999932744309,1.45303157343517E-15,10.0000067255691));
#1975=CARTESIAN_POINT('Origin',(-3.99999327443089,3.,45.0000067255691));
#1976=CARTESIAN_POINT('',(-3.99999327443089,3.,43.5500067255691));
#1977=CARTESIAN_POINT('Origin',(-3.99999327443089,3.,45.0000067255691));
#1978=CARTESIAN_POINT('',(-8.99999327443089,3.,43.5500067255691));
#1979=CARTESIAN_POINT('',(-3.99999327443089,3.,43.5500067255691));
#1980=CARTESIAN_POINT('Origin',(-8.99999327443089,3.,45.0000067255692));
#1981=CARTESIAN_POINT('Origin',(-8.99999327443089,3.,45.0000067255692));
#1982=CARTESIAN_POINT('Origin',(-3.9999932744309,3.,15.0000067255691));
#1983=CARTESIAN_POINT('',(-3.9999932744309,3.,13.5500067255691));
#1984=CARTESIAN_POINT('Origin',(-3.9999932744309,3.,15.0000067255691));
#1985=CARTESIAN_POINT('',(-8.9999932744309,3.,13.5500067255691));
#1986=CARTESIAN_POINT('',(-3.9999932744309,3.,13.5500067255691));
#1987=CARTESIAN_POINT('Origin',(-8.9999932744309,3.,15.0000067255691));
#1988=CARTESIAN_POINT('Origin',(-8.9999932744309,3.,15.0000067255691));
#1989=CARTESIAN_POINT('Origin',(-3.99999327443089,3.,45.5000067404703));
#1990=CARTESIAN_POINT('',(-3.99999327443089,2.98022753898525E-8,49.0000067255691));
#1991=CARTESIAN_POINT('',(-3.99999327443089,5.99999997019772,49.0000067255642));
#1992=CARTESIAN_POINT('',(-3.99999327443089,5.99999997019772,49.0000067255642));
#1993=CARTESIAN_POINT('',(-3.99999327443089,2.98022756347818E-8,45.0000067255691));
#1994=CARTESIAN_POINT('',(-3.99999327443089,2.98022749418976E-8,47.2500067330197));
#1995=CARTESIAN_POINT('',(-3.99999327443089,5.99999997019772,45.0000067255692));
#1996=CARTESIAN_POINT('Origin',(-3.99999327443089,3.,45.0000067255691));
#1997=CARTESIAN_POINT('',(-3.99999327443089,5.99999997019772,45.2500067330197));
#1998=CARTESIAN_POINT('Origin',(-3.9999932744309,3.,14.5000054000952));
#1999=CARTESIAN_POINT('',(-3.9999932744309,2.65094785805532E-6,15.0000067255691));
#2000=CARTESIAN_POINT('',(-3.9999932744309,5.99999734905215,15.0000067255691));
#2001=CARTESIAN_POINT('Origin',(-3.9999932744309,3.,15.0000067255691));
#2002=CARTESIAN_POINT('',(-3.9999932744309,2.65094785385936E-6,11.0000067255693));
#2003=CARTESIAN_POINT('',(-3.9999932744309,2.65094785335219E-6,14.7500060628323));
#2004=CARTESIAN_POINT('',(-3.9999932744309,5.99999734905215,11.0000067255691));
#2005=CARTESIAN_POINT('',(-3.9999932744309,5.99999734905215,11.0000067255691));
#2006=CARTESIAN_POINT('',(-3.9999932744309,5.99999734905215,12.7500060628322));
#2007=CARTESIAN_POINT('Origin',(-1.9999932744309,5.,30.0000067255691));
#2008=CARTESIAN_POINT('',(-1.99999327443089,30.,50.0000067255691));
#2009=CARTESIAN_POINT('',(-1.99999327443089,2.98022747122763E-8,49.0000067255691));
#2010=CARTESIAN_POINT('',(-1.99999327443089,29.,49.0000067255655));
#2011=CARTESIAN_POINT('',(-1.99999327443089,2.50000001490896,49.0000067255671));
#2012=CARTESIAN_POINT('',(-1.9999932744309,29.,11.0000067255692));
#2013=CARTESIAN_POINT('',(-1.99999327443089,29.,49.0000067255655));
#2014=CARTESIAN_POINT('',(-1.9999932744309,2.65094785276545E-6,11.0000067255693));
#2015=CARTESIAN_POINT('',(-1.9999932744309,5.99999734905215,11.0000067255691));
#2016=CARTESIAN_POINT('Origin',(-1.9999932744309,2.28384774287776E-16,30.0000067255691));
#2017=CARTESIAN_POINT('Origin',(-27.9999932744309,2.65094785466768E-6,15.0000067255693));
#2018=CARTESIAN_POINT('',(-27.9999932744309,2.65094785466768E-6,15.0000067255693));
#2019=CARTESIAN_POINT('',(-27.9999932744309,2.65094785466768E-6,15.0000067255693));
#2020=CARTESIAN_POINT('',(-27.9999932744309,2.65094785435749E-6,11.0000067255693));
#2021=CARTESIAN_POINT('',(-27.9999932744309,2.65094785545743E-6,22.5000067255692));
#2022=CARTESIAN_POINT('',(-27.9999932744309,2.65094785435749E-6,11.0000067255693));
#2023=CARTESIAN_POINT('Origin',(-27.9999932744309,3.,15.0000067255692));
#2024=CARTESIAN_POINT('',(-27.9999932744309,5.99999734905215,15.0000067255692));
#2025=CARTESIAN_POINT('',(-27.9999932744309,5.99999734905215,15.0000067255692));
#2026=CARTESIAN_POINT('Origin',(-27.9999932744309,3.,15.0000067255692));
#2027=CARTESIAN_POINT('Origin',(-27.9999932744309,2.98022763043171E-8,49.0000067255692));
#2028=CARTESIAN_POINT('',(-27.9999932744309,2.98022763043171E-8,49.0000067255692));
#2029=CARTESIAN_POINT('',(-27.9999932744309,2.98022763043171E-8,49.0000067255692));
#2030=CARTESIAN_POINT('',(-27.9999932744309,2.98022765492465E-8,45.0000067255692));
#2031=CARTESIAN_POINT('',(-27.9999932744309,2.98022766084686E-8,39.5000067255692));
#2032=CARTESIAN_POINT('',(-27.9999932744309,2.98022765492465E-8,45.0000067255692));
#2033=CARTESIAN_POINT('Origin',(-27.9999932744309,1.82042561317929E-15,
30.0000067255692));
#2034=CARTESIAN_POINT('Origin',(-27.9999932744309,1.82042561317929E-15,
30.0000067255692));
#2035=CARTESIAN_POINT('',(-27.9999932744309,2.98022763043171E-8,49.0000067255692));
#2036=CARTESIAN_POINT('',(-27.9999932744309,2.65094785435749E-6,11.0000067255693));
#2037=CARTESIAN_POINT('Origin',(-27.9999932744309,5.99999734905215,11.0000067255692));
#2038=CARTESIAN_POINT('',(-27.9999932744309,5.99999734905215,11.0000067255692));
#2039=CARTESIAN_POINT('',(-27.9999932744309,5.99999734905215,11.0000067255692));
#2040=CARTESIAN_POINT('',(-27.9999932744309,5.99999734905215,20.5000067255692));
#2041=CARTESIAN_POINT('Origin',(-27.9999932744309,29.,11.0000067255692));
#2042=CARTESIAN_POINT('',(-27.9999932744309,29.,11.0000067255692));
#2043=CARTESIAN_POINT('',(-27.9999932744309,17.,11.0000067255692));
#2044=CARTESIAN_POINT('',(-27.9999932744309,29.,11.0000067255692));
#2045=CARTESIAN_POINT('Origin',(-27.9999932744309,29.,49.0000067255655));
#2046=CARTESIAN_POINT('',(-27.9999932744309,29.,49.0000067255655));
#2047=CARTESIAN_POINT('',(-27.9999932744309,29.,39.5000067255673));
#2048=CARTESIAN_POINT('',(-27.9999932744309,29.,49.0000067255655));
#2049=CARTESIAN_POINT('Origin',(-27.9999932744309,5.99999997019773,49.0000067255642));
#2050=CARTESIAN_POINT('',(-27.9999932744309,5.99999997019773,49.0000067255642));
#2051=CARTESIAN_POINT('',(-27.9999932744309,5.49999998509833,49.0000067255642));
#2052=CARTESIAN_POINT('',(-27.9999932744309,5.99999997019773,49.0000067255642));
#2053=CARTESIAN_POINT('Origin',(-27.9999932744309,5.99999997019773,45.0000067255692));
#2054=CARTESIAN_POINT('',(-27.9999932744309,5.99999997019773,45.0000067255692));
#2055=CARTESIAN_POINT('',(-27.9999932744309,5.99999997019773,45.0000067255692));
#2056=CARTESIAN_POINT('',(-27.9999932744309,5.99999997019773,37.5000067255692));
#2057=CARTESIAN_POINT('Origin',(-27.9999932744309,3.,45.0000067255692));
#2058=CARTESIAN_POINT('Origin',(-27.9999932744309,3.,45.0000067255692));
#2059=CARTESIAN_POINT('Origin',(-29.9999932744309,30.,10.0000067255692));
#2060=CARTESIAN_POINT('',(-29.9999932744309,30.,50.0000067255692));
#2061=CARTESIAN_POINT('Origin',(-27.9999932744309,5.,30.0000067255692));
#2062=CARTESIAN_POINT('Origin',(-29.9999932744309,5.,30.0000067255692));
#2063=CARTESIAN_POINT('',(0.,0.,0.));
#2064=CARTESIAN_POINT('',(1.68531855138099E-12,-6.72556912606481E-6,30.));
#2065=UNCERTAINTY_MEASURE_WITH_UNIT(LENGTH_MEASURE(0.01),#2073,
'DISTANCE_ACCURACY_VALUE',
'Maximum model space distance between geometric entities at asserted c
onnectivities');
#2066=UNCERTAINTY_MEASURE_WITH_UNIT(LENGTH_MEASURE(0.01),#2073,
'DISTANCE_ACCURACY_VALUE',
'Maximum model space distance between geometric entities at asserted c
onnectivities');
#2067=UNCERTAINTY_MEASURE_WITH_UNIT(LENGTH_MEASURE(0.01),#2073,
'DISTANCE_ACCURACY_VALUE',
'Maximum model space distance between geometric entities at asserted c
onnectivities');
#2068=UNCERTAINTY_MEASURE_WITH_UNIT(LENGTH_MEASURE(0.01),#2073,
'DISTANCE_ACCURACY_VALUE',
'Maximum model space distance between geometric entities at asserted c
onnectivities');
#2069=(
GEOMETRIC_REPRESENTATION_CONTEXT(3)
GLOBAL_UNCERTAINTY_ASSIGNED_CONTEXT((#2065))
GLOBAL_UNIT_ASSIGNED_CONTEXT((#2073,#2075,#2076))
REPRESENTATION_CONTEXT('','3D')
);
#2070=(
GEOMETRIC_REPRESENTATION_CONTEXT(3)
GLOBAL_UNCERTAINTY_ASSIGNED_CONTEXT((#2066))
GLOBAL_UNIT_ASSIGNED_CONTEXT((#2073,#2075,#2076))
REPRESENTATION_CONTEXT('','3D')
);
#2071=(
GEOMETRIC_REPRESENTATION_CONTEXT(3)
GLOBAL_UNCERTAINTY_ASSIGNED_CONTEXT((#2067))
GLOBAL_UNIT_ASSIGNED_CONTEXT((#2073,#2075,#2076))
REPRESENTATION_CONTEXT('','3D')
);
#2072=(
GEOMETRIC_REPRESENTATION_CONTEXT(3)
GLOBAL_UNCERTAINTY_ASSIGNED_CONTEXT((#2068))
GLOBAL_UNIT_ASSIGNED_CONTEXT((#2073,#2075,#2076))
REPRESENTATION_CONTEXT('','3D')
);
#2073=(
LENGTH_UNIT()
NAMED_UNIT(*)
SI_UNIT(.MILLI.,.METRE.)
);
#2074=(
LENGTH_UNIT()
NAMED_UNIT(*)
SI_UNIT($,.METRE.)
);
#2075=(
NAMED_UNIT(*)
PLANE_ANGLE_UNIT()
SI_UNIT($,.RADIAN.)
);
#2076=(
NAMED_UNIT(*)
SI_UNIT($,.STERADIAN.)
SOLID_ANGLE_UNIT()
);
#2077=SHAPE_DEFINITION_REPRESENTATION(#2080,#2085);
#2078=SHAPE_DEFINITION_REPRESENTATION(#2081,#2086);
#2079=SHAPE_DEFINITION_REPRESENTATION(#2082,#2087);
#2080=PRODUCT_DEFINITION_SHAPE('',$,#2089);
#2081=PRODUCT_DEFINITION_SHAPE('',$,#2090);
#2082=PRODUCT_DEFINITION_SHAPE('',$,#2091);
#2083=PRODUCT_DEFINITION_SHAPE($,$,#17);
#2084=PRODUCT_DEFINITION_SHAPE($,$,#18);
#2085=SHAPE_REPRESENTATION('',(#1207,#1318,#1319),#2069);
#2086=SHAPE_REPRESENTATION('',(#1208),#2070);
#2087=SHAPE_REPRESENTATION('',(#1267),#2071);
#2088=PRODUCT_DEFINITION_CONTEXT('part definition',#2099,'design');
#2089=PRODUCT_DEFINITION('(\X2\C800C7A5B418C9C0\X0\ \X2\C54AC74C\X0\)',
'(\X2\C800C7A5B418C9C0\X0\ \X2\C54AC74C\X0\)',#2092,#2088);
#2090=PRODUCT_DEFINITION('TRARM02_Link4A_30x40x2 v1',
'TRARM02_Link4A_30x40x2 v1',#2093,#2088);
#2091=PRODUCT_DEFINITION('TRARM02_Link4B_30x40x28 v1',
'TRARM02_Link4B_30x40x28 v1',#2094,#2088);
#2092=PRODUCT_DEFINITION_FORMATION('',$,#2101);
#2093=PRODUCT_DEFINITION_FORMATION('',$,#2102);
#2094=PRODUCT_DEFINITION_FORMATION('',$,#2103);
#2095=PRODUCT_RELATED_PRODUCT_CATEGORY('(\X2\C800C7A5B418C9C0\X0\ \X2\C54AC74C\X0\)',
'(\X2\C800C7A5B418C9C0\X0\ \X2\C54AC74C\X0\)',(#2101));
#2096=PRODUCT_RELATED_PRODUCT_CATEGORY('TRARM02_Link4A_30x40x2 v1',
'TRARM02_Link4A_30x40x2 v1',(#2102));
#2097=PRODUCT_RELATED_PRODUCT_CATEGORY('TRARM02_Link4B_30x40x28 v1',
'TRARM02_Link4B_30x40x28 v1',(#2103));
#2098=APPLICATION_PROTOCOL_DEFINITION('international standard',
'automotive_design',2009,#2099);
#2099=APPLICATION_CONTEXT(
'Core Data for Automotive Mechanical Design Process');
#2100=PRODUCT_CONTEXT('part definition',#2099,'mechanical');
#2101=PRODUCT('(\X2\C800C7A5B418C9C0\X0\ \X2\C54AC74C\X0\)',
'(\X2\C800C7A5B418C9C0\X0\ \X2\C54AC74C\X0\)',$,(#2100));
#2102=PRODUCT('TRARM02_Link4A_30x40x2 v1','TRARM02_Link4A_30x40x2 v1',$,
(#2100));
#2103=PRODUCT('TRARM02_Link4B_30x40x28 v1','TRARM02_Link4B_30x40x28 v1',
$,(#2100));
#2104=PRESENTATION_STYLE_ASSIGNMENT((#2105));
#2105=SURFACE_STYLE_USAGE(.BOTH.,#2106);
#2106=SURFACE_SIDE_STYLE('',(#2107));
#2107=SURFACE_STYLE_FILL_AREA(#2108);
#2108=FILL_AREA_STYLE('\X2\AC15CCA0\X0\ - \X2\C0C8D2F4\X0\',(#2109));
#2109=FILL_AREA_STYLE_COLOUR('\X2\AC15CCA0\X0\ - \X2\C0C8D2F4\X0\',#2110);
#2110=COLOUR_RGB('\X2\AC15CCA0\X0\ - \X2\C0C8D2F4\X0\',0.627450980392157,
0.627450980392157,0.627450980392157);
ENDSEC;
END-ISO-10303-21;
