ISO-10303-21;
HEADER;
/* Generated by software containing ST-Developer
 * from STEP Tools, Inc. (www.steptools.com) 
 */

FILE_DESCRIPTION(
/* description */ (''),
/* implementation_level */ '2;1');

FILE_NAME(
/* name */ 'TRARM02_Link2A_100x50x2.step',
/* time_stamp */ '2026-06-11T09:09:53+09:00',
/* author */ (''),
/* organization */ (''),
/* preprocessor_version */ 'ST-DEVELOPER v20.1',
/* originating_system */ 'Autodesk Translation Framework v15.8.0.0',
/* authorisation */ '');

FILE_SCHEMA (('AUTOMOTIVE_DESIGN { 1 0 10303 214 3 1 1 }'));
ENDSEC;

DATA;
#10=MECHANICAL_DESIGN_GEOMETRIC_PRESENTATION_REPRESENTATION('',(#13),#3793);
#11=SHAPE_REPRESENTATION_RELATIONSHIP('SRR','None',#3800,#12);
#12=ADVANCED_BREP_SHAPE_REPRESENTATION('',(#14),#3792);
#13=STYLED_ITEM('',(#3809),#14);
#14=MANIFOLD_SOLID_BREP('\X2\BCF8CCB4\X0\1',#2249);
#15=CONICAL_SURFACE('',#2375,2.5,0.785398163397448);
#16=CONICAL_SURFACE('',#2388,2.5,0.785398163397449);
#17=CONICAL_SURFACE('',#2392,2.5,0.785398163397449);
#18=CONICAL_SURFACE('',#2396,2.5,0.785398163397448);
#19=FACE_BOUND('',#342,.T.);
#20=FACE_BOUND('',#348,.T.);
#21=FACE_BOUND('',#354,.T.);
#22=FACE_BOUND('',#360,.T.);
#23=FACE_BOUND('',#366,.T.);
#24=FACE_BOUND('',#372,.T.);
#25=FACE_BOUND('',#378,.T.);
#26=FACE_BOUND('',#384,.T.);
#27=FACE_BOUND('',#389,.T.);
#28=FACE_BOUND('',#390,.T.);
#29=FACE_BOUND('',#391,.T.);
#30=FACE_BOUND('',#392,.T.);
#31=FACE_BOUND('',#393,.T.);
#32=FACE_BOUND('',#394,.T.);
#33=FACE_BOUND('',#395,.T.);
#34=FACE_BOUND('',#396,.T.);
#35=FACE_BOUND('',#397,.T.);
#36=FACE_BOUND('',#398,.T.);
#37=FACE_BOUND('',#427,.T.);
#38=FACE_BOUND('',#428,.T.);
#39=FACE_BOUND('',#429,.T.);
#40=FACE_BOUND('',#430,.T.);
#41=FACE_BOUND('',#431,.T.);
#42=FACE_BOUND('',#433,.T.);
#43=FACE_BOUND('',#469,.T.);
#44=FACE_BOUND('',#470,.T.);
#45=FACE_BOUND('',#471,.T.);
#46=FACE_BOUND('',#472,.T.);
#47=FACE_BOUND('',#473,.T.);
#48=FACE_BOUND('',#474,.T.);
#49=FACE_BOUND('',#475,.T.);
#50=FACE_BOUND('',#476,.T.);
#51=FACE_BOUND('',#477,.T.);
#52=FACE_BOUND('',#478,.T.);
#53=CIRCLE('',#2265,2.5);
#54=CIRCLE('',#2266,2.5);
#55=CIRCLE('',#2269,2.5);
#56=CIRCLE('',#2270,2.5);
#57=CIRCLE('',#2273,2.5);
#58=CIRCLE('',#2274,2.5);
#59=CIRCLE('',#2277,2.5);
#60=CIRCLE('',#2278,2.5);
#61=CIRCLE('',#2281,2.5);
#62=CIRCLE('',#2282,2.5);
#63=CIRCLE('',#2285,2.5);
#64=CIRCLE('',#2286,2.5);
#65=CIRCLE('',#2289,2.5);
#66=CIRCLE('',#2290,2.5);
#67=CIRCLE('',#2293,2.5);
#68=CIRCLE('',#2294,2.5);
#69=CIRCLE('',#2296,1.);
#70=CIRCLE('',#2297,1.);
#71=CIRCLE('',#2300,1.);
#72=CIRCLE('',#2301,1.95);
#73=CIRCLE('',#2303,1.);
#74=CIRCLE('',#2306,1.);
#75=CIRCLE('',#2307,1.);
#76=CIRCLE('',#2310,1.);
#77=CIRCLE('',#2311,1.95);
#78=CIRCLE('',#2313,1.);
#79=CIRCLE('',#2316,1.);
#80=CIRCLE('',#2317,1.);
#81=CIRCLE('',#2320,1.);
#82=CIRCLE('',#2321,1.95);
#83=CIRCLE('',#2323,1.);
#84=CIRCLE('',#2326,1.);
#85=CIRCLE('',#2327,1.);
#86=CIRCLE('',#2330,1.);
#87=CIRCLE('',#2331,1.95);
#88=CIRCLE('',#2333,1.);
#89=CIRCLE('',#2336,1.);
#90=CIRCLE('',#2337,1.);
#91=CIRCLE('',#2340,1.);
#92=CIRCLE('',#2341,1.95);
#93=CIRCLE('',#2343,1.);
#94=CIRCLE('',#2346,1.);
#95=CIRCLE('',#2347,1.);
#96=CIRCLE('',#2350,1.);
#97=CIRCLE('',#2351,1.95);
#98=CIRCLE('',#2353,1.);
#99=CIRCLE('',#2356,1.);
#100=CIRCLE('',#2357,1.);
#101=CIRCLE('',#2360,1.);
#102=CIRCLE('',#2361,1.95);
#103=CIRCLE('',#2363,1.);
#104=CIRCLE('',#2366,1.);
#105=CIRCLE('',#2367,1.);
#106=CIRCLE('',#2370,1.);
#107=CIRCLE('',#2371,1.95);
#108=CIRCLE('',#2373,1.);
#109=CIRCLE('',#2376,3.5);
#110=CIRCLE('',#2377,1.5);
#111=CIRCLE('',#2379,25.);
#112=CIRCLE('',#2380,25.);
#113=CIRCLE('',#2381,3.5);
#114=CIRCLE('',#2382,3.5);
#115=CIRCLE('',#2383,7.5);
#116=CIRCLE('',#2384,7.5);
#117=CIRCLE('',#2385,3.5);
#118=CIRCLE('',#2387,1.5);
#119=CIRCLE('',#2389,1.5);
#120=CIRCLE('',#2391,1.5);
#121=CIRCLE('',#2393,1.5);
#122=CIRCLE('',#2395,1.5);
#123=CIRCLE('',#2397,1.5);
#124=CIRCLE('',#2399,1.5);
#125=CIRCLE('',#2402,3.00000000000002);
#126=CIRCLE('',#2403,3.00000000000002);
#127=CIRCLE('',#2406,23.);
#128=CIRCLE('',#2407,23.);
#129=CIRCLE('',#2410,3.00000008940698);
#130=CIRCLE('',#2411,3.00000008940698);
#131=CIRCLE('',#2416,3.00000149011614);
#132=CIRCLE('',#2417,3.00000149011614);
#133=CIRCLE('',#2420,23.);
#134=CIRCLE('',#2421,23.);
#135=CIRCLE('',#2424,3.);
#136=CIRCLE('',#2425,3.);
#137=CIRCLE('',#2430,24.);
#138=CIRCLE('',#2431,24.);
#139=CIRCLE('',#2434,24.);
#140=CIRCLE('',#2435,24.);
#141=CIRCLE('',#2438,25.);
#142=CIRCLE('',#2439,25.);
#143=CIRCLE('',#2453,1.95);
#144=CIRCLE('',#2456,1.95);
#145=CIRCLE('',#2459,1.95);
#146=CIRCLE('',#2462,1.95);
#147=CIRCLE('',#2465,1.95);
#148=CIRCLE('',#2468,1.95);
#149=CIRCLE('',#2471,1.95);
#150=CIRCLE('',#2474,1.95);
#151=CIRCLE('',#2477,7.5);
#152=CIRCLE('',#2479,7.5);
#153=CYLINDRICAL_SURFACE('',#2264,2.5);
#154=CYLINDRICAL_SURFACE('',#2268,2.5);
#155=CYLINDRICAL_SURFACE('',#2272,2.5);
#156=CYLINDRICAL_SURFACE('',#2276,2.5);
#157=CYLINDRICAL_SURFACE('',#2280,2.5);
#158=CYLINDRICAL_SURFACE('',#2284,2.5);
#159=CYLINDRICAL_SURFACE('',#2288,2.5);
#160=CYLINDRICAL_SURFACE('',#2292,2.5);
#161=CYLINDRICAL_SURFACE('',#2295,1.);
#162=CYLINDRICAL_SURFACE('',#2302,1.);
#163=CYLINDRICAL_SURFACE('',#2305,1.);
#164=CYLINDRICAL_SURFACE('',#2312,1.);
#165=CYLINDRICAL_SURFACE('',#2315,1.);
#166=CYLINDRICAL_SURFACE('',#2322,1.);
#167=CYLINDRICAL_SURFACE('',#2325,1.);
#168=CYLINDRICAL_SURFACE('',#2332,1.);
#169=CYLINDRICAL_SURFACE('',#2335,1.);
#170=CYLINDRICAL_SURFACE('',#2342,1.);
#171=CYLINDRICAL_SURFACE('',#2345,1.);
#172=CYLINDRICAL_SURFACE('',#2352,1.);
#173=CYLINDRICAL_SURFACE('',#2355,1.);
#174=CYLINDRICAL_SURFACE('',#2362,1.);
#175=CYLINDRICAL_SURFACE('',#2365,1.);
#176=CYLINDRICAL_SURFACE('',#2372,1.);
#177=CYLINDRICAL_SURFACE('',#2386,1.5);
#178=CYLINDRICAL_SURFACE('',#2390,1.5);
#179=CYLINDRICAL_SURFACE('',#2394,1.5);
#180=CYLINDRICAL_SURFACE('',#2398,1.5);
#181=CYLINDRICAL_SURFACE('',#2401,3.00000000000002);
#182=CYLINDRICAL_SURFACE('',#2405,23.);
#183=CYLINDRICAL_SURFACE('',#2409,3.00000008940698);
#184=CYLINDRICAL_SURFACE('',#2415,3.00000149011614);
#185=CYLINDRICAL_SURFACE('',#2419,23.);
#186=CYLINDRICAL_SURFACE('',#2423,3.);
#187=CYLINDRICAL_SURFACE('',#2429,24.);
#188=CYLINDRICAL_SURFACE('',#2433,24.);
#189=CYLINDRICAL_SURFACE('',#2452,1.95);
#190=CYLINDRICAL_SURFACE('',#2455,1.95);
#191=CYLINDRICAL_SURFACE('',#2458,1.95);
#192=CYLINDRICAL_SURFACE('',#2461,1.95);
#193=CYLINDRICAL_SURFACE('',#2464,1.95);
#194=CYLINDRICAL_SURFACE('',#2467,1.95);
#195=CYLINDRICAL_SURFACE('',#2470,1.95);
#196=CYLINDRICAL_SURFACE('',#2473,1.95);
#197=CYLINDRICAL_SURFACE('',#2476,7.5);
#198=CYLINDRICAL_SURFACE('',#2478,7.5);
#199=CYLINDRICAL_SURFACE('',#2481,25.);
#200=CYLINDRICAL_SURFACE('',#2483,25.);
#201=FACE_OUTER_BOUND('',#323,.T.);
#202=FACE_OUTER_BOUND('',#324,.T.);
#203=FACE_OUTER_BOUND('',#325,.T.);
#204=FACE_OUTER_BOUND('',#326,.T.);
#205=FACE_OUTER_BOUND('',#327,.T.);
#206=FACE_OUTER_BOUND('',#328,.T.);
#207=FACE_OUTER_BOUND('',#329,.T.);
#208=FACE_OUTER_BOUND('',#330,.T.);
#209=FACE_OUTER_BOUND('',#331,.T.);
#210=FACE_OUTER_BOUND('',#332,.T.);
#211=FACE_OUTER_BOUND('',#333,.T.);
#212=FACE_OUTER_BOUND('',#334,.T.);
#213=FACE_OUTER_BOUND('',#335,.T.);
#214=FACE_OUTER_BOUND('',#336,.T.);
#215=FACE_OUTER_BOUND('',#337,.T.);
#216=FACE_OUTER_BOUND('',#338,.T.);
#217=FACE_OUTER_BOUND('',#339,.T.);
#218=FACE_OUTER_BOUND('',#340,.T.);
#219=FACE_OUTER_BOUND('',#341,.T.);
#220=FACE_OUTER_BOUND('',#343,.T.);
#221=FACE_OUTER_BOUND('',#344,.T.);
#222=FACE_OUTER_BOUND('',#345,.T.);
#223=FACE_OUTER_BOUND('',#346,.T.);
#224=FACE_OUTER_BOUND('',#347,.T.);
#225=FACE_OUTER_BOUND('',#349,.T.);
#226=FACE_OUTER_BOUND('',#350,.T.);
#227=FACE_OUTER_BOUND('',#351,.T.);
#228=FACE_OUTER_BOUND('',#352,.T.);
#229=FACE_OUTER_BOUND('',#353,.T.);
#230=FACE_OUTER_BOUND('',#355,.T.);
#231=FACE_OUTER_BOUND('',#356,.T.);
#232=FACE_OUTER_BOUND('',#357,.T.);
#233=FACE_OUTER_BOUND('',#358,.T.);
#234=FACE_OUTER_BOUND('',#359,.T.);
#235=FACE_OUTER_BOUND('',#361,.T.);
#236=FACE_OUTER_BOUND('',#362,.T.);
#237=FACE_OUTER_BOUND('',#363,.T.);
#238=FACE_OUTER_BOUND('',#364,.T.);
#239=FACE_OUTER_BOUND('',#365,.T.);
#240=FACE_OUTER_BOUND('',#367,.T.);
#241=FACE_OUTER_BOUND('',#368,.T.);
#242=FACE_OUTER_BOUND('',#369,.T.);
#243=FACE_OUTER_BOUND('',#370,.T.);
#244=FACE_OUTER_BOUND('',#371,.T.);
#245=FACE_OUTER_BOUND('',#373,.T.);
#246=FACE_OUTER_BOUND('',#374,.T.);
#247=FACE_OUTER_BOUND('',#375,.T.);
#248=FACE_OUTER_BOUND('',#376,.T.);
#249=FACE_OUTER_BOUND('',#377,.T.);
#250=FACE_OUTER_BOUND('',#379,.T.);
#251=FACE_OUTER_BOUND('',#380,.T.);
#252=FACE_OUTER_BOUND('',#381,.T.);
#253=FACE_OUTER_BOUND('',#382,.T.);
#254=FACE_OUTER_BOUND('',#383,.T.);
#255=FACE_OUTER_BOUND('',#385,.T.);
#256=FACE_OUTER_BOUND('',#386,.T.);
#257=FACE_OUTER_BOUND('',#387,.T.);
#258=FACE_OUTER_BOUND('',#388,.T.);
#259=FACE_OUTER_BOUND('',#399,.T.);
#260=FACE_OUTER_BOUND('',#400,.T.);
#261=FACE_OUTER_BOUND('',#401,.T.);
#262=FACE_OUTER_BOUND('',#402,.T.);
#263=FACE_OUTER_BOUND('',#403,.T.);
#264=FACE_OUTER_BOUND('',#404,.T.);
#265=FACE_OUTER_BOUND('',#405,.T.);
#266=FACE_OUTER_BOUND('',#406,.T.);
#267=FACE_OUTER_BOUND('',#407,.T.);
#268=FACE_OUTER_BOUND('',#408,.T.);
#269=FACE_OUTER_BOUND('',#409,.T.);
#270=FACE_OUTER_BOUND('',#410,.T.);
#271=FACE_OUTER_BOUND('',#411,.T.);
#272=FACE_OUTER_BOUND('',#412,.T.);
#273=FACE_OUTER_BOUND('',#413,.T.);
#274=FACE_OUTER_BOUND('',#414,.T.);
#275=FACE_OUTER_BOUND('',#415,.T.);
#276=FACE_OUTER_BOUND('',#416,.T.);
#277=FACE_OUTER_BOUND('',#417,.T.);
#278=FACE_OUTER_BOUND('',#418,.T.);
#279=FACE_OUTER_BOUND('',#419,.T.);
#280=FACE_OUTER_BOUND('',#420,.T.);
#281=FACE_OUTER_BOUND('',#421,.T.);
#282=FACE_OUTER_BOUND('',#422,.T.);
#283=FACE_OUTER_BOUND('',#423,.T.);
#284=FACE_OUTER_BOUND('',#424,.T.);
#285=FACE_OUTER_BOUND('',#425,.T.);
#286=FACE_OUTER_BOUND('',#426,.T.);
#287=FACE_OUTER_BOUND('',#432,.T.);
#288=FACE_OUTER_BOUND('',#434,.T.);
#289=FACE_OUTER_BOUND('',#435,.T.);
#290=FACE_OUTER_BOUND('',#436,.T.);
#291=FACE_OUTER_BOUND('',#437,.T.);
#292=FACE_OUTER_BOUND('',#438,.T.);
#293=FACE_OUTER_BOUND('',#439,.T.);
#294=FACE_OUTER_BOUND('',#440,.T.);
#295=FACE_OUTER_BOUND('',#441,.T.);
#296=FACE_OUTER_BOUND('',#442,.T.);
#297=FACE_OUTER_BOUND('',#443,.T.);
#298=FACE_OUTER_BOUND('',#444,.T.);
#299=FACE_OUTER_BOUND('',#445,.T.);
#300=FACE_OUTER_BOUND('',#446,.T.);
#301=FACE_OUTER_BOUND('',#447,.T.);
#302=FACE_OUTER_BOUND('',#448,.T.);
#303=FACE_OUTER_BOUND('',#449,.T.);
#304=FACE_OUTER_BOUND('',#450,.T.);
#305=FACE_OUTER_BOUND('',#451,.T.);
#306=FACE_OUTER_BOUND('',#452,.T.);
#307=FACE_OUTER_BOUND('',#453,.T.);
#308=FACE_OUTER_BOUND('',#454,.T.);
#309=FACE_OUTER_BOUND('',#455,.T.);
#310=FACE_OUTER_BOUND('',#456,.T.);
#311=FACE_OUTER_BOUND('',#457,.T.);
#312=FACE_OUTER_BOUND('',#458,.T.);
#313=FACE_OUTER_BOUND('',#459,.T.);
#314=FACE_OUTER_BOUND('',#460,.T.);
#315=FACE_OUTER_BOUND('',#461,.T.);
#316=FACE_OUTER_BOUND('',#462,.T.);
#317=FACE_OUTER_BOUND('',#463,.T.);
#318=FACE_OUTER_BOUND('',#464,.T.);
#319=FACE_OUTER_BOUND('',#465,.T.);
#320=FACE_OUTER_BOUND('',#466,.T.);
#321=FACE_OUTER_BOUND('',#467,.T.);
#322=FACE_OUTER_BOUND('',#468,.T.);
#323=EDGE_LOOP('',(#1429,#1430,#1431,#1432));
#324=EDGE_LOOP('',(#1433,#1434,#1435,#1436));
#325=EDGE_LOOP('',(#1437,#1438,#1439,#1440));
#326=EDGE_LOOP('',(#1441,#1442,#1443,#1444));
#327=EDGE_LOOP('',(#1445,#1446,#1447,#1448));
#328=EDGE_LOOP('',(#1449,#1450,#1451,#1452));
#329=EDGE_LOOP('',(#1453,#1454,#1455,#1456));
#330=EDGE_LOOP('',(#1457,#1458,#1459,#1460));
#331=EDGE_LOOP('',(#1461,#1462,#1463,#1464));
#332=EDGE_LOOP('',(#1465,#1466,#1467,#1468));
#333=EDGE_LOOP('',(#1469,#1470,#1471,#1472));
#334=EDGE_LOOP('',(#1473,#1474,#1475,#1476));
#335=EDGE_LOOP('',(#1477,#1478,#1479,#1480));
#336=EDGE_LOOP('',(#1481,#1482,#1483,#1484));
#337=EDGE_LOOP('',(#1485,#1486,#1487,#1488));
#338=EDGE_LOOP('',(#1489,#1490,#1491,#1492));
#339=EDGE_LOOP('',(#1493,#1494,#1495,#1496));
#340=EDGE_LOOP('',(#1497,#1498,#1499,#1500));
#341=EDGE_LOOP('',(#1501,#1502,#1503,#1504,#1505,#1506));
#342=EDGE_LOOP('',(#1507));
#343=EDGE_LOOP('',(#1508,#1509,#1510,#1511));
#344=EDGE_LOOP('',(#1512,#1513,#1514,#1515,#1516,#1517,#1518,#1519));
#345=EDGE_LOOP('',(#1520,#1521,#1522,#1523));
#346=EDGE_LOOP('',(#1524,#1525,#1526,#1527));
#347=EDGE_LOOP('',(#1528,#1529,#1530,#1531,#1532,#1533));
#348=EDGE_LOOP('',(#1534));
#349=EDGE_LOOP('',(#1535,#1536,#1537,#1538));
#350=EDGE_LOOP('',(#1539,#1540,#1541,#1542,#1543,#1544,#1545,#1546));
#351=EDGE_LOOP('',(#1547,#1548,#1549,#1550));
#352=EDGE_LOOP('',(#1551,#1552,#1553,#1554));
#353=EDGE_LOOP('',(#1555,#1556,#1557,#1558,#1559,#1560));
#354=EDGE_LOOP('',(#1561));
#355=EDGE_LOOP('',(#1562,#1563,#1564,#1565));
#356=EDGE_LOOP('',(#1566,#1567,#1568,#1569,#1570,#1571,#1572,#1573));
#357=EDGE_LOOP('',(#1574,#1575,#1576,#1577));
#358=EDGE_LOOP('',(#1578,#1579,#1580,#1581));
#359=EDGE_LOOP('',(#1582,#1583,#1584,#1585,#1586,#1587));
#360=EDGE_LOOP('',(#1588));
#361=EDGE_LOOP('',(#1589,#1590,#1591,#1592));
#362=EDGE_LOOP('',(#1593,#1594,#1595,#1596,#1597,#1598,#1599,#1600));
#363=EDGE_LOOP('',(#1601,#1602,#1603,#1604));
#364=EDGE_LOOP('',(#1605,#1606,#1607,#1608));
#365=EDGE_LOOP('',(#1609,#1610,#1611,#1612,#1613,#1614));
#366=EDGE_LOOP('',(#1615));
#367=EDGE_LOOP('',(#1616,#1617,#1618,#1619));
#368=EDGE_LOOP('',(#1620,#1621,#1622,#1623,#1624,#1625,#1626,#1627));
#369=EDGE_LOOP('',(#1628,#1629,#1630,#1631));
#370=EDGE_LOOP('',(#1632,#1633,#1634,#1635));
#371=EDGE_LOOP('',(#1636,#1637,#1638,#1639,#1640,#1641));
#372=EDGE_LOOP('',(#1642));
#373=EDGE_LOOP('',(#1643,#1644,#1645,#1646));
#374=EDGE_LOOP('',(#1647,#1648,#1649,#1650,#1651,#1652,#1653,#1654));
#375=EDGE_LOOP('',(#1655,#1656,#1657,#1658));
#376=EDGE_LOOP('',(#1659,#1660,#1661,#1662));
#377=EDGE_LOOP('',(#1663,#1664,#1665,#1666,#1667,#1668));
#378=EDGE_LOOP('',(#1669));
#379=EDGE_LOOP('',(#1670,#1671,#1672,#1673));
#380=EDGE_LOOP('',(#1674,#1675,#1676,#1677,#1678,#1679,#1680,#1681));
#381=EDGE_LOOP('',(#1682,#1683,#1684,#1685));
#382=EDGE_LOOP('',(#1686,#1687,#1688,#1689));
#383=EDGE_LOOP('',(#1690,#1691,#1692,#1693,#1694,#1695));
#384=EDGE_LOOP('',(#1696));
#385=EDGE_LOOP('',(#1697,#1698,#1699,#1700));
#386=EDGE_LOOP('',(#1701,#1702,#1703,#1704,#1705,#1706,#1707,#1708));
#387=EDGE_LOOP('',(#1709,#1710,#1711,#1712));
#388=EDGE_LOOP('',(#1713,#1714,#1715,#1716));
#389=EDGE_LOOP('',(#1717,#1718,#1719,#1720));
#390=EDGE_LOOP('',(#1721,#1722,#1723,#1724));
#391=EDGE_LOOP('',(#1725,#1726,#1727,#1728));
#392=EDGE_LOOP('',(#1729,#1730,#1731,#1732));
#393=EDGE_LOOP('',(#1733));
#394=EDGE_LOOP('',(#1734));
#395=EDGE_LOOP('',(#1735));
#396=EDGE_LOOP('',(#1736));
#397=EDGE_LOOP('',(#1737));
#398=EDGE_LOOP('',(#1738));
#399=EDGE_LOOP('',(#1739,#1740,#1741,#1742));
#400=EDGE_LOOP('',(#1743,#1744,#1745,#1746));
#401=EDGE_LOOP('',(#1747,#1748,#1749,#1750));
#402=EDGE_LOOP('',(#1751,#1752,#1753,#1754));
#403=EDGE_LOOP('',(#1755,#1756,#1757,#1758));
#404=EDGE_LOOP('',(#1759,#1760,#1761,#1762));
#405=EDGE_LOOP('',(#1763,#1764,#1765,#1766));
#406=EDGE_LOOP('',(#1767,#1768,#1769,#1770));
#407=EDGE_LOOP('',(#1771,#1772,#1773,#1774));
#408=EDGE_LOOP('',(#1775,#1776,#1777,#1778));
#409=EDGE_LOOP('',(#1779,#1780,#1781,#1782));
#410=EDGE_LOOP('',(#1783,#1784,#1785,#1786));
#411=EDGE_LOOP('',(#1787,#1788,#1789,#1790));
#412=EDGE_LOOP('',(#1791,#1792,#1793,#1794));
#413=EDGE_LOOP('',(#1795,#1796,#1797,#1798));
#414=EDGE_LOOP('',(#1799,#1800,#1801,#1802));
#415=EDGE_LOOP('',(#1803,#1804,#1805,#1806));
#416=EDGE_LOOP('',(#1807,#1808,#1809,#1810));
#417=EDGE_LOOP('',(#1811,#1812,#1813,#1814));
#418=EDGE_LOOP('',(#1815,#1816,#1817,#1818));
#419=EDGE_LOOP('',(#1819,#1820,#1821,#1822));
#420=EDGE_LOOP('',(#1823,#1824,#1825,#1826));
#421=EDGE_LOOP('',(#1827,#1828,#1829,#1830));
#422=EDGE_LOOP('',(#1831,#1832,#1833,#1834));
#423=EDGE_LOOP('',(#1835,#1836,#1837,#1838));
#424=EDGE_LOOP('',(#1839,#1840,#1841,#1842));
#425=EDGE_LOOP('',(#1843,#1844,#1845,#1846));
#426=EDGE_LOOP('',(#1847,#1848,#1849,#1850));
#427=EDGE_LOOP('',(#1851));
#428=EDGE_LOOP('',(#1852));
#429=EDGE_LOOP('',(#1853));
#430=EDGE_LOOP('',(#1854));
#431=EDGE_LOOP('',(#1855,#1856,#1857,#1858,#1859,#1860,#1861,#1862,#1863,
#1864,#1865,#1866,#1867,#1868,#1869,#1870));
#432=EDGE_LOOP('',(#1871,#1872,#1873,#1874));
#433=EDGE_LOOP('',(#1875,#1876,#1877,#1878));
#434=EDGE_LOOP('',(#1879,#1880,#1881,#1882));
#435=EDGE_LOOP('',(#1883,#1884,#1885,#1886));
#436=EDGE_LOOP('',(#1887,#1888,#1889,#1890));
#437=EDGE_LOOP('',(#1891,#1892,#1893,#1894));
#438=EDGE_LOOP('',(#1895,#1896,#1897,#1898));
#439=EDGE_LOOP('',(#1899,#1900,#1901,#1902));
#440=EDGE_LOOP('',(#1903,#1904,#1905,#1906));
#441=EDGE_LOOP('',(#1907,#1908,#1909,#1910));
#442=EDGE_LOOP('',(#1911,#1912,#1913,#1914));
#443=EDGE_LOOP('',(#1915,#1916,#1917,#1918));
#444=EDGE_LOOP('',(#1919,#1920,#1921,#1922));
#445=EDGE_LOOP('',(#1923,#1924,#1925,#1926));
#446=EDGE_LOOP('',(#1927,#1928,#1929,#1930));
#447=EDGE_LOOP('',(#1931));
#448=EDGE_LOOP('',(#1932,#1933,#1934,#1935));
#449=EDGE_LOOP('',(#1936));
#450=EDGE_LOOP('',(#1937,#1938,#1939,#1940));
#451=EDGE_LOOP('',(#1941));
#452=EDGE_LOOP('',(#1942,#1943,#1944,#1945));
#453=EDGE_LOOP('',(#1946));
#454=EDGE_LOOP('',(#1947,#1948,#1949,#1950));
#455=EDGE_LOOP('',(#1951));
#456=EDGE_LOOP('',(#1952,#1953,#1954,#1955));
#457=EDGE_LOOP('',(#1956));
#458=EDGE_LOOP('',(#1957,#1958,#1959,#1960));
#459=EDGE_LOOP('',(#1961));
#460=EDGE_LOOP('',(#1962,#1963,#1964,#1965));
#461=EDGE_LOOP('',(#1966));
#462=EDGE_LOOP('',(#1967,#1968,#1969,#1970));
#463=EDGE_LOOP('',(#1971,#1972,#1973,#1974));
#464=EDGE_LOOP('',(#1975,#1976,#1977,#1978));
#465=EDGE_LOOP('',(#1979,#1980,#1981,#1982));
#466=EDGE_LOOP('',(#1983,#1984,#1985,#1986));
#467=EDGE_LOOP('',(#1987,#1988,#1989,#1990));
#468=EDGE_LOOP('',(#1991,#1992,#1993,#1994,#1995,#1996,#1997,#1998,#1999,
#2000,#2001,#2002,#2003,#2004,#2005,#2006));
#469=EDGE_LOOP('',(#2007,#2008,#2009,#2010));
#470=EDGE_LOOP('',(#2011,#2012,#2013,#2014));
#471=EDGE_LOOP('',(#2015,#2016,#2017,#2018));
#472=EDGE_LOOP('',(#2019,#2020,#2021,#2022));
#473=EDGE_LOOP('',(#2023,#2024,#2025,#2026,#2027,#2028,#2029,#2030));
#474=EDGE_LOOP('',(#2031,#2032,#2033,#2034,#2035,#2036,#2037,#2038));
#475=EDGE_LOOP('',(#2039,#2040,#2041,#2042,#2043,#2044,#2045,#2046));
#476=EDGE_LOOP('',(#2047,#2048,#2049,#2050,#2051,#2052,#2053,#2054));
#477=EDGE_LOOP('',(#2055));
#478=EDGE_LOOP('',(#2056));
#479=LINE('',#3149,#693);
#480=LINE('',#3151,#694);
#481=LINE('',#3153,#695);
#482=LINE('',#3154,#696);
#483=LINE('',#3159,#697);
#484=LINE('',#3163,#698);
#485=LINE('',#3165,#699);
#486=LINE('',#3166,#700);
#487=LINE('',#3173,#701);
#488=LINE('',#3175,#702);
#489=LINE('',#3177,#703);
#490=LINE('',#3178,#704);
#491=LINE('',#3183,#705);
#492=LINE('',#3187,#706);
#493=LINE('',#3189,#707);
#494=LINE('',#3190,#708);
#495=LINE('',#3197,#709);
#496=LINE('',#3199,#710);
#497=LINE('',#3201,#711);
#498=LINE('',#3202,#712);
#499=LINE('',#3207,#713);
#500=LINE('',#3211,#714);
#501=LINE('',#3213,#715);
#502=LINE('',#3214,#716);
#503=LINE('',#3221,#717);
#504=LINE('',#3223,#718);
#505=LINE('',#3225,#719);
#506=LINE('',#3226,#720);
#507=LINE('',#3231,#721);
#508=LINE('',#3235,#722);
#509=LINE('',#3237,#723);
#510=LINE('',#3238,#724);
#511=LINE('',#3247,#725);
#512=LINE('',#3250,#726);
#513=LINE('',#3253,#727);
#514=LINE('',#3255,#728);
#515=LINE('',#3256,#729);
#516=LINE('',#3259,#730);
#517=LINE('',#3261,#731);
#518=LINE('',#3263,#732);
#519=LINE('',#3269,#733);
#520=LINE('',#3273,#734);
#521=LINE('',#3275,#735);
#522=LINE('',#3277,#736);
#523=LINE('',#3279,#737);
#524=LINE('',#3281,#738);
#525=LINE('',#3282,#739);
#526=LINE('',#3288,#740);
#527=LINE('',#3291,#741);
#528=LINE('',#3294,#742);
#529=LINE('',#3296,#743);
#530=LINE('',#3297,#744);
#531=LINE('',#3300,#745);
#532=LINE('',#3302,#746);
#533=LINE('',#3304,#747);
#534=LINE('',#3310,#748);
#535=LINE('',#3314,#749);
#536=LINE('',#3316,#750);
#537=LINE('',#3318,#751);
#538=LINE('',#3320,#752);
#539=LINE('',#3322,#753);
#540=LINE('',#3323,#754);
#541=LINE('',#3329,#755);
#542=LINE('',#3332,#756);
#543=LINE('',#3335,#757);
#544=LINE('',#3337,#758);
#545=LINE('',#3338,#759);
#546=LINE('',#3341,#760);
#547=LINE('',#3343,#761);
#548=LINE('',#3345,#762);
#549=LINE('',#3351,#763);
#550=LINE('',#3355,#764);
#551=LINE('',#3357,#765);
#552=LINE('',#3359,#766);
#553=LINE('',#3361,#767);
#554=LINE('',#3363,#768);
#555=LINE('',#3364,#769);
#556=LINE('',#3370,#770);
#557=LINE('',#3373,#771);
#558=LINE('',#3376,#772);
#559=LINE('',#3378,#773);
#560=LINE('',#3379,#774);
#561=LINE('',#3382,#775);
#562=LINE('',#3384,#776);
#563=LINE('',#3386,#777);
#564=LINE('',#3392,#778);
#565=LINE('',#3396,#779);
#566=LINE('',#3398,#780);
#567=LINE('',#3400,#781);
#568=LINE('',#3402,#782);
#569=LINE('',#3404,#783);
#570=LINE('',#3405,#784);
#571=LINE('',#3410,#785);
#572=LINE('',#3414,#786);
#573=LINE('',#3416,#787);
#574=LINE('',#3417,#788);
#575=LINE('',#3420,#789);
#576=LINE('',#3422,#790);
#577=LINE('',#3428,#791);
#578=LINE('',#3431,#792);
#579=LINE('',#3433,#793);
#580=LINE('',#3435,#794);
#581=LINE('',#3436,#795);
#582=LINE('',#3441,#796);
#583=LINE('',#3445,#797);
#584=LINE('',#3447,#798);
#585=LINE('',#3448,#799);
#586=LINE('',#3451,#800);
#587=LINE('',#3453,#801);
#588=LINE('',#3459,#802);
#589=LINE('',#3462,#803);
#590=LINE('',#3464,#804);
#591=LINE('',#3466,#805);
#592=LINE('',#3467,#806);
#593=LINE('',#3472,#807);
#594=LINE('',#3476,#808);
#595=LINE('',#3478,#809);
#596=LINE('',#3479,#810);
#597=LINE('',#3482,#811);
#598=LINE('',#3484,#812);
#599=LINE('',#3490,#813);
#600=LINE('',#3493,#814);
#601=LINE('',#3495,#815);
#602=LINE('',#3497,#816);
#603=LINE('',#3498,#817);
#604=LINE('',#3503,#818);
#605=LINE('',#3507,#819);
#606=LINE('',#3509,#820);
#607=LINE('',#3510,#821);
#608=LINE('',#3513,#822);
#609=LINE('',#3515,#823);
#610=LINE('',#3521,#824);
#611=LINE('',#3524,#825);
#612=LINE('',#3526,#826);
#613=LINE('',#3528,#827);
#614=LINE('',#3529,#828);
#615=LINE('',#3534,#829);
#616=LINE('',#3541,#830);
#617=LINE('',#3544,#831);
#618=LINE('',#3558,#832);
#619=LINE('',#3561,#833);
#620=LINE('',#3566,#834);
#621=LINE('',#3569,#835);
#622=LINE('',#3574,#836);
#623=LINE('',#3577,#837);
#624=LINE('',#3582,#838);
#625=LINE('',#3586,#839);
#626=LINE('',#3588,#840);
#627=LINE('',#3590,#841);
#628=LINE('',#3591,#842);
#629=LINE('',#3597,#843);
#630=LINE('',#3600,#844);
#631=LINE('',#3602,#845);
#632=LINE('',#3603,#846);
#633=LINE('',#3609,#847);
#634=LINE('',#3612,#848);
#635=LINE('',#3614,#849);
#636=LINE('',#3615,#850);
#637=LINE('',#3621,#851);
#638=LINE('',#3624,#852);
#639=LINE('',#3626,#853);
#640=LINE('',#3627,#854);
#641=LINE('',#3630,#855);
#642=LINE('',#3632,#856);
#643=LINE('',#3633,#857);
#644=LINE('',#3636,#858);
#645=LINE('',#3638,#859);
#646=LINE('',#3639,#860);
#647=LINE('',#3645,#861);
#648=LINE('',#3648,#862);
#649=LINE('',#3650,#863);
#650=LINE('',#3651,#864);
#651=LINE('',#3657,#865);
#652=LINE('',#3660,#866);
#653=LINE('',#3662,#867);
#654=LINE('',#3663,#868);
#655=LINE('',#3669,#869);
#656=LINE('',#3672,#870);
#657=LINE('',#3674,#871);
#658=LINE('',#3675,#872);
#659=LINE('',#3677,#873);
#660=LINE('',#3678,#874);
#661=LINE('',#3682,#875);
#662=LINE('',#3684,#876);
#663=LINE('',#3686,#877);
#664=LINE('',#3687,#878);
#665=LINE('',#3693,#879);
#666=LINE('',#3696,#880);
#667=LINE('',#3698,#881);
#668=LINE('',#3699,#882);
#669=LINE('',#3709,#883);
#670=LINE('',#3712,#884);
#671=LINE('',#3714,#885);
#672=LINE('',#3716,#886);
#673=LINE('',#3719,#887);
#674=LINE('',#3721,#888);
#675=LINE('',#3724,#889);
#676=LINE('',#3726,#890);
#677=LINE('',#3729,#891);
#678=LINE('',#3731,#892);
#679=LINE('',#3735,#893);
#680=LINE('',#3740,#894);
#681=LINE('',#3745,#895);
#682=LINE('',#3750,#896);
#683=LINE('',#3755,#897);
#684=LINE('',#3760,#898);
#685=LINE('',#3765,#899);
#686=LINE('',#3770,#900);
#687=LINE('',#3776,#901);
#688=LINE('',#3780,#902);
#689=LINE('',#3782,#903);
#690=LINE('',#3783,#904);
#691=LINE('',#3785,#905);
#692=LINE('',#3787,#906);
#693=VECTOR('',#2489,10.);
#694=VECTOR('',#2490,10.);
#695=VECTOR('',#2491,10.);
#696=VECTOR('',#2492,10.);
#697=VECTOR('',#2497,10.);
#698=VECTOR('',#2502,10.);
#699=VECTOR('',#2503,10.);
#700=VECTOR('',#2504,10.);
#701=VECTOR('',#2513,10.);
#702=VECTOR('',#2514,10.);
#703=VECTOR('',#2515,10.);
#704=VECTOR('',#2516,10.);
#705=VECTOR('',#2521,10.);
#706=VECTOR('',#2526,10.);
#707=VECTOR('',#2527,10.);
#708=VECTOR('',#2528,10.);
#709=VECTOR('',#2537,10.);
#710=VECTOR('',#2538,10.);
#711=VECTOR('',#2539,10.);
#712=VECTOR('',#2540,10.);
#713=VECTOR('',#2545,10.);
#714=VECTOR('',#2550,10.);
#715=VECTOR('',#2551,10.);
#716=VECTOR('',#2552,10.);
#717=VECTOR('',#2561,10.);
#718=VECTOR('',#2562,10.);
#719=VECTOR('',#2563,10.);
#720=VECTOR('',#2564,10.);
#721=VECTOR('',#2569,10.);
#722=VECTOR('',#2574,10.);
#723=VECTOR('',#2575,10.);
#724=VECTOR('',#2576,10.);
#725=VECTOR('',#2587,10.);
#726=VECTOR('',#2590,10.);
#727=VECTOR('',#2593,10.);
#728=VECTOR('',#2594,10.);
#729=VECTOR('',#2595,10.);
#730=VECTOR('',#2598,10.);
#731=VECTOR('',#2599,10.);
#732=VECTOR('',#2600,10.);
#733=VECTOR('',#2607,10.);
#734=VECTOR('',#2612,10.);
#735=VECTOR('',#2613,10.);
#736=VECTOR('',#2614,10.);
#737=VECTOR('',#2615,10.);
#738=VECTOR('',#2616,10.);
#739=VECTOR('',#2617,10.);
#740=VECTOR('',#2622,10.);
#741=VECTOR('',#2625,10.);
#742=VECTOR('',#2628,10.);
#743=VECTOR('',#2629,10.);
#744=VECTOR('',#2630,10.);
#745=VECTOR('',#2633,10.);
#746=VECTOR('',#2634,10.);
#747=VECTOR('',#2635,10.);
#748=VECTOR('',#2642,10.);
#749=VECTOR('',#2647,10.);
#750=VECTOR('',#2648,10.);
#751=VECTOR('',#2649,10.);
#752=VECTOR('',#2650,10.);
#753=VECTOR('',#2651,10.);
#754=VECTOR('',#2652,10.);
#755=VECTOR('',#2657,10.);
#756=VECTOR('',#2660,10.);
#757=VECTOR('',#2663,10.);
#758=VECTOR('',#2664,10.);
#759=VECTOR('',#2665,10.);
#760=VECTOR('',#2668,10.);
#761=VECTOR('',#2669,10.);
#762=VECTOR('',#2670,10.);
#763=VECTOR('',#2677,10.);
#764=VECTOR('',#2682,10.);
#765=VECTOR('',#2683,10.);
#766=VECTOR('',#2684,10.);
#767=VECTOR('',#2685,10.);
#768=VECTOR('',#2686,10.);
#769=VECTOR('',#2687,10.);
#770=VECTOR('',#2692,10.);
#771=VECTOR('',#2695,10.);
#772=VECTOR('',#2698,10.);
#773=VECTOR('',#2699,10.);
#774=VECTOR('',#2700,10.);
#775=VECTOR('',#2703,10.);
#776=VECTOR('',#2704,10.);
#777=VECTOR('',#2705,10.);
#778=VECTOR('',#2712,10.);
#779=VECTOR('',#2717,10.);
#780=VECTOR('',#2718,10.);
#781=VECTOR('',#2719,10.);
#782=VECTOR('',#2720,10.);
#783=VECTOR('',#2721,10.);
#784=VECTOR('',#2722,10.);
#785=VECTOR('',#2727,10.);
#786=VECTOR('',#2732,10.);
#787=VECTOR('',#2733,10.);
#788=VECTOR('',#2734,10.);
#789=VECTOR('',#2737,10.);
#790=VECTOR('',#2738,10.);
#791=VECTOR('',#2745,10.);
#792=VECTOR('',#2750,10.);
#793=VECTOR('',#2751,10.);
#794=VECTOR('',#2752,10.);
#795=VECTOR('',#2753,10.);
#796=VECTOR('',#2758,10.);
#797=VECTOR('',#2763,10.);
#798=VECTOR('',#2764,10.);
#799=VECTOR('',#2765,10.);
#800=VECTOR('',#2768,10.);
#801=VECTOR('',#2769,10.);
#802=VECTOR('',#2776,10.);
#803=VECTOR('',#2781,10.);
#804=VECTOR('',#2782,10.);
#805=VECTOR('',#2783,10.);
#806=VECTOR('',#2784,10.);
#807=VECTOR('',#2789,10.);
#808=VECTOR('',#2794,10.);
#809=VECTOR('',#2795,10.);
#810=VECTOR('',#2796,10.);
#811=VECTOR('',#2799,10.);
#812=VECTOR('',#2800,10.);
#813=VECTOR('',#2807,10.);
#814=VECTOR('',#2812,10.);
#815=VECTOR('',#2813,10.);
#816=VECTOR('',#2814,10.);
#817=VECTOR('',#2815,10.);
#818=VECTOR('',#2820,10.);
#819=VECTOR('',#2825,10.);
#820=VECTOR('',#2826,10.);
#821=VECTOR('',#2827,10.);
#822=VECTOR('',#2830,10.);
#823=VECTOR('',#2831,10.);
#824=VECTOR('',#2838,10.);
#825=VECTOR('',#2843,10.);
#826=VECTOR('',#2844,10.);
#827=VECTOR('',#2845,10.);
#828=VECTOR('',#2846,10.);
#829=VECTOR('',#2851,2.5);
#830=VECTOR('',#2858,10.);
#831=VECTOR('',#2861,10.);
#832=VECTOR('',#2876,1.5);
#833=VECTOR('',#2879,2.5);
#834=VECTOR('',#2886,1.5);
#835=VECTOR('',#2889,2.5);
#836=VECTOR('',#2896,1.5);
#837=VECTOR('',#2899,2.5);
#838=VECTOR('',#2906,1.5);
#839=VECTOR('',#2909,10.);
#840=VECTOR('',#2910,10.);
#841=VECTOR('',#2911,10.);
#842=VECTOR('',#2912,10.);
#843=VECTOR('',#2919,10.);
#844=VECTOR('',#2922,10.);
#845=VECTOR('',#2923,10.);
#846=VECTOR('',#2924,10.);
#847=VECTOR('',#2931,10.);
#848=VECTOR('',#2934,10.);
#849=VECTOR('',#2935,10.);
#850=VECTOR('',#2936,10.);
#851=VECTOR('',#2943,10.);
#852=VECTOR('',#2946,10.);
#853=VECTOR('',#2947,10.);
#854=VECTOR('',#2948,10.);
#855=VECTOR('',#2951,10.);
#856=VECTOR('',#2952,10.);
#857=VECTOR('',#2953,10.);
#858=VECTOR('',#2956,10.);
#859=VECTOR('',#2957,10.);
#860=VECTOR('',#2958,10.);
#861=VECTOR('',#2965,10.);
#862=VECTOR('',#2968,10.);
#863=VECTOR('',#2969,10.);
#864=VECTOR('',#2970,10.);
#865=VECTOR('',#2977,10.);
#866=VECTOR('',#2980,10.);
#867=VECTOR('',#2981,10.);
#868=VECTOR('',#2982,10.);
#869=VECTOR('',#2989,10.);
#870=VECTOR('',#2992,10.);
#871=VECTOR('',#2993,10.);
#872=VECTOR('',#2994,10.);
#873=VECTOR('',#2997,10.);
#874=VECTOR('',#2998,10.);
#875=VECTOR('',#3001,10.);
#876=VECTOR('',#3002,10.);
#877=VECTOR('',#3003,10.);
#878=VECTOR('',#3004,10.);
#879=VECTOR('',#3011,10.);
#880=VECTOR('',#3014,10.);
#881=VECTOR('',#3015,10.);
#882=VECTOR('',#3016,10.);
#883=VECTOR('',#3029,10.);
#884=VECTOR('',#3032,10.);
#885=VECTOR('',#3035,10.);
#886=VECTOR('',#3038,10.);
#887=VECTOR('',#3043,10.);
#888=VECTOR('',#3046,10.);
#889=VECTOR('',#3051,10.);
#890=VECTOR('',#3054,10.);
#891=VECTOR('',#3059,10.);
#892=VECTOR('',#3062,10.);
#893=VECTOR('',#3067,1.95);
#894=VECTOR('',#3074,1.95);
#895=VECTOR('',#3081,1.95);
#896=VECTOR('',#3088,1.95);
#897=VECTOR('',#3095,1.95);
#898=VECTOR('',#3102,1.95);
#899=VECTOR('',#3109,1.95);
#900=VECTOR('',#3116,1.95);
#901=VECTOR('',#3125,7.5);
#902=VECTOR('',#3130,7.5);
#903=VECTOR('',#3133,10.);
#904=VECTOR('',#3134,10.);
#905=VECTOR('',#3137,10.);
#906=VECTOR('',#3140,10.);
#907=VERTEX_POINT('',#3147);
#908=VERTEX_POINT('',#3148);
#909=VERTEX_POINT('',#3150);
#910=VERTEX_POINT('',#3152);
#911=VERTEX_POINT('',#3156);
#912=VERTEX_POINT('',#3158);
#913=VERTEX_POINT('',#3162);
#914=VERTEX_POINT('',#3164);
#915=VERTEX_POINT('',#3171);
#916=VERTEX_POINT('',#3172);
#917=VERTEX_POINT('',#3174);
#918=VERTEX_POINT('',#3176);
#919=VERTEX_POINT('',#3180);
#920=VERTEX_POINT('',#3182);
#921=VERTEX_POINT('',#3186);
#922=VERTEX_POINT('',#3188);
#923=VERTEX_POINT('',#3195);
#924=VERTEX_POINT('',#3196);
#925=VERTEX_POINT('',#3198);
#926=VERTEX_POINT('',#3200);
#927=VERTEX_POINT('',#3204);
#928=VERTEX_POINT('',#3206);
#929=VERTEX_POINT('',#3210);
#930=VERTEX_POINT('',#3212);
#931=VERTEX_POINT('',#3219);
#932=VERTEX_POINT('',#3220);
#933=VERTEX_POINT('',#3222);
#934=VERTEX_POINT('',#3224);
#935=VERTEX_POINT('',#3228);
#936=VERTEX_POINT('',#3230);
#937=VERTEX_POINT('',#3234);
#938=VERTEX_POINT('',#3236);
#939=VERTEX_POINT('',#3243);
#940=VERTEX_POINT('',#3244);
#941=VERTEX_POINT('',#3246);
#942=VERTEX_POINT('',#3248);
#943=VERTEX_POINT('',#3252);
#944=VERTEX_POINT('',#3254);
#945=VERTEX_POINT('',#3258);
#946=VERTEX_POINT('',#3260);
#947=VERTEX_POINT('',#3262);
#948=VERTEX_POINT('',#3265);
#949=VERTEX_POINT('',#3268);
#950=VERTEX_POINT('',#3272);
#951=VERTEX_POINT('',#3274);
#952=VERTEX_POINT('',#3276);
#953=VERTEX_POINT('',#3278);
#954=VERTEX_POINT('',#3280);
#955=VERTEX_POINT('',#3284);
#956=VERTEX_POINT('',#3285);
#957=VERTEX_POINT('',#3287);
#958=VERTEX_POINT('',#3289);
#959=VERTEX_POINT('',#3293);
#960=VERTEX_POINT('',#3295);
#961=VERTEX_POINT('',#3299);
#962=VERTEX_POINT('',#3301);
#963=VERTEX_POINT('',#3303);
#964=VERTEX_POINT('',#3306);
#965=VERTEX_POINT('',#3309);
#966=VERTEX_POINT('',#3313);
#967=VERTEX_POINT('',#3315);
#968=VERTEX_POINT('',#3317);
#969=VERTEX_POINT('',#3319);
#970=VERTEX_POINT('',#3321);
#971=VERTEX_POINT('',#3325);
#972=VERTEX_POINT('',#3326);
#973=VERTEX_POINT('',#3328);
#974=VERTEX_POINT('',#3330);
#975=VERTEX_POINT('',#3334);
#976=VERTEX_POINT('',#3336);
#977=VERTEX_POINT('',#3340);
#978=VERTEX_POINT('',#3342);
#979=VERTEX_POINT('',#3344);
#980=VERTEX_POINT('',#3347);
#981=VERTEX_POINT('',#3350);
#982=VERTEX_POINT('',#3354);
#983=VERTEX_POINT('',#3356);
#984=VERTEX_POINT('',#3358);
#985=VERTEX_POINT('',#3360);
#986=VERTEX_POINT('',#3362);
#987=VERTEX_POINT('',#3366);
#988=VERTEX_POINT('',#3367);
#989=VERTEX_POINT('',#3369);
#990=VERTEX_POINT('',#3371);
#991=VERTEX_POINT('',#3375);
#992=VERTEX_POINT('',#3377);
#993=VERTEX_POINT('',#3381);
#994=VERTEX_POINT('',#3383);
#995=VERTEX_POINT('',#3385);
#996=VERTEX_POINT('',#3388);
#997=VERTEX_POINT('',#3391);
#998=VERTEX_POINT('',#3395);
#999=VERTEX_POINT('',#3397);
#1000=VERTEX_POINT('',#3399);
#1001=VERTEX_POINT('',#3401);
#1002=VERTEX_POINT('',#3403);
#1003=VERTEX_POINT('',#3407);
#1004=VERTEX_POINT('',#3409);
#1005=VERTEX_POINT('',#3413);
#1006=VERTEX_POINT('',#3415);
#1007=VERTEX_POINT('',#3419);
#1008=VERTEX_POINT('',#3421);
#1009=VERTEX_POINT('',#3424);
#1010=VERTEX_POINT('',#3427);
#1011=VERTEX_POINT('',#3432);
#1012=VERTEX_POINT('',#3434);
#1013=VERTEX_POINT('',#3438);
#1014=VERTEX_POINT('',#3440);
#1015=VERTEX_POINT('',#3444);
#1016=VERTEX_POINT('',#3446);
#1017=VERTEX_POINT('',#3450);
#1018=VERTEX_POINT('',#3452);
#1019=VERTEX_POINT('',#3455);
#1020=VERTEX_POINT('',#3458);
#1021=VERTEX_POINT('',#3463);
#1022=VERTEX_POINT('',#3465);
#1023=VERTEX_POINT('',#3469);
#1024=VERTEX_POINT('',#3471);
#1025=VERTEX_POINT('',#3475);
#1026=VERTEX_POINT('',#3477);
#1027=VERTEX_POINT('',#3481);
#1028=VERTEX_POINT('',#3483);
#1029=VERTEX_POINT('',#3486);
#1030=VERTEX_POINT('',#3489);
#1031=VERTEX_POINT('',#3494);
#1032=VERTEX_POINT('',#3496);
#1033=VERTEX_POINT('',#3500);
#1034=VERTEX_POINT('',#3502);
#1035=VERTEX_POINT('',#3506);
#1036=VERTEX_POINT('',#3508);
#1037=VERTEX_POINT('',#3512);
#1038=VERTEX_POINT('',#3514);
#1039=VERTEX_POINT('',#3517);
#1040=VERTEX_POINT('',#3520);
#1041=VERTEX_POINT('',#3525);
#1042=VERTEX_POINT('',#3527);
#1043=VERTEX_POINT('',#3531);
#1044=VERTEX_POINT('',#3533);
#1045=VERTEX_POINT('',#3537);
#1046=VERTEX_POINT('',#3538);
#1047=VERTEX_POINT('',#3540);
#1048=VERTEX_POINT('',#3542);
#1049=VERTEX_POINT('',#3545);
#1050=VERTEX_POINT('',#3547);
#1051=VERTEX_POINT('',#3549);
#1052=VERTEX_POINT('',#3551);
#1053=VERTEX_POINT('',#3553);
#1054=VERTEX_POINT('',#3556);
#1055=VERTEX_POINT('',#3560);
#1056=VERTEX_POINT('',#3564);
#1057=VERTEX_POINT('',#3568);
#1058=VERTEX_POINT('',#3572);
#1059=VERTEX_POINT('',#3576);
#1060=VERTEX_POINT('',#3580);
#1061=VERTEX_POINT('',#3584);
#1062=VERTEX_POINT('',#3585);
#1063=VERTEX_POINT('',#3587);
#1064=VERTEX_POINT('',#3589);
#1065=VERTEX_POINT('',#3593);
#1066=VERTEX_POINT('',#3595);
#1067=VERTEX_POINT('',#3599);
#1068=VERTEX_POINT('',#3601);
#1069=VERTEX_POINT('',#3605);
#1070=VERTEX_POINT('',#3607);
#1071=VERTEX_POINT('',#3611);
#1072=VERTEX_POINT('',#3613);
#1073=VERTEX_POINT('',#3617);
#1074=VERTEX_POINT('',#3619);
#1075=VERTEX_POINT('',#3623);
#1076=VERTEX_POINT('',#3625);
#1077=VERTEX_POINT('',#3629);
#1078=VERTEX_POINT('',#3631);
#1079=VERTEX_POINT('',#3635);
#1080=VERTEX_POINT('',#3637);
#1081=VERTEX_POINT('',#3641);
#1082=VERTEX_POINT('',#3643);
#1083=VERTEX_POINT('',#3647);
#1084=VERTEX_POINT('',#3649);
#1085=VERTEX_POINT('',#3653);
#1086=VERTEX_POINT('',#3655);
#1087=VERTEX_POINT('',#3659);
#1088=VERTEX_POINT('',#3661);
#1089=VERTEX_POINT('',#3665);
#1090=VERTEX_POINT('',#3667);
#1091=VERTEX_POINT('',#3671);
#1092=VERTEX_POINT('',#3673);
#1093=VERTEX_POINT('',#3680);
#1094=VERTEX_POINT('',#3681);
#1095=VERTEX_POINT('',#3683);
#1096=VERTEX_POINT('',#3685);
#1097=VERTEX_POINT('',#3689);
#1098=VERTEX_POINT('',#3691);
#1099=VERTEX_POINT('',#3695);
#1100=VERTEX_POINT('',#3697);
#1101=VERTEX_POINT('',#3705);
#1102=VERTEX_POINT('',#3706);
#1103=VERTEX_POINT('',#3708);
#1104=VERTEX_POINT('',#3710);
#1105=VERTEX_POINT('',#3734);
#1106=VERTEX_POINT('',#3739);
#1107=VERTEX_POINT('',#3744);
#1108=VERTEX_POINT('',#3749);
#1109=VERTEX_POINT('',#3754);
#1110=VERTEX_POINT('',#3759);
#1111=VERTEX_POINT('',#3764);
#1112=VERTEX_POINT('',#3769);
#1113=VERTEX_POINT('',#3774);
#1114=VERTEX_POINT('',#3778);
#1115=EDGE_CURVE('',#907,#908,#479,.T.);
#1116=EDGE_CURVE('',#907,#909,#480,.T.);
#1117=EDGE_CURVE('',#910,#909,#481,.T.);
#1118=EDGE_CURVE('',#908,#910,#482,.T.);
#1119=EDGE_CURVE('',#911,#907,#53,.T.);
#1120=EDGE_CURVE('',#911,#912,#483,.T.);
#1121=EDGE_CURVE('',#909,#912,#54,.T.);
#1122=EDGE_CURVE('',#913,#911,#484,.T.);
#1123=EDGE_CURVE('',#913,#914,#485,.T.);
#1124=EDGE_CURVE('',#912,#914,#486,.T.);
#1125=EDGE_CURVE('',#908,#913,#55,.T.);
#1126=EDGE_CURVE('',#914,#910,#56,.T.);
#1127=EDGE_CURVE('',#915,#916,#487,.T.);
#1128=EDGE_CURVE('',#915,#917,#488,.T.);
#1129=EDGE_CURVE('',#918,#917,#489,.T.);
#1130=EDGE_CURVE('',#916,#918,#490,.T.);
#1131=EDGE_CURVE('',#919,#915,#57,.T.);
#1132=EDGE_CURVE('',#919,#920,#491,.T.);
#1133=EDGE_CURVE('',#917,#920,#58,.T.);
#1134=EDGE_CURVE('',#921,#919,#492,.T.);
#1135=EDGE_CURVE('',#921,#922,#493,.T.);
#1136=EDGE_CURVE('',#920,#922,#494,.T.);
#1137=EDGE_CURVE('',#916,#921,#59,.T.);
#1138=EDGE_CURVE('',#922,#918,#60,.T.);
#1139=EDGE_CURVE('',#923,#924,#495,.T.);
#1140=EDGE_CURVE('',#923,#925,#496,.T.);
#1141=EDGE_CURVE('',#926,#925,#497,.T.);
#1142=EDGE_CURVE('',#924,#926,#498,.T.);
#1143=EDGE_CURVE('',#927,#923,#61,.T.);
#1144=EDGE_CURVE('',#927,#928,#499,.T.);
#1145=EDGE_CURVE('',#925,#928,#62,.T.);
#1146=EDGE_CURVE('',#929,#927,#500,.T.);
#1147=EDGE_CURVE('',#929,#930,#501,.T.);
#1148=EDGE_CURVE('',#928,#930,#502,.T.);
#1149=EDGE_CURVE('',#924,#929,#63,.T.);
#1150=EDGE_CURVE('',#930,#926,#64,.T.);
#1151=EDGE_CURVE('',#931,#932,#503,.T.);
#1152=EDGE_CURVE('',#931,#933,#504,.T.);
#1153=EDGE_CURVE('',#934,#933,#505,.T.);
#1154=EDGE_CURVE('',#932,#934,#506,.T.);
#1155=EDGE_CURVE('',#935,#931,#65,.T.);
#1156=EDGE_CURVE('',#935,#936,#507,.T.);
#1157=EDGE_CURVE('',#933,#936,#66,.T.);
#1158=EDGE_CURVE('',#937,#935,#508,.T.);
#1159=EDGE_CURVE('',#937,#938,#509,.T.);
#1160=EDGE_CURVE('',#936,#938,#510,.T.);
#1161=EDGE_CURVE('',#932,#937,#67,.T.);
#1162=EDGE_CURVE('',#938,#934,#68,.T.);
#1163=EDGE_CURVE('',#939,#940,#69,.T.);
#1164=EDGE_CURVE('',#940,#941,#511,.T.);
#1165=EDGE_CURVE('',#941,#942,#70,.F.);
#1166=EDGE_CURVE('',#942,#939,#512,.T.);
#1167=EDGE_CURVE('',#943,#940,#513,.T.);
#1168=EDGE_CURVE('',#944,#943,#514,.T.);
#1169=EDGE_CURVE('',#941,#944,#515,.T.);
#1170=EDGE_CURVE('',#939,#945,#516,.T.);
#1171=EDGE_CURVE('',#945,#946,#517,.T.);
#1172=EDGE_CURVE('',#946,#947,#518,.T.);
#1173=EDGE_CURVE('',#943,#947,#71,.T.);
#1174=EDGE_CURVE('',#948,#948,#72,.T.);
#1175=EDGE_CURVE('',#947,#949,#519,.T.);
#1176=EDGE_CURVE('',#949,#944,#73,.F.);
#1177=EDGE_CURVE('',#946,#950,#520,.T.);
#1178=EDGE_CURVE('',#950,#951,#521,.T.);
#1179=EDGE_CURVE('',#951,#952,#522,.T.);
#1180=EDGE_CURVE('',#953,#952,#523,.T.);
#1181=EDGE_CURVE('',#954,#953,#524,.T.);
#1182=EDGE_CURVE('',#949,#954,#525,.T.);
#1183=EDGE_CURVE('',#955,#956,#74,.T.);
#1184=EDGE_CURVE('',#956,#957,#526,.T.);
#1185=EDGE_CURVE('',#957,#958,#75,.F.);
#1186=EDGE_CURVE('',#958,#955,#527,.T.);
#1187=EDGE_CURVE('',#959,#956,#528,.T.);
#1188=EDGE_CURVE('',#960,#959,#529,.T.);
#1189=EDGE_CURVE('',#957,#960,#530,.T.);
#1190=EDGE_CURVE('',#955,#961,#531,.T.);
#1191=EDGE_CURVE('',#961,#962,#532,.T.);
#1192=EDGE_CURVE('',#962,#963,#533,.T.);
#1193=EDGE_CURVE('',#959,#963,#76,.T.);
#1194=EDGE_CURVE('',#964,#964,#77,.T.);
#1195=EDGE_CURVE('',#963,#965,#534,.T.);
#1196=EDGE_CURVE('',#965,#960,#78,.F.);
#1197=EDGE_CURVE('',#962,#966,#535,.T.);
#1198=EDGE_CURVE('',#966,#967,#536,.T.);
#1199=EDGE_CURVE('',#967,#968,#537,.T.);
#1200=EDGE_CURVE('',#969,#968,#538,.T.);
#1201=EDGE_CURVE('',#970,#969,#539,.T.);
#1202=EDGE_CURVE('',#965,#970,#540,.T.);
#1203=EDGE_CURVE('',#971,#972,#79,.T.);
#1204=EDGE_CURVE('',#972,#973,#541,.T.);
#1205=EDGE_CURVE('',#973,#974,#80,.F.);
#1206=EDGE_CURVE('',#974,#971,#542,.T.);
#1207=EDGE_CURVE('',#975,#972,#543,.T.);
#1208=EDGE_CURVE('',#976,#975,#544,.T.);
#1209=EDGE_CURVE('',#973,#976,#545,.T.);
#1210=EDGE_CURVE('',#971,#977,#546,.T.);
#1211=EDGE_CURVE('',#977,#978,#547,.T.);
#1212=EDGE_CURVE('',#978,#979,#548,.T.);
#1213=EDGE_CURVE('',#975,#979,#81,.T.);
#1214=EDGE_CURVE('',#980,#980,#82,.T.);
#1215=EDGE_CURVE('',#979,#981,#549,.T.);
#1216=EDGE_CURVE('',#981,#976,#83,.F.);
#1217=EDGE_CURVE('',#978,#982,#550,.T.);
#1218=EDGE_CURVE('',#982,#983,#551,.T.);
#1219=EDGE_CURVE('',#983,#984,#552,.T.);
#1220=EDGE_CURVE('',#985,#984,#553,.T.);
#1221=EDGE_CURVE('',#986,#985,#554,.T.);
#1222=EDGE_CURVE('',#981,#986,#555,.T.);
#1223=EDGE_CURVE('',#987,#988,#84,.T.);
#1224=EDGE_CURVE('',#988,#989,#556,.T.);
#1225=EDGE_CURVE('',#989,#990,#85,.F.);
#1226=EDGE_CURVE('',#990,#987,#557,.T.);
#1227=EDGE_CURVE('',#991,#988,#558,.T.);
#1228=EDGE_CURVE('',#992,#991,#559,.T.);
#1229=EDGE_CURVE('',#989,#992,#560,.T.);
#1230=EDGE_CURVE('',#987,#993,#561,.T.);
#1231=EDGE_CURVE('',#993,#994,#562,.T.);
#1232=EDGE_CURVE('',#994,#995,#563,.T.);
#1233=EDGE_CURVE('',#991,#995,#86,.T.);
#1234=EDGE_CURVE('',#996,#996,#87,.T.);
#1235=EDGE_CURVE('',#995,#997,#564,.T.);
#1236=EDGE_CURVE('',#997,#992,#88,.F.);
#1237=EDGE_CURVE('',#994,#998,#565,.T.);
#1238=EDGE_CURVE('',#998,#999,#566,.T.);
#1239=EDGE_CURVE('',#999,#1000,#567,.T.);
#1240=EDGE_CURVE('',#1001,#1000,#568,.T.);
#1241=EDGE_CURVE('',#1002,#1001,#569,.T.);
#1242=EDGE_CURVE('',#997,#1002,#570,.T.);
#1243=EDGE_CURVE('',#1001,#1003,#89,.T.);
#1244=EDGE_CURVE('',#1003,#1004,#571,.T.);
#1245=EDGE_CURVE('',#1004,#1002,#90,.F.);
#1246=EDGE_CURVE('',#1005,#1003,#572,.T.);
#1247=EDGE_CURVE('',#1006,#1005,#573,.T.);
#1248=EDGE_CURVE('',#1004,#1006,#574,.T.);
#1249=EDGE_CURVE('',#1000,#1007,#575,.T.);
#1250=EDGE_CURVE('',#1007,#1008,#576,.T.);
#1251=EDGE_CURVE('',#1005,#1008,#91,.T.);
#1252=EDGE_CURVE('',#1009,#1009,#92,.T.);
#1253=EDGE_CURVE('',#1008,#1010,#577,.T.);
#1254=EDGE_CURVE('',#1010,#1006,#93,.F.);
#1255=EDGE_CURVE('',#1010,#990,#578,.T.);
#1256=EDGE_CURVE('',#1007,#1011,#579,.T.);
#1257=EDGE_CURVE('',#1011,#1012,#580,.T.);
#1258=EDGE_CURVE('',#1012,#993,#581,.T.);
#1259=EDGE_CURVE('',#985,#1013,#94,.T.);
#1260=EDGE_CURVE('',#1013,#1014,#582,.T.);
#1261=EDGE_CURVE('',#1014,#986,#95,.F.);
#1262=EDGE_CURVE('',#1015,#1013,#583,.T.);
#1263=EDGE_CURVE('',#1016,#1015,#584,.T.);
#1264=EDGE_CURVE('',#1014,#1016,#585,.T.);
#1265=EDGE_CURVE('',#984,#1017,#586,.T.);
#1266=EDGE_CURVE('',#1017,#1018,#587,.T.);
#1267=EDGE_CURVE('',#1015,#1018,#96,.T.);
#1268=EDGE_CURVE('',#1019,#1019,#97,.T.);
#1269=EDGE_CURVE('',#1018,#1020,#588,.T.);
#1270=EDGE_CURVE('',#1020,#1016,#98,.F.);
#1271=EDGE_CURVE('',#1020,#974,#589,.T.);
#1272=EDGE_CURVE('',#1017,#1021,#590,.T.);
#1273=EDGE_CURVE('',#1021,#1022,#591,.T.);
#1274=EDGE_CURVE('',#1022,#977,#592,.T.);
#1275=EDGE_CURVE('',#969,#1023,#99,.T.);
#1276=EDGE_CURVE('',#1023,#1024,#593,.T.);
#1277=EDGE_CURVE('',#1024,#970,#100,.F.);
#1278=EDGE_CURVE('',#1025,#1023,#594,.T.);
#1279=EDGE_CURVE('',#1026,#1025,#595,.T.);
#1280=EDGE_CURVE('',#1024,#1026,#596,.T.);
#1281=EDGE_CURVE('',#968,#1027,#597,.T.);
#1282=EDGE_CURVE('',#1027,#1028,#598,.T.);
#1283=EDGE_CURVE('',#1025,#1028,#101,.T.);
#1284=EDGE_CURVE('',#1029,#1029,#102,.T.);
#1285=EDGE_CURVE('',#1028,#1030,#599,.T.);
#1286=EDGE_CURVE('',#1030,#1026,#103,.F.);
#1287=EDGE_CURVE('',#1030,#958,#600,.T.);
#1288=EDGE_CURVE('',#1027,#1031,#601,.T.);
#1289=EDGE_CURVE('',#1031,#1032,#602,.T.);
#1290=EDGE_CURVE('',#1032,#961,#603,.T.);
#1291=EDGE_CURVE('',#953,#1033,#104,.T.);
#1292=EDGE_CURVE('',#1033,#1034,#604,.T.);
#1293=EDGE_CURVE('',#1034,#954,#105,.F.);
#1294=EDGE_CURVE('',#1035,#1033,#605,.T.);
#1295=EDGE_CURVE('',#1036,#1035,#606,.T.);
#1296=EDGE_CURVE('',#1034,#1036,#607,.T.);
#1297=EDGE_CURVE('',#952,#1037,#608,.T.);
#1298=EDGE_CURVE('',#1037,#1038,#609,.T.);
#1299=EDGE_CURVE('',#1035,#1038,#106,.T.);
#1300=EDGE_CURVE('',#1039,#1039,#107,.T.);
#1301=EDGE_CURVE('',#1038,#1040,#610,.T.);
#1302=EDGE_CURVE('',#1040,#1036,#108,.F.);
#1303=EDGE_CURVE('',#1040,#942,#611,.T.);
#1304=EDGE_CURVE('',#1037,#1041,#612,.T.);
#1305=EDGE_CURVE('',#1041,#1042,#613,.T.);
#1306=EDGE_CURVE('',#1042,#945,#614,.T.);
#1307=EDGE_CURVE('',#1043,#1043,#109,.T.);
#1308=EDGE_CURVE('',#1043,#1044,#615,.T.);
#1309=EDGE_CURVE('',#1044,#1044,#110,.T.);
#1310=EDGE_CURVE('',#1045,#1046,#111,.T.);
#1311=EDGE_CURVE('',#1045,#1047,#616,.T.);
#1312=EDGE_CURVE('',#1048,#1047,#112,.T.);
#1313=EDGE_CURVE('',#1046,#1048,#617,.T.);
#1314=EDGE_CURVE('',#1049,#1049,#113,.T.);
#1315=EDGE_CURVE('',#1050,#1050,#114,.T.);
#1316=EDGE_CURVE('',#1051,#1051,#115,.T.);
#1317=EDGE_CURVE('',#1052,#1052,#116,.T.);
#1318=EDGE_CURVE('',#1053,#1053,#117,.T.);
#1319=EDGE_CURVE('',#1054,#1054,#118,.T.);
#1320=EDGE_CURVE('',#1054,#1044,#618,.T.);
#1321=EDGE_CURVE('',#1049,#1055,#619,.T.);
#1322=EDGE_CURVE('',#1055,#1055,#119,.T.);
#1323=EDGE_CURVE('',#1056,#1056,#120,.T.);
#1324=EDGE_CURVE('',#1056,#1055,#620,.T.);
#1325=EDGE_CURVE('',#1053,#1057,#621,.T.);
#1326=EDGE_CURVE('',#1057,#1057,#121,.T.);
#1327=EDGE_CURVE('',#1058,#1058,#122,.T.);
#1328=EDGE_CURVE('',#1058,#1057,#622,.T.);
#1329=EDGE_CURVE('',#1050,#1059,#623,.T.);
#1330=EDGE_CURVE('',#1059,#1059,#123,.T.);
#1331=EDGE_CURVE('',#1060,#1060,#124,.T.);
#1332=EDGE_CURVE('',#1060,#1059,#624,.T.);
#1333=EDGE_CURVE('',#1061,#1062,#625,.T.);
#1334=EDGE_CURVE('',#1061,#1063,#626,.T.);
#1335=EDGE_CURVE('',#1064,#1063,#627,.T.);
#1336=EDGE_CURVE('',#1062,#1064,#628,.T.);
#1337=EDGE_CURVE('',#1062,#1065,#125,.T.);
#1338=EDGE_CURVE('',#1066,#1064,#126,.T.);
#1339=EDGE_CURVE('',#1065,#1066,#629,.T.);
#1340=EDGE_CURVE('',#1065,#1067,#630,.T.);
#1341=EDGE_CURVE('',#1068,#1066,#631,.T.);
#1342=EDGE_CURVE('',#1067,#1068,#632,.T.);
#1343=EDGE_CURVE('',#1067,#1069,#127,.T.);
#1344=EDGE_CURVE('',#1070,#1068,#128,.T.);
#1345=EDGE_CURVE('',#1069,#1070,#633,.T.);
#1346=EDGE_CURVE('',#1069,#1071,#634,.T.);
#1347=EDGE_CURVE('',#1072,#1070,#635,.T.);
#1348=EDGE_CURVE('',#1071,#1072,#636,.T.);
#1349=EDGE_CURVE('',#1071,#1073,#129,.T.);
#1350=EDGE_CURVE('',#1074,#1072,#130,.T.);
#1351=EDGE_CURVE('',#1073,#1074,#637,.T.);
#1352=EDGE_CURVE('',#1073,#1075,#638,.T.);
#1353=EDGE_CURVE('',#1076,#1074,#639,.T.);
#1354=EDGE_CURVE('',#1075,#1076,#640,.T.);
#1355=EDGE_CURVE('',#1075,#1077,#641,.T.);
#1356=EDGE_CURVE('',#1078,#1076,#642,.T.);
#1357=EDGE_CURVE('',#1077,#1078,#643,.T.);
#1358=EDGE_CURVE('',#1077,#1079,#644,.T.);
#1359=EDGE_CURVE('',#1080,#1078,#645,.T.);
#1360=EDGE_CURVE('',#1079,#1080,#646,.T.);
#1361=EDGE_CURVE('',#1079,#1081,#131,.T.);
#1362=EDGE_CURVE('',#1082,#1080,#132,.T.);
#1363=EDGE_CURVE('',#1081,#1082,#647,.T.);
#1364=EDGE_CURVE('',#1081,#1083,#648,.T.);
#1365=EDGE_CURVE('',#1084,#1082,#649,.T.);
#1366=EDGE_CURVE('',#1083,#1084,#650,.T.);
#1367=EDGE_CURVE('',#1083,#1085,#133,.T.);
#1368=EDGE_CURVE('',#1086,#1084,#134,.T.);
#1369=EDGE_CURVE('',#1085,#1086,#651,.T.);
#1370=EDGE_CURVE('',#1085,#1087,#652,.T.);
#1371=EDGE_CURVE('',#1088,#1086,#653,.T.);
#1372=EDGE_CURVE('',#1087,#1088,#654,.T.);
#1373=EDGE_CURVE('',#1087,#1089,#135,.T.);
#1374=EDGE_CURVE('',#1090,#1088,#136,.T.);
#1375=EDGE_CURVE('',#1089,#1090,#655,.T.);
#1376=EDGE_CURVE('',#1089,#1091,#656,.T.);
#1377=EDGE_CURVE('',#1092,#1090,#657,.T.);
#1378=EDGE_CURVE('',#1091,#1092,#658,.T.);
#1379=EDGE_CURVE('',#1091,#1061,#659,.T.);
#1380=EDGE_CURVE('',#1063,#1092,#660,.T.);
#1381=EDGE_CURVE('',#1093,#1094,#661,.T.);
#1382=EDGE_CURVE('',#1093,#1095,#662,.T.);
#1383=EDGE_CURVE('',#1096,#1095,#663,.T.);
#1384=EDGE_CURVE('',#1094,#1096,#664,.T.);
#1385=EDGE_CURVE('',#1094,#1097,#137,.T.);
#1386=EDGE_CURVE('',#1098,#1096,#138,.T.);
#1387=EDGE_CURVE('',#1097,#1098,#665,.T.);
#1388=EDGE_CURVE('',#1097,#1099,#666,.T.);
#1389=EDGE_CURVE('',#1100,#1098,#667,.T.);
#1390=EDGE_CURVE('',#1099,#1100,#668,.T.);
#1391=EDGE_CURVE('',#1099,#1093,#139,.T.);
#1392=EDGE_CURVE('',#1095,#1100,#140,.T.);
#1393=EDGE_CURVE('',#1101,#1102,#141,.T.);
#1394=EDGE_CURVE('',#1102,#1103,#669,.T.);
#1395=EDGE_CURVE('',#1103,#1104,#142,.T.);
#1396=EDGE_CURVE('',#1104,#1101,#670,.T.);
#1397=EDGE_CURVE('',#1012,#998,#671,.T.);
#1398=EDGE_CURVE('',#999,#1011,#672,.T.);
#1399=EDGE_CURVE('',#1032,#966,#673,.T.);
#1400=EDGE_CURVE('',#967,#1031,#674,.T.);
#1401=EDGE_CURVE('',#1022,#982,#675,.T.);
#1402=EDGE_CURVE('',#983,#1021,#676,.T.);
#1403=EDGE_CURVE('',#1042,#950,#677,.T.);
#1404=EDGE_CURVE('',#951,#1041,#678,.T.);
#1405=EDGE_CURVE('',#980,#1105,#679,.T.);
#1406=EDGE_CURVE('',#1105,#1105,#143,.T.);
#1407=EDGE_CURVE('',#1039,#1106,#680,.T.);
#1408=EDGE_CURVE('',#1106,#1106,#144,.T.);
#1409=EDGE_CURVE('',#1029,#1107,#681,.T.);
#1410=EDGE_CURVE('',#1107,#1107,#145,.T.);
#1411=EDGE_CURVE('',#1009,#1108,#682,.T.);
#1412=EDGE_CURVE('',#1108,#1108,#146,.T.);
#1413=EDGE_CURVE('',#1019,#1109,#683,.T.);
#1414=EDGE_CURVE('',#1109,#1109,#147,.T.);
#1415=EDGE_CURVE('',#948,#1110,#684,.T.);
#1416=EDGE_CURVE('',#1110,#1110,#148,.T.);
#1417=EDGE_CURVE('',#964,#1111,#685,.T.);
#1418=EDGE_CURVE('',#1111,#1111,#149,.T.);
#1419=EDGE_CURVE('',#996,#1112,#686,.T.);
#1420=EDGE_CURVE('',#1112,#1112,#150,.T.);
#1421=EDGE_CURVE('',#1113,#1113,#151,.T.);
#1422=EDGE_CURVE('',#1113,#1051,#687,.T.);
#1423=EDGE_CURVE('',#1114,#1114,#152,.T.);
#1424=EDGE_CURVE('',#1114,#1052,#688,.T.);
#1425=EDGE_CURVE('',#1045,#1101,#689,.T.);
#1426=EDGE_CURVE('',#1047,#1104,#690,.T.);
#1427=EDGE_CURVE('',#1048,#1103,#691,.T.);
#1428=EDGE_CURVE('',#1046,#1102,#692,.T.);
#1429=ORIENTED_EDGE('',*,*,#1115,.F.);
#1430=ORIENTED_EDGE('',*,*,#1116,.T.);
#1431=ORIENTED_EDGE('',*,*,#1117,.F.);
#1432=ORIENTED_EDGE('',*,*,#1118,.F.);
#1433=ORIENTED_EDGE('',*,*,#1119,.F.);
#1434=ORIENTED_EDGE('',*,*,#1120,.T.);
#1435=ORIENTED_EDGE('',*,*,#1121,.F.);
#1436=ORIENTED_EDGE('',*,*,#1116,.F.);
#1437=ORIENTED_EDGE('',*,*,#1122,.F.);
#1438=ORIENTED_EDGE('',*,*,#1123,.T.);
#1439=ORIENTED_EDGE('',*,*,#1124,.F.);
#1440=ORIENTED_EDGE('',*,*,#1120,.F.);
#1441=ORIENTED_EDGE('',*,*,#1125,.F.);
#1442=ORIENTED_EDGE('',*,*,#1118,.T.);
#1443=ORIENTED_EDGE('',*,*,#1126,.F.);
#1444=ORIENTED_EDGE('',*,*,#1123,.F.);
#1445=ORIENTED_EDGE('',*,*,#1127,.F.);
#1446=ORIENTED_EDGE('',*,*,#1128,.T.);
#1447=ORIENTED_EDGE('',*,*,#1129,.F.);
#1448=ORIENTED_EDGE('',*,*,#1130,.F.);
#1449=ORIENTED_EDGE('',*,*,#1131,.F.);
#1450=ORIENTED_EDGE('',*,*,#1132,.T.);
#1451=ORIENTED_EDGE('',*,*,#1133,.F.);
#1452=ORIENTED_EDGE('',*,*,#1128,.F.);
#1453=ORIENTED_EDGE('',*,*,#1134,.F.);
#1454=ORIENTED_EDGE('',*,*,#1135,.T.);
#1455=ORIENTED_EDGE('',*,*,#1136,.F.);
#1456=ORIENTED_EDGE('',*,*,#1132,.F.);
#1457=ORIENTED_EDGE('',*,*,#1137,.F.);
#1458=ORIENTED_EDGE('',*,*,#1130,.T.);
#1459=ORIENTED_EDGE('',*,*,#1138,.F.);
#1460=ORIENTED_EDGE('',*,*,#1135,.F.);
#1461=ORIENTED_EDGE('',*,*,#1139,.F.);
#1462=ORIENTED_EDGE('',*,*,#1140,.T.);
#1463=ORIENTED_EDGE('',*,*,#1141,.F.);
#1464=ORIENTED_EDGE('',*,*,#1142,.F.);
#1465=ORIENTED_EDGE('',*,*,#1143,.F.);
#1466=ORIENTED_EDGE('',*,*,#1144,.T.);
#1467=ORIENTED_EDGE('',*,*,#1145,.F.);
#1468=ORIENTED_EDGE('',*,*,#1140,.F.);
#1469=ORIENTED_EDGE('',*,*,#1146,.F.);
#1470=ORIENTED_EDGE('',*,*,#1147,.T.);
#1471=ORIENTED_EDGE('',*,*,#1148,.F.);
#1472=ORIENTED_EDGE('',*,*,#1144,.F.);
#1473=ORIENTED_EDGE('',*,*,#1149,.F.);
#1474=ORIENTED_EDGE('',*,*,#1142,.T.);
#1475=ORIENTED_EDGE('',*,*,#1150,.F.);
#1476=ORIENTED_EDGE('',*,*,#1147,.F.);
#1477=ORIENTED_EDGE('',*,*,#1151,.F.);
#1478=ORIENTED_EDGE('',*,*,#1152,.T.);
#1479=ORIENTED_EDGE('',*,*,#1153,.F.);
#1480=ORIENTED_EDGE('',*,*,#1154,.F.);
#1481=ORIENTED_EDGE('',*,*,#1155,.F.);
#1482=ORIENTED_EDGE('',*,*,#1156,.T.);
#1483=ORIENTED_EDGE('',*,*,#1157,.F.);
#1484=ORIENTED_EDGE('',*,*,#1152,.F.);
#1485=ORIENTED_EDGE('',*,*,#1158,.F.);
#1486=ORIENTED_EDGE('',*,*,#1159,.T.);
#1487=ORIENTED_EDGE('',*,*,#1160,.F.);
#1488=ORIENTED_EDGE('',*,*,#1156,.F.);
#1489=ORIENTED_EDGE('',*,*,#1161,.F.);
#1490=ORIENTED_EDGE('',*,*,#1154,.T.);
#1491=ORIENTED_EDGE('',*,*,#1162,.F.);
#1492=ORIENTED_EDGE('',*,*,#1159,.F.);
#1493=ORIENTED_EDGE('',*,*,#1163,.T.);
#1494=ORIENTED_EDGE('',*,*,#1164,.T.);
#1495=ORIENTED_EDGE('',*,*,#1165,.T.);
#1496=ORIENTED_EDGE('',*,*,#1166,.T.);
#1497=ORIENTED_EDGE('',*,*,#1164,.F.);
#1498=ORIENTED_EDGE('',*,*,#1167,.F.);
#1499=ORIENTED_EDGE('',*,*,#1168,.F.);
#1500=ORIENTED_EDGE('',*,*,#1169,.F.);
#1501=ORIENTED_EDGE('',*,*,#1163,.F.);
#1502=ORIENTED_EDGE('',*,*,#1170,.T.);
#1503=ORIENTED_EDGE('',*,*,#1171,.T.);
#1504=ORIENTED_EDGE('',*,*,#1172,.T.);
#1505=ORIENTED_EDGE('',*,*,#1173,.F.);
#1506=ORIENTED_EDGE('',*,*,#1167,.T.);
#1507=ORIENTED_EDGE('',*,*,#1174,.T.);
#1508=ORIENTED_EDGE('',*,*,#1173,.T.);
#1509=ORIENTED_EDGE('',*,*,#1175,.T.);
#1510=ORIENTED_EDGE('',*,*,#1176,.T.);
#1511=ORIENTED_EDGE('',*,*,#1168,.T.);
#1512=ORIENTED_EDGE('',*,*,#1175,.F.);
#1513=ORIENTED_EDGE('',*,*,#1172,.F.);
#1514=ORIENTED_EDGE('',*,*,#1177,.T.);
#1515=ORIENTED_EDGE('',*,*,#1178,.T.);
#1516=ORIENTED_EDGE('',*,*,#1179,.T.);
#1517=ORIENTED_EDGE('',*,*,#1180,.F.);
#1518=ORIENTED_EDGE('',*,*,#1181,.F.);
#1519=ORIENTED_EDGE('',*,*,#1182,.F.);
#1520=ORIENTED_EDGE('',*,*,#1183,.T.);
#1521=ORIENTED_EDGE('',*,*,#1184,.T.);
#1522=ORIENTED_EDGE('',*,*,#1185,.T.);
#1523=ORIENTED_EDGE('',*,*,#1186,.T.);
#1524=ORIENTED_EDGE('',*,*,#1184,.F.);
#1525=ORIENTED_EDGE('',*,*,#1187,.F.);
#1526=ORIENTED_EDGE('',*,*,#1188,.F.);
#1527=ORIENTED_EDGE('',*,*,#1189,.F.);
#1528=ORIENTED_EDGE('',*,*,#1183,.F.);
#1529=ORIENTED_EDGE('',*,*,#1190,.T.);
#1530=ORIENTED_EDGE('',*,*,#1191,.T.);
#1531=ORIENTED_EDGE('',*,*,#1192,.T.);
#1532=ORIENTED_EDGE('',*,*,#1193,.F.);
#1533=ORIENTED_EDGE('',*,*,#1187,.T.);
#1534=ORIENTED_EDGE('',*,*,#1194,.T.);
#1535=ORIENTED_EDGE('',*,*,#1193,.T.);
#1536=ORIENTED_EDGE('',*,*,#1195,.T.);
#1537=ORIENTED_EDGE('',*,*,#1196,.T.);
#1538=ORIENTED_EDGE('',*,*,#1188,.T.);
#1539=ORIENTED_EDGE('',*,*,#1195,.F.);
#1540=ORIENTED_EDGE('',*,*,#1192,.F.);
#1541=ORIENTED_EDGE('',*,*,#1197,.T.);
#1542=ORIENTED_EDGE('',*,*,#1198,.T.);
#1543=ORIENTED_EDGE('',*,*,#1199,.T.);
#1544=ORIENTED_EDGE('',*,*,#1200,.F.);
#1545=ORIENTED_EDGE('',*,*,#1201,.F.);
#1546=ORIENTED_EDGE('',*,*,#1202,.F.);
#1547=ORIENTED_EDGE('',*,*,#1203,.T.);
#1548=ORIENTED_EDGE('',*,*,#1204,.T.);
#1549=ORIENTED_EDGE('',*,*,#1205,.T.);
#1550=ORIENTED_EDGE('',*,*,#1206,.T.);
#1551=ORIENTED_EDGE('',*,*,#1204,.F.);
#1552=ORIENTED_EDGE('',*,*,#1207,.F.);
#1553=ORIENTED_EDGE('',*,*,#1208,.F.);
#1554=ORIENTED_EDGE('',*,*,#1209,.F.);
#1555=ORIENTED_EDGE('',*,*,#1203,.F.);
#1556=ORIENTED_EDGE('',*,*,#1210,.T.);
#1557=ORIENTED_EDGE('',*,*,#1211,.T.);
#1558=ORIENTED_EDGE('',*,*,#1212,.T.);
#1559=ORIENTED_EDGE('',*,*,#1213,.F.);
#1560=ORIENTED_EDGE('',*,*,#1207,.T.);
#1561=ORIENTED_EDGE('',*,*,#1214,.T.);
#1562=ORIENTED_EDGE('',*,*,#1213,.T.);
#1563=ORIENTED_EDGE('',*,*,#1215,.T.);
#1564=ORIENTED_EDGE('',*,*,#1216,.T.);
#1565=ORIENTED_EDGE('',*,*,#1208,.T.);
#1566=ORIENTED_EDGE('',*,*,#1215,.F.);
#1567=ORIENTED_EDGE('',*,*,#1212,.F.);
#1568=ORIENTED_EDGE('',*,*,#1217,.T.);
#1569=ORIENTED_EDGE('',*,*,#1218,.T.);
#1570=ORIENTED_EDGE('',*,*,#1219,.T.);
#1571=ORIENTED_EDGE('',*,*,#1220,.F.);
#1572=ORIENTED_EDGE('',*,*,#1221,.F.);
#1573=ORIENTED_EDGE('',*,*,#1222,.F.);
#1574=ORIENTED_EDGE('',*,*,#1223,.T.);
#1575=ORIENTED_EDGE('',*,*,#1224,.T.);
#1576=ORIENTED_EDGE('',*,*,#1225,.T.);
#1577=ORIENTED_EDGE('',*,*,#1226,.T.);
#1578=ORIENTED_EDGE('',*,*,#1224,.F.);
#1579=ORIENTED_EDGE('',*,*,#1227,.F.);
#1580=ORIENTED_EDGE('',*,*,#1228,.F.);
#1581=ORIENTED_EDGE('',*,*,#1229,.F.);
#1582=ORIENTED_EDGE('',*,*,#1223,.F.);
#1583=ORIENTED_EDGE('',*,*,#1230,.T.);
#1584=ORIENTED_EDGE('',*,*,#1231,.T.);
#1585=ORIENTED_EDGE('',*,*,#1232,.T.);
#1586=ORIENTED_EDGE('',*,*,#1233,.F.);
#1587=ORIENTED_EDGE('',*,*,#1227,.T.);
#1588=ORIENTED_EDGE('',*,*,#1234,.T.);
#1589=ORIENTED_EDGE('',*,*,#1233,.T.);
#1590=ORIENTED_EDGE('',*,*,#1235,.T.);
#1591=ORIENTED_EDGE('',*,*,#1236,.T.);
#1592=ORIENTED_EDGE('',*,*,#1228,.T.);
#1593=ORIENTED_EDGE('',*,*,#1235,.F.);
#1594=ORIENTED_EDGE('',*,*,#1232,.F.);
#1595=ORIENTED_EDGE('',*,*,#1237,.T.);
#1596=ORIENTED_EDGE('',*,*,#1238,.T.);
#1597=ORIENTED_EDGE('',*,*,#1239,.T.);
#1598=ORIENTED_EDGE('',*,*,#1240,.F.);
#1599=ORIENTED_EDGE('',*,*,#1241,.F.);
#1600=ORIENTED_EDGE('',*,*,#1242,.F.);
#1601=ORIENTED_EDGE('',*,*,#1243,.T.);
#1602=ORIENTED_EDGE('',*,*,#1244,.T.);
#1603=ORIENTED_EDGE('',*,*,#1245,.T.);
#1604=ORIENTED_EDGE('',*,*,#1241,.T.);
#1605=ORIENTED_EDGE('',*,*,#1244,.F.);
#1606=ORIENTED_EDGE('',*,*,#1246,.F.);
#1607=ORIENTED_EDGE('',*,*,#1247,.F.);
#1608=ORIENTED_EDGE('',*,*,#1248,.F.);
#1609=ORIENTED_EDGE('',*,*,#1243,.F.);
#1610=ORIENTED_EDGE('',*,*,#1240,.T.);
#1611=ORIENTED_EDGE('',*,*,#1249,.T.);
#1612=ORIENTED_EDGE('',*,*,#1250,.T.);
#1613=ORIENTED_EDGE('',*,*,#1251,.F.);
#1614=ORIENTED_EDGE('',*,*,#1246,.T.);
#1615=ORIENTED_EDGE('',*,*,#1252,.T.);
#1616=ORIENTED_EDGE('',*,*,#1251,.T.);
#1617=ORIENTED_EDGE('',*,*,#1253,.T.);
#1618=ORIENTED_EDGE('',*,*,#1254,.T.);
#1619=ORIENTED_EDGE('',*,*,#1247,.T.);
#1620=ORIENTED_EDGE('',*,*,#1226,.F.);
#1621=ORIENTED_EDGE('',*,*,#1255,.F.);
#1622=ORIENTED_EDGE('',*,*,#1253,.F.);
#1623=ORIENTED_EDGE('',*,*,#1250,.F.);
#1624=ORIENTED_EDGE('',*,*,#1256,.T.);
#1625=ORIENTED_EDGE('',*,*,#1257,.T.);
#1626=ORIENTED_EDGE('',*,*,#1258,.T.);
#1627=ORIENTED_EDGE('',*,*,#1230,.F.);
#1628=ORIENTED_EDGE('',*,*,#1259,.T.);
#1629=ORIENTED_EDGE('',*,*,#1260,.T.);
#1630=ORIENTED_EDGE('',*,*,#1261,.T.);
#1631=ORIENTED_EDGE('',*,*,#1221,.T.);
#1632=ORIENTED_EDGE('',*,*,#1260,.F.);
#1633=ORIENTED_EDGE('',*,*,#1262,.F.);
#1634=ORIENTED_EDGE('',*,*,#1263,.F.);
#1635=ORIENTED_EDGE('',*,*,#1264,.F.);
#1636=ORIENTED_EDGE('',*,*,#1259,.F.);
#1637=ORIENTED_EDGE('',*,*,#1220,.T.);
#1638=ORIENTED_EDGE('',*,*,#1265,.T.);
#1639=ORIENTED_EDGE('',*,*,#1266,.T.);
#1640=ORIENTED_EDGE('',*,*,#1267,.F.);
#1641=ORIENTED_EDGE('',*,*,#1262,.T.);
#1642=ORIENTED_EDGE('',*,*,#1268,.T.);
#1643=ORIENTED_EDGE('',*,*,#1267,.T.);
#1644=ORIENTED_EDGE('',*,*,#1269,.T.);
#1645=ORIENTED_EDGE('',*,*,#1270,.T.);
#1646=ORIENTED_EDGE('',*,*,#1263,.T.);
#1647=ORIENTED_EDGE('',*,*,#1206,.F.);
#1648=ORIENTED_EDGE('',*,*,#1271,.F.);
#1649=ORIENTED_EDGE('',*,*,#1269,.F.);
#1650=ORIENTED_EDGE('',*,*,#1266,.F.);
#1651=ORIENTED_EDGE('',*,*,#1272,.T.);
#1652=ORIENTED_EDGE('',*,*,#1273,.T.);
#1653=ORIENTED_EDGE('',*,*,#1274,.T.);
#1654=ORIENTED_EDGE('',*,*,#1210,.F.);
#1655=ORIENTED_EDGE('',*,*,#1275,.T.);
#1656=ORIENTED_EDGE('',*,*,#1276,.T.);
#1657=ORIENTED_EDGE('',*,*,#1277,.T.);
#1658=ORIENTED_EDGE('',*,*,#1201,.T.);
#1659=ORIENTED_EDGE('',*,*,#1276,.F.);
#1660=ORIENTED_EDGE('',*,*,#1278,.F.);
#1661=ORIENTED_EDGE('',*,*,#1279,.F.);
#1662=ORIENTED_EDGE('',*,*,#1280,.F.);
#1663=ORIENTED_EDGE('',*,*,#1275,.F.);
#1664=ORIENTED_EDGE('',*,*,#1200,.T.);
#1665=ORIENTED_EDGE('',*,*,#1281,.T.);
#1666=ORIENTED_EDGE('',*,*,#1282,.T.);
#1667=ORIENTED_EDGE('',*,*,#1283,.F.);
#1668=ORIENTED_EDGE('',*,*,#1278,.T.);
#1669=ORIENTED_EDGE('',*,*,#1284,.T.);
#1670=ORIENTED_EDGE('',*,*,#1283,.T.);
#1671=ORIENTED_EDGE('',*,*,#1285,.T.);
#1672=ORIENTED_EDGE('',*,*,#1286,.T.);
#1673=ORIENTED_EDGE('',*,*,#1279,.T.);
#1674=ORIENTED_EDGE('',*,*,#1186,.F.);
#1675=ORIENTED_EDGE('',*,*,#1287,.F.);
#1676=ORIENTED_EDGE('',*,*,#1285,.F.);
#1677=ORIENTED_EDGE('',*,*,#1282,.F.);
#1678=ORIENTED_EDGE('',*,*,#1288,.T.);
#1679=ORIENTED_EDGE('',*,*,#1289,.T.);
#1680=ORIENTED_EDGE('',*,*,#1290,.T.);
#1681=ORIENTED_EDGE('',*,*,#1190,.F.);
#1682=ORIENTED_EDGE('',*,*,#1291,.T.);
#1683=ORIENTED_EDGE('',*,*,#1292,.T.);
#1684=ORIENTED_EDGE('',*,*,#1293,.T.);
#1685=ORIENTED_EDGE('',*,*,#1181,.T.);
#1686=ORIENTED_EDGE('',*,*,#1292,.F.);
#1687=ORIENTED_EDGE('',*,*,#1294,.F.);
#1688=ORIENTED_EDGE('',*,*,#1295,.F.);
#1689=ORIENTED_EDGE('',*,*,#1296,.F.);
#1690=ORIENTED_EDGE('',*,*,#1291,.F.);
#1691=ORIENTED_EDGE('',*,*,#1180,.T.);
#1692=ORIENTED_EDGE('',*,*,#1297,.T.);
#1693=ORIENTED_EDGE('',*,*,#1298,.T.);
#1694=ORIENTED_EDGE('',*,*,#1299,.F.);
#1695=ORIENTED_EDGE('',*,*,#1294,.T.);
#1696=ORIENTED_EDGE('',*,*,#1300,.T.);
#1697=ORIENTED_EDGE('',*,*,#1299,.T.);
#1698=ORIENTED_EDGE('',*,*,#1301,.T.);
#1699=ORIENTED_EDGE('',*,*,#1302,.T.);
#1700=ORIENTED_EDGE('',*,*,#1295,.T.);
#1701=ORIENTED_EDGE('',*,*,#1166,.F.);
#1702=ORIENTED_EDGE('',*,*,#1303,.F.);
#1703=ORIENTED_EDGE('',*,*,#1301,.F.);
#1704=ORIENTED_EDGE('',*,*,#1298,.F.);
#1705=ORIENTED_EDGE('',*,*,#1304,.T.);
#1706=ORIENTED_EDGE('',*,*,#1305,.T.);
#1707=ORIENTED_EDGE('',*,*,#1306,.T.);
#1708=ORIENTED_EDGE('',*,*,#1170,.F.);
#1709=ORIENTED_EDGE('',*,*,#1307,.T.);
#1710=ORIENTED_EDGE('',*,*,#1308,.T.);
#1711=ORIENTED_EDGE('',*,*,#1309,.T.);
#1712=ORIENTED_EDGE('',*,*,#1308,.F.);
#1713=ORIENTED_EDGE('',*,*,#1310,.F.);
#1714=ORIENTED_EDGE('',*,*,#1311,.T.);
#1715=ORIENTED_EDGE('',*,*,#1312,.F.);
#1716=ORIENTED_EDGE('',*,*,#1313,.F.);
#1717=ORIENTED_EDGE('',*,*,#1117,.T.);
#1718=ORIENTED_EDGE('',*,*,#1121,.T.);
#1719=ORIENTED_EDGE('',*,*,#1124,.T.);
#1720=ORIENTED_EDGE('',*,*,#1126,.T.);
#1721=ORIENTED_EDGE('',*,*,#1129,.T.);
#1722=ORIENTED_EDGE('',*,*,#1133,.T.);
#1723=ORIENTED_EDGE('',*,*,#1136,.T.);
#1724=ORIENTED_EDGE('',*,*,#1138,.T.);
#1725=ORIENTED_EDGE('',*,*,#1141,.T.);
#1726=ORIENTED_EDGE('',*,*,#1145,.T.);
#1727=ORIENTED_EDGE('',*,*,#1148,.T.);
#1728=ORIENTED_EDGE('',*,*,#1150,.T.);
#1729=ORIENTED_EDGE('',*,*,#1153,.T.);
#1730=ORIENTED_EDGE('',*,*,#1157,.T.);
#1731=ORIENTED_EDGE('',*,*,#1160,.T.);
#1732=ORIENTED_EDGE('',*,*,#1162,.T.);
#1733=ORIENTED_EDGE('',*,*,#1314,.F.);
#1734=ORIENTED_EDGE('',*,*,#1315,.F.);
#1735=ORIENTED_EDGE('',*,*,#1316,.T.);
#1736=ORIENTED_EDGE('',*,*,#1317,.T.);
#1737=ORIENTED_EDGE('',*,*,#1318,.F.);
#1738=ORIENTED_EDGE('',*,*,#1307,.F.);
#1739=ORIENTED_EDGE('',*,*,#1319,.F.);
#1740=ORIENTED_EDGE('',*,*,#1320,.T.);
#1741=ORIENTED_EDGE('',*,*,#1309,.F.);
#1742=ORIENTED_EDGE('',*,*,#1320,.F.);
#1743=ORIENTED_EDGE('',*,*,#1314,.T.);
#1744=ORIENTED_EDGE('',*,*,#1321,.T.);
#1745=ORIENTED_EDGE('',*,*,#1322,.T.);
#1746=ORIENTED_EDGE('',*,*,#1321,.F.);
#1747=ORIENTED_EDGE('',*,*,#1323,.F.);
#1748=ORIENTED_EDGE('',*,*,#1324,.T.);
#1749=ORIENTED_EDGE('',*,*,#1322,.F.);
#1750=ORIENTED_EDGE('',*,*,#1324,.F.);
#1751=ORIENTED_EDGE('',*,*,#1318,.T.);
#1752=ORIENTED_EDGE('',*,*,#1325,.T.);
#1753=ORIENTED_EDGE('',*,*,#1326,.T.);
#1754=ORIENTED_EDGE('',*,*,#1325,.F.);
#1755=ORIENTED_EDGE('',*,*,#1327,.F.);
#1756=ORIENTED_EDGE('',*,*,#1328,.T.);
#1757=ORIENTED_EDGE('',*,*,#1326,.F.);
#1758=ORIENTED_EDGE('',*,*,#1328,.F.);
#1759=ORIENTED_EDGE('',*,*,#1315,.T.);
#1760=ORIENTED_EDGE('',*,*,#1329,.T.);
#1761=ORIENTED_EDGE('',*,*,#1330,.T.);
#1762=ORIENTED_EDGE('',*,*,#1329,.F.);
#1763=ORIENTED_EDGE('',*,*,#1331,.F.);
#1764=ORIENTED_EDGE('',*,*,#1332,.T.);
#1765=ORIENTED_EDGE('',*,*,#1330,.F.);
#1766=ORIENTED_EDGE('',*,*,#1332,.F.);
#1767=ORIENTED_EDGE('',*,*,#1333,.F.);
#1768=ORIENTED_EDGE('',*,*,#1334,.T.);
#1769=ORIENTED_EDGE('',*,*,#1335,.F.);
#1770=ORIENTED_EDGE('',*,*,#1336,.F.);
#1771=ORIENTED_EDGE('',*,*,#1337,.F.);
#1772=ORIENTED_EDGE('',*,*,#1336,.T.);
#1773=ORIENTED_EDGE('',*,*,#1338,.F.);
#1774=ORIENTED_EDGE('',*,*,#1339,.F.);
#1775=ORIENTED_EDGE('',*,*,#1340,.F.);
#1776=ORIENTED_EDGE('',*,*,#1339,.T.);
#1777=ORIENTED_EDGE('',*,*,#1341,.F.);
#1778=ORIENTED_EDGE('',*,*,#1342,.F.);
#1779=ORIENTED_EDGE('',*,*,#1343,.F.);
#1780=ORIENTED_EDGE('',*,*,#1342,.T.);
#1781=ORIENTED_EDGE('',*,*,#1344,.F.);
#1782=ORIENTED_EDGE('',*,*,#1345,.F.);
#1783=ORIENTED_EDGE('',*,*,#1346,.F.);
#1784=ORIENTED_EDGE('',*,*,#1345,.T.);
#1785=ORIENTED_EDGE('',*,*,#1347,.F.);
#1786=ORIENTED_EDGE('',*,*,#1348,.F.);
#1787=ORIENTED_EDGE('',*,*,#1349,.F.);
#1788=ORIENTED_EDGE('',*,*,#1348,.T.);
#1789=ORIENTED_EDGE('',*,*,#1350,.F.);
#1790=ORIENTED_EDGE('',*,*,#1351,.F.);
#1791=ORIENTED_EDGE('',*,*,#1352,.F.);
#1792=ORIENTED_EDGE('',*,*,#1351,.T.);
#1793=ORIENTED_EDGE('',*,*,#1353,.F.);
#1794=ORIENTED_EDGE('',*,*,#1354,.F.);
#1795=ORIENTED_EDGE('',*,*,#1355,.F.);
#1796=ORIENTED_EDGE('',*,*,#1354,.T.);
#1797=ORIENTED_EDGE('',*,*,#1356,.F.);
#1798=ORIENTED_EDGE('',*,*,#1357,.F.);
#1799=ORIENTED_EDGE('',*,*,#1358,.F.);
#1800=ORIENTED_EDGE('',*,*,#1357,.T.);
#1801=ORIENTED_EDGE('',*,*,#1359,.F.);
#1802=ORIENTED_EDGE('',*,*,#1360,.F.);
#1803=ORIENTED_EDGE('',*,*,#1361,.F.);
#1804=ORIENTED_EDGE('',*,*,#1360,.T.);
#1805=ORIENTED_EDGE('',*,*,#1362,.F.);
#1806=ORIENTED_EDGE('',*,*,#1363,.F.);
#1807=ORIENTED_EDGE('',*,*,#1364,.F.);
#1808=ORIENTED_EDGE('',*,*,#1363,.T.);
#1809=ORIENTED_EDGE('',*,*,#1365,.F.);
#1810=ORIENTED_EDGE('',*,*,#1366,.F.);
#1811=ORIENTED_EDGE('',*,*,#1367,.F.);
#1812=ORIENTED_EDGE('',*,*,#1366,.T.);
#1813=ORIENTED_EDGE('',*,*,#1368,.F.);
#1814=ORIENTED_EDGE('',*,*,#1369,.F.);
#1815=ORIENTED_EDGE('',*,*,#1370,.F.);
#1816=ORIENTED_EDGE('',*,*,#1369,.T.);
#1817=ORIENTED_EDGE('',*,*,#1371,.F.);
#1818=ORIENTED_EDGE('',*,*,#1372,.F.);
#1819=ORIENTED_EDGE('',*,*,#1373,.F.);
#1820=ORIENTED_EDGE('',*,*,#1372,.T.);
#1821=ORIENTED_EDGE('',*,*,#1374,.F.);
#1822=ORIENTED_EDGE('',*,*,#1375,.F.);
#1823=ORIENTED_EDGE('',*,*,#1376,.F.);
#1824=ORIENTED_EDGE('',*,*,#1375,.T.);
#1825=ORIENTED_EDGE('',*,*,#1377,.F.);
#1826=ORIENTED_EDGE('',*,*,#1378,.F.);
#1827=ORIENTED_EDGE('',*,*,#1379,.F.);
#1828=ORIENTED_EDGE('',*,*,#1378,.T.);
#1829=ORIENTED_EDGE('',*,*,#1380,.F.);
#1830=ORIENTED_EDGE('',*,*,#1334,.F.);
#1831=ORIENTED_EDGE('',*,*,#1381,.F.);
#1832=ORIENTED_EDGE('',*,*,#1382,.T.);
#1833=ORIENTED_EDGE('',*,*,#1383,.F.);
#1834=ORIENTED_EDGE('',*,*,#1384,.F.);
#1835=ORIENTED_EDGE('',*,*,#1385,.F.);
#1836=ORIENTED_EDGE('',*,*,#1384,.T.);
#1837=ORIENTED_EDGE('',*,*,#1386,.F.);
#1838=ORIENTED_EDGE('',*,*,#1387,.F.);
#1839=ORIENTED_EDGE('',*,*,#1388,.F.);
#1840=ORIENTED_EDGE('',*,*,#1387,.T.);
#1841=ORIENTED_EDGE('',*,*,#1389,.F.);
#1842=ORIENTED_EDGE('',*,*,#1390,.F.);
#1843=ORIENTED_EDGE('',*,*,#1391,.F.);
#1844=ORIENTED_EDGE('',*,*,#1390,.T.);
#1845=ORIENTED_EDGE('',*,*,#1392,.F.);
#1846=ORIENTED_EDGE('',*,*,#1382,.F.);
#1847=ORIENTED_EDGE('',*,*,#1392,.T.);
#1848=ORIENTED_EDGE('',*,*,#1389,.T.);
#1849=ORIENTED_EDGE('',*,*,#1386,.T.);
#1850=ORIENTED_EDGE('',*,*,#1383,.T.);
#1851=ORIENTED_EDGE('',*,*,#1319,.T.);
#1852=ORIENTED_EDGE('',*,*,#1331,.T.);
#1853=ORIENTED_EDGE('',*,*,#1323,.T.);
#1854=ORIENTED_EDGE('',*,*,#1327,.T.);
#1855=ORIENTED_EDGE('',*,*,#1380,.T.);
#1856=ORIENTED_EDGE('',*,*,#1377,.T.);
#1857=ORIENTED_EDGE('',*,*,#1374,.T.);
#1858=ORIENTED_EDGE('',*,*,#1371,.T.);
#1859=ORIENTED_EDGE('',*,*,#1368,.T.);
#1860=ORIENTED_EDGE('',*,*,#1365,.T.);
#1861=ORIENTED_EDGE('',*,*,#1362,.T.);
#1862=ORIENTED_EDGE('',*,*,#1359,.T.);
#1863=ORIENTED_EDGE('',*,*,#1356,.T.);
#1864=ORIENTED_EDGE('',*,*,#1353,.T.);
#1865=ORIENTED_EDGE('',*,*,#1350,.T.);
#1866=ORIENTED_EDGE('',*,*,#1347,.T.);
#1867=ORIENTED_EDGE('',*,*,#1344,.T.);
#1868=ORIENTED_EDGE('',*,*,#1341,.T.);
#1869=ORIENTED_EDGE('',*,*,#1338,.T.);
#1870=ORIENTED_EDGE('',*,*,#1335,.T.);
#1871=ORIENTED_EDGE('',*,*,#1393,.T.);
#1872=ORIENTED_EDGE('',*,*,#1394,.T.);
#1873=ORIENTED_EDGE('',*,*,#1395,.T.);
#1874=ORIENTED_EDGE('',*,*,#1396,.T.);
#1875=ORIENTED_EDGE('',*,*,#1381,.T.);
#1876=ORIENTED_EDGE('',*,*,#1385,.T.);
#1877=ORIENTED_EDGE('',*,*,#1388,.T.);
#1878=ORIENTED_EDGE('',*,*,#1391,.T.);
#1879=ORIENTED_EDGE('',*,*,#1231,.F.);
#1880=ORIENTED_EDGE('',*,*,#1258,.F.);
#1881=ORIENTED_EDGE('',*,*,#1397,.T.);
#1882=ORIENTED_EDGE('',*,*,#1237,.F.);
#1883=ORIENTED_EDGE('',*,*,#1249,.F.);
#1884=ORIENTED_EDGE('',*,*,#1239,.F.);
#1885=ORIENTED_EDGE('',*,*,#1398,.T.);
#1886=ORIENTED_EDGE('',*,*,#1256,.F.);
#1887=ORIENTED_EDGE('',*,*,#1238,.F.);
#1888=ORIENTED_EDGE('',*,*,#1397,.F.);
#1889=ORIENTED_EDGE('',*,*,#1257,.F.);
#1890=ORIENTED_EDGE('',*,*,#1398,.F.);
#1891=ORIENTED_EDGE('',*,*,#1191,.F.);
#1892=ORIENTED_EDGE('',*,*,#1290,.F.);
#1893=ORIENTED_EDGE('',*,*,#1399,.T.);
#1894=ORIENTED_EDGE('',*,*,#1197,.F.);
#1895=ORIENTED_EDGE('',*,*,#1281,.F.);
#1896=ORIENTED_EDGE('',*,*,#1199,.F.);
#1897=ORIENTED_EDGE('',*,*,#1400,.T.);
#1898=ORIENTED_EDGE('',*,*,#1288,.F.);
#1899=ORIENTED_EDGE('',*,*,#1400,.F.);
#1900=ORIENTED_EDGE('',*,*,#1198,.F.);
#1901=ORIENTED_EDGE('',*,*,#1399,.F.);
#1902=ORIENTED_EDGE('',*,*,#1289,.F.);
#1903=ORIENTED_EDGE('',*,*,#1211,.F.);
#1904=ORIENTED_EDGE('',*,*,#1274,.F.);
#1905=ORIENTED_EDGE('',*,*,#1401,.T.);
#1906=ORIENTED_EDGE('',*,*,#1217,.F.);
#1907=ORIENTED_EDGE('',*,*,#1265,.F.);
#1908=ORIENTED_EDGE('',*,*,#1219,.F.);
#1909=ORIENTED_EDGE('',*,*,#1402,.T.);
#1910=ORIENTED_EDGE('',*,*,#1272,.F.);
#1911=ORIENTED_EDGE('',*,*,#1218,.F.);
#1912=ORIENTED_EDGE('',*,*,#1401,.F.);
#1913=ORIENTED_EDGE('',*,*,#1273,.F.);
#1914=ORIENTED_EDGE('',*,*,#1402,.F.);
#1915=ORIENTED_EDGE('',*,*,#1171,.F.);
#1916=ORIENTED_EDGE('',*,*,#1306,.F.);
#1917=ORIENTED_EDGE('',*,*,#1403,.T.);
#1918=ORIENTED_EDGE('',*,*,#1177,.F.);
#1919=ORIENTED_EDGE('',*,*,#1297,.F.);
#1920=ORIENTED_EDGE('',*,*,#1179,.F.);
#1921=ORIENTED_EDGE('',*,*,#1404,.T.);
#1922=ORIENTED_EDGE('',*,*,#1304,.F.);
#1923=ORIENTED_EDGE('',*,*,#1178,.F.);
#1924=ORIENTED_EDGE('',*,*,#1403,.F.);
#1925=ORIENTED_EDGE('',*,*,#1305,.F.);
#1926=ORIENTED_EDGE('',*,*,#1404,.F.);
#1927=ORIENTED_EDGE('',*,*,#1214,.F.);
#1928=ORIENTED_EDGE('',*,*,#1405,.T.);
#1929=ORIENTED_EDGE('',*,*,#1406,.T.);
#1930=ORIENTED_EDGE('',*,*,#1405,.F.);
#1931=ORIENTED_EDGE('',*,*,#1406,.F.);
#1932=ORIENTED_EDGE('',*,*,#1300,.F.);
#1933=ORIENTED_EDGE('',*,*,#1407,.T.);
#1934=ORIENTED_EDGE('',*,*,#1408,.T.);
#1935=ORIENTED_EDGE('',*,*,#1407,.F.);
#1936=ORIENTED_EDGE('',*,*,#1408,.F.);
#1937=ORIENTED_EDGE('',*,*,#1284,.F.);
#1938=ORIENTED_EDGE('',*,*,#1409,.T.);
#1939=ORIENTED_EDGE('',*,*,#1410,.T.);
#1940=ORIENTED_EDGE('',*,*,#1409,.F.);
#1941=ORIENTED_EDGE('',*,*,#1410,.F.);
#1942=ORIENTED_EDGE('',*,*,#1252,.F.);
#1943=ORIENTED_EDGE('',*,*,#1411,.T.);
#1944=ORIENTED_EDGE('',*,*,#1412,.T.);
#1945=ORIENTED_EDGE('',*,*,#1411,.F.);
#1946=ORIENTED_EDGE('',*,*,#1412,.F.);
#1947=ORIENTED_EDGE('',*,*,#1268,.F.);
#1948=ORIENTED_EDGE('',*,*,#1413,.T.);
#1949=ORIENTED_EDGE('',*,*,#1414,.T.);
#1950=ORIENTED_EDGE('',*,*,#1413,.F.);
#1951=ORIENTED_EDGE('',*,*,#1414,.F.);
#1952=ORIENTED_EDGE('',*,*,#1174,.F.);
#1953=ORIENTED_EDGE('',*,*,#1415,.T.);
#1954=ORIENTED_EDGE('',*,*,#1416,.T.);
#1955=ORIENTED_EDGE('',*,*,#1415,.F.);
#1956=ORIENTED_EDGE('',*,*,#1416,.F.);
#1957=ORIENTED_EDGE('',*,*,#1194,.F.);
#1958=ORIENTED_EDGE('',*,*,#1417,.T.);
#1959=ORIENTED_EDGE('',*,*,#1418,.T.);
#1960=ORIENTED_EDGE('',*,*,#1417,.F.);
#1961=ORIENTED_EDGE('',*,*,#1418,.F.);
#1962=ORIENTED_EDGE('',*,*,#1234,.F.);
#1963=ORIENTED_EDGE('',*,*,#1419,.T.);
#1964=ORIENTED_EDGE('',*,*,#1420,.T.);
#1965=ORIENTED_EDGE('',*,*,#1419,.F.);
#1966=ORIENTED_EDGE('',*,*,#1420,.F.);
#1967=ORIENTED_EDGE('',*,*,#1421,.F.);
#1968=ORIENTED_EDGE('',*,*,#1422,.T.);
#1969=ORIENTED_EDGE('',*,*,#1316,.F.);
#1970=ORIENTED_EDGE('',*,*,#1422,.F.);
#1971=ORIENTED_EDGE('',*,*,#1423,.F.);
#1972=ORIENTED_EDGE('',*,*,#1424,.T.);
#1973=ORIENTED_EDGE('',*,*,#1317,.F.);
#1974=ORIENTED_EDGE('',*,*,#1424,.F.);
#1975=ORIENTED_EDGE('',*,*,#1311,.F.);
#1976=ORIENTED_EDGE('',*,*,#1425,.T.);
#1977=ORIENTED_EDGE('',*,*,#1396,.F.);
#1978=ORIENTED_EDGE('',*,*,#1426,.F.);
#1979=ORIENTED_EDGE('',*,*,#1312,.T.);
#1980=ORIENTED_EDGE('',*,*,#1426,.T.);
#1981=ORIENTED_EDGE('',*,*,#1395,.F.);
#1982=ORIENTED_EDGE('',*,*,#1427,.F.);
#1983=ORIENTED_EDGE('',*,*,#1313,.T.);
#1984=ORIENTED_EDGE('',*,*,#1427,.T.);
#1985=ORIENTED_EDGE('',*,*,#1394,.F.);
#1986=ORIENTED_EDGE('',*,*,#1428,.F.);
#1987=ORIENTED_EDGE('',*,*,#1310,.T.);
#1988=ORIENTED_EDGE('',*,*,#1428,.T.);
#1989=ORIENTED_EDGE('',*,*,#1393,.F.);
#1990=ORIENTED_EDGE('',*,*,#1425,.F.);
#1991=ORIENTED_EDGE('',*,*,#1333,.T.);
#1992=ORIENTED_EDGE('',*,*,#1337,.T.);
#1993=ORIENTED_EDGE('',*,*,#1340,.T.);
#1994=ORIENTED_EDGE('',*,*,#1343,.T.);
#1995=ORIENTED_EDGE('',*,*,#1346,.T.);
#1996=ORIENTED_EDGE('',*,*,#1349,.T.);
#1997=ORIENTED_EDGE('',*,*,#1352,.T.);
#1998=ORIENTED_EDGE('',*,*,#1355,.T.);
#1999=ORIENTED_EDGE('',*,*,#1358,.T.);
#2000=ORIENTED_EDGE('',*,*,#1361,.T.);
#2001=ORIENTED_EDGE('',*,*,#1364,.T.);
#2002=ORIENTED_EDGE('',*,*,#1367,.T.);
#2003=ORIENTED_EDGE('',*,*,#1370,.T.);
#2004=ORIENTED_EDGE('',*,*,#1373,.T.);
#2005=ORIENTED_EDGE('',*,*,#1376,.T.);
#2006=ORIENTED_EDGE('',*,*,#1379,.T.);
#2007=ORIENTED_EDGE('',*,*,#1115,.T.);
#2008=ORIENTED_EDGE('',*,*,#1125,.T.);
#2009=ORIENTED_EDGE('',*,*,#1122,.T.);
#2010=ORIENTED_EDGE('',*,*,#1119,.T.);
#2011=ORIENTED_EDGE('',*,*,#1127,.T.);
#2012=ORIENTED_EDGE('',*,*,#1137,.T.);
#2013=ORIENTED_EDGE('',*,*,#1134,.T.);
#2014=ORIENTED_EDGE('',*,*,#1131,.T.);
#2015=ORIENTED_EDGE('',*,*,#1139,.T.);
#2016=ORIENTED_EDGE('',*,*,#1149,.T.);
#2017=ORIENTED_EDGE('',*,*,#1146,.T.);
#2018=ORIENTED_EDGE('',*,*,#1143,.T.);
#2019=ORIENTED_EDGE('',*,*,#1151,.T.);
#2020=ORIENTED_EDGE('',*,*,#1161,.T.);
#2021=ORIENTED_EDGE('',*,*,#1158,.T.);
#2022=ORIENTED_EDGE('',*,*,#1155,.T.);
#2023=ORIENTED_EDGE('',*,*,#1169,.T.);
#2024=ORIENTED_EDGE('',*,*,#1176,.F.);
#2025=ORIENTED_EDGE('',*,*,#1182,.T.);
#2026=ORIENTED_EDGE('',*,*,#1293,.F.);
#2027=ORIENTED_EDGE('',*,*,#1296,.T.);
#2028=ORIENTED_EDGE('',*,*,#1302,.F.);
#2029=ORIENTED_EDGE('',*,*,#1303,.T.);
#2030=ORIENTED_EDGE('',*,*,#1165,.F.);
#2031=ORIENTED_EDGE('',*,*,#1229,.T.);
#2032=ORIENTED_EDGE('',*,*,#1236,.F.);
#2033=ORIENTED_EDGE('',*,*,#1242,.T.);
#2034=ORIENTED_EDGE('',*,*,#1245,.F.);
#2035=ORIENTED_EDGE('',*,*,#1248,.T.);
#2036=ORIENTED_EDGE('',*,*,#1254,.F.);
#2037=ORIENTED_EDGE('',*,*,#1255,.T.);
#2038=ORIENTED_EDGE('',*,*,#1225,.F.);
#2039=ORIENTED_EDGE('',*,*,#1189,.T.);
#2040=ORIENTED_EDGE('',*,*,#1196,.F.);
#2041=ORIENTED_EDGE('',*,*,#1202,.T.);
#2042=ORIENTED_EDGE('',*,*,#1277,.F.);
#2043=ORIENTED_EDGE('',*,*,#1280,.T.);
#2044=ORIENTED_EDGE('',*,*,#1286,.F.);
#2045=ORIENTED_EDGE('',*,*,#1287,.T.);
#2046=ORIENTED_EDGE('',*,*,#1185,.F.);
#2047=ORIENTED_EDGE('',*,*,#1209,.T.);
#2048=ORIENTED_EDGE('',*,*,#1216,.F.);
#2049=ORIENTED_EDGE('',*,*,#1222,.T.);
#2050=ORIENTED_EDGE('',*,*,#1261,.F.);
#2051=ORIENTED_EDGE('',*,*,#1264,.T.);
#2052=ORIENTED_EDGE('',*,*,#1270,.F.);
#2053=ORIENTED_EDGE('',*,*,#1271,.T.);
#2054=ORIENTED_EDGE('',*,*,#1205,.F.);
#2055=ORIENTED_EDGE('',*,*,#1421,.T.);
#2056=ORIENTED_EDGE('',*,*,#1423,.T.);
#2057=PLANE('',#2263);
#2058=PLANE('',#2267);
#2059=PLANE('',#2271);
#2060=PLANE('',#2275);
#2061=PLANE('',#2279);
#2062=PLANE('',#2283);
#2063=PLANE('',#2287);
#2064=PLANE('',#2291);
#2065=PLANE('',#2298);
#2066=PLANE('',#2299);
#2067=PLANE('',#2304);
#2068=PLANE('',#2308);
#2069=PLANE('',#2309);
#2070=PLANE('',#2314);
#2071=PLANE('',#2318);
#2072=PLANE('',#2319);
#2073=PLANE('',#2324);
#2074=PLANE('',#2328);
#2075=PLANE('',#2329);
#2076=PLANE('',#2334);
#2077=PLANE('',#2338);
#2078=PLANE('',#2339);
#2079=PLANE('',#2344);
#2080=PLANE('',#2348);
#2081=PLANE('',#2349);
#2082=PLANE('',#2354);
#2083=PLANE('',#2358);
#2084=PLANE('',#2359);
#2085=PLANE('',#2364);
#2086=PLANE('',#2368);
#2087=PLANE('',#2369);
#2088=PLANE('',#2374);
#2089=PLANE('',#2378);
#2090=PLANE('',#2400);
#2091=PLANE('',#2404);
#2092=PLANE('',#2408);
#2093=PLANE('',#2412);
#2094=PLANE('',#2413);
#2095=PLANE('',#2414);
#2096=PLANE('',#2418);
#2097=PLANE('',#2422);
#2098=PLANE('',#2426);
#2099=PLANE('',#2427);
#2100=PLANE('',#2428);
#2101=PLANE('',#2432);
#2102=PLANE('',#2436);
#2103=PLANE('',#2437);
#2104=PLANE('',#2440);
#2105=PLANE('',#2441);
#2106=PLANE('',#2442);
#2107=PLANE('',#2443);
#2108=PLANE('',#2444);
#2109=PLANE('',#2445);
#2110=PLANE('',#2446);
#2111=PLANE('',#2447);
#2112=PLANE('',#2448);
#2113=PLANE('',#2449);
#2114=PLANE('',#2450);
#2115=PLANE('',#2451);
#2116=PLANE('',#2454);
#2117=PLANE('',#2457);
#2118=PLANE('',#2460);
#2119=PLANE('',#2463);
#2120=PLANE('',#2466);
#2121=PLANE('',#2469);
#2122=PLANE('',#2472);
#2123=PLANE('',#2475);
#2124=PLANE('',#2480);
#2125=PLANE('',#2482);
#2126=PLANE('',#2484);
#2127=ADVANCED_FACE('',(#201),#2057,.F.);
#2128=ADVANCED_FACE('',(#202),#153,.F.);
#2129=ADVANCED_FACE('',(#203),#2058,.F.);
#2130=ADVANCED_FACE('',(#204),#154,.F.);
#2131=ADVANCED_FACE('',(#205),#2059,.F.);
#2132=ADVANCED_FACE('',(#206),#155,.F.);
#2133=ADVANCED_FACE('',(#207),#2060,.F.);
#2134=ADVANCED_FACE('',(#208),#156,.F.);
#2135=ADVANCED_FACE('',(#209),#2061,.F.);
#2136=ADVANCED_FACE('',(#210),#157,.F.);
#2137=ADVANCED_FACE('',(#211),#2062,.F.);
#2138=ADVANCED_FACE('',(#212),#158,.F.);
#2139=ADVANCED_FACE('',(#213),#2063,.F.);
#2140=ADVANCED_FACE('',(#214),#159,.F.);
#2141=ADVANCED_FACE('',(#215),#2064,.F.);
#2142=ADVANCED_FACE('',(#216),#160,.F.);
#2143=ADVANCED_FACE('',(#217),#161,.T.);
#2144=ADVANCED_FACE('',(#218),#2065,.T.);
#2145=ADVANCED_FACE('',(#219,#19),#2066,.T.);
#2146=ADVANCED_FACE('',(#220),#162,.T.);
#2147=ADVANCED_FACE('',(#221),#2067,.T.);
#2148=ADVANCED_FACE('',(#222),#163,.T.);
#2149=ADVANCED_FACE('',(#223),#2068,.T.);
#2150=ADVANCED_FACE('',(#224,#20),#2069,.T.);
#2151=ADVANCED_FACE('',(#225),#164,.T.);
#2152=ADVANCED_FACE('',(#226),#2070,.T.);
#2153=ADVANCED_FACE('',(#227),#165,.T.);
#2154=ADVANCED_FACE('',(#228),#2071,.T.);
#2155=ADVANCED_FACE('',(#229,#21),#2072,.T.);
#2156=ADVANCED_FACE('',(#230),#166,.T.);
#2157=ADVANCED_FACE('',(#231),#2073,.T.);
#2158=ADVANCED_FACE('',(#232),#167,.T.);
#2159=ADVANCED_FACE('',(#233),#2074,.T.);
#2160=ADVANCED_FACE('',(#234,#22),#2075,.T.);
#2161=ADVANCED_FACE('',(#235),#168,.T.);
#2162=ADVANCED_FACE('',(#236),#2076,.T.);
#2163=ADVANCED_FACE('',(#237),#169,.T.);
#2164=ADVANCED_FACE('',(#238),#2077,.T.);
#2165=ADVANCED_FACE('',(#239,#23),#2078,.T.);
#2166=ADVANCED_FACE('',(#240),#170,.T.);
#2167=ADVANCED_FACE('',(#241),#2079,.T.);
#2168=ADVANCED_FACE('',(#242),#171,.T.);
#2169=ADVANCED_FACE('',(#243),#2080,.T.);
#2170=ADVANCED_FACE('',(#244,#24),#2081,.T.);
#2171=ADVANCED_FACE('',(#245),#172,.T.);
#2172=ADVANCED_FACE('',(#246),#2082,.T.);
#2173=ADVANCED_FACE('',(#247),#173,.T.);
#2174=ADVANCED_FACE('',(#248),#2083,.T.);
#2175=ADVANCED_FACE('',(#249,#25),#2084,.T.);
#2176=ADVANCED_FACE('',(#250),#174,.T.);
#2177=ADVANCED_FACE('',(#251),#2085,.T.);
#2178=ADVANCED_FACE('',(#252),#175,.T.);
#2179=ADVANCED_FACE('',(#253),#2086,.T.);
#2180=ADVANCED_FACE('',(#254,#26),#2087,.T.);
#2181=ADVANCED_FACE('',(#255),#176,.T.);
#2182=ADVANCED_FACE('',(#256),#2088,.T.);
#2183=ADVANCED_FACE('',(#257),#15,.F.);
#2184=ADVANCED_FACE('',(#258,#27,#28,#29,#30,#31,#32,#33,#34,#35,#36),#2089,
 .F.);
#2185=ADVANCED_FACE('',(#259),#177,.F.);
#2186=ADVANCED_FACE('',(#260),#16,.F.);
#2187=ADVANCED_FACE('',(#261),#178,.F.);
#2188=ADVANCED_FACE('',(#262),#17,.F.);
#2189=ADVANCED_FACE('',(#263),#179,.F.);
#2190=ADVANCED_FACE('',(#264),#18,.F.);
#2191=ADVANCED_FACE('',(#265),#180,.F.);
#2192=ADVANCED_FACE('',(#266),#2090,.T.);
#2193=ADVANCED_FACE('',(#267),#181,.T.);
#2194=ADVANCED_FACE('',(#268),#2091,.T.);
#2195=ADVANCED_FACE('',(#269),#182,.F.);
#2196=ADVANCED_FACE('',(#270),#2092,.T.);
#2197=ADVANCED_FACE('',(#271),#183,.T.);
#2198=ADVANCED_FACE('',(#272),#2093,.T.);
#2199=ADVANCED_FACE('',(#273),#2094,.T.);
#2200=ADVANCED_FACE('',(#274),#2095,.T.);
#2201=ADVANCED_FACE('',(#275),#184,.T.);
#2202=ADVANCED_FACE('',(#276),#2096,.T.);
#2203=ADVANCED_FACE('',(#277),#185,.F.);
#2204=ADVANCED_FACE('',(#278),#2097,.T.);
#2205=ADVANCED_FACE('',(#279),#186,.T.);
#2206=ADVANCED_FACE('',(#280),#2098,.T.);
#2207=ADVANCED_FACE('',(#281),#2099,.T.);
#2208=ADVANCED_FACE('',(#282),#2100,.T.);
#2209=ADVANCED_FACE('',(#283),#187,.T.);
#2210=ADVANCED_FACE('',(#284),#2101,.T.);
#2211=ADVANCED_FACE('',(#285),#188,.T.);
#2212=ADVANCED_FACE('',(#286,#37,#38,#39,#40,#41),#2102,.T.);
#2213=ADVANCED_FACE('',(#287,#42),#2103,.T.);
#2214=ADVANCED_FACE('',(#288),#2104,.F.);
#2215=ADVANCED_FACE('',(#289),#2105,.F.);
#2216=ADVANCED_FACE('',(#290),#2106,.F.);
#2217=ADVANCED_FACE('',(#291),#2107,.F.);
#2218=ADVANCED_FACE('',(#292),#2108,.F.);
#2219=ADVANCED_FACE('',(#293),#2109,.F.);
#2220=ADVANCED_FACE('',(#294),#2110,.F.);
#2221=ADVANCED_FACE('',(#295),#2111,.F.);
#2222=ADVANCED_FACE('',(#296),#2112,.F.);
#2223=ADVANCED_FACE('',(#297),#2113,.F.);
#2224=ADVANCED_FACE('',(#298),#2114,.F.);
#2225=ADVANCED_FACE('',(#299),#2115,.F.);
#2226=ADVANCED_FACE('',(#300),#189,.F.);
#2227=ADVANCED_FACE('',(#301),#2116,.T.);
#2228=ADVANCED_FACE('',(#302),#190,.F.);
#2229=ADVANCED_FACE('',(#303),#2117,.T.);
#2230=ADVANCED_FACE('',(#304),#191,.F.);
#2231=ADVANCED_FACE('',(#305),#2118,.T.);
#2232=ADVANCED_FACE('',(#306),#192,.F.);
#2233=ADVANCED_FACE('',(#307),#2119,.T.);
#2234=ADVANCED_FACE('',(#308),#193,.F.);
#2235=ADVANCED_FACE('',(#309),#2120,.T.);
#2236=ADVANCED_FACE('',(#310),#194,.F.);
#2237=ADVANCED_FACE('',(#311),#2121,.T.);
#2238=ADVANCED_FACE('',(#312),#195,.F.);
#2239=ADVANCED_FACE('',(#313),#2122,.T.);
#2240=ADVANCED_FACE('',(#314),#196,.F.);
#2241=ADVANCED_FACE('',(#315),#2123,.T.);
#2242=ADVANCED_FACE('',(#316),#197,.F.);
#2243=ADVANCED_FACE('',(#317),#198,.F.);
#2244=ADVANCED_FACE('',(#318),#2124,.T.);
#2245=ADVANCED_FACE('',(#319),#199,.T.);
#2246=ADVANCED_FACE('',(#320),#2125,.T.);
#2247=ADVANCED_FACE('',(#321),#200,.T.);
#2248=ADVANCED_FACE('',(#322,#43,#44,#45,#46,#47,#48,#49,#50,#51,#52),#2126,
 .T.);
#2249=CLOSED_SHELL('',(#2127,#2128,#2129,#2130,#2131,#2132,#2133,#2134,
#2135,#2136,#2137,#2138,#2139,#2140,#2141,#2142,#2143,#2144,#2145,#2146,
#2147,#2148,#2149,#2150,#2151,#2152,#2153,#2154,#2155,#2156,#2157,#2158,
#2159,#2160,#2161,#2162,#2163,#2164,#2165,#2166,#2167,#2168,#2169,#2170,
#2171,#2172,#2173,#2174,#2175,#2176,#2177,#2178,#2179,#2180,#2181,#2182,
#2183,#2184,#2185,#2186,#2187,#2188,#2189,#2190,#2191,#2192,#2193,#2194,
#2195,#2196,#2197,#2198,#2199,#2200,#2201,#2202,#2203,#2204,#2205,#2206,
#2207,#2208,#2209,#2210,#2211,#2212,#2213,#2214,#2215,#2216,#2217,#2218,
#2219,#2220,#2221,#2222,#2223,#2224,#2225,#2226,#2227,#2228,#2229,#2230,
#2231,#2232,#2233,#2234,#2235,#2236,#2237,#2238,#2239,#2240,#2241,#2242,
#2243,#2244,#2245,#2246,#2247,#2248));
#2250=DERIVED_UNIT_ELEMENT(#2252,1.);
#2251=DERIVED_UNIT_ELEMENT(#3795,-3.);
#2252=(
MASS_UNIT()
NAMED_UNIT(*)
SI_UNIT(.KILO.,.GRAM.)
);
#2253=DERIVED_UNIT((#2250,#2251));
#2254=MEASURE_REPRESENTATION_ITEM('density measure',
POSITIVE_RATIO_MEASURE(7850.),#2253);
#2255=PROPERTY_DEFINITION_REPRESENTATION(#2260,#2257);
#2256=PROPERTY_DEFINITION_REPRESENTATION(#2261,#2258);
#2257=REPRESENTATION('material name',(#2259),#3792);
#2258=REPRESENTATION('density',(#2254),#3792);
#2259=DESCRIPTIVE_REPRESENTATION_ITEM('\X2\AC15CCA0\X0\','\X2\AC15CCA0\X0\');
#2260=PROPERTY_DEFINITION('material property','material name',#3802);
#2261=PROPERTY_DEFINITION('material property','density of part',#3802);
#2262=AXIS2_PLACEMENT_3D('',#3145,#2485,#2486);
#2263=AXIS2_PLACEMENT_3D('',#3146,#2487,#2488);
#2264=AXIS2_PLACEMENT_3D('',#3155,#2493,#2494);
#2265=AXIS2_PLACEMENT_3D('',#3157,#2495,#2496);
#2266=AXIS2_PLACEMENT_3D('',#3160,#2498,#2499);
#2267=AXIS2_PLACEMENT_3D('',#3161,#2500,#2501);
#2268=AXIS2_PLACEMENT_3D('',#3167,#2505,#2506);
#2269=AXIS2_PLACEMENT_3D('',#3168,#2507,#2508);
#2270=AXIS2_PLACEMENT_3D('',#3169,#2509,#2510);
#2271=AXIS2_PLACEMENT_3D('',#3170,#2511,#2512);
#2272=AXIS2_PLACEMENT_3D('',#3179,#2517,#2518);
#2273=AXIS2_PLACEMENT_3D('',#3181,#2519,#2520);
#2274=AXIS2_PLACEMENT_3D('',#3184,#2522,#2523);
#2275=AXIS2_PLACEMENT_3D('',#3185,#2524,#2525);
#2276=AXIS2_PLACEMENT_3D('',#3191,#2529,#2530);
#2277=AXIS2_PLACEMENT_3D('',#3192,#2531,#2532);
#2278=AXIS2_PLACEMENT_3D('',#3193,#2533,#2534);
#2279=AXIS2_PLACEMENT_3D('',#3194,#2535,#2536);
#2280=AXIS2_PLACEMENT_3D('',#3203,#2541,#2542);
#2281=AXIS2_PLACEMENT_3D('',#3205,#2543,#2544);
#2282=AXIS2_PLACEMENT_3D('',#3208,#2546,#2547);
#2283=AXIS2_PLACEMENT_3D('',#3209,#2548,#2549);
#2284=AXIS2_PLACEMENT_3D('',#3215,#2553,#2554);
#2285=AXIS2_PLACEMENT_3D('',#3216,#2555,#2556);
#2286=AXIS2_PLACEMENT_3D('',#3217,#2557,#2558);
#2287=AXIS2_PLACEMENT_3D('',#3218,#2559,#2560);
#2288=AXIS2_PLACEMENT_3D('',#3227,#2565,#2566);
#2289=AXIS2_PLACEMENT_3D('',#3229,#2567,#2568);
#2290=AXIS2_PLACEMENT_3D('',#3232,#2570,#2571);
#2291=AXIS2_PLACEMENT_3D('',#3233,#2572,#2573);
#2292=AXIS2_PLACEMENT_3D('',#3239,#2577,#2578);
#2293=AXIS2_PLACEMENT_3D('',#3240,#2579,#2580);
#2294=AXIS2_PLACEMENT_3D('',#3241,#2581,#2582);
#2295=AXIS2_PLACEMENT_3D('',#3242,#2583,#2584);
#2296=AXIS2_PLACEMENT_3D('',#3245,#2585,#2586);
#2297=AXIS2_PLACEMENT_3D('',#3249,#2588,#2589);
#2298=AXIS2_PLACEMENT_3D('',#3251,#2591,#2592);
#2299=AXIS2_PLACEMENT_3D('',#3257,#2596,#2597);
#2300=AXIS2_PLACEMENT_3D('',#3264,#2601,#2602);
#2301=AXIS2_PLACEMENT_3D('',#3266,#2603,#2604);
#2302=AXIS2_PLACEMENT_3D('',#3267,#2605,#2606);
#2303=AXIS2_PLACEMENT_3D('',#3270,#2608,#2609);
#2304=AXIS2_PLACEMENT_3D('',#3271,#2610,#2611);
#2305=AXIS2_PLACEMENT_3D('',#3283,#2618,#2619);
#2306=AXIS2_PLACEMENT_3D('',#3286,#2620,#2621);
#2307=AXIS2_PLACEMENT_3D('',#3290,#2623,#2624);
#2308=AXIS2_PLACEMENT_3D('',#3292,#2626,#2627);
#2309=AXIS2_PLACEMENT_3D('',#3298,#2631,#2632);
#2310=AXIS2_PLACEMENT_3D('',#3305,#2636,#2637);
#2311=AXIS2_PLACEMENT_3D('',#3307,#2638,#2639);
#2312=AXIS2_PLACEMENT_3D('',#3308,#2640,#2641);
#2313=AXIS2_PLACEMENT_3D('',#3311,#2643,#2644);
#2314=AXIS2_PLACEMENT_3D('',#3312,#2645,#2646);
#2315=AXIS2_PLACEMENT_3D('',#3324,#2653,#2654);
#2316=AXIS2_PLACEMENT_3D('',#3327,#2655,#2656);
#2317=AXIS2_PLACEMENT_3D('',#3331,#2658,#2659);
#2318=AXIS2_PLACEMENT_3D('',#3333,#2661,#2662);
#2319=AXIS2_PLACEMENT_3D('',#3339,#2666,#2667);
#2320=AXIS2_PLACEMENT_3D('',#3346,#2671,#2672);
#2321=AXIS2_PLACEMENT_3D('',#3348,#2673,#2674);
#2322=AXIS2_PLACEMENT_3D('',#3349,#2675,#2676);
#2323=AXIS2_PLACEMENT_3D('',#3352,#2678,#2679);
#2324=AXIS2_PLACEMENT_3D('',#3353,#2680,#2681);
#2325=AXIS2_PLACEMENT_3D('',#3365,#2688,#2689);
#2326=AXIS2_PLACEMENT_3D('',#3368,#2690,#2691);
#2327=AXIS2_PLACEMENT_3D('',#3372,#2693,#2694);
#2328=AXIS2_PLACEMENT_3D('',#3374,#2696,#2697);
#2329=AXIS2_PLACEMENT_3D('',#3380,#2701,#2702);
#2330=AXIS2_PLACEMENT_3D('',#3387,#2706,#2707);
#2331=AXIS2_PLACEMENT_3D('',#3389,#2708,#2709);
#2332=AXIS2_PLACEMENT_3D('',#3390,#2710,#2711);
#2333=AXIS2_PLACEMENT_3D('',#3393,#2713,#2714);
#2334=AXIS2_PLACEMENT_3D('',#3394,#2715,#2716);
#2335=AXIS2_PLACEMENT_3D('',#3406,#2723,#2724);
#2336=AXIS2_PLACEMENT_3D('',#3408,#2725,#2726);
#2337=AXIS2_PLACEMENT_3D('',#3411,#2728,#2729);
#2338=AXIS2_PLACEMENT_3D('',#3412,#2730,#2731);
#2339=AXIS2_PLACEMENT_3D('',#3418,#2735,#2736);
#2340=AXIS2_PLACEMENT_3D('',#3423,#2739,#2740);
#2341=AXIS2_PLACEMENT_3D('',#3425,#2741,#2742);
#2342=AXIS2_PLACEMENT_3D('',#3426,#2743,#2744);
#2343=AXIS2_PLACEMENT_3D('',#3429,#2746,#2747);
#2344=AXIS2_PLACEMENT_3D('',#3430,#2748,#2749);
#2345=AXIS2_PLACEMENT_3D('',#3437,#2754,#2755);
#2346=AXIS2_PLACEMENT_3D('',#3439,#2756,#2757);
#2347=AXIS2_PLACEMENT_3D('',#3442,#2759,#2760);
#2348=AXIS2_PLACEMENT_3D('',#3443,#2761,#2762);
#2349=AXIS2_PLACEMENT_3D('',#3449,#2766,#2767);
#2350=AXIS2_PLACEMENT_3D('',#3454,#2770,#2771);
#2351=AXIS2_PLACEMENT_3D('',#3456,#2772,#2773);
#2352=AXIS2_PLACEMENT_3D('',#3457,#2774,#2775);
#2353=AXIS2_PLACEMENT_3D('',#3460,#2777,#2778);
#2354=AXIS2_PLACEMENT_3D('',#3461,#2779,#2780);
#2355=AXIS2_PLACEMENT_3D('',#3468,#2785,#2786);
#2356=AXIS2_PLACEMENT_3D('',#3470,#2787,#2788);
#2357=AXIS2_PLACEMENT_3D('',#3473,#2790,#2791);
#2358=AXIS2_PLACEMENT_3D('',#3474,#2792,#2793);
#2359=AXIS2_PLACEMENT_3D('',#3480,#2797,#2798);
#2360=AXIS2_PLACEMENT_3D('',#3485,#2801,#2802);
#2361=AXIS2_PLACEMENT_3D('',#3487,#2803,#2804);
#2362=AXIS2_PLACEMENT_3D('',#3488,#2805,#2806);
#2363=AXIS2_PLACEMENT_3D('',#3491,#2808,#2809);
#2364=AXIS2_PLACEMENT_3D('',#3492,#2810,#2811);
#2365=AXIS2_PLACEMENT_3D('',#3499,#2816,#2817);
#2366=AXIS2_PLACEMENT_3D('',#3501,#2818,#2819);
#2367=AXIS2_PLACEMENT_3D('',#3504,#2821,#2822);
#2368=AXIS2_PLACEMENT_3D('',#3505,#2823,#2824);
#2369=AXIS2_PLACEMENT_3D('',#3511,#2828,#2829);
#2370=AXIS2_PLACEMENT_3D('',#3516,#2832,#2833);
#2371=AXIS2_PLACEMENT_3D('',#3518,#2834,#2835);
#2372=AXIS2_PLACEMENT_3D('',#3519,#2836,#2837);
#2373=AXIS2_PLACEMENT_3D('',#3522,#2839,#2840);
#2374=AXIS2_PLACEMENT_3D('',#3523,#2841,#2842);
#2375=AXIS2_PLACEMENT_3D('',#3530,#2847,#2848);
#2376=AXIS2_PLACEMENT_3D('',#3532,#2849,#2850);
#2377=AXIS2_PLACEMENT_3D('',#3535,#2852,#2853);
#2378=AXIS2_PLACEMENT_3D('',#3536,#2854,#2855);
#2379=AXIS2_PLACEMENT_3D('',#3539,#2856,#2857);
#2380=AXIS2_PLACEMENT_3D('',#3543,#2859,#2860);
#2381=AXIS2_PLACEMENT_3D('',#3546,#2862,#2863);
#2382=AXIS2_PLACEMENT_3D('',#3548,#2864,#2865);
#2383=AXIS2_PLACEMENT_3D('',#3550,#2866,#2867);
#2384=AXIS2_PLACEMENT_3D('',#3552,#2868,#2869);
#2385=AXIS2_PLACEMENT_3D('',#3554,#2870,#2871);
#2386=AXIS2_PLACEMENT_3D('',#3555,#2872,#2873);
#2387=AXIS2_PLACEMENT_3D('',#3557,#2874,#2875);
#2388=AXIS2_PLACEMENT_3D('',#3559,#2877,#2878);
#2389=AXIS2_PLACEMENT_3D('',#3562,#2880,#2881);
#2390=AXIS2_PLACEMENT_3D('',#3563,#2882,#2883);
#2391=AXIS2_PLACEMENT_3D('',#3565,#2884,#2885);
#2392=AXIS2_PLACEMENT_3D('',#3567,#2887,#2888);
#2393=AXIS2_PLACEMENT_3D('',#3570,#2890,#2891);
#2394=AXIS2_PLACEMENT_3D('',#3571,#2892,#2893);
#2395=AXIS2_PLACEMENT_3D('',#3573,#2894,#2895);
#2396=AXIS2_PLACEMENT_3D('',#3575,#2897,#2898);
#2397=AXIS2_PLACEMENT_3D('',#3578,#2900,#2901);
#2398=AXIS2_PLACEMENT_3D('',#3579,#2902,#2903);
#2399=AXIS2_PLACEMENT_3D('',#3581,#2904,#2905);
#2400=AXIS2_PLACEMENT_3D('',#3583,#2907,#2908);
#2401=AXIS2_PLACEMENT_3D('',#3592,#2913,#2914);
#2402=AXIS2_PLACEMENT_3D('',#3594,#2915,#2916);
#2403=AXIS2_PLACEMENT_3D('',#3596,#2917,#2918);
#2404=AXIS2_PLACEMENT_3D('',#3598,#2920,#2921);
#2405=AXIS2_PLACEMENT_3D('',#3604,#2925,#2926);
#2406=AXIS2_PLACEMENT_3D('',#3606,#2927,#2928);
#2407=AXIS2_PLACEMENT_3D('',#3608,#2929,#2930);
#2408=AXIS2_PLACEMENT_3D('',#3610,#2932,#2933);
#2409=AXIS2_PLACEMENT_3D('',#3616,#2937,#2938);
#2410=AXIS2_PLACEMENT_3D('',#3618,#2939,#2940);
#2411=AXIS2_PLACEMENT_3D('',#3620,#2941,#2942);
#2412=AXIS2_PLACEMENT_3D('',#3622,#2944,#2945);
#2413=AXIS2_PLACEMENT_3D('',#3628,#2949,#2950);
#2414=AXIS2_PLACEMENT_3D('',#3634,#2954,#2955);
#2415=AXIS2_PLACEMENT_3D('',#3640,#2959,#2960);
#2416=AXIS2_PLACEMENT_3D('',#3642,#2961,#2962);
#2417=AXIS2_PLACEMENT_3D('',#3644,#2963,#2964);
#2418=AXIS2_PLACEMENT_3D('',#3646,#2966,#2967);
#2419=AXIS2_PLACEMENT_3D('',#3652,#2971,#2972);
#2420=AXIS2_PLACEMENT_3D('',#3654,#2973,#2974);
#2421=AXIS2_PLACEMENT_3D('',#3656,#2975,#2976);
#2422=AXIS2_PLACEMENT_3D('',#3658,#2978,#2979);
#2423=AXIS2_PLACEMENT_3D('',#3664,#2983,#2984);
#2424=AXIS2_PLACEMENT_3D('',#3666,#2985,#2986);
#2425=AXIS2_PLACEMENT_3D('',#3668,#2987,#2988);
#2426=AXIS2_PLACEMENT_3D('',#3670,#2990,#2991);
#2427=AXIS2_PLACEMENT_3D('',#3676,#2995,#2996);
#2428=AXIS2_PLACEMENT_3D('',#3679,#2999,#3000);
#2429=AXIS2_PLACEMENT_3D('',#3688,#3005,#3006);
#2430=AXIS2_PLACEMENT_3D('',#3690,#3007,#3008);
#2431=AXIS2_PLACEMENT_3D('',#3692,#3009,#3010);
#2432=AXIS2_PLACEMENT_3D('',#3694,#3012,#3013);
#2433=AXIS2_PLACEMENT_3D('',#3700,#3017,#3018);
#2434=AXIS2_PLACEMENT_3D('',#3701,#3019,#3020);
#2435=AXIS2_PLACEMENT_3D('',#3702,#3021,#3022);
#2436=AXIS2_PLACEMENT_3D('',#3703,#3023,#3024);
#2437=AXIS2_PLACEMENT_3D('',#3704,#3025,#3026);
#2438=AXIS2_PLACEMENT_3D('',#3707,#3027,#3028);
#2439=AXIS2_PLACEMENT_3D('',#3711,#3030,#3031);
#2440=AXIS2_PLACEMENT_3D('',#3713,#3033,#3034);
#2441=AXIS2_PLACEMENT_3D('',#3715,#3036,#3037);
#2442=AXIS2_PLACEMENT_3D('',#3717,#3039,#3040);
#2443=AXIS2_PLACEMENT_3D('',#3718,#3041,#3042);
#2444=AXIS2_PLACEMENT_3D('',#3720,#3044,#3045);
#2445=AXIS2_PLACEMENT_3D('',#3722,#3047,#3048);
#2446=AXIS2_PLACEMENT_3D('',#3723,#3049,#3050);
#2447=AXIS2_PLACEMENT_3D('',#3725,#3052,#3053);
#2448=AXIS2_PLACEMENT_3D('',#3727,#3055,#3056);
#2449=AXIS2_PLACEMENT_3D('',#3728,#3057,#3058);
#2450=AXIS2_PLACEMENT_3D('',#3730,#3060,#3061);
#2451=AXIS2_PLACEMENT_3D('',#3732,#3063,#3064);
#2452=AXIS2_PLACEMENT_3D('',#3733,#3065,#3066);
#2453=AXIS2_PLACEMENT_3D('',#3736,#3068,#3069);
#2454=AXIS2_PLACEMENT_3D('',#3737,#3070,#3071);
#2455=AXIS2_PLACEMENT_3D('',#3738,#3072,#3073);
#2456=AXIS2_PLACEMENT_3D('',#3741,#3075,#3076);
#2457=AXIS2_PLACEMENT_3D('',#3742,#3077,#3078);
#2458=AXIS2_PLACEMENT_3D('',#3743,#3079,#3080);
#2459=AXIS2_PLACEMENT_3D('',#3746,#3082,#3083);
#2460=AXIS2_PLACEMENT_3D('',#3747,#3084,#3085);
#2461=AXIS2_PLACEMENT_3D('',#3748,#3086,#3087);
#2462=AXIS2_PLACEMENT_3D('',#3751,#3089,#3090);
#2463=AXIS2_PLACEMENT_3D('',#3752,#3091,#3092);
#2464=AXIS2_PLACEMENT_3D('',#3753,#3093,#3094);
#2465=AXIS2_PLACEMENT_3D('',#3756,#3096,#3097);
#2466=AXIS2_PLACEMENT_3D('',#3757,#3098,#3099);
#2467=AXIS2_PLACEMENT_3D('',#3758,#3100,#3101);
#2468=AXIS2_PLACEMENT_3D('',#3761,#3103,#3104);
#2469=AXIS2_PLACEMENT_3D('',#3762,#3105,#3106);
#2470=AXIS2_PLACEMENT_3D('',#3763,#3107,#3108);
#2471=AXIS2_PLACEMENT_3D('',#3766,#3110,#3111);
#2472=AXIS2_PLACEMENT_3D('',#3767,#3112,#3113);
#2473=AXIS2_PLACEMENT_3D('',#3768,#3114,#3115);
#2474=AXIS2_PLACEMENT_3D('',#3771,#3117,#3118);
#2475=AXIS2_PLACEMENT_3D('',#3772,#3119,#3120);
#2476=AXIS2_PLACEMENT_3D('',#3773,#3121,#3122);
#2477=AXIS2_PLACEMENT_3D('',#3775,#3123,#3124);
#2478=AXIS2_PLACEMENT_3D('',#3777,#3126,#3127);
#2479=AXIS2_PLACEMENT_3D('',#3779,#3128,#3129);
#2480=AXIS2_PLACEMENT_3D('',#3781,#3131,#3132);
#2481=AXIS2_PLACEMENT_3D('',#3784,#3135,#3136);
#2482=AXIS2_PLACEMENT_3D('',#3786,#3138,#3139);
#2483=AXIS2_PLACEMENT_3D('',#3788,#3141,#3142);
#2484=AXIS2_PLACEMENT_3D('',#3789,#3143,#3144);
#2485=DIRECTION('axis',(0.,0.,1.));
#2486=DIRECTION('refdir',(1.,0.,0.));
#2487=DIRECTION('center_axis',(-1.,0.,0.));
#2488=DIRECTION('ref_axis',(0.,1.,0.));
#2489=DIRECTION('',(0.,1.,0.));
#2490=DIRECTION('',(0.,0.,-1.));
#2491=DIRECTION('',(0.,-1.,0.));
#2492=DIRECTION('',(0.,0.,-1.));
#2493=DIRECTION('center_axis',(0.,0.,-1.));
#2494=DIRECTION('ref_axis',(-1.,0.,0.));
#2495=DIRECTION('center_axis',(0.,0.,-1.));
#2496=DIRECTION('ref_axis',(-1.,0.,0.));
#2497=DIRECTION('',(0.,0.,-1.));
#2498=DIRECTION('center_axis',(0.,0.,1.));
#2499=DIRECTION('ref_axis',(-1.,0.,0.));
#2500=DIRECTION('center_axis',(1.,0.,0.));
#2501=DIRECTION('ref_axis',(0.,-1.,0.));
#2502=DIRECTION('',(0.,-1.,0.));
#2503=DIRECTION('',(0.,0.,-1.));
#2504=DIRECTION('',(0.,1.,0.));
#2505=DIRECTION('center_axis',(0.,0.,-1.));
#2506=DIRECTION('ref_axis',(1.,0.,0.));
#2507=DIRECTION('center_axis',(0.,0.,-1.));
#2508=DIRECTION('ref_axis',(1.,0.,0.));
#2509=DIRECTION('center_axis',(0.,0.,1.));
#2510=DIRECTION('ref_axis',(1.,0.,0.));
#2511=DIRECTION('center_axis',(-1.,0.,0.));
#2512=DIRECTION('ref_axis',(0.,1.,0.));
#2513=DIRECTION('',(0.,1.,0.));
#2514=DIRECTION('',(0.,0.,-1.));
#2515=DIRECTION('',(0.,-1.,0.));
#2516=DIRECTION('',(0.,0.,-1.));
#2517=DIRECTION('center_axis',(0.,0.,-1.));
#2518=DIRECTION('ref_axis',(-1.,0.,0.));
#2519=DIRECTION('center_axis',(0.,0.,-1.));
#2520=DIRECTION('ref_axis',(-1.,0.,0.));
#2521=DIRECTION('',(0.,0.,-1.));
#2522=DIRECTION('center_axis',(0.,0.,1.));
#2523=DIRECTION('ref_axis',(-1.,0.,0.));
#2524=DIRECTION('center_axis',(1.,0.,0.));
#2525=DIRECTION('ref_axis',(0.,-1.,0.));
#2526=DIRECTION('',(0.,-1.,0.));
#2527=DIRECTION('',(0.,0.,-1.));
#2528=DIRECTION('',(0.,1.,0.));
#2529=DIRECTION('center_axis',(0.,0.,-1.));
#2530=DIRECTION('ref_axis',(1.,0.,0.));
#2531=DIRECTION('center_axis',(0.,0.,-1.));
#2532=DIRECTION('ref_axis',(1.,0.,0.));
#2533=DIRECTION('center_axis',(0.,0.,1.));
#2534=DIRECTION('ref_axis',(1.,0.,0.));
#2535=DIRECTION('center_axis',(-1.,0.,0.));
#2536=DIRECTION('ref_axis',(0.,1.,0.));
#2537=DIRECTION('',(0.,1.,0.));
#2538=DIRECTION('',(0.,0.,-1.));
#2539=DIRECTION('',(0.,-1.,0.));
#2540=DIRECTION('',(0.,0.,-1.));
#2541=DIRECTION('center_axis',(0.,0.,-1.));
#2542=DIRECTION('ref_axis',(-1.,0.,0.));
#2543=DIRECTION('center_axis',(0.,0.,-1.));
#2544=DIRECTION('ref_axis',(-1.,0.,0.));
#2545=DIRECTION('',(0.,0.,-1.));
#2546=DIRECTION('center_axis',(0.,0.,1.));
#2547=DIRECTION('ref_axis',(-1.,0.,0.));
#2548=DIRECTION('center_axis',(1.,0.,0.));
#2549=DIRECTION('ref_axis',(0.,-1.,0.));
#2550=DIRECTION('',(0.,-1.,0.));
#2551=DIRECTION('',(0.,0.,-1.));
#2552=DIRECTION('',(0.,1.,0.));
#2553=DIRECTION('center_axis',(0.,0.,-1.));
#2554=DIRECTION('ref_axis',(1.,0.,0.));
#2555=DIRECTION('center_axis',(0.,0.,-1.));
#2556=DIRECTION('ref_axis',(1.,0.,0.));
#2557=DIRECTION('center_axis',(0.,0.,1.));
#2558=DIRECTION('ref_axis',(1.,0.,0.));
#2559=DIRECTION('center_axis',(-1.,0.,0.));
#2560=DIRECTION('ref_axis',(0.,1.,0.));
#2561=DIRECTION('',(0.,1.,0.));
#2562=DIRECTION('',(0.,0.,-1.));
#2563=DIRECTION('',(0.,-1.,0.));
#2564=DIRECTION('',(0.,0.,-1.));
#2565=DIRECTION('center_axis',(0.,0.,-1.));
#2566=DIRECTION('ref_axis',(-1.,0.,0.));
#2567=DIRECTION('center_axis',(0.,0.,-1.));
#2568=DIRECTION('ref_axis',(-1.,0.,0.));
#2569=DIRECTION('',(0.,0.,-1.));
#2570=DIRECTION('center_axis',(0.,0.,1.));
#2571=DIRECTION('ref_axis',(-1.,0.,0.));
#2572=DIRECTION('center_axis',(1.,0.,0.));
#2573=DIRECTION('ref_axis',(0.,-1.,0.));
#2574=DIRECTION('',(0.,-1.,0.));
#2575=DIRECTION('',(0.,0.,-1.));
#2576=DIRECTION('',(0.,1.,0.));
#2577=DIRECTION('center_axis',(0.,0.,-1.));
#2578=DIRECTION('ref_axis',(1.,0.,0.));
#2579=DIRECTION('center_axis',(0.,0.,-1.));
#2580=DIRECTION('ref_axis',(1.,0.,0.));
#2581=DIRECTION('center_axis',(0.,0.,1.));
#2582=DIRECTION('ref_axis',(1.,0.,0.));
#2583=DIRECTION('center_axis',(0.,0.,1.));
#2584=DIRECTION('ref_axis',(-0.707106781186547,-0.707106781186548,0.));
#2585=DIRECTION('center_axis',(0.,0.,-1.));
#2586=DIRECTION('ref_axis',(-0.707106781186547,-0.707106781186548,0.));
#2587=DIRECTION('',(0.,0.,-1.));
#2588=DIRECTION('center_axis',(0.,0.,-1.));
#2589=DIRECTION('ref_axis',(-0.707106781186547,-0.707106781186548,0.));
#2590=DIRECTION('',(0.,0.,1.));
#2591=DIRECTION('center_axis',(-1.,-3.87287101613427E-16,0.));
#2592=DIRECTION('ref_axis',(3.87287101613427E-16,-1.,0.));
#2593=DIRECTION('',(3.87287101613427E-16,-1.,0.));
#2594=DIRECTION('',(0.,0.,1.));
#2595=DIRECTION('',(-3.87287101613427E-16,1.,0.));
#2596=DIRECTION('center_axis',(0.,0.,1.));
#2597=DIRECTION('ref_axis',(1.,0.,0.));
#2598=DIRECTION('',(1.,0.,0.));
#2599=DIRECTION('',(0.,1.,0.));
#2600=DIRECTION('',(-1.,0.,0.));
#2601=DIRECTION('center_axis',(0.,0.,-1.));
#2602=DIRECTION('ref_axis',(-0.707106781186547,0.707106781186548,0.));
#2603=DIRECTION('center_axis',(0.,0.,-1.));
#2604=DIRECTION('ref_axis',(-1.,0.,0.));
#2605=DIRECTION('center_axis',(0.,0.,1.));
#2606=DIRECTION('ref_axis',(-0.707106781186547,0.707106781186548,0.));
#2607=DIRECTION('',(0.,0.,-1.));
#2608=DIRECTION('center_axis',(0.,0.,-1.));
#2609=DIRECTION('ref_axis',(-0.707106781186547,0.707106781186548,0.));
#2610=DIRECTION('center_axis',(0.,1.,0.));
#2611=DIRECTION('ref_axis',(-1.,0.,0.));
#2612=DIRECTION('',(0.,0.,-1.));
#2613=DIRECTION('',(1.,0.,0.));
#2614=DIRECTION('',(0.,0.,1.));
#2615=DIRECTION('',(-1.,0.,0.));
#2616=DIRECTION('',(0.,0.,1.));
#2617=DIRECTION('',(1.,0.,0.));
#2618=DIRECTION('center_axis',(0.,0.,1.));
#2619=DIRECTION('ref_axis',(-0.707106781186548,-0.707106781186547,0.));
#2620=DIRECTION('center_axis',(0.,0.,-1.));
#2621=DIRECTION('ref_axis',(-0.707106781186548,-0.707106781186547,0.));
#2622=DIRECTION('',(0.,0.,-1.));
#2623=DIRECTION('center_axis',(0.,0.,-1.));
#2624=DIRECTION('ref_axis',(-0.707106781186548,-0.707106781186547,0.));
#2625=DIRECTION('',(0.,0.,1.));
#2626=DIRECTION('center_axis',(-1.,6.45478502689045E-16,0.));
#2627=DIRECTION('ref_axis',(-6.45478502689045E-16,-1.,0.));
#2628=DIRECTION('',(-6.45478502689045E-16,-1.,0.));
#2629=DIRECTION('',(0.,0.,1.));
#2630=DIRECTION('',(6.45478502689045E-16,1.,0.));
#2631=DIRECTION('center_axis',(0.,0.,1.));
#2632=DIRECTION('ref_axis',(1.,0.,0.));
#2633=DIRECTION('',(1.,0.,0.));
#2634=DIRECTION('',(0.,1.,0.));
#2635=DIRECTION('',(-1.,0.,0.));
#2636=DIRECTION('center_axis',(0.,0.,-1.));
#2637=DIRECTION('ref_axis',(-0.707106781186549,0.707106781186546,0.));
#2638=DIRECTION('center_axis',(0.,0.,-1.));
#2639=DIRECTION('ref_axis',(-1.,0.,0.));
#2640=DIRECTION('center_axis',(0.,0.,1.));
#2641=DIRECTION('ref_axis',(-0.707106781186549,0.707106781186546,0.));
#2642=DIRECTION('',(0.,0.,-1.));
#2643=DIRECTION('center_axis',(0.,0.,-1.));
#2644=DIRECTION('ref_axis',(-0.707106781186549,0.707106781186546,0.));
#2645=DIRECTION('center_axis',(0.,1.,0.));
#2646=DIRECTION('ref_axis',(-1.,0.,0.));
#2647=DIRECTION('',(0.,0.,-1.));
#2648=DIRECTION('',(1.,0.,0.));
#2649=DIRECTION('',(0.,0.,1.));
#2650=DIRECTION('',(-1.,0.,0.));
#2651=DIRECTION('',(0.,0.,1.));
#2652=DIRECTION('',(1.,0.,0.));
#2653=DIRECTION('center_axis',(0.,0.,1.));
#2654=DIRECTION('ref_axis',(-0.707106781186548,-0.707106781186547,0.));
#2655=DIRECTION('center_axis',(0.,0.,-1.));
#2656=DIRECTION('ref_axis',(-0.707106781186548,-0.707106781186547,0.));
#2657=DIRECTION('',(0.,0.,-1.));
#2658=DIRECTION('center_axis',(0.,0.,-1.));
#2659=DIRECTION('ref_axis',(-0.707106781186548,-0.707106781186547,0.));
#2660=DIRECTION('',(0.,0.,1.));
#2661=DIRECTION('center_axis',(-1.,-3.87287101613427E-16,0.));
#2662=DIRECTION('ref_axis',(3.87287101613427E-16,-1.,0.));
#2663=DIRECTION('',(3.87287101613427E-16,-1.,0.));
#2664=DIRECTION('',(0.,0.,1.));
#2665=DIRECTION('',(-3.87287101613427E-16,1.,0.));
#2666=DIRECTION('center_axis',(0.,0.,1.));
#2667=DIRECTION('ref_axis',(1.,0.,0.));
#2668=DIRECTION('',(1.,0.,0.));
#2669=DIRECTION('',(0.,1.,0.));
#2670=DIRECTION('',(-1.,0.,0.));
#2671=DIRECTION('center_axis',(0.,0.,-1.));
#2672=DIRECTION('ref_axis',(-0.707106781186548,0.707106781186547,0.));
#2673=DIRECTION('center_axis',(0.,0.,-1.));
#2674=DIRECTION('ref_axis',(-1.,0.,0.));
#2675=DIRECTION('center_axis',(0.,0.,1.));
#2676=DIRECTION('ref_axis',(-0.707106781186548,0.707106781186547,0.));
#2677=DIRECTION('',(0.,0.,-1.));
#2678=DIRECTION('center_axis',(0.,0.,-1.));
#2679=DIRECTION('ref_axis',(-0.707106781186548,0.707106781186547,0.));
#2680=DIRECTION('center_axis',(0.,1.,0.));
#2681=DIRECTION('ref_axis',(-1.,0.,0.));
#2682=DIRECTION('',(0.,0.,-1.));
#2683=DIRECTION('',(1.,0.,0.));
#2684=DIRECTION('',(0.,0.,1.));
#2685=DIRECTION('',(-1.,0.,0.));
#2686=DIRECTION('',(0.,0.,1.));
#2687=DIRECTION('',(1.,0.,0.));
#2688=DIRECTION('center_axis',(0.,0.,1.));
#2689=DIRECTION('ref_axis',(-0.707106781186555,-0.70710678118654,0.));
#2690=DIRECTION('center_axis',(0.,0.,-1.));
#2691=DIRECTION('ref_axis',(-0.707106781186555,-0.70710678118654,0.));
#2692=DIRECTION('',(0.,0.,-1.));
#2693=DIRECTION('center_axis',(0.,0.,-1.));
#2694=DIRECTION('ref_axis',(-0.707106781186555,-0.70710678118654,0.));
#2695=DIRECTION('',(0.,0.,1.));
#2696=DIRECTION('center_axis',(-1.,7.74574203226854E-16,0.));
#2697=DIRECTION('ref_axis',(-7.74574203226854E-16,-1.,0.));
#2698=DIRECTION('',(-7.74574203226854E-16,-1.,0.));
#2699=DIRECTION('',(0.,0.,1.));
#2700=DIRECTION('',(7.74574203226854E-16,1.,0.));
#2701=DIRECTION('center_axis',(0.,0.,1.));
#2702=DIRECTION('ref_axis',(1.,0.,0.));
#2703=DIRECTION('',(1.,0.,0.));
#2704=DIRECTION('',(0.,1.,0.));
#2705=DIRECTION('',(-1.,0.,0.));
#2706=DIRECTION('center_axis',(0.,0.,-1.));
#2707=DIRECTION('ref_axis',(-0.707106781186543,0.707106781186552,0.));
#2708=DIRECTION('center_axis',(0.,0.,-1.));
#2709=DIRECTION('ref_axis',(-1.,0.,0.));
#2710=DIRECTION('center_axis',(0.,0.,1.));
#2711=DIRECTION('ref_axis',(-0.707106781186543,0.707106781186552,0.));
#2712=DIRECTION('',(0.,0.,-1.));
#2713=DIRECTION('center_axis',(0.,0.,-1.));
#2714=DIRECTION('ref_axis',(-0.707106781186543,0.707106781186552,0.));
#2715=DIRECTION('center_axis',(0.,1.,0.));
#2716=DIRECTION('ref_axis',(-1.,0.,0.));
#2717=DIRECTION('',(0.,0.,-1.));
#2718=DIRECTION('',(1.,0.,0.));
#2719=DIRECTION('',(0.,0.,1.));
#2720=DIRECTION('',(-1.,0.,0.));
#2721=DIRECTION('',(0.,0.,1.));
#2722=DIRECTION('',(1.,0.,0.));
#2723=DIRECTION('center_axis',(0.,0.,1.));
#2724=DIRECTION('ref_axis',(0.707106781186555,0.70710678118654,0.));
#2725=DIRECTION('center_axis',(0.,0.,-1.));
#2726=DIRECTION('ref_axis',(0.707106781186555,0.70710678118654,0.));
#2727=DIRECTION('',(0.,0.,-1.));
#2728=DIRECTION('center_axis',(0.,0.,-1.));
#2729=DIRECTION('ref_axis',(0.707106781186555,0.70710678118654,0.));
#2730=DIRECTION('center_axis',(1.,-5.16382802151236E-16,0.));
#2731=DIRECTION('ref_axis',(5.16382802151236E-16,1.,0.));
#2732=DIRECTION('',(5.16382802151236E-16,1.,0.));
#2733=DIRECTION('',(0.,0.,1.));
#2734=DIRECTION('',(-5.16382802151236E-16,-1.,0.));
#2735=DIRECTION('center_axis',(0.,0.,1.));
#2736=DIRECTION('ref_axis',(1.,0.,0.));
#2737=DIRECTION('',(0.,-1.,0.));
#2738=DIRECTION('',(1.,0.,0.));
#2739=DIRECTION('center_axis',(0.,0.,-1.));
#2740=DIRECTION('ref_axis',(0.707106781186543,-0.707106781186552,0.));
#2741=DIRECTION('center_axis',(0.,0.,-1.));
#2742=DIRECTION('ref_axis',(-1.,0.,0.));
#2743=DIRECTION('center_axis',(0.,0.,1.));
#2744=DIRECTION('ref_axis',(0.707106781186543,-0.707106781186552,0.));
#2745=DIRECTION('',(0.,0.,-1.));
#2746=DIRECTION('center_axis',(0.,0.,-1.));
#2747=DIRECTION('ref_axis',(0.707106781186543,-0.707106781186552,0.));
#2748=DIRECTION('center_axis',(0.,-1.,0.));
#2749=DIRECTION('ref_axis',(1.,0.,0.));
#2750=DIRECTION('',(-1.,0.,0.));
#2751=DIRECTION('',(0.,0.,-1.));
#2752=DIRECTION('',(-1.,0.,0.));
#2753=DIRECTION('',(0.,0.,1.));
#2754=DIRECTION('center_axis',(0.,0.,1.));
#2755=DIRECTION('ref_axis',(0.707106781186549,0.707106781186546,0.));
#2756=DIRECTION('center_axis',(0.,0.,-1.));
#2757=DIRECTION('ref_axis',(0.707106781186549,0.707106781186546,0.));
#2758=DIRECTION('',(0.,0.,-1.));
#2759=DIRECTION('center_axis',(0.,0.,-1.));
#2760=DIRECTION('ref_axis',(0.707106781186549,0.707106781186546,0.));
#2761=DIRECTION('center_axis',(1.,1.03276560430247E-15,0.));
#2762=DIRECTION('ref_axis',(-1.03276560430247E-15,1.,0.));
#2763=DIRECTION('',(-1.03276560430247E-15,1.,0.));
#2764=DIRECTION('',(0.,0.,1.));
#2765=DIRECTION('',(1.03276560430247E-15,-1.,0.));
#2766=DIRECTION('center_axis',(0.,0.,1.));
#2767=DIRECTION('ref_axis',(1.,0.,0.));
#2768=DIRECTION('',(0.,-1.,0.));
#2769=DIRECTION('',(1.,0.,0.));
#2770=DIRECTION('center_axis',(0.,0.,-1.));
#2771=DIRECTION('ref_axis',(0.707106781186549,-0.707106781186546,0.));
#2772=DIRECTION('center_axis',(0.,0.,-1.));
#2773=DIRECTION('ref_axis',(-1.,0.,0.));
#2774=DIRECTION('center_axis',(0.,0.,1.));
#2775=DIRECTION('ref_axis',(0.707106781186549,-0.707106781186546,0.));
#2776=DIRECTION('',(0.,0.,-1.));
#2777=DIRECTION('center_axis',(0.,0.,-1.));
#2778=DIRECTION('ref_axis',(0.707106781186549,-0.707106781186546,0.));
#2779=DIRECTION('center_axis',(0.,-1.,0.));
#2780=DIRECTION('ref_axis',(1.,0.,0.));
#2781=DIRECTION('',(-1.,0.,0.));
#2782=DIRECTION('',(0.,0.,-1.));
#2783=DIRECTION('',(-1.,0.,0.));
#2784=DIRECTION('',(0.,0.,1.));
#2785=DIRECTION('center_axis',(0.,0.,1.));
#2786=DIRECTION('ref_axis',(0.707106781186545,0.70710678118655,0.));
#2787=DIRECTION('center_axis',(0.,0.,-1.));
#2788=DIRECTION('ref_axis',(0.707106781186545,0.70710678118655,0.));
#2789=DIRECTION('',(0.,0.,-1.));
#2790=DIRECTION('center_axis',(0.,0.,-1.));
#2791=DIRECTION('ref_axis',(0.707106781186545,0.70710678118655,0.));
#2792=DIRECTION('center_axis',(1.,-1.80733980752933E-15,0.));
#2793=DIRECTION('ref_axis',(1.80733980752933E-15,1.,0.));
#2794=DIRECTION('',(1.80733980752933E-15,1.,0.));
#2795=DIRECTION('',(0.,0.,1.));
#2796=DIRECTION('',(-1.80733980752933E-15,-1.,0.));
#2797=DIRECTION('center_axis',(0.,0.,1.));
#2798=DIRECTION('ref_axis',(1.,0.,0.));
#2799=DIRECTION('',(0.,-1.,0.));
#2800=DIRECTION('',(1.,0.,0.));
#2801=DIRECTION('center_axis',(0.,0.,-1.));
#2802=DIRECTION('ref_axis',(0.707106781186549,-0.707106781186546,0.));
#2803=DIRECTION('center_axis',(0.,0.,-1.));
#2804=DIRECTION('ref_axis',(-1.,0.,0.));
#2805=DIRECTION('center_axis',(0.,0.,1.));
#2806=DIRECTION('ref_axis',(0.707106781186549,-0.707106781186546,0.));
#2807=DIRECTION('',(0.,0.,-1.));
#2808=DIRECTION('center_axis',(0.,0.,-1.));
#2809=DIRECTION('ref_axis',(0.707106781186549,-0.707106781186546,0.));
#2810=DIRECTION('center_axis',(0.,-1.,0.));
#2811=DIRECTION('ref_axis',(1.,0.,0.));
#2812=DIRECTION('',(-1.,0.,0.));
#2813=DIRECTION('',(0.,0.,-1.));
#2814=DIRECTION('',(-1.,0.,0.));
#2815=DIRECTION('',(0.,0.,1.));
#2816=DIRECTION('center_axis',(0.,0.,1.));
#2817=DIRECTION('ref_axis',(0.707106781186547,0.707106781186548,0.));
#2818=DIRECTION('center_axis',(0.,0.,-1.));
#2819=DIRECTION('ref_axis',(0.707106781186547,0.707106781186548,0.));
#2820=DIRECTION('',(0.,0.,-1.));
#2821=DIRECTION('center_axis',(0.,0.,-1.));
#2822=DIRECTION('ref_axis',(0.707106781186547,0.707106781186548,0.));
#2823=DIRECTION('center_axis',(1.,5.16382802151236E-16,0.));
#2824=DIRECTION('ref_axis',(-5.16382802151236E-16,1.,0.));
#2825=DIRECTION('',(-5.16382802151236E-16,1.,0.));
#2826=DIRECTION('',(0.,0.,1.));
#2827=DIRECTION('',(5.16382802151236E-16,-1.,0.));
#2828=DIRECTION('center_axis',(0.,0.,1.));
#2829=DIRECTION('ref_axis',(1.,0.,0.));
#2830=DIRECTION('',(-3.22739251344522E-17,-1.,0.));
#2831=DIRECTION('',(1.,0.,0.));
#2832=DIRECTION('center_axis',(0.,0.,-1.));
#2833=DIRECTION('ref_axis',(0.707106781186548,-0.707106781186548,0.));
#2834=DIRECTION('center_axis',(0.,0.,-1.));
#2835=DIRECTION('ref_axis',(-1.,0.,0.));
#2836=DIRECTION('center_axis',(0.,0.,1.));
#2837=DIRECTION('ref_axis',(0.707106781186548,-0.707106781186548,0.));
#2838=DIRECTION('',(0.,0.,-1.));
#2839=DIRECTION('center_axis',(0.,0.,-1.));
#2840=DIRECTION('ref_axis',(0.707106781186548,-0.707106781186548,0.));
#2841=DIRECTION('center_axis',(0.,-1.,0.));
#2842=DIRECTION('ref_axis',(1.,0.,0.));
#2843=DIRECTION('',(-1.,0.,0.));
#2844=DIRECTION('',(0.,0.,-1.));
#2845=DIRECTION('',(-1.,0.,0.));
#2846=DIRECTION('',(0.,0.,1.));
#2847=DIRECTION('center_axis',(0.,0.,-1.));
#2848=DIRECTION('ref_axis',(-1.,0.,0.));
#2849=DIRECTION('center_axis',(0.,0.,-1.));
#2850=DIRECTION('ref_axis',(-1.,0.,0.));
#2851=DIRECTION('',(-0.707106781186547,8.65956056235493E-17,0.707106781186548));
#2852=DIRECTION('center_axis',(0.,0.,1.));
#2853=DIRECTION('ref_axis',(-1.,0.,0.));
#2854=DIRECTION('center_axis',(0.,0.,1.));
#2855=DIRECTION('ref_axis',(1.,0.,0.));
#2856=DIRECTION('center_axis',(0.,0.,1.));
#2857=DIRECTION('ref_axis',(1.,0.,0.));
#2858=DIRECTION('',(4.44089209850063E-17,-1.,0.));
#2859=DIRECTION('center_axis',(0.,0.,1.));
#2860=DIRECTION('ref_axis',(-1.,0.,0.));
#2861=DIRECTION('',(-4.44089209850063E-17,-1.,0.));
#2862=DIRECTION('center_axis',(0.,0.,-1.));
#2863=DIRECTION('ref_axis',(-1.,0.,0.));
#2864=DIRECTION('center_axis',(0.,0.,-1.));
#2865=DIRECTION('ref_axis',(-1.,0.,0.));
#2866=DIRECTION('center_axis',(0.,0.,1.));
#2867=DIRECTION('ref_axis',(-1.,0.,0.));
#2868=DIRECTION('center_axis',(0.,0.,1.));
#2869=DIRECTION('ref_axis',(-1.,0.,0.));
#2870=DIRECTION('center_axis',(0.,0.,-1.));
#2871=DIRECTION('ref_axis',(-1.,0.,0.));
#2872=DIRECTION('center_axis',(0.,0.,-1.));
#2873=DIRECTION('ref_axis',(-1.,0.,0.));
#2874=DIRECTION('center_axis',(0.,0.,-1.));
#2875=DIRECTION('ref_axis',(-1.,0.,0.));
#2876=DIRECTION('',(0.,0.,-1.));
#2877=DIRECTION('center_axis',(0.,0.,-1.));
#2878=DIRECTION('ref_axis',(-1.,0.,0.));
#2879=DIRECTION('',(-0.707106781186548,8.65956056235494E-17,0.707106781186547));
#2880=DIRECTION('center_axis',(0.,0.,1.));
#2881=DIRECTION('ref_axis',(-1.,0.,0.));
#2882=DIRECTION('center_axis',(0.,0.,-1.));
#2883=DIRECTION('ref_axis',(-1.,0.,0.));
#2884=DIRECTION('center_axis',(0.,0.,-1.));
#2885=DIRECTION('ref_axis',(-1.,0.,0.));
#2886=DIRECTION('',(0.,0.,-1.));
#2887=DIRECTION('center_axis',(0.,0.,-1.));
#2888=DIRECTION('ref_axis',(-1.,0.,0.));
#2889=DIRECTION('',(-0.707106781186548,8.65956056235494E-17,0.707106781186547));
#2890=DIRECTION('center_axis',(0.,0.,1.));
#2891=DIRECTION('ref_axis',(-1.,0.,0.));
#2892=DIRECTION('center_axis',(0.,0.,-1.));
#2893=DIRECTION('ref_axis',(-1.,0.,0.));
#2894=DIRECTION('center_axis',(0.,0.,-1.));
#2895=DIRECTION('ref_axis',(-1.,0.,0.));
#2896=DIRECTION('',(0.,0.,-1.));
#2897=DIRECTION('center_axis',(0.,0.,-1.));
#2898=DIRECTION('ref_axis',(-1.,0.,0.));
#2899=DIRECTION('',(-0.707106781186547,8.65956056235493E-17,0.707106781186548));
#2900=DIRECTION('center_axis',(0.,0.,1.));
#2901=DIRECTION('ref_axis',(-1.,0.,0.));
#2902=DIRECTION('center_axis',(0.,0.,-1.));
#2903=DIRECTION('ref_axis',(-1.,0.,0.));
#2904=DIRECTION('center_axis',(0.,0.,-1.));
#2905=DIRECTION('ref_axis',(-1.,0.,0.));
#2906=DIRECTION('',(0.,0.,-1.));
#2907=DIRECTION('center_axis',(0.,1.,0.));
#2908=DIRECTION('ref_axis',(-1.,0.,0.));
#2909=DIRECTION('',(1.,0.,0.));
#2910=DIRECTION('',(0.,0.,1.));
#2911=DIRECTION('',(-1.,0.,0.));
#2912=DIRECTION('',(0.,0.,1.));
#2913=DIRECTION('center_axis',(0.,0.,1.));
#2914=DIRECTION('ref_axis',(1.,6.20688073313871E-11,0.));
#2915=DIRECTION('center_axis',(0.,0.,-1.));
#2916=DIRECTION('ref_axis',(-9.93410746256505E-8,-0.999999999999995,0.));
#2917=DIRECTION('center_axis',(0.,0.,1.));
#2918=DIRECTION('ref_axis',(-9.93410746256505E-8,-0.999999999999995,0.));
#2919=DIRECTION('',(0.,0.,1.));
#2920=DIRECTION('center_axis',(0.,-1.,0.));
#2921=DIRECTION('ref_axis',(1.,0.,0.));
#2922=DIRECTION('',(-1.,0.,0.));
#2923=DIRECTION('',(1.,0.,0.));
#2924=DIRECTION('',(0.,0.,1.));
#2925=DIRECTION('center_axis',(0.,0.,1.));
#2926=DIRECTION('ref_axis',(-1.,0.,0.));
#2927=DIRECTION('center_axis',(0.,0.,1.));
#2928=DIRECTION('ref_axis',(-1.,0.,0.));
#2929=DIRECTION('center_axis',(0.,0.,-1.));
#2930=DIRECTION('ref_axis',(-1.,0.,0.));
#2931=DIRECTION('',(0.,0.,1.));
#2932=DIRECTION('center_axis',(-9.38895972617238E-16,-1.,0.));
#2933=DIRECTION('ref_axis',(1.,-9.38895972617238E-16,0.));
#2934=DIRECTION('',(-1.,9.38895972617238E-16,0.));
#2935=DIRECTION('',(1.,-9.38895972617238E-16,0.));
#2936=DIRECTION('',(0.,0.,1.));
#2937=DIRECTION('center_axis',(0.,0.,1.));
#2938=DIRECTION('ref_axis',(-1.,-6.20717679259999E-11,0.));
#2939=DIRECTION('center_axis',(0.,0.,-1.));
#2940=DIRECTION('ref_axis',(9.93410716650559E-8,0.999999999999995,0.));
#2941=DIRECTION('center_axis',(0.,0.,1.));
#2942=DIRECTION('ref_axis',(9.93410716650559E-8,0.999999999999995,0.));
#2943=DIRECTION('',(0.,0.,1.));
#2944=DIRECTION('center_axis',(0.,1.,0.));
#2945=DIRECTION('ref_axis',(-1.,0.,0.));
#2946=DIRECTION('',(1.,0.,0.));
#2947=DIRECTION('',(-1.,0.,0.));
#2948=DIRECTION('',(0.,0.,1.));
#2949=DIRECTION('center_axis',(-1.,-1.0092936437105E-16,0.));
#2950=DIRECTION('ref_axis',(1.0092936437105E-16,-1.,0.));
#2951=DIRECTION('',(-1.0092936437105E-16,1.,0.));
#2952=DIRECTION('',(1.0092936437105E-16,-1.,0.));
#2953=DIRECTION('',(0.,0.,1.));
#2954=DIRECTION('center_axis',(0.,-1.,0.));
#2955=DIRECTION('ref_axis',(1.,0.,0.));
#2956=DIRECTION('',(-1.,0.,0.));
#2957=DIRECTION('',(1.,0.,0.));
#2958=DIRECTION('',(0.,0.,1.));
#2959=DIRECTION('center_axis',(0.,0.,1.));
#2960=DIRECTION('ref_axis',(-0.999999759132458,-0.000694071340298258,0.));
#2961=DIRECTION('center_axis',(0.,0.,-1.));
#2962=DIRECTION('ref_axis',(9.93410252824293E-8,0.999999999999995,0.));
#2963=DIRECTION('center_axis',(0.,0.,1.));
#2964=DIRECTION('ref_axis',(9.93410252824293E-8,0.999999999999995,0.));
#2965=DIRECTION('',(0.,0.,1.));
#2966=DIRECTION('center_axis',(4.96705422471445E-7,0.999999999999877,0.));
#2967=DIRECTION('ref_axis',(-0.999999999999877,4.96705422471445E-7,0.));
#2968=DIRECTION('',(0.999999999999877,-4.96705422471445E-7,0.));
#2969=DIRECTION('',(-0.999999999999877,4.96705422471445E-7,0.));
#2970=DIRECTION('',(0.,0.,1.));
#2971=DIRECTION('center_axis',(0.,0.,1.));
#2972=DIRECTION('ref_axis',(1.,0.,0.));
#2973=DIRECTION('center_axis',(0.,0.,1.));
#2974=DIRECTION('ref_axis',(1.,0.,0.));
#2975=DIRECTION('center_axis',(0.,0.,-1.));
#2976=DIRECTION('ref_axis',(1.,0.,0.));
#2977=DIRECTION('',(0.,0.,1.));
#2978=DIRECTION('center_axis',(-4.96705422471445E-7,0.999999999999877,0.));
#2979=DIRECTION('ref_axis',(-0.999999999999877,-4.96705422471445E-7,0.));
#2980=DIRECTION('',(0.999999999999877,4.96705422471445E-7,0.));
#2981=DIRECTION('',(-0.999999999999877,-4.96705422471445E-7,0.));
#2982=DIRECTION('',(0.,0.,1.));
#2983=DIRECTION('center_axis',(0.,0.,1.));
#2984=DIRECTION('ref_axis',(0.999999883298228,-0.000483118546902232,0.));
#2985=DIRECTION('center_axis',(0.,0.,-1.));
#2986=DIRECTION('ref_axis',(-0.000966336321918486,-0.999999533096947,0.));
#2987=DIRECTION('center_axis',(0.,0.,1.));
#2988=DIRECTION('ref_axis',(-0.000966336321918486,-0.999999533096947,0.));
#2989=DIRECTION('',(0.,0.,1.));
#2990=DIRECTION('center_axis',(0.,-1.,0.));
#2991=DIRECTION('ref_axis',(1.,0.,0.));
#2992=DIRECTION('',(-1.,0.,0.));
#2993=DIRECTION('',(1.,0.,0.));
#2994=DIRECTION('',(0.,0.,1.));
#2995=DIRECTION('center_axis',(1.,-1.0092936437105E-16,0.));
#2996=DIRECTION('ref_axis',(1.0092936437105E-16,1.,0.));
#2997=DIRECTION('',(-1.0092936437105E-16,-1.,0.));
#2998=DIRECTION('',(1.0092936437105E-16,1.,0.));
#2999=DIRECTION('center_axis',(1.,8.88178419700125E-17,0.));
#3000=DIRECTION('ref_axis',(-8.88178419700125E-17,1.,0.));
#3001=DIRECTION('',(8.88178419700125E-17,-1.,0.));
#3002=DIRECTION('',(0.,0.,1.));
#3003=DIRECTION('',(-8.88178419700125E-17,1.,0.));
#3004=DIRECTION('',(0.,0.,1.));
#3005=DIRECTION('center_axis',(0.,0.,1.));
#3006=DIRECTION('ref_axis',(-1.,0.,0.));
#3007=DIRECTION('center_axis',(0.,0.,-1.));
#3008=DIRECTION('ref_axis',(-1.,0.,0.));
#3009=DIRECTION('center_axis',(0.,0.,1.));
#3010=DIRECTION('ref_axis',(-1.,0.,0.));
#3011=DIRECTION('',(0.,0.,1.));
#3012=DIRECTION('center_axis',(-1.,8.88178419700125E-17,0.));
#3013=DIRECTION('ref_axis',(-8.88178419700125E-17,-1.,0.));
#3014=DIRECTION('',(8.88178419700125E-17,1.,0.));
#3015=DIRECTION('',(-8.88178419700125E-17,-1.,0.));
#3016=DIRECTION('',(0.,0.,1.));
#3017=DIRECTION('center_axis',(0.,0.,1.));
#3018=DIRECTION('ref_axis',(1.,0.,0.));
#3019=DIRECTION('center_axis',(0.,0.,-1.));
#3020=DIRECTION('ref_axis',(1.,0.,0.));
#3021=DIRECTION('center_axis',(0.,0.,1.));
#3022=DIRECTION('ref_axis',(1.,0.,0.));
#3023=DIRECTION('center_axis',(0.,0.,1.));
#3024=DIRECTION('ref_axis',(-1.,0.,0.));
#3025=DIRECTION('center_axis',(0.,0.,1.));
#3026=DIRECTION('ref_axis',(1.,0.,0.));
#3027=DIRECTION('center_axis',(0.,0.,1.));
#3028=DIRECTION('ref_axis',(1.,0.,0.));
#3029=DIRECTION('',(-4.44089209850063E-17,-1.,0.));
#3030=DIRECTION('center_axis',(0.,0.,1.));
#3031=DIRECTION('ref_axis',(-1.,0.,0.));
#3032=DIRECTION('',(-4.44089209850063E-17,1.,0.));
#3033=DIRECTION('center_axis',(-1.,0.,0.));
#3034=DIRECTION('ref_axis',(0.,1.,0.));
#3035=DIRECTION('',(0.,1.,0.));
#3036=DIRECTION('center_axis',(1.,0.,0.));
#3037=DIRECTION('ref_axis',(0.,-1.,0.));
#3038=DIRECTION('',(0.,-1.,0.));
#3039=DIRECTION('center_axis',(0.,0.,-1.));
#3040=DIRECTION('ref_axis',(-1.,0.,0.));
#3041=DIRECTION('center_axis',(-1.,0.,0.));
#3042=DIRECTION('ref_axis',(0.,1.,0.));
#3043=DIRECTION('',(0.,1.,0.));
#3044=DIRECTION('center_axis',(1.,0.,0.));
#3045=DIRECTION('ref_axis',(0.,-1.,0.));
#3046=DIRECTION('',(0.,-1.,0.));
#3047=DIRECTION('center_axis',(0.,0.,-1.));
#3048=DIRECTION('ref_axis',(-1.,0.,0.));
#3049=DIRECTION('center_axis',(-1.,0.,0.));
#3050=DIRECTION('ref_axis',(0.,1.,0.));
#3051=DIRECTION('',(0.,1.,0.));
#3052=DIRECTION('center_axis',(1.,0.,0.));
#3053=DIRECTION('ref_axis',(0.,-1.,0.));
#3054=DIRECTION('',(0.,-1.,0.));
#3055=DIRECTION('center_axis',(0.,0.,-1.));
#3056=DIRECTION('ref_axis',(-1.,0.,0.));
#3057=DIRECTION('center_axis',(-1.,0.,0.));
#3058=DIRECTION('ref_axis',(0.,1.,0.));
#3059=DIRECTION('',(0.,1.,0.));
#3060=DIRECTION('center_axis',(1.,-3.22739251344522E-17,0.));
#3061=DIRECTION('ref_axis',(-3.22739251344522E-17,-1.,0.));
#3062=DIRECTION('',(-3.22739251344522E-17,-1.,0.));
#3063=DIRECTION('center_axis',(0.,0.,-1.));
#3064=DIRECTION('ref_axis',(-1.,0.,0.));
#3065=DIRECTION('center_axis',(0.,0.,-1.));
#3066=DIRECTION('ref_axis',(-1.,0.,0.));
#3067=DIRECTION('',(0.,0.,-1.));
#3068=DIRECTION('center_axis',(0.,0.,-1.));
#3069=DIRECTION('ref_axis',(-1.,0.,0.));
#3070=DIRECTION('center_axis',(0.,0.,1.));
#3071=DIRECTION('ref_axis',(-1.,0.,0.));
#3072=DIRECTION('center_axis',(0.,0.,-1.));
#3073=DIRECTION('ref_axis',(-1.,0.,0.));
#3074=DIRECTION('',(0.,0.,-1.));
#3075=DIRECTION('center_axis',(0.,0.,-1.));
#3076=DIRECTION('ref_axis',(-1.,0.,0.));
#3077=DIRECTION('center_axis',(0.,0.,1.));
#3078=DIRECTION('ref_axis',(-1.,0.,0.));
#3079=DIRECTION('center_axis',(0.,0.,-1.));
#3080=DIRECTION('ref_axis',(-1.,0.,0.));
#3081=DIRECTION('',(0.,0.,-1.));
#3082=DIRECTION('center_axis',(0.,0.,-1.));
#3083=DIRECTION('ref_axis',(-1.,0.,0.));
#3084=DIRECTION('center_axis',(0.,0.,1.));
#3085=DIRECTION('ref_axis',(-1.,0.,0.));
#3086=DIRECTION('center_axis',(0.,0.,-1.));
#3087=DIRECTION('ref_axis',(-1.,0.,0.));
#3088=DIRECTION('',(0.,0.,-1.));
#3089=DIRECTION('center_axis',(0.,0.,-1.));
#3090=DIRECTION('ref_axis',(-1.,0.,0.));
#3091=DIRECTION('center_axis',(0.,0.,1.));
#3092=DIRECTION('ref_axis',(-1.,0.,0.));
#3093=DIRECTION('center_axis',(0.,0.,-1.));
#3094=DIRECTION('ref_axis',(-1.,0.,0.));
#3095=DIRECTION('',(0.,0.,-1.));
#3096=DIRECTION('center_axis',(0.,0.,-1.));
#3097=DIRECTION('ref_axis',(-1.,0.,0.));
#3098=DIRECTION('center_axis',(0.,0.,1.));
#3099=DIRECTION('ref_axis',(-1.,0.,0.));
#3100=DIRECTION('center_axis',(0.,0.,-1.));
#3101=DIRECTION('ref_axis',(-1.,0.,0.));
#3102=DIRECTION('',(0.,0.,-1.));
#3103=DIRECTION('center_axis',(0.,0.,-1.));
#3104=DIRECTION('ref_axis',(-1.,0.,0.));
#3105=DIRECTION('center_axis',(0.,0.,1.));
#3106=DIRECTION('ref_axis',(-1.,0.,0.));
#3107=DIRECTION('center_axis',(0.,0.,-1.));
#3108=DIRECTION('ref_axis',(-1.,0.,0.));
#3109=DIRECTION('',(0.,0.,-1.));
#3110=DIRECTION('center_axis',(0.,0.,-1.));
#3111=DIRECTION('ref_axis',(-1.,0.,0.));
#3112=DIRECTION('center_axis',(0.,0.,1.));
#3113=DIRECTION('ref_axis',(-1.,0.,0.));
#3114=DIRECTION('center_axis',(0.,0.,-1.));
#3115=DIRECTION('ref_axis',(-1.,0.,0.));
#3116=DIRECTION('',(0.,0.,-1.));
#3117=DIRECTION('center_axis',(0.,0.,-1.));
#3118=DIRECTION('ref_axis',(-1.,0.,0.));
#3119=DIRECTION('center_axis',(0.,0.,1.));
#3120=DIRECTION('ref_axis',(-1.,0.,0.));
#3121=DIRECTION('center_axis',(0.,0.,-1.));
#3122=DIRECTION('ref_axis',(-1.,0.,0.));
#3123=DIRECTION('center_axis',(0.,0.,-1.));
#3124=DIRECTION('ref_axis',(-1.,0.,0.));
#3125=DIRECTION('',(0.,0.,-1.));
#3126=DIRECTION('center_axis',(0.,0.,-1.));
#3127=DIRECTION('ref_axis',(-1.,0.,0.));
#3128=DIRECTION('center_axis',(0.,0.,-1.));
#3129=DIRECTION('ref_axis',(-1.,0.,0.));
#3130=DIRECTION('',(0.,0.,-1.));
#3131=DIRECTION('center_axis',(1.,4.44089209850063E-17,0.));
#3132=DIRECTION('ref_axis',(-4.44089209850063E-17,1.,0.));
#3133=DIRECTION('',(0.,0.,1.));
#3134=DIRECTION('',(0.,0.,1.));
#3135=DIRECTION('center_axis',(0.,0.,1.));
#3136=DIRECTION('ref_axis',(-1.,0.,0.));
#3137=DIRECTION('',(0.,0.,1.));
#3138=DIRECTION('center_axis',(-1.,4.44089209850063E-17,0.));
#3139=DIRECTION('ref_axis',(-4.44089209850063E-17,-1.,0.));
#3140=DIRECTION('',(0.,0.,1.));
#3141=DIRECTION('center_axis',(0.,0.,1.));
#3142=DIRECTION('ref_axis',(1.,0.,0.));
#3143=DIRECTION('center_axis',(0.,0.,1.));
#3144=DIRECTION('ref_axis',(1.,0.,0.));
#3145=CARTESIAN_POINT('',(0.,0.,0.));
#3146=CARTESIAN_POINT('Origin',(-16.,-5.,2.));
#3147=CARTESIAN_POINT('',(-16.,-5.,2.));
#3148=CARTESIAN_POINT('',(-16.,5.,2.));
#3149=CARTESIAN_POINT('',(-16.,22.5,2.));
#3150=CARTESIAN_POINT('',(-16.,-5.,0.));
#3151=CARTESIAN_POINT('',(-16.,-5.,2.));
#3152=CARTESIAN_POINT('',(-16.,5.,0.));
#3153=CARTESIAN_POINT('',(-16.,22.5,0.));
#3154=CARTESIAN_POINT('',(-16.,5.,2.));
#3155=CARTESIAN_POINT('Origin',(-13.5,-5.,2.));
#3156=CARTESIAN_POINT('',(-11.,-5.,2.));
#3157=CARTESIAN_POINT('Origin',(-13.5,-5.,2.));
#3158=CARTESIAN_POINT('',(-11.,-5.,0.));
#3159=CARTESIAN_POINT('',(-11.,-5.,2.));
#3160=CARTESIAN_POINT('Origin',(-13.5,-5.,0.));
#3161=CARTESIAN_POINT('Origin',(-11.,5.,2.));
#3162=CARTESIAN_POINT('',(-11.,5.,2.));
#3163=CARTESIAN_POINT('',(-11.,27.5,2.));
#3164=CARTESIAN_POINT('',(-11.,5.,0.));
#3165=CARTESIAN_POINT('',(-11.,5.,2.));
#3166=CARTESIAN_POINT('',(-11.,27.5,0.));
#3167=CARTESIAN_POINT('Origin',(-13.5,5.,2.));
#3168=CARTESIAN_POINT('Origin',(-13.5,5.,2.));
#3169=CARTESIAN_POINT('Origin',(-13.5,5.,0.));
#3170=CARTESIAN_POINT('Origin',(-16.,95.,2.));
#3171=CARTESIAN_POINT('',(-16.,95.,2.));
#3172=CARTESIAN_POINT('',(-16.,105.,2.));
#3173=CARTESIAN_POINT('',(-16.,72.5,2.));
#3174=CARTESIAN_POINT('',(-16.,95.,0.));
#3175=CARTESIAN_POINT('',(-16.,95.,2.));
#3176=CARTESIAN_POINT('',(-16.,105.,0.));
#3177=CARTESIAN_POINT('',(-16.,72.5,0.));
#3178=CARTESIAN_POINT('',(-16.,105.,2.));
#3179=CARTESIAN_POINT('Origin',(-13.5,95.,2.));
#3180=CARTESIAN_POINT('',(-11.,95.,2.));
#3181=CARTESIAN_POINT('Origin',(-13.5,95.,2.));
#3182=CARTESIAN_POINT('',(-11.,95.,0.));
#3183=CARTESIAN_POINT('',(-11.,95.,2.));
#3184=CARTESIAN_POINT('Origin',(-13.5,95.,0.));
#3185=CARTESIAN_POINT('Origin',(-11.,105.,2.));
#3186=CARTESIAN_POINT('',(-11.,105.,2.));
#3187=CARTESIAN_POINT('',(-11.,77.5,2.));
#3188=CARTESIAN_POINT('',(-11.,105.,0.));
#3189=CARTESIAN_POINT('',(-11.,105.,2.));
#3190=CARTESIAN_POINT('',(-11.,77.5,0.));
#3191=CARTESIAN_POINT('Origin',(-13.5,105.,2.));
#3192=CARTESIAN_POINT('Origin',(-13.5,105.,2.));
#3193=CARTESIAN_POINT('Origin',(-13.5,105.,0.));
#3194=CARTESIAN_POINT('Origin',(11.,-5.,2.));
#3195=CARTESIAN_POINT('',(11.,-5.,2.));
#3196=CARTESIAN_POINT('',(11.,5.,2.));
#3197=CARTESIAN_POINT('',(11.,22.5,2.));
#3198=CARTESIAN_POINT('',(11.,-5.,0.));
#3199=CARTESIAN_POINT('',(11.,-5.,2.));
#3200=CARTESIAN_POINT('',(11.,5.,0.));
#3201=CARTESIAN_POINT('',(11.,22.5,0.));
#3202=CARTESIAN_POINT('',(11.,5.,2.));
#3203=CARTESIAN_POINT('Origin',(13.5,-5.,2.));
#3204=CARTESIAN_POINT('',(16.,-5.,2.));
#3205=CARTESIAN_POINT('Origin',(13.5,-5.,2.));
#3206=CARTESIAN_POINT('',(16.,-5.,0.));
#3207=CARTESIAN_POINT('',(16.,-5.,2.));
#3208=CARTESIAN_POINT('Origin',(13.5,-5.,0.));
#3209=CARTESIAN_POINT('Origin',(16.,5.,2.));
#3210=CARTESIAN_POINT('',(16.,5.,2.));
#3211=CARTESIAN_POINT('',(16.,27.5,2.));
#3212=CARTESIAN_POINT('',(16.,5.,0.));
#3213=CARTESIAN_POINT('',(16.,5.,2.));
#3214=CARTESIAN_POINT('',(16.,27.5,0.));
#3215=CARTESIAN_POINT('Origin',(13.5,5.,2.));
#3216=CARTESIAN_POINT('Origin',(13.5,5.,2.));
#3217=CARTESIAN_POINT('Origin',(13.5,5.,0.));
#3218=CARTESIAN_POINT('Origin',(11.,95.,2.));
#3219=CARTESIAN_POINT('',(11.,95.,2.));
#3220=CARTESIAN_POINT('',(11.,105.,2.));
#3221=CARTESIAN_POINT('',(11.,72.5,2.));
#3222=CARTESIAN_POINT('',(11.,95.,0.));
#3223=CARTESIAN_POINT('',(11.,95.,2.));
#3224=CARTESIAN_POINT('',(11.,105.,0.));
#3225=CARTESIAN_POINT('',(11.,72.5,0.));
#3226=CARTESIAN_POINT('',(11.,105.,2.));
#3227=CARTESIAN_POINT('Origin',(13.5,95.,2.));
#3228=CARTESIAN_POINT('',(16.,95.,2.));
#3229=CARTESIAN_POINT('Origin',(13.5,95.,2.));
#3230=CARTESIAN_POINT('',(16.,95.,0.));
#3231=CARTESIAN_POINT('',(16.,95.,2.));
#3232=CARTESIAN_POINT('Origin',(13.5,95.,0.));
#3233=CARTESIAN_POINT('Origin',(16.,105.,2.));
#3234=CARTESIAN_POINT('',(16.,105.,2.));
#3235=CARTESIAN_POINT('',(16.,77.5,2.));
#3236=CARTESIAN_POINT('',(16.,105.,0.));
#3237=CARTESIAN_POINT('',(16.,105.,2.));
#3238=CARTESIAN_POINT('',(16.,77.5,0.));
#3239=CARTESIAN_POINT('Origin',(13.5,105.,2.));
#3240=CARTESIAN_POINT('Origin',(13.5,105.,2.));
#3241=CARTESIAN_POINT('Origin',(13.5,105.,0.));
#3242=CARTESIAN_POINT('Origin',(-9.,-17.8,2.));
#3243=CARTESIAN_POINT('',(-9.,-18.8,10.));
#3244=CARTESIAN_POINT('',(-10.,-17.8,10.));
#3245=CARTESIAN_POINT('Origin',(-9.,-17.8,10.));
#3246=CARTESIAN_POINT('',(-10.,-17.8,2.));
#3247=CARTESIAN_POINT('',(-10.,-17.8,2.));
#3248=CARTESIAN_POINT('',(-9.,-18.8,2.));
#3249=CARTESIAN_POINT('Origin',(-9.,-17.8,2.));
#3250=CARTESIAN_POINT('',(-9.,-18.8,2.));
#3251=CARTESIAN_POINT('Origin',(-10.,-10.2,2.));
#3252=CARTESIAN_POINT('',(-10.,-11.2,10.));
#3253=CARTESIAN_POINT('',(-10.,-18.8,10.));
#3254=CARTESIAN_POINT('',(-10.,-11.2,2.));
#3255=CARTESIAN_POINT('',(-10.,-11.2,2.));
#3256=CARTESIAN_POINT('',(-10.,19.9,2.));
#3257=CARTESIAN_POINT('Origin',(0.,-14.5,10.));
#3258=CARTESIAN_POINT('',(-1.00000001490116,-18.8,10.));
#3259=CARTESIAN_POINT('',(10.,-18.8,10.));
#3260=CARTESIAN_POINT('',(-1.00000001490116,-10.2,10.));
#3261=CARTESIAN_POINT('',(-1.00000001490116,-16.65,10.));
#3262=CARTESIAN_POINT('',(-9.,-10.2,10.));
#3263=CARTESIAN_POINT('',(-10.,-10.2,10.));
#3264=CARTESIAN_POINT('Origin',(-9.,-11.2,10.));
#3265=CARTESIAN_POINT('',(-3.05,-14.5,10.));
#3266=CARTESIAN_POINT('Origin',(-5.,-14.5,10.));
#3267=CARTESIAN_POINT('Origin',(-9.,-11.2,2.));
#3268=CARTESIAN_POINT('',(-9.,-10.2,2.));
#3269=CARTESIAN_POINT('',(-9.,-10.2,2.));
#3270=CARTESIAN_POINT('Origin',(-9.,-11.2,2.));
#3271=CARTESIAN_POINT('Origin',(10.,-10.2,2.));
#3272=CARTESIAN_POINT('',(-1.00000001490116,-10.2,6.));
#3273=CARTESIAN_POINT('',(-1.00000001490116,-10.2,6.));
#3274=CARTESIAN_POINT('',(0.999999985098838,-10.2,6.));
#3275=CARTESIAN_POINT('',(4.99999999254942,-10.2,6.));
#3276=CARTESIAN_POINT('',(0.999999985098838,-10.2,10.));
#3277=CARTESIAN_POINT('',(0.999999985098839,-10.2,6.));
#3278=CARTESIAN_POINT('',(9.,-10.2,10.));
#3279=CARTESIAN_POINT('',(-10.,-10.2,10.));
#3280=CARTESIAN_POINT('',(9.,-10.2,2.));
#3281=CARTESIAN_POINT('',(9.,-10.2,2.));
#3282=CARTESIAN_POINT('',(5.,-10.2,2.));
#3283=CARTESIAN_POINT('Origin',(-9.,31.2,2.));
#3284=CARTESIAN_POINT('',(-9.,30.2,10.));
#3285=CARTESIAN_POINT('',(-10.,31.2,10.));
#3286=CARTESIAN_POINT('Origin',(-9.,31.2,10.));
#3287=CARTESIAN_POINT('',(-10.,31.2,2.));
#3288=CARTESIAN_POINT('',(-10.,31.2,2.));
#3289=CARTESIAN_POINT('',(-9.,30.2,2.));
#3290=CARTESIAN_POINT('Origin',(-9.,31.2,2.));
#3291=CARTESIAN_POINT('',(-9.,30.2,2.));
#3292=CARTESIAN_POINT('Origin',(-9.99999999999999,38.8,2.));
#3293=CARTESIAN_POINT('',(-9.99999999999999,37.8,10.));
#3294=CARTESIAN_POINT('',(-10.,30.2,10.));
#3295=CARTESIAN_POINT('',(-9.99999999999999,37.8,2.));
#3296=CARTESIAN_POINT('',(-9.99999999999999,37.8,2.));
#3297=CARTESIAN_POINT('',(-9.99999999999999,44.4,2.));
#3298=CARTESIAN_POINT('Origin',(8.88178419700125E-15,34.5,10.));
#3299=CARTESIAN_POINT('',(-1.00000001490116,30.2,10.));
#3300=CARTESIAN_POINT('',(10.,30.2,10.));
#3301=CARTESIAN_POINT('',(-1.00000001490116,38.8,10.));
#3302=CARTESIAN_POINT('',(-1.00000001490116,32.35,10.));
#3303=CARTESIAN_POINT('',(-8.99999999999999,38.8,10.));
#3304=CARTESIAN_POINT('',(-9.99999999999999,38.8,10.));
#3305=CARTESIAN_POINT('Origin',(-8.99999999999999,37.8,10.));
#3306=CARTESIAN_POINT('',(-3.05,34.5,10.));
#3307=CARTESIAN_POINT('Origin',(-5.,34.5,10.));
#3308=CARTESIAN_POINT('Origin',(-8.99999999999999,37.8,2.));
#3309=CARTESIAN_POINT('',(-9.,38.8,2.));
#3310=CARTESIAN_POINT('',(-8.99999999999999,38.8,2.));
#3311=CARTESIAN_POINT('Origin',(-8.99999999999999,37.8,2.));
#3312=CARTESIAN_POINT('Origin',(10.,38.8,2.));
#3313=CARTESIAN_POINT('',(-1.00000001490116,38.8,6.));
#3314=CARTESIAN_POINT('',(-1.00000001490116,38.8,6.));
#3315=CARTESIAN_POINT('',(0.999999985098838,38.8,6.));
#3316=CARTESIAN_POINT('',(4.99999999254943,38.8,6.));
#3317=CARTESIAN_POINT('',(0.999999985098838,38.8,10.));
#3318=CARTESIAN_POINT('',(0.999999985098839,38.8,6.));
#3319=CARTESIAN_POINT('',(9.00000000000001,38.8,10.));
#3320=CARTESIAN_POINT('',(-9.99999999999999,38.8,10.));
#3321=CARTESIAN_POINT('',(9.00000000000002,38.8,2.));
#3322=CARTESIAN_POINT('',(9.00000000000002,38.8,2.));
#3323=CARTESIAN_POINT('',(5.00000000000001,38.8,2.));
#3324=CARTESIAN_POINT('Origin',(-9.,62.2,2.));
#3325=CARTESIAN_POINT('',(-9.,61.2,10.));
#3326=CARTESIAN_POINT('',(-10.,62.2,10.));
#3327=CARTESIAN_POINT('Origin',(-9.,62.2,10.));
#3328=CARTESIAN_POINT('',(-10.,62.2,2.));
#3329=CARTESIAN_POINT('',(-10.,62.2,2.));
#3330=CARTESIAN_POINT('',(-9.,61.2,2.));
#3331=CARTESIAN_POINT('Origin',(-9.,62.2,2.));
#3332=CARTESIAN_POINT('',(-9.,61.2,2.));
#3333=CARTESIAN_POINT('Origin',(-10.,69.8,2.));
#3334=CARTESIAN_POINT('',(-10.,68.8,10.));
#3335=CARTESIAN_POINT('',(-10.,61.2,10.));
#3336=CARTESIAN_POINT('',(-10.,68.8,2.));
#3337=CARTESIAN_POINT('',(-10.,68.8,2.));
#3338=CARTESIAN_POINT('',(-10.,59.9,2.));
#3339=CARTESIAN_POINT('Origin',(0.,65.5,10.));
#3340=CARTESIAN_POINT('',(-1.00000001490116,61.2,10.));
#3341=CARTESIAN_POINT('',(10.,61.2,10.));
#3342=CARTESIAN_POINT('',(-1.00000001490116,69.8,10.));
#3343=CARTESIAN_POINT('',(-1.00000001490116,63.35,10.));
#3344=CARTESIAN_POINT('',(-9.,69.8,10.));
#3345=CARTESIAN_POINT('',(-10.,69.8,10.));
#3346=CARTESIAN_POINT('Origin',(-9.,68.8,10.));
#3347=CARTESIAN_POINT('',(-3.05,65.5,10.));
#3348=CARTESIAN_POINT('Origin',(-5.,65.5,10.));
#3349=CARTESIAN_POINT('Origin',(-9.,68.8,2.));
#3350=CARTESIAN_POINT('',(-9.,69.8,2.));
#3351=CARTESIAN_POINT('',(-9.,69.8,2.));
#3352=CARTESIAN_POINT('Origin',(-9.,68.8,2.));
#3353=CARTESIAN_POINT('Origin',(9.99999999999999,69.8,2.));
#3354=CARTESIAN_POINT('',(-1.00000001490116,69.8,6.));
#3355=CARTESIAN_POINT('',(-1.00000001490116,69.8,6.));
#3356=CARTESIAN_POINT('',(0.999999985098838,69.8,6.));
#3357=CARTESIAN_POINT('',(4.99999999254942,69.8,6.));
#3358=CARTESIAN_POINT('',(0.999999985098838,69.8,10.));
#3359=CARTESIAN_POINT('',(0.999999985098839,69.8,6.));
#3360=CARTESIAN_POINT('',(8.99999999999999,69.8,10.));
#3361=CARTESIAN_POINT('',(-10.,69.8,10.));
#3362=CARTESIAN_POINT('',(8.99999999999999,69.8,2.));
#3363=CARTESIAN_POINT('',(8.99999999999999,69.8,2.));
#3364=CARTESIAN_POINT('',(5.,69.8,2.));
#3365=CARTESIAN_POINT('Origin',(-9.,111.2,2.));
#3366=CARTESIAN_POINT('',(-9.,110.2,10.));
#3367=CARTESIAN_POINT('',(-10.,111.2,10.));
#3368=CARTESIAN_POINT('Origin',(-9.,111.2,10.));
#3369=CARTESIAN_POINT('',(-10.,111.2,2.));
#3370=CARTESIAN_POINT('',(-10.,111.2,2.));
#3371=CARTESIAN_POINT('',(-9.,110.2,2.));
#3372=CARTESIAN_POINT('Origin',(-9.,111.2,2.));
#3373=CARTESIAN_POINT('',(-9.,110.2,2.));
#3374=CARTESIAN_POINT('Origin',(-10.,118.8,2.));
#3375=CARTESIAN_POINT('',(-10.,117.8,10.));
#3376=CARTESIAN_POINT('',(-10.,110.2,10.));
#3377=CARTESIAN_POINT('',(-10.,117.8,2.));
#3378=CARTESIAN_POINT('',(-10.,117.8,2.));
#3379=CARTESIAN_POINT('',(-10.,84.4,2.));
#3380=CARTESIAN_POINT('Origin',(0.,114.5,10.));
#3381=CARTESIAN_POINT('',(-1.00000001490116,110.2,10.));
#3382=CARTESIAN_POINT('',(10.,110.2,10.));
#3383=CARTESIAN_POINT('',(-1.00000001490116,118.8,10.));
#3384=CARTESIAN_POINT('',(-1.00000001490116,112.35,10.));
#3385=CARTESIAN_POINT('',(-9.,118.8,10.));
#3386=CARTESIAN_POINT('',(-10.,118.8,10.));
#3387=CARTESIAN_POINT('Origin',(-9.,117.8,10.));
#3388=CARTESIAN_POINT('',(-3.05,114.5,10.));
#3389=CARTESIAN_POINT('Origin',(-5.,114.5,10.));
#3390=CARTESIAN_POINT('Origin',(-9.,117.8,2.));
#3391=CARTESIAN_POINT('',(-9.,118.8,2.));
#3392=CARTESIAN_POINT('',(-9.,118.8,2.));
#3393=CARTESIAN_POINT('Origin',(-9.,117.8,2.));
#3394=CARTESIAN_POINT('Origin',(10.,118.8,2.));
#3395=CARTESIAN_POINT('',(-1.00000001490116,118.8,6.));
#3396=CARTESIAN_POINT('',(-1.00000001490116,118.8,6.));
#3397=CARTESIAN_POINT('',(0.999999985098838,118.8,6.));
#3398=CARTESIAN_POINT('',(4.99999999254942,118.8,6.));
#3399=CARTESIAN_POINT('',(0.999999985098838,118.8,10.));
#3400=CARTESIAN_POINT('',(0.999999985098839,118.8,6.));
#3401=CARTESIAN_POINT('',(9.,118.8,10.));
#3402=CARTESIAN_POINT('',(-10.,118.8,10.));
#3403=CARTESIAN_POINT('',(9.,118.8,2.));
#3404=CARTESIAN_POINT('',(9.,118.8,2.));
#3405=CARTESIAN_POINT('',(5.,118.8,2.));
#3406=CARTESIAN_POINT('Origin',(9.,117.8,2.));
#3407=CARTESIAN_POINT('',(10.,117.8,10.));
#3408=CARTESIAN_POINT('Origin',(9.,117.8,10.));
#3409=CARTESIAN_POINT('',(10.,117.8,2.));
#3410=CARTESIAN_POINT('',(10.,117.8,2.));
#3411=CARTESIAN_POINT('Origin',(9.,117.8,2.));
#3412=CARTESIAN_POINT('Origin',(10.,110.2,2.));
#3413=CARTESIAN_POINT('',(10.,111.2,10.));
#3414=CARTESIAN_POINT('',(10.,118.8,10.));
#3415=CARTESIAN_POINT('',(10.,111.2,2.));
#3416=CARTESIAN_POINT('',(10.,111.2,2.));
#3417=CARTESIAN_POINT('',(9.99999999999998,80.1,2.));
#3418=CARTESIAN_POINT('Origin',(0.,114.5,10.));
#3419=CARTESIAN_POINT('',(0.999999985098839,110.2,10.));
#3420=CARTESIAN_POINT('',(0.999999985098839,116.65,10.));
#3421=CARTESIAN_POINT('',(9.,110.2,10.));
#3422=CARTESIAN_POINT('',(10.,110.2,10.));
#3423=CARTESIAN_POINT('Origin',(9.,111.2,10.));
#3424=CARTESIAN_POINT('',(6.95,114.5,10.));
#3425=CARTESIAN_POINT('Origin',(5.,114.5,10.));
#3426=CARTESIAN_POINT('Origin',(9.,111.2,2.));
#3427=CARTESIAN_POINT('',(9.,110.2,2.));
#3428=CARTESIAN_POINT('',(9.,110.2,2.));
#3429=CARTESIAN_POINT('Origin',(9.,111.2,2.));
#3430=CARTESIAN_POINT('Origin',(-10.,110.2,2.));
#3431=CARTESIAN_POINT('',(-5.,110.2,2.));
#3432=CARTESIAN_POINT('',(0.999999985098839,110.2,6.));
#3433=CARTESIAN_POINT('',(0.999999985098839,110.2,6.));
#3434=CARTESIAN_POINT('',(-1.00000001490116,110.2,6.));
#3435=CARTESIAN_POINT('',(-5.00000000745058,110.2,6.));
#3436=CARTESIAN_POINT('',(-1.00000001490116,110.2,6.));
#3437=CARTESIAN_POINT('Origin',(8.99999999999999,68.8,2.));
#3438=CARTESIAN_POINT('',(9.99999999999999,68.8,10.));
#3439=CARTESIAN_POINT('Origin',(8.99999999999999,68.8,10.));
#3440=CARTESIAN_POINT('',(9.99999999999999,68.8,2.));
#3441=CARTESIAN_POINT('',(9.99999999999999,68.8,2.));
#3442=CARTESIAN_POINT('Origin',(8.99999999999999,68.8,2.));
#3443=CARTESIAN_POINT('Origin',(10.,61.2,2.));
#3444=CARTESIAN_POINT('',(10.,62.2,10.));
#3445=CARTESIAN_POINT('',(9.99999999999999,69.8,10.));
#3446=CARTESIAN_POINT('',(10.,62.2,2.));
#3447=CARTESIAN_POINT('',(10.,62.2,2.));
#3448=CARTESIAN_POINT('',(10.,55.6,2.));
#3449=CARTESIAN_POINT('Origin',(0.,65.5,10.));
#3450=CARTESIAN_POINT('',(0.999999985098839,61.2,10.));
#3451=CARTESIAN_POINT('',(0.999999985098839,67.65,10.));
#3452=CARTESIAN_POINT('',(9.,61.2,10.));
#3453=CARTESIAN_POINT('',(10.,61.2,10.));
#3454=CARTESIAN_POINT('Origin',(9.,62.2,10.));
#3455=CARTESIAN_POINT('',(6.95,65.5,10.));
#3456=CARTESIAN_POINT('Origin',(5.,65.5,10.));
#3457=CARTESIAN_POINT('Origin',(9.,62.2,2.));
#3458=CARTESIAN_POINT('',(9.,61.2,2.));
#3459=CARTESIAN_POINT('',(9.,61.2,2.));
#3460=CARTESIAN_POINT('Origin',(9.,62.2,2.));
#3461=CARTESIAN_POINT('Origin',(-10.,61.2,2.));
#3462=CARTESIAN_POINT('',(-5.,61.2,2.));
#3463=CARTESIAN_POINT('',(0.999999985098839,61.2,6.));
#3464=CARTESIAN_POINT('',(0.999999985098839,61.2,6.));
#3465=CARTESIAN_POINT('',(-1.00000001490116,61.2,6.));
#3466=CARTESIAN_POINT('',(-5.00000000745058,61.2,6.));
#3467=CARTESIAN_POINT('',(-1.00000001490116,61.2,6.));
#3468=CARTESIAN_POINT('Origin',(9.00000000000002,37.8,2.));
#3469=CARTESIAN_POINT('',(10.,37.8,10.));
#3470=CARTESIAN_POINT('Origin',(9.00000000000002,37.8,10.));
#3471=CARTESIAN_POINT('',(10.,37.8,2.));
#3472=CARTESIAN_POINT('',(10.,37.8,2.));
#3473=CARTESIAN_POINT('Origin',(9.00000000000002,37.8,2.));
#3474=CARTESIAN_POINT('Origin',(10.,30.2,2.));
#3475=CARTESIAN_POINT('',(10.,31.2,10.));
#3476=CARTESIAN_POINT('',(10.,38.8,10.));
#3477=CARTESIAN_POINT('',(10.,31.2,2.));
#3478=CARTESIAN_POINT('',(10.,31.2,2.));
#3479=CARTESIAN_POINT('',(10.,40.1,2.));
#3480=CARTESIAN_POINT('Origin',(8.88178419700125E-15,34.5,10.));
#3481=CARTESIAN_POINT('',(0.999999985098839,30.2,10.));
#3482=CARTESIAN_POINT('',(0.999999985098839,36.65,10.));
#3483=CARTESIAN_POINT('',(9.,30.2,10.));
#3484=CARTESIAN_POINT('',(10.,30.2,10.));
#3485=CARTESIAN_POINT('Origin',(9.,31.2,10.));
#3486=CARTESIAN_POINT('',(6.95,34.5,10.));
#3487=CARTESIAN_POINT('Origin',(5.,34.5,10.));
#3488=CARTESIAN_POINT('Origin',(9.,31.2,2.));
#3489=CARTESIAN_POINT('',(9.00000000000001,30.2,2.));
#3490=CARTESIAN_POINT('',(9.,30.2,2.));
#3491=CARTESIAN_POINT('Origin',(9.,31.2,2.));
#3492=CARTESIAN_POINT('Origin',(-10.,30.2,2.));
#3493=CARTESIAN_POINT('',(-5.,30.2,2.));
#3494=CARTESIAN_POINT('',(0.999999985098839,30.2,6.));
#3495=CARTESIAN_POINT('',(0.999999985098839,30.2,6.));
#3496=CARTESIAN_POINT('',(-1.00000001490116,30.2,6.));
#3497=CARTESIAN_POINT('',(-5.00000000745058,30.2,6.));
#3498=CARTESIAN_POINT('',(-1.00000001490116,30.2,6.));
#3499=CARTESIAN_POINT('Origin',(9.,-11.2,2.));
#3500=CARTESIAN_POINT('',(10.,-11.2,10.));
#3501=CARTESIAN_POINT('Origin',(9.,-11.2,10.));
#3502=CARTESIAN_POINT('',(10.,-11.2,2.));
#3503=CARTESIAN_POINT('',(10.,-11.2,2.));
#3504=CARTESIAN_POINT('Origin',(9.,-11.2,2.));
#3505=CARTESIAN_POINT('Origin',(10.,-18.8,2.));
#3506=CARTESIAN_POINT('',(10.,-17.8,10.));
#3507=CARTESIAN_POINT('',(10.,-10.2,10.));
#3508=CARTESIAN_POINT('',(10.,-17.8,2.));
#3509=CARTESIAN_POINT('',(10.,-17.8,2.));
#3510=CARTESIAN_POINT('',(9.99999999999998,15.6,2.));
#3511=CARTESIAN_POINT('Origin',(0.,-14.5,10.));
#3512=CARTESIAN_POINT('',(0.999999985098838,-18.8,10.));
#3513=CARTESIAN_POINT('',(0.999999985098839,-12.35,10.));
#3514=CARTESIAN_POINT('',(9.,-18.8,10.));
#3515=CARTESIAN_POINT('',(10.,-18.8,10.));
#3516=CARTESIAN_POINT('Origin',(9.,-17.8,10.));
#3517=CARTESIAN_POINT('',(6.95,-14.5,10.));
#3518=CARTESIAN_POINT('Origin',(5.,-14.5,10.));
#3519=CARTESIAN_POINT('Origin',(9.,-17.8,2.));
#3520=CARTESIAN_POINT('',(9.,-18.8,2.));
#3521=CARTESIAN_POINT('',(9.,-18.8,2.));
#3522=CARTESIAN_POINT('Origin',(9.,-17.8,2.));
#3523=CARTESIAN_POINT('Origin',(-10.,-18.8,2.));
#3524=CARTESIAN_POINT('',(-5.,-18.8,2.));
#3525=CARTESIAN_POINT('',(0.999999985098838,-18.8,6.));
#3526=CARTESIAN_POINT('',(0.999999985098839,-18.8,6.));
#3527=CARTESIAN_POINT('',(-1.00000001490116,-18.8,6.));
#3528=CARTESIAN_POINT('',(-5.00000000745058,-18.8,6.));
#3529=CARTESIAN_POINT('',(-1.00000001490116,-18.8,6.));
#3530=CARTESIAN_POINT('Origin',(20.,97.,1.));
#3531=CARTESIAN_POINT('',(23.5,97.,0.));
#3532=CARTESIAN_POINT('Origin',(20.,97.,0.));
#3533=CARTESIAN_POINT('',(21.5,97.,2.));
#3534=CARTESIAN_POINT('',(22.5,97.,1.));
#3535=CARTESIAN_POINT('Origin',(20.,97.,2.));
#3536=CARTESIAN_POINT('Origin',(0.,50.,0.));
#3537=CARTESIAN_POINT('',(25.,100.,0.));
#3538=CARTESIAN_POINT('',(-25.,100.,0.));
#3539=CARTESIAN_POINT('Origin',(0.,100.,0.));
#3540=CARTESIAN_POINT('',(25.,-3.06161699786838E-15,0.));
#3541=CARTESIAN_POINT('',(25.,100.,0.));
#3542=CARTESIAN_POINT('',(-25.,0.,0.));
#3543=CARTESIAN_POINT('Origin',(0.,0.,0.));
#3544=CARTESIAN_POINT('',(-25.,100.,0.));
#3545=CARTESIAN_POINT('',(-16.5,97.,0.));
#3546=CARTESIAN_POINT('Origin',(-20.,97.,0.));
#3547=CARTESIAN_POINT('',(23.5000002980232,3.00000004470348,0.));
#3548=CARTESIAN_POINT('Origin',(20.0000002980232,3.00000004470348,0.));
#3549=CARTESIAN_POINT('',(7.5,9.18485099360515E-16,0.));
#3550=CARTESIAN_POINT('Origin',(0.,0.,0.));
#3551=CARTESIAN_POINT('',(7.5,100.,0.));
#3552=CARTESIAN_POINT('Origin',(0.,100.,0.));
#3553=CARTESIAN_POINT('',(-16.5000002980232,3.00000004470348,0.));
#3554=CARTESIAN_POINT('Origin',(-20.0000002980232,3.00000004470348,0.));
#3555=CARTESIAN_POINT('Origin',(20.,97.,4.));
#3556=CARTESIAN_POINT('',(21.5,97.,4.));
#3557=CARTESIAN_POINT('Origin',(20.,97.,4.));
#3558=CARTESIAN_POINT('',(21.5,97.,4.));
#3559=CARTESIAN_POINT('Origin',(-20.,97.,1.));
#3560=CARTESIAN_POINT('',(-18.5,97.,2.));
#3561=CARTESIAN_POINT('',(-17.5,97.,1.));
#3562=CARTESIAN_POINT('Origin',(-20.,97.,2.));
#3563=CARTESIAN_POINT('Origin',(-20.,97.,4.));
#3564=CARTESIAN_POINT('',(-18.5,97.,4.));
#3565=CARTESIAN_POINT('Origin',(-20.,97.,4.));
#3566=CARTESIAN_POINT('',(-18.5,97.,4.));
#3567=CARTESIAN_POINT('Origin',(-20.0000002980232,3.00000004470348,1.));
#3568=CARTESIAN_POINT('',(-18.5000002980232,3.00000004470348,2.));
#3569=CARTESIAN_POINT('',(-17.5000002980232,3.00000004470348,1.));
#3570=CARTESIAN_POINT('Origin',(-20.0000002980232,3.00000004470348,2.));
#3571=CARTESIAN_POINT('Origin',(-20.0000002980232,3.00000004470348,4.));
#3572=CARTESIAN_POINT('',(-18.5000002980232,3.00000004470348,4.));
#3573=CARTESIAN_POINT('Origin',(-20.0000002980232,3.00000004470348,4.));
#3574=CARTESIAN_POINT('',(-18.5000002980232,3.00000004470348,4.));
#3575=CARTESIAN_POINT('Origin',(20.0000002980232,3.00000004470348,1.));
#3576=CARTESIAN_POINT('',(21.5000002980232,3.00000004470348,2.));
#3577=CARTESIAN_POINT('',(22.5000002980232,3.00000004470348,1.));
#3578=CARTESIAN_POINT('Origin',(20.0000002980232,3.00000004470348,2.));
#3579=CARTESIAN_POINT('Origin',(20.0000002980232,3.00000004470348,4.));
#3580=CARTESIAN_POINT('',(21.5000002980232,3.00000004470348,4.));
#3581=CARTESIAN_POINT('Origin',(20.0000002980232,3.00000004470348,4.));
#3582=CARTESIAN_POINT('',(21.5000002980232,3.00000004470348,4.));
#3583=CARTESIAN_POINT('Origin',(-20.0000002983956,6.00000008940697,2.));
#3584=CARTESIAN_POINT('',(-23.,6.00000008940697,2.));
#3585=CARTESIAN_POINT('',(-20.0000002983956,6.,2.));
#3586=CARTESIAN_POINT('',(-10.0000001491978,6.00000008940697,2.));
#3587=CARTESIAN_POINT('',(-23.,6.00000008940697,4.));
#3588=CARTESIAN_POINT('',(-23.,6.00000008940697,2.));
#3589=CARTESIAN_POINT('',(-20.0000002983956,6.,4.));
#3590=CARTESIAN_POINT('',(-20.0000002980232,6.00000008940697,4.));
#3591=CARTESIAN_POINT('',(-20.0000002983956,6.,2.));
#3592=CARTESIAN_POINT('Origin',(-20.,3.,2.));
#3593=CARTESIAN_POINT('',(-20.0000002980232,0.,2.));
#3594=CARTESIAN_POINT('Origin',(-20.,3.,2.));
#3595=CARTESIAN_POINT('',(-20.0000002980232,0.,4.));
#3596=CARTESIAN_POINT('Origin',(-20.,3.,4.));
#3597=CARTESIAN_POINT('',(-20.0000002980232,0.,2.));
#3598=CARTESIAN_POINT('Origin',(-23.,0.,2.));
#3599=CARTESIAN_POINT('',(-23.,0.,2.));
#3600=CARTESIAN_POINT('',(-11.5,0.,2.));
#3601=CARTESIAN_POINT('',(-23.,0.,4.));
#3602=CARTESIAN_POINT('',(-20.0000002980232,0.,4.));
#3603=CARTESIAN_POINT('',(-23.,0.,2.));
#3604=CARTESIAN_POINT('Origin',(0.,0.,2.));
#3605=CARTESIAN_POINT('',(23.,-2.81668763803891E-15,2.));
#3606=CARTESIAN_POINT('Origin',(0.,0.,2.));
#3607=CARTESIAN_POINT('',(23.,-3.33066907387547E-15,4.));
#3608=CARTESIAN_POINT('Origin',(0.,0.,4.));
#3609=CARTESIAN_POINT('',(23.,-2.81668763803891E-15,2.));
#3610=CARTESIAN_POINT('Origin',(20.0000002983957,-3.49673942457284E-25,
2.));
#3611=CARTESIAN_POINT('',(20.0000002983957,-8.94069661268662E-8,2.));
#3612=CARTESIAN_POINT('',(10.0000001491978,8.88178419700125E-15,2.));
#3613=CARTESIAN_POINT('',(20.0000002983957,-8.94069662749075E-8,4.));
#3614=CARTESIAN_POINT('',(20.0000002980232,0.,4.));
#3615=CARTESIAN_POINT('',(20.0000002983957,-8.94069661268662E-8,2.));
#3616=CARTESIAN_POINT('Origin',(20.,3.,2.));
#3617=CARTESIAN_POINT('',(20.0000002980232,6.00000008940697,2.));
#3618=CARTESIAN_POINT('Origin',(20.,3.,2.));
#3619=CARTESIAN_POINT('',(20.0000002980232,6.00000008940697,4.));
#3620=CARTESIAN_POINT('Origin',(20.,3.,4.));
#3621=CARTESIAN_POINT('',(20.0000002980232,6.00000008940697,2.));
#3622=CARTESIAN_POINT('Origin',(23.,6.00000008940697,2.));
#3623=CARTESIAN_POINT('',(23.,6.00000008940697,2.));
#3624=CARTESIAN_POINT('',(11.5,6.00000008940697,2.));
#3625=CARTESIAN_POINT('',(23.,6.00000008940697,4.));
#3626=CARTESIAN_POINT('',(20.0000002980232,6.00000008940697,4.));
#3627=CARTESIAN_POINT('',(23.,6.00000008940697,2.));
#3628=CARTESIAN_POINT('Origin',(23.,94.0000014007092,2.));
#3629=CARTESIAN_POINT('',(23.,94.0000014007092,2.));
#3630=CARTESIAN_POINT('',(23.,72.0000007003546,2.));
#3631=CARTESIAN_POINT('',(23.,94.0000014007092,4.));
#3632=CARTESIAN_POINT('',(23.,6.00000008940697,4.));
#3633=CARTESIAN_POINT('',(23.,94.0000014007092,2.));
#3634=CARTESIAN_POINT('Origin',(20.0041647271301,94.0000014007092,2.));
#3635=CARTESIAN_POINT('',(20.0041647271301,94.0000014007092,2.));
#3636=CARTESIAN_POINT('',(10.0020823635651,94.0000014007092,2.));
#3637=CARTESIAN_POINT('',(20.0041647271301,94.0000014007092,4.));
#3638=CARTESIAN_POINT('',(20.0000002980232,94.0000014007092,4.));
#3639=CARTESIAN_POINT('',(20.0041647271301,94.0000014007092,2.));
#3640=CARTESIAN_POINT('Origin',(20.,97.,2.));
#3641=CARTESIAN_POINT('',(20.0000002980232,100.000001490116,2.));
#3642=CARTESIAN_POINT('Origin',(20.,97.,2.));
#3643=CARTESIAN_POINT('',(20.0000002980232,100.000001490116,4.));
#3644=CARTESIAN_POINT('Origin',(20.,97.,4.));
#3645=CARTESIAN_POINT('',(20.0000002980232,100.000001490116,2.));
#3646=CARTESIAN_POINT('Origin',(23.,100.,2.));
#3647=CARTESIAN_POINT('',(23.,100.,2.));
#3648=CARTESIAN_POINT('',(11.5000124176384,100.000005712106,2.));
#3649=CARTESIAN_POINT('',(23.,100.,4.));
#3650=CARTESIAN_POINT('',(20.0000002980232,100.000001490116,4.));
#3651=CARTESIAN_POINT('',(23.,100.,2.));
#3652=CARTESIAN_POINT('Origin',(0.,100.,2.));
#3653=CARTESIAN_POINT('',(-23.,100.,2.));
#3654=CARTESIAN_POINT('Origin',(0.,100.,2.));
#3655=CARTESIAN_POINT('',(-23.,100.,4.));
#3656=CARTESIAN_POINT('Origin',(0.,100.,4.));
#3657=CARTESIAN_POINT('',(-23.,100.,2.));
#3658=CARTESIAN_POINT('Origin',(-20.0000002980235,100.000001490116,2.));
#3659=CARTESIAN_POINT('',(-20.0000002980228,100.,2.));
#3660=CARTESIAN_POINT('',(-10.0000125666502,100.000006457164,2.));
#3661=CARTESIAN_POINT('',(-20.0000002980228,100.,4.));
#3662=CARTESIAN_POINT('',(-20.0000002980232,100.000001490116,4.));
#3663=CARTESIAN_POINT('',(-20.0000002980228,100.,2.));
#3664=CARTESIAN_POINT('Origin',(-20.,97.,2.));
#3665=CARTESIAN_POINT('',(-20.0028990089658,94.0000014007092,2.));
#3666=CARTESIAN_POINT('Origin',(-20.,97.,2.));
#3667=CARTESIAN_POINT('',(-20.0028990089658,94.0000014007092,4.));
#3668=CARTESIAN_POINT('Origin',(-20.,97.,4.));
#3669=CARTESIAN_POINT('',(-20.0028990089658,94.0000014007092,2.));
#3670=CARTESIAN_POINT('Origin',(-23.,94.0000014007092,2.));
#3671=CARTESIAN_POINT('',(-23.,94.0000014007092,2.));
#3672=CARTESIAN_POINT('',(-11.5,94.0000014007092,2.));
#3673=CARTESIAN_POINT('',(-23.,94.0000014007092,4.));
#3674=CARTESIAN_POINT('',(-20.0000002980232,94.0000014007092,4.));
#3675=CARTESIAN_POINT('',(-23.,94.0000014007092,2.));
#3676=CARTESIAN_POINT('Origin',(-23.,6.00000008940697,2.));
#3677=CARTESIAN_POINT('',(-23.,28.0000000447035,2.));
#3678=CARTESIAN_POINT('',(-23.,94.0000014007092,4.));
#3679=CARTESIAN_POINT('Origin',(24.,-2.93915231795365E-15,2.));
#3680=CARTESIAN_POINT('',(24.,100.,2.));
#3681=CARTESIAN_POINT('',(24.,-2.93915231795365E-15,2.));
#3682=CARTESIAN_POINT('',(24.,25.,2.));
#3683=CARTESIAN_POINT('',(24.,100.,4.));
#3684=CARTESIAN_POINT('',(24.,100.,2.));
#3685=CARTESIAN_POINT('',(24.,-3.33066907387547E-15,4.));
#3686=CARTESIAN_POINT('',(24.,-2.93915231795365E-15,4.));
#3687=CARTESIAN_POINT('',(24.,-2.93915231795365E-15,2.));
#3688=CARTESIAN_POINT('Origin',(0.,0.,2.));
#3689=CARTESIAN_POINT('',(-24.,0.,2.));
#3690=CARTESIAN_POINT('Origin',(0.,0.,2.));
#3691=CARTESIAN_POINT('',(-24.,0.,4.));
#3692=CARTESIAN_POINT('Origin',(0.,0.,4.));
#3693=CARTESIAN_POINT('',(-24.,0.,2.));
#3694=CARTESIAN_POINT('Origin',(-24.,100.,2.));
#3695=CARTESIAN_POINT('',(-24.,100.,2.));
#3696=CARTESIAN_POINT('',(-24.,75.,2.));
#3697=CARTESIAN_POINT('',(-24.,100.,4.));
#3698=CARTESIAN_POINT('',(-24.,100.,4.));
#3699=CARTESIAN_POINT('',(-24.,100.,2.));
#3700=CARTESIAN_POINT('Origin',(0.,100.,2.));
#3701=CARTESIAN_POINT('Origin',(0.,100.,2.));
#3702=CARTESIAN_POINT('Origin',(0.,100.,4.));
#3703=CARTESIAN_POINT('Origin',(0.,50.,4.));
#3704=CARTESIAN_POINT('Origin',(0.,50.,2.));
#3705=CARTESIAN_POINT('',(25.,100.,2.));
#3706=CARTESIAN_POINT('',(-25.,100.,2.));
#3707=CARTESIAN_POINT('Origin',(0.,100.,2.));
#3708=CARTESIAN_POINT('',(-25.,0.,2.));
#3709=CARTESIAN_POINT('',(-25.,100.,2.));
#3710=CARTESIAN_POINT('',(25.,0.,2.));
#3711=CARTESIAN_POINT('Origin',(0.,0.,2.));
#3712=CARTESIAN_POINT('',(25.,100.,2.));
#3713=CARTESIAN_POINT('Origin',(-1.00000001490116,110.2,10.));
#3714=CARTESIAN_POINT('',(-1.00000001490116,110.2,6.));
#3715=CARTESIAN_POINT('Origin',(0.999999985098839,118.8,10.));
#3716=CARTESIAN_POINT('',(0.999999985098839,118.8,6.));
#3717=CARTESIAN_POINT('Origin',(-1.49011608607807E-8,114.5,6.));
#3718=CARTESIAN_POINT('Origin',(-1.00000001490116,30.2,10.));
#3719=CARTESIAN_POINT('',(-1.00000001490116,38.8,6.));
#3720=CARTESIAN_POINT('Origin',(0.999999985098839,38.8,10.));
#3721=CARTESIAN_POINT('',(0.999999985098839,30.2,6.));
#3722=CARTESIAN_POINT('Origin',(-1.49011608607807E-8,34.5,6.));
#3723=CARTESIAN_POINT('Origin',(-1.00000001490116,61.2,10.));
#3724=CARTESIAN_POINT('',(-1.00000001490116,61.2,6.));
#3725=CARTESIAN_POINT('Origin',(0.999999985098839,69.8,10.));
#3726=CARTESIAN_POINT('',(0.999999985098839,69.8,6.));
#3727=CARTESIAN_POINT('Origin',(-1.49011608607807E-8,65.5,6.));
#3728=CARTESIAN_POINT('Origin',(-1.00000001490116,-18.8,10.));
#3729=CARTESIAN_POINT('',(-1.00000001490116,-18.8,6.));
#3730=CARTESIAN_POINT('Origin',(0.999999985098839,-10.2,10.));
#3731=CARTESIAN_POINT('',(0.999999985098839,-10.2,6.));
#3732=CARTESIAN_POINT('Origin',(-1.49011609995586E-8,-14.5,6.));
#3733=CARTESIAN_POINT('Origin',(-5.,65.5,10.));
#3734=CARTESIAN_POINT('',(-3.05,65.5,5.));
#3735=CARTESIAN_POINT('',(-3.05,65.5,10.));
#3736=CARTESIAN_POINT('Origin',(-5.,65.5,5.));
#3737=CARTESIAN_POINT('Origin',(-5.,65.5,5.));
#3738=CARTESIAN_POINT('Origin',(5.,-14.5,10.));
#3739=CARTESIAN_POINT('',(6.95,-14.5,5.));
#3740=CARTESIAN_POINT('',(6.95,-14.5,10.));
#3741=CARTESIAN_POINT('Origin',(5.,-14.5,5.));
#3742=CARTESIAN_POINT('Origin',(5.,-14.5,5.));
#3743=CARTESIAN_POINT('Origin',(5.,34.5,10.));
#3744=CARTESIAN_POINT('',(6.95,34.5,5.));
#3745=CARTESIAN_POINT('',(6.95,34.5,10.));
#3746=CARTESIAN_POINT('Origin',(5.,34.5,5.));
#3747=CARTESIAN_POINT('Origin',(5.,34.5,5.));
#3748=CARTESIAN_POINT('Origin',(5.,114.5,10.));
#3749=CARTESIAN_POINT('',(6.95,114.5,5.));
#3750=CARTESIAN_POINT('',(6.95,114.5,10.));
#3751=CARTESIAN_POINT('Origin',(5.,114.5,5.));
#3752=CARTESIAN_POINT('Origin',(5.,114.5,5.));
#3753=CARTESIAN_POINT('Origin',(5.,65.5,10.));
#3754=CARTESIAN_POINT('',(6.95,65.5,5.));
#3755=CARTESIAN_POINT('',(6.95,65.5,10.));
#3756=CARTESIAN_POINT('Origin',(5.,65.5,5.));
#3757=CARTESIAN_POINT('Origin',(5.,65.5,5.));
#3758=CARTESIAN_POINT('Origin',(-5.,-14.5,10.));
#3759=CARTESIAN_POINT('',(-3.05,-14.5,5.));
#3760=CARTESIAN_POINT('',(-3.05,-14.5,10.));
#3761=CARTESIAN_POINT('Origin',(-5.,-14.5,5.));
#3762=CARTESIAN_POINT('Origin',(-5.,-14.5,5.));
#3763=CARTESIAN_POINT('Origin',(-5.,34.5,10.));
#3764=CARTESIAN_POINT('',(-3.05,34.5,5.));
#3765=CARTESIAN_POINT('',(-3.05,34.5,10.));
#3766=CARTESIAN_POINT('Origin',(-5.,34.5,5.));
#3767=CARTESIAN_POINT('Origin',(-5.,34.5,5.));
#3768=CARTESIAN_POINT('Origin',(-5.,114.5,10.));
#3769=CARTESIAN_POINT('',(-3.05,114.5,5.));
#3770=CARTESIAN_POINT('',(-3.05,114.5,10.));
#3771=CARTESIAN_POINT('Origin',(-5.,114.5,5.));
#3772=CARTESIAN_POINT('Origin',(-5.,114.5,5.));
#3773=CARTESIAN_POINT('Origin',(0.,0.,2.));
#3774=CARTESIAN_POINT('',(7.5,9.18485099360515E-16,2.));
#3775=CARTESIAN_POINT('Origin',(0.,0.,2.));
#3776=CARTESIAN_POINT('',(7.5,-9.18485099360515E-16,2.));
#3777=CARTESIAN_POINT('Origin',(0.,100.,2.));
#3778=CARTESIAN_POINT('',(7.5,100.,2.));
#3779=CARTESIAN_POINT('Origin',(0.,100.,2.));
#3780=CARTESIAN_POINT('',(7.5,100.,2.));
#3781=CARTESIAN_POINT('Origin',(25.,0.,0.));
#3782=CARTESIAN_POINT('',(25.,100.,0.));
#3783=CARTESIAN_POINT('',(25.,-3.06161699786838E-15,0.));
#3784=CARTESIAN_POINT('Origin',(0.,0.,0.));
#3785=CARTESIAN_POINT('',(-25.,0.,0.));
#3786=CARTESIAN_POINT('Origin',(-25.,100.,0.));
#3787=CARTESIAN_POINT('',(-25.,100.,0.));
#3788=CARTESIAN_POINT('Origin',(0.,100.,0.));
#3789=CARTESIAN_POINT('Origin',(0.,50.,2.));
#3790=UNCERTAINTY_MEASURE_WITH_UNIT(LENGTH_MEASURE(0.01),#3794,
'DISTANCE_ACCURACY_VALUE',
'Maximum model space distance between geometric entities at asserted c
onnectivities');
#3791=UNCERTAINTY_MEASURE_WITH_UNIT(LENGTH_MEASURE(0.01),#3794,
'DISTANCE_ACCURACY_VALUE',
'Maximum model space distance between geometric entities at asserted c
onnectivities');
#3792=(
GEOMETRIC_REPRESENTATION_CONTEXT(3)
GLOBAL_UNCERTAINTY_ASSIGNED_CONTEXT((#3790))
GLOBAL_UNIT_ASSIGNED_CONTEXT((#3794,#3796,#3797))
REPRESENTATION_CONTEXT('','3D')
);
#3793=(
GEOMETRIC_REPRESENTATION_CONTEXT(3)
GLOBAL_UNCERTAINTY_ASSIGNED_CONTEXT((#3791))
GLOBAL_UNIT_ASSIGNED_CONTEXT((#3794,#3796,#3797))
REPRESENTATION_CONTEXT('','3D')
);
#3794=(
LENGTH_UNIT()
NAMED_UNIT(*)
SI_UNIT(.MILLI.,.METRE.)
);
#3795=(
LENGTH_UNIT()
NAMED_UNIT(*)
SI_UNIT($,.METRE.)
);
#3796=(
NAMED_UNIT(*)
PLANE_ANGLE_UNIT()
SI_UNIT($,.RADIAN.)
);
#3797=(
NAMED_UNIT(*)
SI_UNIT($,.STERADIAN.)
SOLID_ANGLE_UNIT()
);
#3798=SHAPE_DEFINITION_REPRESENTATION(#3799,#3800);
#3799=PRODUCT_DEFINITION_SHAPE('',$,#3802);
#3800=SHAPE_REPRESENTATION('',(#2262),#3792);
#3801=PRODUCT_DEFINITION_CONTEXT('part definition',#3806,'design');
#3802=PRODUCT_DEFINITION('(\X2\C800C7A5B418C9C0\X0\ \X2\C54AC74C\X0\)',
'(\X2\C800C7A5B418C9C0\X0\ \X2\C54AC74C\X0\)',#3803,#3801);
#3803=PRODUCT_DEFINITION_FORMATION('',$,#3808);
#3804=PRODUCT_RELATED_PRODUCT_CATEGORY('(\X2\C800C7A5B418C9C0\X0\ \X2\C54AC74C\X0\)',
'(\X2\C800C7A5B418C9C0\X0\ \X2\C54AC74C\X0\)',(#3808));
#3805=APPLICATION_PROTOCOL_DEFINITION('international standard',
'automotive_design',2009,#3806);
#3806=APPLICATION_CONTEXT(
'Core Data for Automotive Mechanical Design Process');
#3807=PRODUCT_CONTEXT('part definition',#3806,'mechanical');
#3808=PRODUCT('(\X2\C800C7A5B418C9C0\X0\ \X2\C54AC74C\X0\)',
'(\X2\C800C7A5B418C9C0\X0\ \X2\C54AC74C\X0\)',$,(#3807));
#3809=PRESENTATION_STYLE_ASSIGNMENT((#3810));
#3810=SURFACE_STYLE_USAGE(.BOTH.,#3811);
#3811=SURFACE_SIDE_STYLE('',(#3812));
#3812=SURFACE_STYLE_FILL_AREA(#3813);
#3813=FILL_AREA_STYLE('\X2\AC15CCA0\X0\ - \X2\C0C8D2F4\X0\',(#3814));
#3814=FILL_AREA_STYLE_COLOUR('\X2\AC15CCA0\X0\ - \X2\C0C8D2F4\X0\',#3815);
#3815=COLOUR_RGB('\X2\AC15CCA0\X0\ - \X2\C0C8D2F4\X0\',0.627450980392157,
0.627450980392157,0.627450980392157);
ENDSEC;
END-ISO-10303-21;
