ISO-10303-21;
HEADER;
/* Generated by software containing ST-Developer
 * from STEP Tools, Inc. (www.steptools.com) 
 */

FILE_DESCRIPTION(
/* description */ (''),
/* implementation_level */ '2;1');

FILE_NAME(
/* name */ 'TRGRIP01_Grip_Left_50x15.step',
/* time_stamp */ '2026-06-11T09:11:11+09:00',
/* author */ (''),
/* organization */ (''),
/* preprocessor_version */ 'ST-DEVELOPER v20.1',
/* originating_system */ 'Autodesk Translation Framework v15.8.0.0',
/* authorisation */ '');

FILE_SCHEMA (('AUTOMOTIVE_DESIGN { 1 0 10303 214 3 1 1 }'));
ENDSEC;

DATA;
#10=MECHANICAL_DESIGN_GEOMETRIC_PRESENTATION_REPRESENTATION('',(#21),#5561);
#11=ITEM_DEFINED_TRANSFORMATION($,$,#1205,#1314);
#12=ITEM_DEFINED_TRANSFORMATION($,$,#1206,#1315);
#13=(
REPRESENTATION_RELATIONSHIP($,$,#5575,#5574)
REPRESENTATION_RELATIONSHIP_WITH_TRANSFORMATION(#11)
SHAPE_REPRESENTATION_RELATIONSHIP()
);
#14=(
REPRESENTATION_RELATIONSHIP($,$,#5576,#5574)
REPRESENTATION_RELATIONSHIP_WITH_TRANSFORMATION(#12)
SHAPE_REPRESENTATION_RELATIONSHIP()
);
#15=CONTEXT_DEPENDENT_SHAPE_REPRESENTATION(#13,#5572);
#16=CONTEXT_DEPENDENT_SHAPE_REPRESENTATION(#14,#5573);
#17=NEXT_ASSEMBLY_USAGE_OCCURRENCE('Spur Gear (12 teeth):1',
'Spur Gear (12 teeth):1','Spur Gear (12 teeth):1',#5578,#5579,
'Spur Gear (12 teeth):1');
#18=NEXT_ASSEMBLY_USAGE_OCCURRENCE('Spur Gear (12 teeth) (1):1',
'Spur Gear (12 teeth) (1):1','Spur Gear (12 teeth) (1):1',#5578,#5580,
'Spur Gear (12 teeth) (1):1');
#19=SHAPE_REPRESENTATION_RELATIONSHIP('SRR','None',#5576,#20);
#20=ADVANCED_BREP_SHAPE_REPRESENTATION('',(#22),#5560);
#21=STYLED_ITEM('',(#5593),#22);
#22=MANIFOLD_SOLID_BREP('\X2\BCF8CCB4\X0\1',#1180);
#23=(
BOUNDED_SURFACE()
B_SPLINE_SURFACE(5,1,((#3718,#3719),(#3720,#3721),(#3722,#3723),(#3724,
#3725),(#3726,#3727),(#3728,#3729),(#3730,#3731),(#3732,#3733),(#3734,#3735),
(#3736,#3737),(#3738,#3739),(#3740,#3741),(#3742,#3743),(#3744,#3745),(#3746,
#3747),(#3748,#3749),(#3750,#3751),(#3752,#3753),(#3754,#3755),(#3756,#3757),
(#3758,#3759),(#3760,#3761),(#3762,#3763),(#3764,#3765),(#3766,#3767),(#3768,
#3769),(#3770,#3771),(#3772,#3773),(#3774,#3775),(#3776,#3777),(#3778,#3779),
(#3780,#3781),(#3782,#3783),(#3784,#3785),(#3786,#3787),(#3788,#3789),(#3790,
#3791),(#3792,#3793),(#3794,#3795),(#3796,#3797),(#3798,#3799),(#3800,#3801),
(#3802,#3803),(#3804,#3805),(#3806,#3807),(#3808,#3809),(#3810,#3811),(#3812,
#3813),(#3814,#3815),(#3816,#3817),(#3818,#3819),(#3820,#3821),(#3822,#3823),
(#3824,#3825),(#3826,#3827),(#3828,#3829),(#3830,#3831),(#3832,#3833),(#3834,
#3835),(#3836,#3837),(#3838,#3839),(#3840,#3841),(#3842,#3843),(#3844,#3845),
(#3846,#3847),(#3848,#3849),(#3850,#3851),(#3852,#3853),(#3854,#3855),(#3856,
#3857),(#3858,#3859),(#3860,#3861),(#3862,#3863),(#3864,#3865),(#3866,#3867)),
 .UNSPECIFIED.,.F.,.F.,.F.)
B_SPLINE_SURFACE_WITH_KNOTS((6,1,1,1,1,1,1,1,1,1,1,1,1,1,1,1,1,1,1,1,1,
1,1,1,1,1,1,1,1,1,1,1,1,1,1,1,1,1,1,1,1,1,1,1,1,1,1,1,1,1,1,1,1,1,1,1,1,
1,1,1,1,1,1,1,1,1,1,1,1,1,6),(2,2),(-1.,-0.985714285714284,-0.97142857142857,
-0.957142857142856,-0.942857142857141,-0.928571428571427,-0.914285714285713,
-0.899999999999999,-0.885714285714284,-0.87142857142857,-0.857142857142856,
-0.842857142857142,-0.828571428571428,-0.814285714285713,-0.799999999999999,
-0.785714285714285,-0.771428571428571,-0.757142857142856,-0.742857142857142,
-0.728571428571428,-0.714285714285714,-0.699999999999999,-0.685714285714285,
-0.671428571428571,-0.657142857142857,-0.642857142857142,-0.628571428571428,
-0.614285714285714,-0.6,-0.585714285714286,-0.571428571428571,-0.557142857142857,
-0.542857142857143,-0.528571428571429,-0.514285714285714,-0.5,-0.485714285714286,
-0.471428571428572,-0.457142857142857,-0.442857142857143,-0.428571428571429,
-0.414285714285714,-0.4,-0.385714285714286,-0.371428571428571,-0.357142857142857,
-0.342857142857143,-0.328571428571429,-0.314285714285714,-0.3,-0.285714285714286,
-0.271428571428571,-0.257142857142857,-0.242857142857143,-0.228571428571429,
-0.214285714285714,-0.2,-0.185714285714286,-0.171428571428571,-0.157142857142857,
-0.142857142857143,-0.128571428571429,-0.114285714285714,-0.1,-0.0857142857142857,
-0.0714285714285714,-0.0571428571428571,-0.0428571428571429,-0.0285714285714286,
-0.0142857142857143,0.),(0.,0.5),.UNSPECIFIED.)
GEOMETRIC_REPRESENTATION_ITEM()
RATIONAL_B_SPLINE_SURFACE(((1.,1.),(1.,1.),(1.,1.),(1.,1.),(1.,1.),(1.,
1.),(1.,1.),(1.,1.),(1.,1.),(1.,1.),(1.,1.),(1.,1.),(1.,1.),(1.,1.),(1.,
1.),(1.,1.),(1.,1.),(1.,1.),(1.,1.),(1.,1.),(1.,1.),(1.,1.),(1.,1.),(1.,
1.),(1.,1.),(1.,1.),(1.,1.),(1.,1.),(1.,1.),(1.,1.),(1.,1.),(1.,1.),(1.,
1.),(1.,1.),(1.,1.),(1.,1.),(1.,1.),(1.,1.),(1.,1.),(1.,1.),(1.,1.),(1.,
1.),(1.,1.),(1.,1.),(1.,1.),(1.,1.),(1.,1.),(1.,1.),(1.,1.),(1.,1.),(1.,
1.),(1.,1.),(1.,1.),(1.,1.),(1.,1.),(1.,1.),(1.,1.),(1.,1.),(1.,1.),(1.,
1.),(1.,1.),(1.,1.),(1.,1.),(1.,1.),(1.,1.),(1.,1.),(1.,1.),(1.,1.),(1.,
1.),(1.,1.),(1.,1.),(1.,1.),(1.,1.),(1.,1.),(1.,1.)))
REPRESENTATION_ITEM('')
SURFACE()
);
#24=(
BOUNDED_SURFACE()
B_SPLINE_SURFACE(5,1,((#3871,#3872),(#3873,#3874),(#3875,#3876),(#3877,
#3878),(#3879,#3880),(#3881,#3882),(#3883,#3884),(#3885,#3886),(#3887,#3888),
(#3889,#3890),(#3891,#3892),(#3893,#3894),(#3895,#3896),(#3897,#3898),(#3899,
#3900),(#3901,#3902),(#3903,#3904),(#3905,#3906),(#3907,#3908),(#3909,#3910),
(#3911,#3912),(#3913,#3914),(#3915,#3916),(#3917,#3918),(#3919,#3920),(#3921,
#3922),(#3923,#3924),(#3925,#3926),(#3927,#3928),(#3929,#3930),(#3931,#3932),
(#3933,#3934),(#3935,#3936),(#3937,#3938),(#3939,#3940),(#3941,#3942),(#3943,
#3944),(#3945,#3946),(#3947,#3948),(#3949,#3950),(#3951,#3952),(#3953,#3954),
(#3955,#3956),(#3957,#3958),(#3959,#3960),(#3961,#3962),(#3963,#3964),(#3965,
#3966),(#3967,#3968),(#3969,#3970),(#3971,#3972),(#3973,#3974),(#3975,#3976),
(#3977,#3978),(#3979,#3980),(#3981,#3982),(#3983,#3984),(#3985,#3986),(#3987,
#3988),(#3989,#3990),(#3991,#3992),(#3993,#3994),(#3995,#3996),(#3997,#3998),
(#3999,#4000),(#4001,#4002),(#4003,#4004),(#4005,#4006),(#4007,#4008),(#4009,
#4010),(#4011,#4012),(#4013,#4014),(#4015,#4016),(#4017,#4018),(#4019,#4020)),
 .UNSPECIFIED.,.F.,.F.,.F.)
B_SPLINE_SURFACE_WITH_KNOTS((6,1,1,1,1,1,1,1,1,1,1,1,1,1,1,1,1,1,1,1,1,
1,1,1,1,1,1,1,1,1,1,1,1,1,1,1,1,1,1,1,1,1,1,1,1,1,1,1,1,1,1,1,1,1,1,1,1,
1,1,1,1,1,1,1,1,1,1,1,1,1,6),(2,2),(0.,0.0142857142857143,0.0285714285714286,
0.0428571428571429,0.0571428571428571,0.0714285714285714,0.0857142857142857,
0.1,0.114285714285714,0.128571428571429,0.142857142857143,0.157142857142857,
0.171428571428571,0.185714285714286,0.2,0.214285714285714,0.228571428571429,
0.242857142857143,0.257142857142857,0.271428571428571,0.285714285714286,
0.3,0.314285714285714,0.328571428571429,0.342857142857143,0.357142857142857,
0.371428571428571,0.385714285714286,0.4,0.414285714285714,0.428571428571429,
0.442857142857143,0.457142857142857,0.471428571428572,0.485714285714286,
0.5,0.514285714285714,0.528571428571429,0.542857142857143,0.557142857142857,
0.571428571428571,0.585714285714286,0.6,0.614285714285714,0.628571428571428,
0.642857142857142,0.657142857142857,0.671428571428571,0.685714285714285,
0.699999999999999,0.714285714285714,0.728571428571428,0.742857142857142,
0.757142857142856,0.771428571428571,0.785714285714285,0.799999999999999,
0.814285714285713,0.828571428571428,0.842857142857142,0.857142857142856,
0.87142857142857,0.885714285714284,0.899999999999999,0.914285714285713,
0.928571428571427,0.942857142857141,0.957142857142856,0.97142857142857,
0.985714285714284,1.),(0.,0.5),.UNSPECIFIED.)
GEOMETRIC_REPRESENTATION_ITEM()
RATIONAL_B_SPLINE_SURFACE(((1.,1.),(1.,1.),(1.,1.),(1.,1.),(1.,1.),(1.,
1.),(1.,1.),(1.,1.),(1.,1.),(1.,1.),(1.,1.),(1.,1.),(1.,1.),(1.,1.),(1.,
1.),(1.,1.),(1.,1.),(1.,1.),(1.,1.),(1.,1.),(1.,1.),(1.,1.),(1.,1.),(1.,
1.),(1.,1.),(1.,1.),(1.,1.),(1.,1.),(1.,1.),(1.,1.),(1.,1.),(1.,1.),(1.,
1.),(1.,1.),(1.,1.),(1.,1.),(1.,1.),(1.,1.),(1.,1.),(1.,1.),(1.,1.),(1.,
1.),(1.,1.),(1.,1.),(1.,1.),(1.,1.),(1.,1.),(1.,1.),(1.,1.),(1.,1.),(1.,
1.),(1.,1.),(1.,1.),(1.,1.),(1.,1.),(1.,1.),(1.,1.),(1.,1.),(1.,1.),(1.,
1.),(1.,1.),(1.,1.),(1.,1.),(1.,1.),(1.,1.),(1.,1.),(1.,1.),(1.,1.),(1.,
1.),(1.,1.),(1.,1.),(1.,1.),(1.,1.),(1.,1.),(1.,1.)))
REPRESENTATION_ITEM('')
SURFACE()
);
#25=(
BOUNDED_SURFACE()
B_SPLINE_SURFACE(5,1,((#4021,#4022),(#4023,#4024),(#4025,#4026),(#4027,
#4028),(#4029,#4030),(#4031,#4032),(#4033,#4034),(#4035,#4036),(#4037,#4038),
(#4039,#4040),(#4041,#4042),(#4043,#4044),(#4045,#4046),(#4047,#4048),(#4049,
#4050),(#4051,#4052),(#4053,#4054),(#4055,#4056),(#4057,#4058),(#4059,#4060),
(#4061,#4062),(#4063,#4064),(#4065,#4066),(#4067,#4068),(#4069,#4070),(#4071,
#4072),(#4073,#4074),(#4075,#4076),(#4077,#4078),(#4079,#4080),(#4081,#4082),
(#4083,#4084),(#4085,#4086),(#4087,#4088),(#4089,#4090),(#4091,#4092),(#4093,
#4094),(#4095,#4096),(#4097,#4098),(#4099,#4100),(#4101,#4102),(#4103,#4104),
(#4105,#4106),(#4107,#4108),(#4109,#4110),(#4111,#4112),(#4113,#4114),(#4115,
#4116),(#4117,#4118),(#4119,#4120),(#4121,#4122),(#4123,#4124),(#4125,#4126),
(#4127,#4128),(#4129,#4130),(#4131,#4132),(#4133,#4134),(#4135,#4136),(#4137,
#4138),(#4139,#4140),(#4141,#4142),(#4143,#4144),(#4145,#4146),(#4147,#4148),
(#4149,#4150),(#4151,#4152),(#4153,#4154),(#4155,#4156),(#4157,#4158),(#4159,
#4160),(#4161,#4162),(#4163,#4164),(#4165,#4166),(#4167,#4168),(#4169,#4170)),
 .UNSPECIFIED.,.F.,.F.,.F.)
B_SPLINE_SURFACE_WITH_KNOTS((6,1,1,1,1,1,1,1,1,1,1,1,1,1,1,1,1,1,1,1,1,
1,1,1,1,1,1,1,1,1,1,1,1,1,1,1,1,1,1,1,1,1,1,1,1,1,1,1,1,1,1,1,1,1,1,1,1,
1,1,1,1,1,1,1,1,1,1,1,1,1,6),(2,2),(-1.,-0.985714285714284,-0.97142857142857,
-0.957142857142856,-0.942857142857141,-0.928571428571427,-0.914285714285713,
-0.899999999999999,-0.885714285714284,-0.87142857142857,-0.857142857142856,
-0.842857142857142,-0.828571428571428,-0.814285714285713,-0.799999999999999,
-0.785714285714285,-0.771428571428571,-0.757142857142856,-0.742857142857142,
-0.728571428571428,-0.714285714285714,-0.699999999999999,-0.685714285714285,
-0.671428571428571,-0.657142857142857,-0.642857142857142,-0.628571428571428,
-0.614285714285714,-0.6,-0.585714285714286,-0.571428571428571,-0.557142857142857,
-0.542857142857143,-0.528571428571429,-0.514285714285714,-0.5,-0.485714285714286,
-0.471428571428572,-0.457142857142857,-0.442857142857143,-0.428571428571429,
-0.414285714285714,-0.4,-0.385714285714286,-0.371428571428571,-0.357142857142857,
-0.342857142857143,-0.328571428571429,-0.314285714285714,-0.3,-0.285714285714286,
-0.271428571428571,-0.257142857142857,-0.242857142857143,-0.228571428571429,
-0.214285714285714,-0.2,-0.185714285714286,-0.171428571428571,-0.157142857142857,
-0.142857142857143,-0.128571428571429,-0.114285714285714,-0.1,-0.0857142857142857,
-0.0714285714285714,-0.0571428571428571,-0.0428571428571429,-0.0285714285714286,
-0.0142857142857143,0.),(0.,0.5),.UNSPECIFIED.)
GEOMETRIC_REPRESENTATION_ITEM()
RATIONAL_B_SPLINE_SURFACE(((1.,1.),(1.,1.),(1.,1.),(1.,1.),(1.,1.),(1.,
1.),(1.,1.),(1.,1.),(1.,1.),(1.,1.),(1.,1.),(1.,1.),(1.,1.),(1.,1.),(1.,
1.),(1.,1.),(1.,1.),(1.,1.),(1.,1.),(1.,1.),(1.,1.),(1.,1.),(1.,1.),(1.,
1.),(1.,1.),(1.,1.),(1.,1.),(1.,1.),(1.,1.),(1.,1.),(1.,1.),(1.,1.),(1.,
1.),(1.,1.),(1.,1.),(1.,1.),(1.,1.),(1.,1.),(1.,1.),(1.,1.),(1.,1.),(1.,
1.),(1.,1.),(1.,1.),(1.,1.),(1.,1.),(1.,1.),(1.,1.),(1.,1.),(1.,1.),(1.,
1.),(1.,1.),(1.,1.),(1.,1.),(1.,1.),(1.,1.),(1.,1.),(1.,1.),(1.,1.),(1.,
1.),(1.,1.),(1.,1.),(1.,1.),(1.,1.),(1.,1.),(1.,1.),(1.,1.),(1.,1.),(1.,
1.),(1.,1.),(1.,1.),(1.,1.),(1.,1.),(1.,1.),(1.,1.)))
REPRESENTATION_ITEM('')
SURFACE()
);
#26=(
BOUNDED_SURFACE()
B_SPLINE_SURFACE(5,1,((#4174,#4175),(#4176,#4177),(#4178,#4179),(#4180,
#4181),(#4182,#4183),(#4184,#4185),(#4186,#4187),(#4188,#4189),(#4190,#4191),
(#4192,#4193),(#4194,#4195),(#4196,#4197),(#4198,#4199),(#4200,#4201),(#4202,
#4203),(#4204,#4205),(#4206,#4207),(#4208,#4209),(#4210,#4211),(#4212,#4213),
(#4214,#4215),(#4216,#4217),(#4218,#4219),(#4220,#4221),(#4222,#4223),(#4224,
#4225),(#4226,#4227),(#4228,#4229),(#4230,#4231),(#4232,#4233),(#4234,#4235),
(#4236,#4237),(#4238,#4239),(#4240,#4241),(#4242,#4243),(#4244,#4245),(#4246,
#4247),(#4248,#4249),(#4250,#4251),(#4252,#4253),(#4254,#4255),(#4256,#4257),
(#4258,#4259),(#4260,#4261),(#4262,#4263),(#4264,#4265),(#4266,#4267),(#4268,
#4269),(#4270,#4271),(#4272,#4273),(#4274,#4275),(#4276,#4277),(#4278,#4279),
(#4280,#4281),(#4282,#4283),(#4284,#4285),(#4286,#4287),(#4288,#4289),(#4290,
#4291),(#4292,#4293),(#4294,#4295),(#4296,#4297),(#4298,#4299),(#4300,#4301),
(#4302,#4303),(#4304,#4305),(#4306,#4307),(#4308,#4309),(#4310,#4311),(#4312,
#4313),(#4314,#4315),(#4316,#4317),(#4318,#4319),(#4320,#4321),(#4322,#4323)),
 .UNSPECIFIED.,.F.,.F.,.F.)
B_SPLINE_SURFACE_WITH_KNOTS((6,1,1,1,1,1,1,1,1,1,1,1,1,1,1,1,1,1,1,1,1,
1,1,1,1,1,1,1,1,1,1,1,1,1,1,1,1,1,1,1,1,1,1,1,1,1,1,1,1,1,1,1,1,1,1,1,1,
1,1,1,1,1,1,1,1,1,1,1,1,1,6),(2,2),(0.,0.0142857142857143,0.0285714285714286,
0.0428571428571429,0.0571428571428571,0.0714285714285714,0.0857142857142857,
0.1,0.114285714285714,0.128571428571429,0.142857142857143,0.157142857142857,
0.171428571428571,0.185714285714286,0.2,0.214285714285714,0.228571428571429,
0.242857142857143,0.257142857142857,0.271428571428571,0.285714285714286,
0.3,0.314285714285714,0.328571428571429,0.342857142857143,0.357142857142857,
0.371428571428571,0.385714285714286,0.4,0.414285714285714,0.428571428571429,
0.442857142857143,0.457142857142857,0.471428571428572,0.485714285714286,
0.5,0.514285714285714,0.528571428571429,0.542857142857143,0.557142857142857,
0.571428571428571,0.585714285714286,0.6,0.614285714285714,0.628571428571428,
0.642857142857142,0.657142857142857,0.671428571428571,0.685714285714285,
0.699999999999999,0.714285714285714,0.728571428571428,0.742857142857142,
0.757142857142856,0.771428571428571,0.785714285714285,0.799999999999999,
0.814285714285713,0.828571428571428,0.842857142857142,0.857142857142856,
0.87142857142857,0.885714285714284,0.899999999999999,0.914285714285713,
0.928571428571427,0.942857142857141,0.957142857142856,0.97142857142857,
0.985714285714284,1.),(0.,0.5),.UNSPECIFIED.)
GEOMETRIC_REPRESENTATION_ITEM()
RATIONAL_B_SPLINE_SURFACE(((1.,1.),(1.,1.),(1.,1.),(1.,1.),(1.,1.),(1.,
1.),(1.,1.),(1.,1.),(1.,1.),(1.,1.),(1.,1.),(1.,1.),(1.,1.),(1.,1.),(1.,
1.),(1.,1.),(1.,1.),(1.,1.),(1.,1.),(1.,1.),(1.,1.),(1.,1.),(1.,1.),(1.,
1.),(1.,1.),(1.,1.),(1.,1.),(1.,1.),(1.,1.),(1.,1.),(1.,1.),(1.,1.),(1.,
1.),(1.,1.),(1.,1.),(1.,1.),(1.,1.),(1.,1.),(1.,1.),(1.,1.),(1.,1.),(1.,
1.),(1.,1.),(1.,1.),(1.,1.),(1.,1.),(1.,1.),(1.,1.),(1.,1.),(1.,1.),(1.,
1.),(1.,1.),(1.,1.),(1.,1.),(1.,1.),(1.,1.),(1.,1.),(1.,1.),(1.,1.),(1.,
1.),(1.,1.),(1.,1.),(1.,1.),(1.,1.),(1.,1.),(1.,1.),(1.,1.),(1.,1.),(1.,
1.),(1.,1.),(1.,1.),(1.,1.),(1.,1.),(1.,1.),(1.,1.)))
REPRESENTATION_ITEM('')
SURFACE()
);
#27=(
BOUNDED_SURFACE()
B_SPLINE_SURFACE(5,1,((#4324,#4325),(#4326,#4327),(#4328,#4329),(#4330,
#4331),(#4332,#4333),(#4334,#4335),(#4336,#4337),(#4338,#4339),(#4340,#4341),
(#4342,#4343),(#4344,#4345),(#4346,#4347),(#4348,#4349),(#4350,#4351),(#4352,
#4353),(#4354,#4355),(#4356,#4357),(#4358,#4359),(#4360,#4361),(#4362,#4363),
(#4364,#4365),(#4366,#4367),(#4368,#4369),(#4370,#4371),(#4372,#4373),(#4374,
#4375),(#4376,#4377),(#4378,#4379),(#4380,#4381),(#4382,#4383),(#4384,#4385),
(#4386,#4387),(#4388,#4389),(#4390,#4391),(#4392,#4393),(#4394,#4395),(#4396,
#4397),(#4398,#4399),(#4400,#4401),(#4402,#4403),(#4404,#4405),(#4406,#4407),
(#4408,#4409),(#4410,#4411),(#4412,#4413),(#4414,#4415),(#4416,#4417),(#4418,
#4419),(#4420,#4421),(#4422,#4423),(#4424,#4425),(#4426,#4427),(#4428,#4429),
(#4430,#4431),(#4432,#4433),(#4434,#4435),(#4436,#4437),(#4438,#4439),(#4440,
#4441),(#4442,#4443),(#4444,#4445),(#4446,#4447),(#4448,#4449),(#4450,#4451),
(#4452,#4453),(#4454,#4455),(#4456,#4457),(#4458,#4459),(#4460,#4461),(#4462,
#4463),(#4464,#4465),(#4466,#4467),(#4468,#4469),(#4470,#4471),(#4472,#4473)),
 .UNSPECIFIED.,.F.,.F.,.F.)
B_SPLINE_SURFACE_WITH_KNOTS((6,1,1,1,1,1,1,1,1,1,1,1,1,1,1,1,1,1,1,1,1,
1,1,1,1,1,1,1,1,1,1,1,1,1,1,1,1,1,1,1,1,1,1,1,1,1,1,1,1,1,1,1,1,1,1,1,1,
1,1,1,1,1,1,1,1,1,1,1,1,1,6),(2,2),(-1.,-0.985714285714284,-0.97142857142857,
-0.957142857142856,-0.942857142857141,-0.928571428571427,-0.914285714285713,
-0.899999999999999,-0.885714285714284,-0.87142857142857,-0.857142857142856,
-0.842857142857142,-0.828571428571428,-0.814285714285713,-0.799999999999999,
-0.785714285714285,-0.771428571428571,-0.757142857142856,-0.742857142857142,
-0.728571428571428,-0.714285714285714,-0.699999999999999,-0.685714285714285,
-0.671428571428571,-0.657142857142857,-0.642857142857142,-0.628571428571428,
-0.614285714285714,-0.6,-0.585714285714286,-0.571428571428571,-0.557142857142857,
-0.542857142857143,-0.528571428571429,-0.514285714285714,-0.5,-0.485714285714286,
-0.471428571428572,-0.457142857142857,-0.442857142857143,-0.428571428571429,
-0.414285714285714,-0.4,-0.385714285714286,-0.371428571428571,-0.357142857142857,
-0.342857142857143,-0.328571428571429,-0.314285714285714,-0.3,-0.285714285714286,
-0.271428571428571,-0.257142857142857,-0.242857142857143,-0.228571428571429,
-0.214285714285714,-0.2,-0.185714285714286,-0.171428571428571,-0.157142857142857,
-0.142857142857143,-0.128571428571429,-0.114285714285714,-0.1,-0.0857142857142857,
-0.0714285714285714,-0.0571428571428571,-0.0428571428571429,-0.0285714285714286,
-0.0142857142857143,0.),(0.,0.5),.UNSPECIFIED.)
GEOMETRIC_REPRESENTATION_ITEM()
RATIONAL_B_SPLINE_SURFACE(((1.,1.),(1.,1.),(1.,1.),(1.,1.),(1.,1.),(1.,
1.),(1.,1.),(1.,1.),(1.,1.),(1.,1.),(1.,1.),(1.,1.),(1.,1.),(1.,1.),(1.,
1.),(1.,1.),(1.,1.),(1.,1.),(1.,1.),(1.,1.),(1.,1.),(1.,1.),(1.,1.),(1.,
1.),(1.,1.),(1.,1.),(1.,1.),(1.,1.),(1.,1.),(1.,1.),(1.,1.),(1.,1.),(1.,
1.),(1.,1.),(1.,1.),(1.,1.),(1.,1.),(1.,1.),(1.,1.),(1.,1.),(1.,1.),(1.,
1.),(1.,1.),(1.,1.),(1.,1.),(1.,1.),(1.,1.),(1.,1.),(1.,1.),(1.,1.),(1.,
1.),(1.,1.),(1.,1.),(1.,1.),(1.,1.),(1.,1.),(1.,1.),(1.,1.),(1.,1.),(1.,
1.),(1.,1.),(1.,1.),(1.,1.),(1.,1.),(1.,1.),(1.,1.),(1.,1.),(1.,1.),(1.,
1.),(1.,1.),(1.,1.),(1.,1.),(1.,1.),(1.,1.),(1.,1.)))
REPRESENTATION_ITEM('')
SURFACE()
);
#28=(
BOUNDED_SURFACE()
B_SPLINE_SURFACE(5,1,((#4477,#4478),(#4479,#4480),(#4481,#4482),(#4483,
#4484),(#4485,#4486),(#4487,#4488),(#4489,#4490),(#4491,#4492),(#4493,#4494),
(#4495,#4496),(#4497,#4498),(#4499,#4500),(#4501,#4502),(#4503,#4504),(#4505,
#4506),(#4507,#4508),(#4509,#4510),(#4511,#4512),(#4513,#4514),(#4515,#4516),
(#4517,#4518),(#4519,#4520),(#4521,#4522),(#4523,#4524),(#4525,#4526),(#4527,
#4528),(#4529,#4530),(#4531,#4532),(#4533,#4534),(#4535,#4536),(#4537,#4538),
(#4539,#4540),(#4541,#4542),(#4543,#4544),(#4545,#4546),(#4547,#4548),(#4549,
#4550),(#4551,#4552),(#4553,#4554),(#4555,#4556),(#4557,#4558),(#4559,#4560),
(#4561,#4562),(#4563,#4564),(#4565,#4566),(#4567,#4568),(#4569,#4570),(#4571,
#4572),(#4573,#4574),(#4575,#4576),(#4577,#4578),(#4579,#4580),(#4581,#4582),
(#4583,#4584),(#4585,#4586),(#4587,#4588),(#4589,#4590),(#4591,#4592),(#4593,
#4594),(#4595,#4596),(#4597,#4598),(#4599,#4600),(#4601,#4602),(#4603,#4604),
(#4605,#4606),(#4607,#4608),(#4609,#4610),(#4611,#4612),(#4613,#4614),(#4615,
#4616),(#4617,#4618),(#4619,#4620),(#4621,#4622),(#4623,#4624),(#4625,#4626)),
 .UNSPECIFIED.,.F.,.F.,.F.)
B_SPLINE_SURFACE_WITH_KNOTS((6,1,1,1,1,1,1,1,1,1,1,1,1,1,1,1,1,1,1,1,1,
1,1,1,1,1,1,1,1,1,1,1,1,1,1,1,1,1,1,1,1,1,1,1,1,1,1,1,1,1,1,1,1,1,1,1,1,
1,1,1,1,1,1,1,1,1,1,1,1,1,6),(2,2),(0.,0.0142857142857143,0.0285714285714286,
0.0428571428571429,0.0571428571428571,0.0714285714285714,0.0857142857142857,
0.1,0.114285714285714,0.128571428571429,0.142857142857143,0.157142857142857,
0.171428571428571,0.185714285714286,0.2,0.214285714285714,0.228571428571429,
0.242857142857143,0.257142857142857,0.271428571428571,0.285714285714286,
0.3,0.314285714285714,0.328571428571429,0.342857142857143,0.357142857142857,
0.371428571428571,0.385714285714286,0.4,0.414285714285714,0.428571428571429,
0.442857142857143,0.457142857142857,0.471428571428572,0.485714285714286,
0.5,0.514285714285714,0.528571428571429,0.542857142857143,0.557142857142857,
0.571428571428571,0.585714285714286,0.6,0.614285714285714,0.628571428571428,
0.642857142857142,0.657142857142857,0.671428571428571,0.685714285714285,
0.699999999999999,0.714285714285714,0.728571428571428,0.742857142857142,
0.757142857142856,0.771428571428571,0.785714285714285,0.799999999999999,
0.814285714285713,0.828571428571428,0.842857142857142,0.857142857142856,
0.87142857142857,0.885714285714284,0.899999999999999,0.914285714285713,
0.928571428571427,0.942857142857141,0.957142857142856,0.97142857142857,
0.985714285714284,1.),(0.,0.5),.UNSPECIFIED.)
GEOMETRIC_REPRESENTATION_ITEM()
RATIONAL_B_SPLINE_SURFACE(((1.,1.),(1.,1.),(1.,1.),(1.,1.),(1.,1.),(1.,
1.),(1.,1.),(1.,1.),(1.,1.),(1.,1.),(1.,1.),(1.,1.),(1.,1.),(1.,1.),(1.,
1.),(1.,1.),(1.,1.),(1.,1.),(1.,1.),(1.,1.),(1.,1.),(1.,1.),(1.,1.),(1.,
1.),(1.,1.),(1.,1.),(1.,1.),(1.,1.),(1.,1.),(1.,1.),(1.,1.),(1.,1.),(1.,
1.),(1.,1.),(1.,1.),(1.,1.),(1.,1.),(1.,1.),(1.,1.),(1.,1.),(1.,1.),(1.,
1.),(1.,1.),(1.,1.),(1.,1.),(1.,1.),(1.,1.),(1.,1.),(1.,1.),(1.,1.),(1.,
1.),(1.,1.),(1.,1.),(1.,1.),(1.,1.),(1.,1.),(1.,1.),(1.,1.),(1.,1.),(1.,
1.),(1.,1.),(1.,1.),(1.,1.),(1.,1.),(1.,1.),(1.,1.),(1.,1.),(1.,1.),(1.,
1.),(1.,1.),(1.,1.),(1.,1.),(1.,1.),(1.,1.),(1.,1.)))
REPRESENTATION_ITEM('')
SURFACE()
);
#29=(
BOUNDED_SURFACE()
B_SPLINE_SURFACE(5,1,((#4627,#4628),(#4629,#4630),(#4631,#4632),(#4633,
#4634),(#4635,#4636),(#4637,#4638),(#4639,#4640),(#4641,#4642),(#4643,#4644),
(#4645,#4646),(#4647,#4648),(#4649,#4650),(#4651,#4652),(#4653,#4654),(#4655,
#4656),(#4657,#4658),(#4659,#4660),(#4661,#4662),(#4663,#4664),(#4665,#4666),
(#4667,#4668),(#4669,#4670),(#4671,#4672),(#4673,#4674),(#4675,#4676),(#4677,
#4678),(#4679,#4680),(#4681,#4682),(#4683,#4684),(#4685,#4686),(#4687,#4688),
(#4689,#4690),(#4691,#4692),(#4693,#4694),(#4695,#4696),(#4697,#4698),(#4699,
#4700),(#4701,#4702),(#4703,#4704),(#4705,#4706),(#4707,#4708),(#4709,#4710),
(#4711,#4712),(#4713,#4714),(#4715,#4716),(#4717,#4718),(#4719,#4720),(#4721,
#4722),(#4723,#4724),(#4725,#4726),(#4727,#4728),(#4729,#4730),(#4731,#4732),
(#4733,#4734),(#4735,#4736),(#4737,#4738),(#4739,#4740),(#4741,#4742),(#4743,
#4744),(#4745,#4746),(#4747,#4748),(#4749,#4750),(#4751,#4752),(#4753,#4754),
(#4755,#4756),(#4757,#4758),(#4759,#4760),(#4761,#4762),(#4763,#4764),(#4765,
#4766),(#4767,#4768),(#4769,#4770),(#4771,#4772),(#4773,#4774),(#4775,#4776)),
 .UNSPECIFIED.,.F.,.F.,.F.)
B_SPLINE_SURFACE_WITH_KNOTS((6,1,1,1,1,1,1,1,1,1,1,1,1,1,1,1,1,1,1,1,1,
1,1,1,1,1,1,1,1,1,1,1,1,1,1,1,1,1,1,1,1,1,1,1,1,1,1,1,1,1,1,1,1,1,1,1,1,
1,1,1,1,1,1,1,1,1,1,1,1,1,6),(2,2),(-1.,-0.985714285714284,-0.97142857142857,
-0.957142857142856,-0.942857142857141,-0.928571428571427,-0.914285714285713,
-0.899999999999999,-0.885714285714284,-0.87142857142857,-0.857142857142856,
-0.842857142857142,-0.828571428571428,-0.814285714285713,-0.799999999999999,
-0.785714285714285,-0.771428571428571,-0.757142857142856,-0.742857142857142,
-0.728571428571428,-0.714285714285714,-0.699999999999999,-0.685714285714285,
-0.671428571428571,-0.657142857142857,-0.642857142857142,-0.628571428571428,
-0.614285714285714,-0.6,-0.585714285714286,-0.571428571428571,-0.557142857142857,
-0.542857142857143,-0.528571428571429,-0.514285714285714,-0.5,-0.485714285714286,
-0.471428571428572,-0.457142857142857,-0.442857142857143,-0.428571428571429,
-0.414285714285714,-0.4,-0.385714285714286,-0.371428571428571,-0.357142857142857,
-0.342857142857143,-0.328571428571429,-0.314285714285714,-0.3,-0.285714285714286,
-0.271428571428571,-0.257142857142857,-0.242857142857143,-0.228571428571429,
-0.214285714285714,-0.2,-0.185714285714286,-0.171428571428571,-0.157142857142857,
-0.142857142857143,-0.128571428571429,-0.114285714285714,-0.1,-0.0857142857142857,
-0.0714285714285714,-0.0571428571428571,-0.0428571428571429,-0.0285714285714286,
-0.0142857142857143,0.),(0.,0.5),.UNSPECIFIED.)
GEOMETRIC_REPRESENTATION_ITEM()
RATIONAL_B_SPLINE_SURFACE(((1.,1.),(1.,1.),(1.,1.),(1.,1.),(1.,1.),(1.,
1.),(1.,1.),(1.,1.),(1.,1.),(1.,1.),(1.,1.),(1.,1.),(1.,1.),(1.,1.),(1.,
1.),(1.,1.),(1.,1.),(1.,1.),(1.,1.),(1.,1.),(1.,1.),(1.,1.),(1.,1.),(1.,
1.),(1.,1.),(1.,1.),(1.,1.),(1.,1.),(1.,1.),(1.,1.),(1.,1.),(1.,1.),(1.,
1.),(1.,1.),(1.,1.),(1.,1.),(1.,1.),(1.,1.),(1.,1.),(1.,1.),(1.,1.),(1.,
1.),(1.,1.),(1.,1.),(1.,1.),(1.,1.),(1.,1.),(1.,1.),(1.,1.),(1.,1.),(1.,
1.),(1.,1.),(1.,1.),(1.,1.),(1.,1.),(1.,1.),(1.,1.),(1.,1.),(1.,1.),(1.,
1.),(1.,1.),(1.,1.),(1.,1.),(1.,1.),(1.,1.),(1.,1.),(1.,1.),(1.,1.),(1.,
1.),(1.,1.),(1.,1.),(1.,1.),(1.,1.),(1.,1.),(1.,1.)))
REPRESENTATION_ITEM('')
SURFACE()
);
#30=(
BOUNDED_SURFACE()
B_SPLINE_SURFACE(5,1,((#4780,#4781),(#4782,#4783),(#4784,#4785),(#4786,
#4787),(#4788,#4789),(#4790,#4791),(#4792,#4793),(#4794,#4795),(#4796,#4797),
(#4798,#4799),(#4800,#4801),(#4802,#4803),(#4804,#4805),(#4806,#4807),(#4808,
#4809),(#4810,#4811),(#4812,#4813),(#4814,#4815),(#4816,#4817),(#4818,#4819),
(#4820,#4821),(#4822,#4823),(#4824,#4825),(#4826,#4827),(#4828,#4829),(#4830,
#4831),(#4832,#4833),(#4834,#4835),(#4836,#4837),(#4838,#4839),(#4840,#4841),
(#4842,#4843),(#4844,#4845),(#4846,#4847),(#4848,#4849),(#4850,#4851),(#4852,
#4853),(#4854,#4855),(#4856,#4857),(#4858,#4859),(#4860,#4861),(#4862,#4863),
(#4864,#4865),(#4866,#4867),(#4868,#4869),(#4870,#4871),(#4872,#4873),(#4874,
#4875),(#4876,#4877),(#4878,#4879),(#4880,#4881),(#4882,#4883),(#4884,#4885),
(#4886,#4887),(#4888,#4889),(#4890,#4891),(#4892,#4893),(#4894,#4895),(#4896,
#4897),(#4898,#4899),(#4900,#4901),(#4902,#4903),(#4904,#4905),(#4906,#4907),
(#4908,#4909),(#4910,#4911),(#4912,#4913),(#4914,#4915),(#4916,#4917),(#4918,
#4919),(#4920,#4921),(#4922,#4923),(#4924,#4925),(#4926,#4927),(#4928,#4929)),
 .UNSPECIFIED.,.F.,.F.,.F.)
B_SPLINE_SURFACE_WITH_KNOTS((6,1,1,1,1,1,1,1,1,1,1,1,1,1,1,1,1,1,1,1,1,
1,1,1,1,1,1,1,1,1,1,1,1,1,1,1,1,1,1,1,1,1,1,1,1,1,1,1,1,1,1,1,1,1,1,1,1,
1,1,1,1,1,1,1,1,1,1,1,1,1,6),(2,2),(0.,0.0142857142857143,0.0285714285714286,
0.0428571428571429,0.0571428571428571,0.0714285714285714,0.0857142857142857,
0.1,0.114285714285714,0.128571428571429,0.142857142857143,0.157142857142857,
0.171428571428571,0.185714285714286,0.2,0.214285714285714,0.228571428571429,
0.242857142857143,0.257142857142857,0.271428571428571,0.285714285714286,
0.3,0.314285714285714,0.328571428571429,0.342857142857143,0.357142857142857,
0.371428571428571,0.385714285714286,0.4,0.414285714285714,0.428571428571429,
0.442857142857143,0.457142857142857,0.471428571428572,0.485714285714286,
0.5,0.514285714285714,0.528571428571429,0.542857142857143,0.557142857142857,
0.571428571428571,0.585714285714286,0.6,0.614285714285714,0.628571428571428,
0.642857142857142,0.657142857142857,0.671428571428571,0.685714285714285,
0.699999999999999,0.714285714285714,0.728571428571428,0.742857142857142,
0.757142857142856,0.771428571428571,0.785714285714285,0.799999999999999,
0.814285714285713,0.828571428571428,0.842857142857142,0.857142857142856,
0.87142857142857,0.885714285714284,0.899999999999999,0.914285714285713,
0.928571428571427,0.942857142857141,0.957142857142856,0.97142857142857,
0.985714285714284,1.),(0.,0.5),.UNSPECIFIED.)
GEOMETRIC_REPRESENTATION_ITEM()
RATIONAL_B_SPLINE_SURFACE(((1.,1.),(1.,1.),(1.,1.),(1.,1.),(1.,1.),(1.,
1.),(1.,1.),(1.,1.),(1.,1.),(1.,1.),(1.,1.),(1.,1.),(1.,1.),(1.,1.),(1.,
1.),(1.,1.),(1.,1.),(1.,1.),(1.,1.),(1.,1.),(1.,1.),(1.,1.),(1.,1.),(1.,
1.),(1.,1.),(1.,1.),(1.,1.),(1.,1.),(1.,1.),(1.,1.),(1.,1.),(1.,1.),(1.,
1.),(1.,1.),(1.,1.),(1.,1.),(1.,1.),(1.,1.),(1.,1.),(1.,1.),(1.,1.),(1.,
1.),(1.,1.),(1.,1.),(1.,1.),(1.,1.),(1.,1.),(1.,1.),(1.,1.),(1.,1.),(1.,
1.),(1.,1.),(1.,1.),(1.,1.),(1.,1.),(1.,1.),(1.,1.),(1.,1.),(1.,1.),(1.,
1.),(1.,1.),(1.,1.),(1.,1.),(1.,1.),(1.,1.),(1.,1.),(1.,1.),(1.,1.),(1.,
1.),(1.,1.),(1.,1.),(1.,1.),(1.,1.),(1.,1.),(1.,1.)))
REPRESENTATION_ITEM('')
SURFACE()
);
#31=(
BOUNDED_SURFACE()
B_SPLINE_SURFACE(5,1,((#4930,#4931),(#4932,#4933),(#4934,#4935),(#4936,
#4937),(#4938,#4939),(#4940,#4941),(#4942,#4943),(#4944,#4945),(#4946,#4947),
(#4948,#4949),(#4950,#4951),(#4952,#4953),(#4954,#4955),(#4956,#4957),(#4958,
#4959),(#4960,#4961),(#4962,#4963),(#4964,#4965),(#4966,#4967),(#4968,#4969),
(#4970,#4971),(#4972,#4973),(#4974,#4975),(#4976,#4977),(#4978,#4979),(#4980,
#4981),(#4982,#4983),(#4984,#4985),(#4986,#4987),(#4988,#4989),(#4990,#4991),
(#4992,#4993),(#4994,#4995),(#4996,#4997),(#4998,#4999),(#5000,#5001),(#5002,
#5003),(#5004,#5005),(#5006,#5007),(#5008,#5009),(#5010,#5011),(#5012,#5013),
(#5014,#5015),(#5016,#5017),(#5018,#5019),(#5020,#5021),(#5022,#5023),(#5024,
#5025),(#5026,#5027),(#5028,#5029),(#5030,#5031),(#5032,#5033),(#5034,#5035),
(#5036,#5037),(#5038,#5039),(#5040,#5041),(#5042,#5043),(#5044,#5045),(#5046,
#5047),(#5048,#5049),(#5050,#5051),(#5052,#5053),(#5054,#5055),(#5056,#5057),
(#5058,#5059),(#5060,#5061),(#5062,#5063),(#5064,#5065),(#5066,#5067),(#5068,
#5069),(#5070,#5071),(#5072,#5073),(#5074,#5075),(#5076,#5077),(#5078,#5079)),
 .UNSPECIFIED.,.F.,.F.,.F.)
B_SPLINE_SURFACE_WITH_KNOTS((6,1,1,1,1,1,1,1,1,1,1,1,1,1,1,1,1,1,1,1,1,
1,1,1,1,1,1,1,1,1,1,1,1,1,1,1,1,1,1,1,1,1,1,1,1,1,1,1,1,1,1,1,1,1,1,1,1,
1,1,1,1,1,1,1,1,1,1,1,1,1,6),(2,2),(-1.,-0.985714285714284,-0.97142857142857,
-0.957142857142856,-0.942857142857141,-0.928571428571427,-0.914285714285713,
-0.899999999999999,-0.885714285714284,-0.87142857142857,-0.857142857142856,
-0.842857142857142,-0.828571428571428,-0.814285714285713,-0.799999999999999,
-0.785714285714285,-0.771428571428571,-0.757142857142856,-0.742857142857142,
-0.728571428571428,-0.714285714285714,-0.699999999999999,-0.685714285714285,
-0.671428571428571,-0.657142857142857,-0.642857142857142,-0.628571428571428,
-0.614285714285714,-0.6,-0.585714285714286,-0.571428571428571,-0.557142857142857,
-0.542857142857143,-0.528571428571429,-0.514285714285714,-0.5,-0.485714285714286,
-0.471428571428572,-0.457142857142857,-0.442857142857143,-0.428571428571429,
-0.414285714285714,-0.4,-0.385714285714286,-0.371428571428571,-0.357142857142857,
-0.342857142857143,-0.328571428571429,-0.314285714285714,-0.3,-0.285714285714286,
-0.271428571428571,-0.257142857142857,-0.242857142857143,-0.228571428571429,
-0.214285714285714,-0.2,-0.185714285714286,-0.171428571428571,-0.157142857142857,
-0.142857142857143,-0.128571428571429,-0.114285714285714,-0.1,-0.0857142857142857,
-0.0714285714285714,-0.0571428571428571,-0.0428571428571429,-0.0285714285714286,
-0.0142857142857143,0.),(0.,0.5),.UNSPECIFIED.)
GEOMETRIC_REPRESENTATION_ITEM()
RATIONAL_B_SPLINE_SURFACE(((1.,1.),(1.,1.),(1.,1.),(1.,1.),(1.,1.),(1.,
1.),(1.,1.),(1.,1.),(1.,1.),(1.,1.),(1.,1.),(1.,1.),(1.,1.),(1.,1.),(1.,
1.),(1.,1.),(1.,1.),(1.,1.),(1.,1.),(1.,1.),(1.,1.),(1.,1.),(1.,1.),(1.,
1.),(1.,1.),(1.,1.),(1.,1.),(1.,1.),(1.,1.),(1.,1.),(1.,1.),(1.,1.),(1.,
1.),(1.,1.),(1.,1.),(1.,1.),(1.,1.),(1.,1.),(1.,1.),(1.,1.),(1.,1.),(1.,
1.),(1.,1.),(1.,1.),(1.,1.),(1.,1.),(1.,1.),(1.,1.),(1.,1.),(1.,1.),(1.,
1.),(1.,1.),(1.,1.),(1.,1.),(1.,1.),(1.,1.),(1.,1.),(1.,1.),(1.,1.),(1.,
1.),(1.,1.),(1.,1.),(1.,1.),(1.,1.),(1.,1.),(1.,1.),(1.,1.),(1.,1.),(1.,
1.),(1.,1.),(1.,1.),(1.,1.),(1.,1.),(1.,1.),(1.,1.)))
REPRESENTATION_ITEM('')
SURFACE()
);
#32=(
BOUNDED_SURFACE()
B_SPLINE_SURFACE(5,1,((#5083,#5084),(#5085,#5086),(#5087,#5088),(#5089,
#5090),(#5091,#5092),(#5093,#5094),(#5095,#5096),(#5097,#5098),(#5099,#5100),
(#5101,#5102),(#5103,#5104),(#5105,#5106),(#5107,#5108),(#5109,#5110),(#5111,
#5112),(#5113,#5114),(#5115,#5116),(#5117,#5118),(#5119,#5120),(#5121,#5122),
(#5123,#5124),(#5125,#5126),(#5127,#5128),(#5129,#5130),(#5131,#5132),(#5133,
#5134),(#5135,#5136),(#5137,#5138),(#5139,#5140),(#5141,#5142),(#5143,#5144),
(#5145,#5146),(#5147,#5148),(#5149,#5150),(#5151,#5152),(#5153,#5154),(#5155,
#5156),(#5157,#5158),(#5159,#5160),(#5161,#5162),(#5163,#5164),(#5165,#5166),
(#5167,#5168),(#5169,#5170),(#5171,#5172),(#5173,#5174),(#5175,#5176),(#5177,
#5178),(#5179,#5180),(#5181,#5182),(#5183,#5184),(#5185,#5186),(#5187,#5188),
(#5189,#5190),(#5191,#5192),(#5193,#5194),(#5195,#5196),(#5197,#5198),(#5199,
#5200),(#5201,#5202),(#5203,#5204),(#5205,#5206),(#5207,#5208),(#5209,#5210),
(#5211,#5212),(#5213,#5214),(#5215,#5216),(#5217,#5218),(#5219,#5220),(#5221,
#5222),(#5223,#5224),(#5225,#5226),(#5227,#5228),(#5229,#5230),(#5231,#5232)),
 .UNSPECIFIED.,.F.,.F.,.F.)
B_SPLINE_SURFACE_WITH_KNOTS((6,1,1,1,1,1,1,1,1,1,1,1,1,1,1,1,1,1,1,1,1,
1,1,1,1,1,1,1,1,1,1,1,1,1,1,1,1,1,1,1,1,1,1,1,1,1,1,1,1,1,1,1,1,1,1,1,1,
1,1,1,1,1,1,1,1,1,1,1,1,1,6),(2,2),(0.,0.0142857142857143,0.0285714285714286,
0.0428571428571429,0.0571428571428571,0.0714285714285714,0.0857142857142857,
0.1,0.114285714285714,0.128571428571429,0.142857142857143,0.157142857142857,
0.171428571428571,0.185714285714286,0.2,0.214285714285714,0.228571428571429,
0.242857142857143,0.257142857142857,0.271428571428571,0.285714285714286,
0.3,0.314285714285714,0.328571428571429,0.342857142857143,0.357142857142857,
0.371428571428571,0.385714285714286,0.4,0.414285714285714,0.428571428571429,
0.442857142857143,0.457142857142857,0.471428571428572,0.485714285714286,
0.5,0.514285714285714,0.528571428571429,0.542857142857143,0.557142857142857,
0.571428571428571,0.585714285714286,0.6,0.614285714285714,0.628571428571428,
0.642857142857142,0.657142857142857,0.671428571428571,0.685714285714285,
0.699999999999999,0.714285714285714,0.728571428571428,0.742857142857142,
0.757142857142856,0.771428571428571,0.785714285714285,0.799999999999999,
0.814285714285713,0.828571428571428,0.842857142857142,0.857142857142856,
0.87142857142857,0.885714285714284,0.899999999999999,0.914285714285713,
0.928571428571427,0.942857142857141,0.957142857142856,0.97142857142857,
0.985714285714284,1.),(0.,0.5),.UNSPECIFIED.)
GEOMETRIC_REPRESENTATION_ITEM()
RATIONAL_B_SPLINE_SURFACE(((1.,1.),(1.,1.),(1.,1.),(1.,1.),(1.,1.),(1.,
1.),(1.,1.),(1.,1.),(1.,1.),(1.,1.),(1.,1.),(1.,1.),(1.,1.),(1.,1.),(1.,
1.),(1.,1.),(1.,1.),(1.,1.),(1.,1.),(1.,1.),(1.,1.),(1.,1.),(1.,1.),(1.,
1.),(1.,1.),(1.,1.),(1.,1.),(1.,1.),(1.,1.),(1.,1.),(1.,1.),(1.,1.),(1.,
1.),(1.,1.),(1.,1.),(1.,1.),(1.,1.),(1.,1.),(1.,1.),(1.,1.),(1.,1.),(1.,
1.),(1.,1.),(1.,1.),(1.,1.),(1.,1.),(1.,1.),(1.,1.),(1.,1.),(1.,1.),(1.,
1.),(1.,1.),(1.,1.),(1.,1.),(1.,1.),(1.,1.),(1.,1.),(1.,1.),(1.,1.),(1.,
1.),(1.,1.),(1.,1.),(1.,1.),(1.,1.),(1.,1.),(1.,1.),(1.,1.),(1.,1.),(1.,
1.),(1.,1.),(1.,1.),(1.,1.),(1.,1.),(1.,1.),(1.,1.)))
REPRESENTATION_ITEM('')
SURFACE()
);
#33=(
BOUNDED_SURFACE()
B_SPLINE_SURFACE(5,1,((#5247,#5248),(#5249,#5250),(#5251,#5252),(#5253,
#5254),(#5255,#5256),(#5257,#5258),(#5259,#5260),(#5261,#5262),(#5263,#5264),
(#5265,#5266),(#5267,#5268),(#5269,#5270),(#5271,#5272),(#5273,#5274),(#5275,
#5276),(#5277,#5278),(#5279,#5280),(#5281,#5282),(#5283,#5284),(#5285,#5286),
(#5287,#5288),(#5289,#5290),(#5291,#5292),(#5293,#5294),(#5295,#5296),(#5297,
#5298),(#5299,#5300),(#5301,#5302),(#5303,#5304),(#5305,#5306),(#5307,#5308),
(#5309,#5310),(#5311,#5312),(#5313,#5314),(#5315,#5316),(#5317,#5318),(#5319,
#5320),(#5321,#5322),(#5323,#5324),(#5325,#5326),(#5327,#5328),(#5329,#5330),
(#5331,#5332),(#5333,#5334),(#5335,#5336),(#5337,#5338),(#5339,#5340),(#5341,
#5342),(#5343,#5344),(#5345,#5346),(#5347,#5348),(#5349,#5350),(#5351,#5352),
(#5353,#5354),(#5355,#5356),(#5357,#5358),(#5359,#5360),(#5361,#5362),(#5363,
#5364),(#5365,#5366),(#5367,#5368),(#5369,#5370),(#5371,#5372),(#5373,#5374),
(#5375,#5376),(#5377,#5378),(#5379,#5380),(#5381,#5382),(#5383,#5384),(#5385,
#5386),(#5387,#5388),(#5389,#5390),(#5391,#5392),(#5393,#5394),(#5395,#5396)),
 .UNSPECIFIED.,.F.,.F.,.F.)
B_SPLINE_SURFACE_WITH_KNOTS((6,1,1,1,1,1,1,1,1,1,1,1,1,1,1,1,1,1,1,1,1,
1,1,1,1,1,1,1,1,1,1,1,1,1,1,1,1,1,1,1,1,1,1,1,1,1,1,1,1,1,1,1,1,1,1,1,1,
1,1,1,1,1,1,1,1,1,1,1,1,1,6),(2,2),(-1.,-0.985714285714284,-0.97142857142857,
-0.957142857142856,-0.942857142857141,-0.928571428571427,-0.914285714285713,
-0.899999999999999,-0.885714285714284,-0.87142857142857,-0.857142857142856,
-0.842857142857142,-0.828571428571428,-0.814285714285713,-0.799999999999999,
-0.785714285714285,-0.771428571428571,-0.757142857142856,-0.742857142857142,
-0.728571428571428,-0.714285714285714,-0.699999999999999,-0.685714285714285,
-0.671428571428571,-0.657142857142857,-0.642857142857142,-0.628571428571428,
-0.614285714285714,-0.6,-0.585714285714286,-0.571428571428571,-0.557142857142857,
-0.542857142857143,-0.528571428571429,-0.514285714285714,-0.5,-0.485714285714286,
-0.471428571428572,-0.457142857142857,-0.442857142857143,-0.428571428571429,
-0.414285714285714,-0.4,-0.385714285714286,-0.371428571428571,-0.357142857142857,
-0.342857142857143,-0.328571428571429,-0.314285714285714,-0.3,-0.285714285714286,
-0.271428571428571,-0.257142857142857,-0.242857142857143,-0.228571428571429,
-0.214285714285714,-0.2,-0.185714285714286,-0.171428571428571,-0.157142857142857,
-0.142857142857143,-0.128571428571429,-0.114285714285714,-0.1,-0.0857142857142857,
-0.0714285714285714,-0.0571428571428571,-0.0428571428571429,-0.0285714285714286,
-0.0142857142857143,0.),(0.,0.5),.UNSPECIFIED.)
GEOMETRIC_REPRESENTATION_ITEM()
RATIONAL_B_SPLINE_SURFACE(((1.,1.),(1.,1.),(1.,1.),(1.,1.),(1.,1.),(1.,
1.),(1.,1.),(1.,1.),(1.,1.),(1.,1.),(1.,1.),(1.,1.),(1.,1.),(1.,1.),(1.,
1.),(1.,1.),(1.,1.),(1.,1.),(1.,1.),(1.,1.),(1.,1.),(1.,1.),(1.,1.),(1.,
1.),(1.,1.),(1.,1.),(1.,1.),(1.,1.),(1.,1.),(1.,1.),(1.,1.),(1.,1.),(1.,
1.),(1.,1.),(1.,1.),(1.,1.),(1.,1.),(1.,1.),(1.,1.),(1.,1.),(1.,1.),(1.,
1.),(1.,1.),(1.,1.),(1.,1.),(1.,1.),(1.,1.),(1.,1.),(1.,1.),(1.,1.),(1.,
1.),(1.,1.),(1.,1.),(1.,1.),(1.,1.),(1.,1.),(1.,1.),(1.,1.),(1.,1.),(1.,
1.),(1.,1.),(1.,1.),(1.,1.),(1.,1.),(1.,1.),(1.,1.),(1.,1.),(1.,1.),(1.,
1.),(1.,1.),(1.,1.),(1.,1.),(1.,1.),(1.,1.),(1.,1.)))
REPRESENTATION_ITEM('')
SURFACE()
);
#34=(
BOUNDED_SURFACE()
B_SPLINE_SURFACE(5,1,((#5400,#5401),(#5402,#5403),(#5404,#5405),(#5406,
#5407),(#5408,#5409),(#5410,#5411),(#5412,#5413),(#5414,#5415),(#5416,#5417),
(#5418,#5419),(#5420,#5421),(#5422,#5423),(#5424,#5425),(#5426,#5427),(#5428,
#5429),(#5430,#5431),(#5432,#5433),(#5434,#5435),(#5436,#5437),(#5438,#5439),
(#5440,#5441),(#5442,#5443),(#5444,#5445),(#5446,#5447),(#5448,#5449),(#5450,
#5451),(#5452,#5453),(#5454,#5455),(#5456,#5457),(#5458,#5459),(#5460,#5461),
(#5462,#5463),(#5464,#5465),(#5466,#5467),(#5468,#5469),(#5470,#5471),(#5472,
#5473),(#5474,#5475),(#5476,#5477),(#5478,#5479),(#5480,#5481),(#5482,#5483),
(#5484,#5485),(#5486,#5487),(#5488,#5489),(#5490,#5491),(#5492,#5493),(#5494,
#5495),(#5496,#5497),(#5498,#5499),(#5500,#5501),(#5502,#5503),(#5504,#5505),
(#5506,#5507),(#5508,#5509),(#5510,#5511),(#5512,#5513),(#5514,#5515),(#5516,
#5517),(#5518,#5519),(#5520,#5521),(#5522,#5523),(#5524,#5525),(#5526,#5527),
(#5528,#5529),(#5530,#5531),(#5532,#5533),(#5534,#5535),(#5536,#5537),(#5538,
#5539),(#5540,#5541),(#5542,#5543),(#5544,#5545),(#5546,#5547),(#5548,#5549)),
 .UNSPECIFIED.,.F.,.F.,.F.)
B_SPLINE_SURFACE_WITH_KNOTS((6,1,1,1,1,1,1,1,1,1,1,1,1,1,1,1,1,1,1,1,1,
1,1,1,1,1,1,1,1,1,1,1,1,1,1,1,1,1,1,1,1,1,1,1,1,1,1,1,1,1,1,1,1,1,1,1,1,
1,1,1,1,1,1,1,1,1,1,1,1,1,6),(2,2),(0.,0.0142857142857143,0.0285714285714286,
0.0428571428571429,0.0571428571428571,0.0714285714285714,0.0857142857142857,
0.1,0.114285714285714,0.128571428571429,0.142857142857143,0.157142857142857,
0.171428571428571,0.185714285714286,0.2,0.214285714285714,0.228571428571429,
0.242857142857143,0.257142857142857,0.271428571428571,0.285714285714286,
0.3,0.314285714285714,0.328571428571429,0.342857142857143,0.357142857142857,
0.371428571428571,0.385714285714286,0.4,0.414285714285714,0.428571428571429,
0.442857142857143,0.457142857142857,0.471428571428572,0.485714285714286,
0.5,0.514285714285714,0.528571428571429,0.542857142857143,0.557142857142857,
0.571428571428571,0.585714285714286,0.6,0.614285714285714,0.628571428571428,
0.642857142857142,0.657142857142857,0.671428571428571,0.685714285714285,
0.699999999999999,0.714285714285714,0.728571428571428,0.742857142857142,
0.757142857142856,0.771428571428571,0.785714285714285,0.799999999999999,
0.814285714285713,0.828571428571428,0.842857142857142,0.857142857142856,
0.87142857142857,0.885714285714284,0.899999999999999,0.914285714285713,
0.928571428571427,0.942857142857141,0.957142857142856,0.97142857142857,
0.985714285714284,1.),(0.,0.5),.UNSPECIFIED.)
GEOMETRIC_REPRESENTATION_ITEM()
RATIONAL_B_SPLINE_SURFACE(((1.,1.),(1.,1.),(1.,1.),(1.,1.),(1.,1.),(1.,
1.),(1.,1.),(1.,1.),(1.,1.),(1.,1.),(1.,1.),(1.,1.),(1.,1.),(1.,1.),(1.,
1.),(1.,1.),(1.,1.),(1.,1.),(1.,1.),(1.,1.),(1.,1.),(1.,1.),(1.,1.),(1.,
1.),(1.,1.),(1.,1.),(1.,1.),(1.,1.),(1.,1.),(1.,1.),(1.,1.),(1.,1.),(1.,
1.),(1.,1.),(1.,1.),(1.,1.),(1.,1.),(1.,1.),(1.,1.),(1.,1.),(1.,1.),(1.,
1.),(1.,1.),(1.,1.),(1.,1.),(1.,1.),(1.,1.),(1.,1.),(1.,1.),(1.,1.),(1.,
1.),(1.,1.),(1.,1.),(1.,1.),(1.,1.),(1.,1.),(1.,1.),(1.,1.),(1.,1.),(1.,
1.),(1.,1.),(1.,1.),(1.,1.),(1.,1.),(1.,1.),(1.,1.),(1.,1.),(1.,1.),(1.,
1.),(1.,1.),(1.,1.),(1.,1.),(1.,1.),(1.,1.),(1.,1.)))
REPRESENTATION_ITEM('')
SURFACE()
);
#35=FACE_BOUND('',#148,.T.);
#36=FACE_BOUND('',#152,.T.);
#37=(
BOUNDED_CURVE()
B_SPLINE_CURVE(5,(#1682,#1683,#1684,#1685,#1686,#1687,#1688,#1689,#1690,
#1691,#1692,#1693,#1694,#1695,#1696,#1697,#1698,#1699,#1700,#1701,#1702,
#1703,#1704,#1705,#1706,#1707,#1708,#1709,#1710,#1711,#1712,#1713,#1714,
#1715,#1716,#1717,#1718,#1719,#1720,#1721,#1722,#1723,#1724,#1725,#1726,
#1727,#1728,#1729,#1730,#1731,#1732,#1733,#1734,#1735,#1736,#1737,#1738,
#1739,#1740,#1741,#1742,#1743,#1744,#1745,#1746,#1747,#1748,#1749,#1750,
#1751,#1752,#1753,#1754,#1755,#1756),.UNSPECIFIED.,.F.,.F.)
B_SPLINE_CURVE_WITH_KNOTS((6,1,1,1,1,1,1,1,1,1,1,1,1,1,1,1,1,1,1,1,1,1,
1,1,1,1,1,1,1,1,1,1,1,1,1,1,1,1,1,1,1,1,1,1,1,1,1,1,1,1,1,1,1,1,1,1,1,1,
1,1,1,1,1,1,1,1,1,1,1,1,6),(0.,0.0142857142857143,0.0285714285714286,0.0428571428571429,
0.0571428571428571,0.0714285714285714,0.0857142857142857,0.1,0.114285714285714,
0.128571428571429,0.142857142857143,0.157142857142857,0.171428571428571,
0.185714285714286,0.2,0.214285714285714,0.228571428571429,0.242857142857143,
0.257142857142857,0.271428571428571,0.285714285714286,0.3,0.314285714285714,
0.328571428571429,0.342857142857143,0.357142857142857,0.371428571428571,
0.385714285714286,0.4,0.414285714285714,0.428571428571429,0.442857142857143,
0.457142857142857,0.471428571428572,0.485714285714286,0.5,0.514285714285714,
0.528571428571429,0.542857142857143,0.557142857142857,0.571428571428571,
0.585714285714286,0.6,0.614285714285714,0.628571428571428,0.642857142857142,
0.657142857142857,0.671428571428571,0.685714285714285,0.699999999999999,
0.714285714285714,0.728571428571428,0.742857142857142,0.757142857142856,
0.771428571428571,0.785714285714285,0.799999999999999,0.814285714285713,
0.828571428571428,0.842857142857142,0.857142857142856,0.87142857142857,
0.885714285714284,0.899999999999999,0.914285714285713,0.928571428571427,
0.942857142857141,0.957142857142856,0.97142857142857,0.985714285714284,
1.),.UNSPECIFIED.)
CURVE()
GEOMETRIC_REPRESENTATION_ITEM()
RATIONAL_B_SPLINE_CURVE((1.,1.,1.,1.,1.,1.,1.,1.,1.,1.,1.,1.,1.,1.,1.,1.,
1.,1.,1.,1.,1.,1.,1.,1.,1.,1.,1.,1.,1.,1.,1.,1.,1.,1.,1.,1.,1.,1.,1.,1.,
1.,1.,1.,1.,1.,1.,1.,1.,1.,1.,1.,1.,1.,1.,1.,1.,1.,1.,1.,1.,1.,1.,1.,1.,
1.,1.,1.,1.,1.,1.,1.,1.,1.,1.,1.))
REPRESENTATION_ITEM('')
);
#38=(
BOUNDED_CURVE()
B_SPLINE_CURVE(5,(#1760,#1761,#1762,#1763,#1764,#1765,#1766,#1767,#1768,
#1769,#1770,#1771,#1772,#1773,#1774,#1775,#1776,#1777,#1778,#1779,#1780,
#1781,#1782,#1783,#1784,#1785,#1786,#1787,#1788,#1789,#1790,#1791,#1792,
#1793,#1794,#1795,#1796,#1797,#1798,#1799,#1800,#1801,#1802,#1803,#1804,
#1805,#1806,#1807,#1808,#1809,#1810,#1811,#1812,#1813,#1814,#1815,#1816,
#1817,#1818,#1819,#1820,#1821,#1822,#1823,#1824,#1825,#1826,#1827,#1828,
#1829,#1830,#1831,#1832,#1833,#1834),.UNSPECIFIED.,.F.,.F.)
B_SPLINE_CURVE_WITH_KNOTS((6,1,1,1,1,1,1,1,1,1,1,1,1,1,1,1,1,1,1,1,1,1,
1,1,1,1,1,1,1,1,1,1,1,1,1,1,1,1,1,1,1,1,1,1,1,1,1,1,1,1,1,1,1,1,1,1,1,1,
1,1,1,1,1,1,1,1,1,1,1,1,6),(0.,0.0142857142857143,0.0285714285714286,0.0428571428571429,
0.0571428571428571,0.0714285714285714,0.0857142857142857,0.1,0.114285714285714,
0.128571428571429,0.142857142857143,0.157142857142857,0.171428571428571,
0.185714285714286,0.2,0.214285714285714,0.228571428571429,0.242857142857143,
0.257142857142857,0.271428571428571,0.285714285714286,0.3,0.314285714285714,
0.328571428571429,0.342857142857143,0.357142857142857,0.371428571428571,
0.385714285714286,0.4,0.414285714285714,0.428571428571429,0.442857142857143,
0.457142857142857,0.471428571428572,0.485714285714286,0.5,0.514285714285714,
0.528571428571429,0.542857142857143,0.557142857142857,0.571428571428571,
0.585714285714286,0.6,0.614285714285714,0.628571428571428,0.642857142857142,
0.657142857142857,0.671428571428571,0.685714285714285,0.699999999999999,
0.714285714285714,0.728571428571428,0.742857142857142,0.757142857142856,
0.771428571428571,0.785714285714285,0.799999999999999,0.814285714285713,
0.828571428571428,0.842857142857142,0.857142857142856,0.87142857142857,
0.885714285714284,0.899999999999999,0.914285714285713,0.928571428571427,
0.942857142857141,0.957142857142856,0.97142857142857,0.985714285714284,
1.),.UNSPECIFIED.)
CURVE()
GEOMETRIC_REPRESENTATION_ITEM()
RATIONAL_B_SPLINE_CURVE((1.,1.,1.,1.,1.,1.,1.,1.,1.,1.,1.,1.,1.,1.,1.,1.,
1.,1.,1.,1.,1.,1.,1.,1.,1.,1.,1.,1.,1.,1.,1.,1.,1.,1.,1.,1.,1.,1.,1.,1.,
1.,1.,1.,1.,1.,1.,1.,1.,1.,1.,1.,1.,1.,1.,1.,1.,1.,1.,1.,1.,1.,1.,1.,1.,
1.,1.,1.,1.,1.,1.,1.,1.,1.,1.,1.))
REPRESENTATION_ITEM('')
);
#39=(
BOUNDED_CURVE()
B_SPLINE_CURVE(5,(#1846,#1847,#1848,#1849,#1850,#1851,#1852,#1853,#1854,
#1855,#1856,#1857,#1858,#1859,#1860,#1861,#1862,#1863,#1864,#1865,#1866,
#1867,#1868,#1869,#1870,#1871,#1872,#1873,#1874,#1875,#1876,#1877,#1878,
#1879,#1880,#1881,#1882,#1883,#1884,#1885,#1886,#1887,#1888,#1889,#1890,
#1891,#1892,#1893,#1894,#1895,#1896,#1897,#1898,#1899,#1900,#1901,#1902,
#1903,#1904,#1905,#1906,#1907,#1908,#1909,#1910,#1911,#1912,#1913,#1914,
#1915,#1916,#1917,#1918,#1919,#1920),.UNSPECIFIED.,.F.,.F.)
B_SPLINE_CURVE_WITH_KNOTS((6,1,1,1,1,1,1,1,1,1,1,1,1,1,1,1,1,1,1,1,1,1,
1,1,1,1,1,1,1,1,1,1,1,1,1,1,1,1,1,1,1,1,1,1,1,1,1,1,1,1,1,1,1,1,1,1,1,1,
1,1,1,1,1,1,1,1,1,1,1,1,6),(0.,0.0142857142857143,0.0285714285714286,0.0428571428571429,
0.0571428571428571,0.0714285714285714,0.0857142857142857,0.1,0.114285714285714,
0.128571428571429,0.142857142857143,0.157142857142857,0.171428571428571,
0.185714285714286,0.2,0.214285714285714,0.228571428571429,0.242857142857143,
0.257142857142857,0.271428571428571,0.285714285714286,0.3,0.314285714285714,
0.328571428571429,0.342857142857143,0.357142857142857,0.371428571428571,
0.385714285714286,0.4,0.414285714285714,0.428571428571429,0.442857142857143,
0.457142857142857,0.471428571428572,0.485714285714286,0.5,0.514285714285714,
0.528571428571429,0.542857142857143,0.557142857142857,0.571428571428571,
0.585714285714286,0.6,0.614285714285714,0.628571428571428,0.642857142857142,
0.657142857142857,0.671428571428571,0.685714285714285,0.699999999999999,
0.714285714285714,0.728571428571428,0.742857142857142,0.757142857142856,
0.771428571428571,0.785714285714285,0.799999999999999,0.814285714285713,
0.828571428571428,0.842857142857142,0.857142857142856,0.87142857142857,
0.885714285714284,0.899999999999999,0.914285714285713,0.928571428571427,
0.942857142857141,0.957142857142856,0.97142857142857,0.985714285714284,
1.),.UNSPECIFIED.)
CURVE()
GEOMETRIC_REPRESENTATION_ITEM()
RATIONAL_B_SPLINE_CURVE((1.,1.,1.,1.,1.,1.,1.,1.,1.,1.,1.,1.,1.,1.,1.,1.,
1.,1.,1.,1.,1.,1.,1.,1.,1.,1.,1.,1.,1.,1.,1.,1.,1.,1.,1.,1.,1.,1.,1.,1.,
1.,1.,1.,1.,1.,1.,1.,1.,1.,1.,1.,1.,1.,1.,1.,1.,1.,1.,1.,1.,1.,1.,1.,1.,
1.,1.,1.,1.,1.,1.,1.,1.,1.,1.,1.))
REPRESENTATION_ITEM('')
);
#40=(
BOUNDED_CURVE()
B_SPLINE_CURVE(5,(#1924,#1925,#1926,#1927,#1928,#1929,#1930,#1931,#1932,
#1933,#1934,#1935,#1936,#1937,#1938,#1939,#1940,#1941,#1942,#1943,#1944,
#1945,#1946,#1947,#1948,#1949,#1950,#1951,#1952,#1953,#1954,#1955,#1956,
#1957,#1958,#1959,#1960,#1961,#1962,#1963,#1964,#1965,#1966,#1967,#1968,
#1969,#1970,#1971,#1972,#1973,#1974,#1975,#1976,#1977,#1978,#1979,#1980,
#1981,#1982,#1983,#1984,#1985,#1986,#1987,#1988,#1989,#1990,#1991,#1992,
#1993,#1994,#1995,#1996,#1997,#1998),.UNSPECIFIED.,.F.,.F.)
B_SPLINE_CURVE_WITH_KNOTS((6,1,1,1,1,1,1,1,1,1,1,1,1,1,1,1,1,1,1,1,1,1,
1,1,1,1,1,1,1,1,1,1,1,1,1,1,1,1,1,1,1,1,1,1,1,1,1,1,1,1,1,1,1,1,1,1,1,1,
1,1,1,1,1,1,1,1,1,1,1,1,6),(0.,0.0142857142857143,0.0285714285714286,0.0428571428571429,
0.0571428571428571,0.0714285714285714,0.0857142857142857,0.1,0.114285714285714,
0.128571428571429,0.142857142857143,0.157142857142857,0.171428571428571,
0.185714285714286,0.2,0.214285714285714,0.228571428571429,0.242857142857143,
0.257142857142857,0.271428571428571,0.285714285714286,0.3,0.314285714285714,
0.328571428571429,0.342857142857143,0.357142857142857,0.371428571428571,
0.385714285714286,0.4,0.414285714285714,0.428571428571429,0.442857142857143,
0.457142857142857,0.471428571428572,0.485714285714286,0.5,0.514285714285714,
0.528571428571429,0.542857142857143,0.557142857142857,0.571428571428571,
0.585714285714286,0.6,0.614285714285714,0.628571428571428,0.642857142857142,
0.657142857142857,0.671428571428571,0.685714285714285,0.699999999999999,
0.714285714285714,0.728571428571428,0.742857142857142,0.757142857142856,
0.771428571428571,0.785714285714285,0.799999999999999,0.814285714285713,
0.828571428571428,0.842857142857142,0.857142857142856,0.87142857142857,
0.885714285714284,0.899999999999999,0.914285714285713,0.928571428571427,
0.942857142857141,0.957142857142856,0.97142857142857,0.985714285714284,
1.),.UNSPECIFIED.)
CURVE()
GEOMETRIC_REPRESENTATION_ITEM()
RATIONAL_B_SPLINE_CURVE((1.,1.,1.,1.,1.,1.,1.,1.,1.,1.,1.,1.,1.,1.,1.,1.,
1.,1.,1.,1.,1.,1.,1.,1.,1.,1.,1.,1.,1.,1.,1.,1.,1.,1.,1.,1.,1.,1.,1.,1.,
1.,1.,1.,1.,1.,1.,1.,1.,1.,1.,1.,1.,1.,1.,1.,1.,1.,1.,1.,1.,1.,1.,1.,1.,
1.,1.,1.,1.,1.,1.,1.,1.,1.,1.,1.))
REPRESENTATION_ITEM('')
);
#41=(
BOUNDED_CURVE()
B_SPLINE_CURVE(5,(#2010,#2011,#2012,#2013,#2014,#2015,#2016,#2017,#2018,
#2019,#2020,#2021,#2022,#2023,#2024,#2025,#2026,#2027,#2028,#2029,#2030,
#2031,#2032,#2033,#2034,#2035,#2036,#2037,#2038,#2039,#2040,#2041,#2042,
#2043,#2044,#2045,#2046,#2047,#2048,#2049,#2050,#2051,#2052,#2053,#2054,
#2055,#2056,#2057,#2058,#2059,#2060,#2061,#2062,#2063,#2064,#2065,#2066,
#2067,#2068,#2069,#2070,#2071,#2072,#2073,#2074,#2075,#2076,#2077,#2078,
#2079,#2080,#2081,#2082,#2083,#2084),.UNSPECIFIED.,.F.,.F.)
B_SPLINE_CURVE_WITH_KNOTS((6,1,1,1,1,1,1,1,1,1,1,1,1,1,1,1,1,1,1,1,1,1,
1,1,1,1,1,1,1,1,1,1,1,1,1,1,1,1,1,1,1,1,1,1,1,1,1,1,1,1,1,1,1,1,1,1,1,1,
1,1,1,1,1,1,1,1,1,1,1,1,6),(0.,0.0142857142857143,0.0285714285714286,0.0428571428571429,
0.0571428571428571,0.0714285714285714,0.0857142857142857,0.1,0.114285714285714,
0.128571428571429,0.142857142857143,0.157142857142857,0.171428571428571,
0.185714285714286,0.2,0.214285714285714,0.228571428571429,0.242857142857143,
0.257142857142857,0.271428571428571,0.285714285714286,0.3,0.314285714285714,
0.328571428571429,0.342857142857143,0.357142857142857,0.371428571428571,
0.385714285714286,0.4,0.414285714285714,0.428571428571429,0.442857142857143,
0.457142857142857,0.471428571428572,0.485714285714286,0.5,0.514285714285714,
0.528571428571429,0.542857142857143,0.557142857142857,0.571428571428571,
0.585714285714286,0.6,0.614285714285714,0.628571428571428,0.642857142857142,
0.657142857142857,0.671428571428571,0.685714285714285,0.699999999999999,
0.714285714285714,0.728571428571428,0.742857142857142,0.757142857142856,
0.771428571428571,0.785714285714285,0.799999999999999,0.814285714285713,
0.828571428571428,0.842857142857142,0.857142857142856,0.87142857142857,
0.885714285714284,0.899999999999999,0.914285714285713,0.928571428571427,
0.942857142857141,0.957142857142856,0.97142857142857,0.985714285714284,
1.),.UNSPECIFIED.)
CURVE()
GEOMETRIC_REPRESENTATION_ITEM()
RATIONAL_B_SPLINE_CURVE((1.,1.,1.,1.,1.,1.,1.,1.,1.,1.,1.,1.,1.,1.,1.,1.,
1.,1.,1.,1.,1.,1.,1.,1.,1.,1.,1.,1.,1.,1.,1.,1.,1.,1.,1.,1.,1.,1.,1.,1.,
1.,1.,1.,1.,1.,1.,1.,1.,1.,1.,1.,1.,1.,1.,1.,1.,1.,1.,1.,1.,1.,1.,1.,1.,
1.,1.,1.,1.,1.,1.,1.,1.,1.,1.,1.))
REPRESENTATION_ITEM('')
);
#42=(
BOUNDED_CURVE()
B_SPLINE_CURVE(5,(#2088,#2089,#2090,#2091,#2092,#2093,#2094,#2095,#2096,
#2097,#2098,#2099,#2100,#2101,#2102,#2103,#2104,#2105,#2106,#2107,#2108,
#2109,#2110,#2111,#2112,#2113,#2114,#2115,#2116,#2117,#2118,#2119,#2120,
#2121,#2122,#2123,#2124,#2125,#2126,#2127,#2128,#2129,#2130,#2131,#2132,
#2133,#2134,#2135,#2136,#2137,#2138,#2139,#2140,#2141,#2142,#2143,#2144,
#2145,#2146,#2147,#2148,#2149,#2150,#2151,#2152,#2153,#2154,#2155,#2156,
#2157,#2158,#2159,#2160,#2161,#2162),.UNSPECIFIED.,.F.,.F.)
B_SPLINE_CURVE_WITH_KNOTS((6,1,1,1,1,1,1,1,1,1,1,1,1,1,1,1,1,1,1,1,1,1,
1,1,1,1,1,1,1,1,1,1,1,1,1,1,1,1,1,1,1,1,1,1,1,1,1,1,1,1,1,1,1,1,1,1,1,1,
1,1,1,1,1,1,1,1,1,1,1,1,6),(0.,0.0142857142857143,0.0285714285714286,0.0428571428571429,
0.0571428571428571,0.0714285714285714,0.0857142857142857,0.1,0.114285714285714,
0.128571428571429,0.142857142857143,0.157142857142857,0.171428571428571,
0.185714285714286,0.2,0.214285714285714,0.228571428571429,0.242857142857143,
0.257142857142857,0.271428571428571,0.285714285714286,0.3,0.314285714285714,
0.328571428571429,0.342857142857143,0.357142857142857,0.371428571428571,
0.385714285714286,0.4,0.414285714285714,0.428571428571429,0.442857142857143,
0.457142857142857,0.471428571428572,0.485714285714286,0.5,0.514285714285714,
0.528571428571429,0.542857142857143,0.557142857142857,0.571428571428571,
0.585714285714286,0.6,0.614285714285714,0.628571428571428,0.642857142857142,
0.657142857142857,0.671428571428571,0.685714285714285,0.699999999999999,
0.714285714285714,0.728571428571428,0.742857142857142,0.757142857142856,
0.771428571428571,0.785714285714285,0.799999999999999,0.814285714285713,
0.828571428571428,0.842857142857142,0.857142857142856,0.87142857142857,
0.885714285714284,0.899999999999999,0.914285714285713,0.928571428571427,
0.942857142857141,0.957142857142856,0.97142857142857,0.985714285714284,
1.),.UNSPECIFIED.)
CURVE()
GEOMETRIC_REPRESENTATION_ITEM()
RATIONAL_B_SPLINE_CURVE((1.,1.,1.,1.,1.,1.,1.,1.,1.,1.,1.,1.,1.,1.,1.,1.,
1.,1.,1.,1.,1.,1.,1.,1.,1.,1.,1.,1.,1.,1.,1.,1.,1.,1.,1.,1.,1.,1.,1.,1.,
1.,1.,1.,1.,1.,1.,1.,1.,1.,1.,1.,1.,1.,1.,1.,1.,1.,1.,1.,1.,1.,1.,1.,1.,
1.,1.,1.,1.,1.,1.,1.,1.,1.,1.,1.))
REPRESENTATION_ITEM('')
);
#43=(
BOUNDED_CURVE()
B_SPLINE_CURVE(5,(#2174,#2175,#2176,#2177,#2178,#2179,#2180,#2181,#2182,
#2183,#2184,#2185,#2186,#2187,#2188,#2189,#2190,#2191,#2192,#2193,#2194,
#2195,#2196,#2197,#2198,#2199,#2200,#2201,#2202,#2203,#2204,#2205,#2206,
#2207,#2208,#2209,#2210,#2211,#2212,#2213,#2214,#2215,#2216,#2217,#2218,
#2219,#2220,#2221,#2222,#2223,#2224,#2225,#2226,#2227,#2228,#2229,#2230,
#2231,#2232,#2233,#2234,#2235,#2236,#2237,#2238,#2239,#2240,#2241,#2242,
#2243,#2244,#2245,#2246,#2247,#2248),.UNSPECIFIED.,.F.,.F.)
B_SPLINE_CURVE_WITH_KNOTS((6,1,1,1,1,1,1,1,1,1,1,1,1,1,1,1,1,1,1,1,1,1,
1,1,1,1,1,1,1,1,1,1,1,1,1,1,1,1,1,1,1,1,1,1,1,1,1,1,1,1,1,1,1,1,1,1,1,1,
1,1,1,1,1,1,1,1,1,1,1,1,6),(0.,0.0142857142857143,0.0285714285714286,0.0428571428571429,
0.0571428571428571,0.0714285714285714,0.0857142857142857,0.1,0.114285714285714,
0.128571428571429,0.142857142857143,0.157142857142857,0.171428571428571,
0.185714285714286,0.2,0.214285714285714,0.228571428571429,0.242857142857143,
0.257142857142857,0.271428571428571,0.285714285714286,0.3,0.314285714285714,
0.328571428571429,0.342857142857143,0.357142857142857,0.371428571428571,
0.385714285714286,0.4,0.414285714285714,0.428571428571429,0.442857142857143,
0.457142857142857,0.471428571428572,0.485714285714286,0.5,0.514285714285714,
0.528571428571429,0.542857142857143,0.557142857142857,0.571428571428571,
0.585714285714286,0.6,0.614285714285714,0.628571428571428,0.642857142857142,
0.657142857142857,0.671428571428571,0.685714285714285,0.699999999999999,
0.714285714285714,0.728571428571428,0.742857142857142,0.757142857142856,
0.771428571428571,0.785714285714285,0.799999999999999,0.814285714285713,
0.828571428571428,0.842857142857142,0.857142857142856,0.87142857142857,
0.885714285714284,0.899999999999999,0.914285714285713,0.928571428571427,
0.942857142857141,0.957142857142856,0.97142857142857,0.985714285714284,
1.),.UNSPECIFIED.)
CURVE()
GEOMETRIC_REPRESENTATION_ITEM()
RATIONAL_B_SPLINE_CURVE((1.,1.,1.,1.,1.,1.,1.,1.,1.,1.,1.,1.,1.,1.,1.,1.,
1.,1.,1.,1.,1.,1.,1.,1.,1.,1.,1.,1.,1.,1.,1.,1.,1.,1.,1.,1.,1.,1.,1.,1.,
1.,1.,1.,1.,1.,1.,1.,1.,1.,1.,1.,1.,1.,1.,1.,1.,1.,1.,1.,1.,1.,1.,1.,1.,
1.,1.,1.,1.,1.,1.,1.,1.,1.,1.,1.))
REPRESENTATION_ITEM('')
);
#44=(
BOUNDED_CURVE()
B_SPLINE_CURVE(5,(#2252,#2253,#2254,#2255,#2256,#2257,#2258,#2259,#2260,
#2261,#2262,#2263,#2264,#2265,#2266,#2267,#2268,#2269,#2270,#2271,#2272,
#2273,#2274,#2275,#2276,#2277,#2278,#2279,#2280,#2281,#2282,#2283,#2284,
#2285,#2286,#2287,#2288,#2289,#2290,#2291,#2292,#2293,#2294,#2295,#2296,
#2297,#2298,#2299,#2300,#2301,#2302,#2303,#2304,#2305,#2306,#2307,#2308,
#2309,#2310,#2311,#2312,#2313,#2314,#2315,#2316,#2317,#2318,#2319,#2320,
#2321,#2322,#2323,#2324,#2325,#2326),.UNSPECIFIED.,.F.,.F.)
B_SPLINE_CURVE_WITH_KNOTS((6,1,1,1,1,1,1,1,1,1,1,1,1,1,1,1,1,1,1,1,1,1,
1,1,1,1,1,1,1,1,1,1,1,1,1,1,1,1,1,1,1,1,1,1,1,1,1,1,1,1,1,1,1,1,1,1,1,1,
1,1,1,1,1,1,1,1,1,1,1,1,6),(0.,0.0142857142857143,0.0285714285714286,0.0428571428571429,
0.0571428571428571,0.0714285714285714,0.0857142857142857,0.1,0.114285714285714,
0.128571428571429,0.142857142857143,0.157142857142857,0.171428571428571,
0.185714285714286,0.2,0.214285714285714,0.228571428571429,0.242857142857143,
0.257142857142857,0.271428571428571,0.285714285714286,0.3,0.314285714285714,
0.328571428571429,0.342857142857143,0.357142857142857,0.371428571428571,
0.385714285714286,0.4,0.414285714285714,0.428571428571429,0.442857142857143,
0.457142857142857,0.471428571428572,0.485714285714286,0.5,0.514285714285714,
0.528571428571429,0.542857142857143,0.557142857142857,0.571428571428571,
0.585714285714286,0.6,0.614285714285714,0.628571428571428,0.642857142857142,
0.657142857142857,0.671428571428571,0.685714285714285,0.699999999999999,
0.714285714285714,0.728571428571428,0.742857142857142,0.757142857142856,
0.771428571428571,0.785714285714285,0.799999999999999,0.814285714285713,
0.828571428571428,0.842857142857142,0.857142857142856,0.87142857142857,
0.885714285714284,0.899999999999999,0.914285714285713,0.928571428571427,
0.942857142857141,0.957142857142856,0.97142857142857,0.985714285714284,
1.),.UNSPECIFIED.)
CURVE()
GEOMETRIC_REPRESENTATION_ITEM()
RATIONAL_B_SPLINE_CURVE((1.,1.,1.,1.,1.,1.,1.,1.,1.,1.,1.,1.,1.,1.,1.,1.,
1.,1.,1.,1.,1.,1.,1.,1.,1.,1.,1.,1.,1.,1.,1.,1.,1.,1.,1.,1.,1.,1.,1.,1.,
1.,1.,1.,1.,1.,1.,1.,1.,1.,1.,1.,1.,1.,1.,1.,1.,1.,1.,1.,1.,1.,1.,1.,1.,
1.,1.,1.,1.,1.,1.,1.,1.,1.,1.,1.))
REPRESENTATION_ITEM('')
);
#45=(
BOUNDED_CURVE()
B_SPLINE_CURVE(5,(#2338,#2339,#2340,#2341,#2342,#2343,#2344,#2345,#2346,
#2347,#2348,#2349,#2350,#2351,#2352,#2353,#2354,#2355,#2356,#2357,#2358,
#2359,#2360,#2361,#2362,#2363,#2364,#2365,#2366,#2367,#2368,#2369,#2370,
#2371,#2372,#2373,#2374,#2375,#2376,#2377,#2378,#2379,#2380,#2381,#2382,
#2383,#2384,#2385,#2386,#2387,#2388,#2389,#2390,#2391,#2392,#2393,#2394,
#2395,#2396,#2397,#2398,#2399,#2400,#2401,#2402,#2403,#2404,#2405,#2406,
#2407,#2408,#2409,#2410,#2411,#2412),.UNSPECIFIED.,.F.,.F.)
B_SPLINE_CURVE_WITH_KNOTS((6,1,1,1,1,1,1,1,1,1,1,1,1,1,1,1,1,1,1,1,1,1,
1,1,1,1,1,1,1,1,1,1,1,1,1,1,1,1,1,1,1,1,1,1,1,1,1,1,1,1,1,1,1,1,1,1,1,1,
1,1,1,1,1,1,1,1,1,1,1,1,6),(0.,0.0142857142857143,0.0285714285714286,0.0428571428571429,
0.0571428571428571,0.0714285714285714,0.0857142857142857,0.1,0.114285714285714,
0.128571428571429,0.142857142857143,0.157142857142857,0.171428571428571,
0.185714285714286,0.2,0.214285714285714,0.228571428571429,0.242857142857143,
0.257142857142857,0.271428571428571,0.285714285714286,0.3,0.314285714285714,
0.328571428571429,0.342857142857143,0.357142857142857,0.371428571428571,
0.385714285714286,0.4,0.414285714285714,0.428571428571429,0.442857142857143,
0.457142857142857,0.471428571428572,0.485714285714286,0.5,0.514285714285714,
0.528571428571429,0.542857142857143,0.557142857142857,0.571428571428571,
0.585714285714286,0.6,0.614285714285714,0.628571428571428,0.642857142857142,
0.657142857142857,0.671428571428571,0.685714285714285,0.699999999999999,
0.714285714285714,0.728571428571428,0.742857142857142,0.757142857142856,
0.771428571428571,0.785714285714285,0.799999999999999,0.814285714285713,
0.828571428571428,0.842857142857142,0.857142857142856,0.87142857142857,
0.885714285714284,0.899999999999999,0.914285714285713,0.928571428571427,
0.942857142857141,0.957142857142856,0.97142857142857,0.985714285714284,
1.),.UNSPECIFIED.)
CURVE()
GEOMETRIC_REPRESENTATION_ITEM()
RATIONAL_B_SPLINE_CURVE((1.,1.,1.,1.,1.,1.,1.,1.,1.,1.,1.,1.,1.,1.,1.,1.,
1.,1.,1.,1.,1.,1.,1.,1.,1.,1.,1.,1.,1.,1.,1.,1.,1.,1.,1.,1.,1.,1.,1.,1.,
1.,1.,1.,1.,1.,1.,1.,1.,1.,1.,1.,1.,1.,1.,1.,1.,1.,1.,1.,1.,1.,1.,1.,1.,
1.,1.,1.,1.,1.,1.,1.,1.,1.,1.,1.))
REPRESENTATION_ITEM('')
);
#46=(
BOUNDED_CURVE()
B_SPLINE_CURVE(5,(#2416,#2417,#2418,#2419,#2420,#2421,#2422,#2423,#2424,
#2425,#2426,#2427,#2428,#2429,#2430,#2431,#2432,#2433,#2434,#2435,#2436,
#2437,#2438,#2439,#2440,#2441,#2442,#2443,#2444,#2445,#2446,#2447,#2448,
#2449,#2450,#2451,#2452,#2453,#2454,#2455,#2456,#2457,#2458,#2459,#2460,
#2461,#2462,#2463,#2464,#2465,#2466,#2467,#2468,#2469,#2470,#2471,#2472,
#2473,#2474,#2475,#2476,#2477,#2478,#2479,#2480,#2481,#2482,#2483,#2484,
#2485,#2486,#2487,#2488,#2489,#2490),.UNSPECIFIED.,.F.,.F.)
B_SPLINE_CURVE_WITH_KNOTS((6,1,1,1,1,1,1,1,1,1,1,1,1,1,1,1,1,1,1,1,1,1,
1,1,1,1,1,1,1,1,1,1,1,1,1,1,1,1,1,1,1,1,1,1,1,1,1,1,1,1,1,1,1,1,1,1,1,1,
1,1,1,1,1,1,1,1,1,1,1,1,6),(0.,0.0142857142857143,0.0285714285714286,0.0428571428571429,
0.0571428571428571,0.0714285714285714,0.0857142857142857,0.1,0.114285714285714,
0.128571428571429,0.142857142857143,0.157142857142857,0.171428571428571,
0.185714285714286,0.2,0.214285714285714,0.228571428571429,0.242857142857143,
0.257142857142857,0.271428571428571,0.285714285714286,0.3,0.314285714285714,
0.328571428571429,0.342857142857143,0.357142857142857,0.371428571428571,
0.385714285714286,0.4,0.414285714285714,0.428571428571429,0.442857142857143,
0.457142857142857,0.471428571428572,0.485714285714286,0.5,0.514285714285714,
0.528571428571429,0.542857142857143,0.557142857142857,0.571428571428571,
0.585714285714286,0.6,0.614285714285714,0.628571428571428,0.642857142857142,
0.657142857142857,0.671428571428571,0.685714285714285,0.699999999999999,
0.714285714285714,0.728571428571428,0.742857142857142,0.757142857142856,
0.771428571428571,0.785714285714285,0.799999999999999,0.814285714285713,
0.828571428571428,0.842857142857142,0.857142857142856,0.87142857142857,
0.885714285714284,0.899999999999999,0.914285714285713,0.928571428571427,
0.942857142857141,0.957142857142856,0.97142857142857,0.985714285714284,
1.),.UNSPECIFIED.)
CURVE()
GEOMETRIC_REPRESENTATION_ITEM()
RATIONAL_B_SPLINE_CURVE((1.,1.,1.,1.,1.,1.,1.,1.,1.,1.,1.,1.,1.,1.,1.,1.,
1.,1.,1.,1.,1.,1.,1.,1.,1.,1.,1.,1.,1.,1.,1.,1.,1.,1.,1.,1.,1.,1.,1.,1.,
1.,1.,1.,1.,1.,1.,1.,1.,1.,1.,1.,1.,1.,1.,1.,1.,1.,1.,1.,1.,1.,1.,1.,1.,
1.,1.,1.,1.,1.,1.,1.,1.,1.,1.,1.))
REPRESENTATION_ITEM('')
);
#47=(
BOUNDED_CURVE()
B_SPLINE_CURVE(5,(#2502,#2503,#2504,#2505,#2506,#2507,#2508,#2509,#2510,
#2511,#2512,#2513,#2514,#2515,#2516,#2517,#2518,#2519,#2520,#2521,#2522,
#2523,#2524,#2525,#2526,#2527,#2528,#2529,#2530,#2531,#2532,#2533,#2534,
#2535,#2536,#2537,#2538,#2539,#2540,#2541,#2542,#2543,#2544,#2545,#2546,
#2547,#2548,#2549,#2550,#2551,#2552,#2553,#2554,#2555,#2556,#2557,#2558,
#2559,#2560,#2561,#2562,#2563,#2564,#2565,#2566,#2567,#2568,#2569,#2570,
#2571,#2572,#2573,#2574,#2575,#2576),.UNSPECIFIED.,.F.,.F.)
B_SPLINE_CURVE_WITH_KNOTS((6,1,1,1,1,1,1,1,1,1,1,1,1,1,1,1,1,1,1,1,1,1,
1,1,1,1,1,1,1,1,1,1,1,1,1,1,1,1,1,1,1,1,1,1,1,1,1,1,1,1,1,1,1,1,1,1,1,1,
1,1,1,1,1,1,1,1,1,1,1,1,6),(0.,0.0142857142857143,0.0285714285714286,0.0428571428571429,
0.0571428571428571,0.0714285714285714,0.0857142857142857,0.1,0.114285714285714,
0.128571428571429,0.142857142857143,0.157142857142857,0.171428571428571,
0.185714285714286,0.2,0.214285714285714,0.228571428571429,0.242857142857143,
0.257142857142857,0.271428571428571,0.285714285714286,0.3,0.314285714285714,
0.328571428571429,0.342857142857143,0.357142857142857,0.371428571428571,
0.385714285714286,0.4,0.414285714285714,0.428571428571429,0.442857142857143,
0.457142857142857,0.471428571428572,0.485714285714286,0.5,0.514285714285714,
0.528571428571429,0.542857142857143,0.557142857142857,0.571428571428571,
0.585714285714286,0.6,0.614285714285714,0.628571428571428,0.642857142857142,
0.657142857142857,0.671428571428571,0.685714285714285,0.699999999999999,
0.714285714285714,0.728571428571428,0.742857142857142,0.757142857142856,
0.771428571428571,0.785714285714285,0.799999999999999,0.814285714285713,
0.828571428571428,0.842857142857142,0.857142857142856,0.87142857142857,
0.885714285714284,0.899999999999999,0.914285714285713,0.928571428571427,
0.942857142857141,0.957142857142856,0.97142857142857,0.985714285714284,
1.),.UNSPECIFIED.)
CURVE()
GEOMETRIC_REPRESENTATION_ITEM()
RATIONAL_B_SPLINE_CURVE((1.,1.,1.,1.,1.,1.,1.,1.,1.,1.,1.,1.,1.,1.,1.,1.,
1.,1.,1.,1.,1.,1.,1.,1.,1.,1.,1.,1.,1.,1.,1.,1.,1.,1.,1.,1.,1.,1.,1.,1.,
1.,1.,1.,1.,1.,1.,1.,1.,1.,1.,1.,1.,1.,1.,1.,1.,1.,1.,1.,1.,1.,1.,1.,1.,
1.,1.,1.,1.,1.,1.,1.,1.,1.,1.,1.))
REPRESENTATION_ITEM('')
);
#48=(
BOUNDED_CURVE()
B_SPLINE_CURVE(5,(#2580,#2581,#2582,#2583,#2584,#2585,#2586,#2587,#2588,
#2589,#2590,#2591,#2592,#2593,#2594,#2595,#2596,#2597,#2598,#2599,#2600,
#2601,#2602,#2603,#2604,#2605,#2606,#2607,#2608,#2609,#2610,#2611,#2612,
#2613,#2614,#2615,#2616,#2617,#2618,#2619,#2620,#2621,#2622,#2623,#2624,
#2625,#2626,#2627,#2628,#2629,#2630,#2631,#2632,#2633,#2634,#2635,#2636,
#2637,#2638,#2639,#2640,#2641,#2642,#2643,#2644,#2645,#2646,#2647,#2648,
#2649,#2650,#2651,#2652,#2653,#2654),.UNSPECIFIED.,.F.,.F.)
B_SPLINE_CURVE_WITH_KNOTS((6,1,1,1,1,1,1,1,1,1,1,1,1,1,1,1,1,1,1,1,1,1,
1,1,1,1,1,1,1,1,1,1,1,1,1,1,1,1,1,1,1,1,1,1,1,1,1,1,1,1,1,1,1,1,1,1,1,1,
1,1,1,1,1,1,1,1,1,1,1,1,6),(0.,0.0142857142857143,0.0285714285714286,0.0428571428571429,
0.0571428571428571,0.0714285714285714,0.0857142857142857,0.1,0.114285714285714,
0.128571428571429,0.142857142857143,0.157142857142857,0.171428571428571,
0.185714285714286,0.2,0.214285714285714,0.228571428571429,0.242857142857143,
0.257142857142857,0.271428571428571,0.285714285714286,0.3,0.314285714285714,
0.328571428571429,0.342857142857143,0.357142857142857,0.371428571428571,
0.385714285714286,0.4,0.414285714285714,0.428571428571429,0.442857142857143,
0.457142857142857,0.471428571428572,0.485714285714286,0.5,0.514285714285714,
0.528571428571429,0.542857142857143,0.557142857142857,0.571428571428571,
0.585714285714286,0.6,0.614285714285714,0.628571428571428,0.642857142857142,
0.657142857142857,0.671428571428571,0.685714285714285,0.699999999999999,
0.714285714285714,0.728571428571428,0.742857142857142,0.757142857142856,
0.771428571428571,0.785714285714285,0.799999999999999,0.814285714285713,
0.828571428571428,0.842857142857142,0.857142857142856,0.87142857142857,
0.885714285714284,0.899999999999999,0.914285714285713,0.928571428571427,
0.942857142857141,0.957142857142856,0.97142857142857,0.985714285714284,
1.),.UNSPECIFIED.)
CURVE()
GEOMETRIC_REPRESENTATION_ITEM()
RATIONAL_B_SPLINE_CURVE((1.,1.,1.,1.,1.,1.,1.,1.,1.,1.,1.,1.,1.,1.,1.,1.,
1.,1.,1.,1.,1.,1.,1.,1.,1.,1.,1.,1.,1.,1.,1.,1.,1.,1.,1.,1.,1.,1.,1.,1.,
1.,1.,1.,1.,1.,1.,1.,1.,1.,1.,1.,1.,1.,1.,1.,1.,1.,1.,1.,1.,1.,1.,1.,1.,
1.,1.,1.,1.,1.,1.,1.,1.,1.,1.,1.))
REPRESENTATION_ITEM('')
);
#49=(
BOUNDED_CURVE()
B_SPLINE_CURVE(5,(#2679,#2680,#2681,#2682,#2683,#2684,#2685,#2686,#2687,
#2688,#2689,#2690,#2691,#2692,#2693,#2694,#2695,#2696,#2697,#2698,#2699,
#2700,#2701,#2702,#2703,#2704,#2705,#2706,#2707,#2708,#2709,#2710,#2711,
#2712,#2713,#2714,#2715,#2716,#2717,#2718,#2719,#2720,#2721,#2722,#2723,
#2724,#2725,#2726,#2727,#2728,#2729,#2730,#2731,#2732,#2733,#2734,#2735,
#2736,#2737,#2738,#2739,#2740,#2741,#2742,#2743,#2744,#2745,#2746,#2747,
#2748,#2749,#2750,#2751,#2752,#2753),.UNSPECIFIED.,.F.,.F.)
B_SPLINE_CURVE_WITH_KNOTS((6,1,1,1,1,1,1,1,1,1,1,1,1,1,1,1,1,1,1,1,1,1,
1,1,1,1,1,1,1,1,1,1,1,1,1,1,1,1,1,1,1,1,1,1,1,1,1,1,1,1,1,1,1,1,1,1,1,1,
1,1,1,1,1,1,1,1,1,1,1,1,6),(0.,0.0142857142857143,0.0285714285714286,0.0428571428571429,
0.0571428571428571,0.0714285714285714,0.0857142857142857,0.1,0.114285714285714,
0.128571428571429,0.142857142857143,0.157142857142857,0.171428571428571,
0.185714285714286,0.2,0.214285714285714,0.228571428571429,0.242857142857143,
0.257142857142857,0.271428571428571,0.285714285714286,0.3,0.314285714285714,
0.328571428571429,0.342857142857143,0.357142857142857,0.371428571428571,
0.385714285714286,0.4,0.414285714285714,0.428571428571429,0.442857142857143,
0.457142857142857,0.471428571428572,0.485714285714286,0.5,0.514285714285714,
0.528571428571429,0.542857142857143,0.557142857142857,0.571428571428571,
0.585714285714286,0.6,0.614285714285714,0.628571428571428,0.642857142857142,
0.657142857142857,0.671428571428571,0.685714285714285,0.699999999999999,
0.714285714285714,0.728571428571428,0.742857142857142,0.757142857142856,
0.771428571428571,0.785714285714285,0.799999999999999,0.814285714285713,
0.828571428571428,0.842857142857142,0.857142857142856,0.87142857142857,
0.885714285714284,0.899999999999999,0.914285714285713,0.928571428571427,
0.942857142857141,0.957142857142856,0.97142857142857,0.985714285714284,
1.),.UNSPECIFIED.)
CURVE()
GEOMETRIC_REPRESENTATION_ITEM()
RATIONAL_B_SPLINE_CURVE((1.,1.,1.,1.,1.,1.,1.,1.,1.,1.,1.,1.,1.,1.,1.,1.,
1.,1.,1.,1.,1.,1.,1.,1.,1.,1.,1.,1.,1.,1.,1.,1.,1.,1.,1.,1.,1.,1.,1.,1.,
1.,1.,1.,1.,1.,1.,1.,1.,1.,1.,1.,1.,1.,1.,1.,1.,1.,1.,1.,1.,1.,1.,1.,1.,
1.,1.,1.,1.,1.,1.,1.,1.,1.,1.,1.))
REPRESENTATION_ITEM('')
);
#50=(
BOUNDED_CURVE()
B_SPLINE_CURVE(5,(#2757,#2758,#2759,#2760,#2761,#2762,#2763,#2764,#2765,
#2766,#2767,#2768,#2769,#2770,#2771,#2772,#2773,#2774,#2775,#2776,#2777,
#2778,#2779,#2780,#2781,#2782,#2783,#2784,#2785,#2786,#2787,#2788,#2789,
#2790,#2791,#2792,#2793,#2794,#2795,#2796,#2797,#2798,#2799,#2800,#2801,
#2802,#2803,#2804,#2805,#2806,#2807,#2808,#2809,#2810,#2811,#2812,#2813,
#2814,#2815,#2816,#2817,#2818,#2819,#2820,#2821,#2822,#2823,#2824,#2825,
#2826,#2827,#2828,#2829,#2830,#2831),.UNSPECIFIED.,.F.,.F.)
B_SPLINE_CURVE_WITH_KNOTS((6,1,1,1,1,1,1,1,1,1,1,1,1,1,1,1,1,1,1,1,1,1,
1,1,1,1,1,1,1,1,1,1,1,1,1,1,1,1,1,1,1,1,1,1,1,1,1,1,1,1,1,1,1,1,1,1,1,1,
1,1,1,1,1,1,1,1,1,1,1,1,6),(-1.,-0.985714285714284,-0.97142857142857,-0.957142857142856,
-0.942857142857141,-0.928571428571427,-0.914285714285713,-0.899999999999999,
-0.885714285714284,-0.87142857142857,-0.857142857142856,-0.842857142857142,
-0.828571428571428,-0.814285714285713,-0.799999999999999,-0.785714285714285,
-0.771428571428571,-0.757142857142856,-0.742857142857142,-0.728571428571428,
-0.714285714285714,-0.699999999999999,-0.685714285714285,-0.671428571428571,
-0.657142857142857,-0.642857142857142,-0.628571428571428,-0.614285714285714,
-0.6,-0.585714285714286,-0.571428571428571,-0.557142857142857,-0.542857142857143,
-0.528571428571429,-0.514285714285714,-0.5,-0.485714285714286,-0.471428571428572,
-0.457142857142857,-0.442857142857143,-0.428571428571429,-0.414285714285714,
-0.4,-0.385714285714286,-0.371428571428571,-0.357142857142857,-0.342857142857143,
-0.328571428571429,-0.314285714285714,-0.3,-0.285714285714286,-0.271428571428571,
-0.257142857142857,-0.242857142857143,-0.228571428571429,-0.214285714285714,
-0.2,-0.185714285714286,-0.171428571428571,-0.157142857142857,-0.142857142857143,
-0.128571428571429,-0.114285714285714,-0.1,-0.0857142857142857,-0.0714285714285714,
-0.0571428571428571,-0.0428571428571429,-0.0285714285714286,-0.0142857142857143,
0.),.UNSPECIFIED.)
CURVE()
GEOMETRIC_REPRESENTATION_ITEM()
RATIONAL_B_SPLINE_CURVE((1.,1.,1.,1.,1.,1.,1.,1.,1.,1.,1.,1.,1.,1.,1.,1.,
1.,1.,1.,1.,1.,1.,1.,1.,1.,1.,1.,1.,1.,1.,1.,1.,1.,1.,1.,1.,1.,1.,1.,1.,
1.,1.,1.,1.,1.,1.,1.,1.,1.,1.,1.,1.,1.,1.,1.,1.,1.,1.,1.,1.,1.,1.,1.,1.,
1.,1.,1.,1.,1.,1.,1.,1.,1.,1.,1.))
REPRESENTATION_ITEM('')
);
#51=(
BOUNDED_CURVE()
B_SPLINE_CURVE(5,(#2843,#2844,#2845,#2846,#2847,#2848,#2849,#2850,#2851,
#2852,#2853,#2854,#2855,#2856,#2857,#2858,#2859,#2860,#2861,#2862,#2863,
#2864,#2865,#2866,#2867,#2868,#2869,#2870,#2871,#2872,#2873,#2874,#2875,
#2876,#2877,#2878,#2879,#2880,#2881,#2882,#2883,#2884,#2885,#2886,#2887,
#2888,#2889,#2890,#2891,#2892,#2893,#2894,#2895,#2896,#2897,#2898,#2899,
#2900,#2901,#2902,#2903,#2904,#2905,#2906,#2907,#2908,#2909,#2910,#2911,
#2912,#2913,#2914,#2915,#2916,#2917),.UNSPECIFIED.,.F.,.F.)
B_SPLINE_CURVE_WITH_KNOTS((6,1,1,1,1,1,1,1,1,1,1,1,1,1,1,1,1,1,1,1,1,1,
1,1,1,1,1,1,1,1,1,1,1,1,1,1,1,1,1,1,1,1,1,1,1,1,1,1,1,1,1,1,1,1,1,1,1,1,
1,1,1,1,1,1,1,1,1,1,1,1,6),(0.,0.0142857142857143,0.0285714285714286,0.0428571428571429,
0.0571428571428571,0.0714285714285714,0.0857142857142857,0.1,0.114285714285714,
0.128571428571429,0.142857142857143,0.157142857142857,0.171428571428571,
0.185714285714286,0.2,0.214285714285714,0.228571428571429,0.242857142857143,
0.257142857142857,0.271428571428571,0.285714285714286,0.3,0.314285714285714,
0.328571428571429,0.342857142857143,0.357142857142857,0.371428571428571,
0.385714285714286,0.4,0.414285714285714,0.428571428571429,0.442857142857143,
0.457142857142857,0.471428571428572,0.485714285714286,0.5,0.514285714285714,
0.528571428571429,0.542857142857143,0.557142857142857,0.571428571428571,
0.585714285714286,0.6,0.614285714285714,0.628571428571428,0.642857142857142,
0.657142857142857,0.671428571428571,0.685714285714285,0.699999999999999,
0.714285714285714,0.728571428571428,0.742857142857142,0.757142857142856,
0.771428571428571,0.785714285714285,0.799999999999999,0.814285714285713,
0.828571428571428,0.842857142857142,0.857142857142856,0.87142857142857,
0.885714285714284,0.899999999999999,0.914285714285713,0.928571428571427,
0.942857142857141,0.957142857142856,0.97142857142857,0.985714285714284,
1.),.UNSPECIFIED.)
CURVE()
GEOMETRIC_REPRESENTATION_ITEM()
RATIONAL_B_SPLINE_CURVE((1.,1.,1.,1.,1.,1.,1.,1.,1.,1.,1.,1.,1.,1.,1.,1.,
1.,1.,1.,1.,1.,1.,1.,1.,1.,1.,1.,1.,1.,1.,1.,1.,1.,1.,1.,1.,1.,1.,1.,1.,
1.,1.,1.,1.,1.,1.,1.,1.,1.,1.,1.,1.,1.,1.,1.,1.,1.,1.,1.,1.,1.,1.,1.,1.,
1.,1.,1.,1.,1.,1.,1.,1.,1.,1.,1.))
REPRESENTATION_ITEM('')
);
#52=(
BOUNDED_CURVE()
B_SPLINE_CURVE(5,(#2921,#2922,#2923,#2924,#2925,#2926,#2927,#2928,#2929,
#2930,#2931,#2932,#2933,#2934,#2935,#2936,#2937,#2938,#2939,#2940,#2941,
#2942,#2943,#2944,#2945,#2946,#2947,#2948,#2949,#2950,#2951,#2952,#2953,
#2954,#2955,#2956,#2957,#2958,#2959,#2960,#2961,#2962,#2963,#2964,#2965,
#2966,#2967,#2968,#2969,#2970,#2971,#2972,#2973,#2974,#2975,#2976,#2977,
#2978,#2979,#2980,#2981,#2982,#2983,#2984,#2985,#2986,#2987,#2988,#2989,
#2990,#2991,#2992,#2993,#2994,#2995),.UNSPECIFIED.,.F.,.F.)
B_SPLINE_CURVE_WITH_KNOTS((6,1,1,1,1,1,1,1,1,1,1,1,1,1,1,1,1,1,1,1,1,1,
1,1,1,1,1,1,1,1,1,1,1,1,1,1,1,1,1,1,1,1,1,1,1,1,1,1,1,1,1,1,1,1,1,1,1,1,
1,1,1,1,1,1,1,1,1,1,1,1,6),(-1.,-0.985714285714284,-0.97142857142857,-0.957142857142856,
-0.942857142857141,-0.928571428571427,-0.914285714285713,-0.899999999999999,
-0.885714285714284,-0.87142857142857,-0.857142857142856,-0.842857142857142,
-0.828571428571428,-0.814285714285713,-0.799999999999999,-0.785714285714285,
-0.771428571428571,-0.757142857142856,-0.742857142857142,-0.728571428571428,
-0.714285714285714,-0.699999999999999,-0.685714285714285,-0.671428571428571,
-0.657142857142857,-0.642857142857142,-0.628571428571428,-0.614285714285714,
-0.6,-0.585714285714286,-0.571428571428571,-0.557142857142857,-0.542857142857143,
-0.528571428571429,-0.514285714285714,-0.5,-0.485714285714286,-0.471428571428572,
-0.457142857142857,-0.442857142857143,-0.428571428571429,-0.414285714285714,
-0.4,-0.385714285714286,-0.371428571428571,-0.357142857142857,-0.342857142857143,
-0.328571428571429,-0.314285714285714,-0.3,-0.285714285714286,-0.271428571428571,
-0.257142857142857,-0.242857142857143,-0.228571428571429,-0.214285714285714,
-0.2,-0.185714285714286,-0.171428571428571,-0.157142857142857,-0.142857142857143,
-0.128571428571429,-0.114285714285714,-0.1,-0.0857142857142857,-0.0714285714285714,
-0.0571428571428571,-0.0428571428571429,-0.0285714285714286,-0.0142857142857143,
0.),.UNSPECIFIED.)
CURVE()
GEOMETRIC_REPRESENTATION_ITEM()
RATIONAL_B_SPLINE_CURVE((1.,1.,1.,1.,1.,1.,1.,1.,1.,1.,1.,1.,1.,1.,1.,1.,
1.,1.,1.,1.,1.,1.,1.,1.,1.,1.,1.,1.,1.,1.,1.,1.,1.,1.,1.,1.,1.,1.,1.,1.,
1.,1.,1.,1.,1.,1.,1.,1.,1.,1.,1.,1.,1.,1.,1.,1.,1.,1.,1.,1.,1.,1.,1.,1.,
1.,1.,1.,1.,1.,1.,1.,1.,1.,1.,1.))
REPRESENTATION_ITEM('')
);
#53=(
BOUNDED_CURVE()
B_SPLINE_CURVE(5,(#3007,#3008,#3009,#3010,#3011,#3012,#3013,#3014,#3015,
#3016,#3017,#3018,#3019,#3020,#3021,#3022,#3023,#3024,#3025,#3026,#3027,
#3028,#3029,#3030,#3031,#3032,#3033,#3034,#3035,#3036,#3037,#3038,#3039,
#3040,#3041,#3042,#3043,#3044,#3045,#3046,#3047,#3048,#3049,#3050,#3051,
#3052,#3053,#3054,#3055,#3056,#3057,#3058,#3059,#3060,#3061,#3062,#3063,
#3064,#3065,#3066,#3067,#3068,#3069,#3070,#3071,#3072,#3073,#3074,#3075,
#3076,#3077,#3078,#3079,#3080,#3081),.UNSPECIFIED.,.F.,.F.)
B_SPLINE_CURVE_WITH_KNOTS((6,1,1,1,1,1,1,1,1,1,1,1,1,1,1,1,1,1,1,1,1,1,
1,1,1,1,1,1,1,1,1,1,1,1,1,1,1,1,1,1,1,1,1,1,1,1,1,1,1,1,1,1,1,1,1,1,1,1,
1,1,1,1,1,1,1,1,1,1,1,1,6),(0.,0.0142857142857143,0.0285714285714286,0.0428571428571429,
0.0571428571428571,0.0714285714285714,0.0857142857142857,0.1,0.114285714285714,
0.128571428571429,0.142857142857143,0.157142857142857,0.171428571428571,
0.185714285714286,0.2,0.214285714285714,0.228571428571429,0.242857142857143,
0.257142857142857,0.271428571428571,0.285714285714286,0.3,0.314285714285714,
0.328571428571429,0.342857142857143,0.357142857142857,0.371428571428571,
0.385714285714286,0.4,0.414285714285714,0.428571428571429,0.442857142857143,
0.457142857142857,0.471428571428572,0.485714285714286,0.5,0.514285714285714,
0.528571428571429,0.542857142857143,0.557142857142857,0.571428571428571,
0.585714285714286,0.6,0.614285714285714,0.628571428571428,0.642857142857142,
0.657142857142857,0.671428571428571,0.685714285714285,0.699999999999999,
0.714285714285714,0.728571428571428,0.742857142857142,0.757142857142856,
0.771428571428571,0.785714285714285,0.799999999999999,0.814285714285713,
0.828571428571428,0.842857142857142,0.857142857142856,0.87142857142857,
0.885714285714284,0.899999999999999,0.914285714285713,0.928571428571427,
0.942857142857141,0.957142857142856,0.97142857142857,0.985714285714284,
1.),.UNSPECIFIED.)
CURVE()
GEOMETRIC_REPRESENTATION_ITEM()
RATIONAL_B_SPLINE_CURVE((1.,1.,1.,1.,1.,1.,1.,1.,1.,1.,1.,1.,1.,1.,1.,1.,
1.,1.,1.,1.,1.,1.,1.,1.,1.,1.,1.,1.,1.,1.,1.,1.,1.,1.,1.,1.,1.,1.,1.,1.,
1.,1.,1.,1.,1.,1.,1.,1.,1.,1.,1.,1.,1.,1.,1.,1.,1.,1.,1.,1.,1.,1.,1.,1.,
1.,1.,1.,1.,1.,1.,1.,1.,1.,1.,1.))
REPRESENTATION_ITEM('')
);
#54=(
BOUNDED_CURVE()
B_SPLINE_CURVE(5,(#3085,#3086,#3087,#3088,#3089,#3090,#3091,#3092,#3093,
#3094,#3095,#3096,#3097,#3098,#3099,#3100,#3101,#3102,#3103,#3104,#3105,
#3106,#3107,#3108,#3109,#3110,#3111,#3112,#3113,#3114,#3115,#3116,#3117,
#3118,#3119,#3120,#3121,#3122,#3123,#3124,#3125,#3126,#3127,#3128,#3129,
#3130,#3131,#3132,#3133,#3134,#3135,#3136,#3137,#3138,#3139,#3140,#3141,
#3142,#3143,#3144,#3145,#3146,#3147,#3148,#3149,#3150,#3151,#3152,#3153,
#3154,#3155,#3156,#3157,#3158,#3159),.UNSPECIFIED.,.F.,.F.)
B_SPLINE_CURVE_WITH_KNOTS((6,1,1,1,1,1,1,1,1,1,1,1,1,1,1,1,1,1,1,1,1,1,
1,1,1,1,1,1,1,1,1,1,1,1,1,1,1,1,1,1,1,1,1,1,1,1,1,1,1,1,1,1,1,1,1,1,1,1,
1,1,1,1,1,1,1,1,1,1,1,1,6),(-1.,-0.985714285714284,-0.97142857142857,-0.957142857142856,
-0.942857142857141,-0.928571428571427,-0.914285714285713,-0.899999999999999,
-0.885714285714284,-0.87142857142857,-0.857142857142856,-0.842857142857142,
-0.828571428571428,-0.814285714285713,-0.799999999999999,-0.785714285714285,
-0.771428571428571,-0.757142857142856,-0.742857142857142,-0.728571428571428,
-0.714285714285714,-0.699999999999999,-0.685714285714285,-0.671428571428571,
-0.657142857142857,-0.642857142857142,-0.628571428571428,-0.614285714285714,
-0.6,-0.585714285714286,-0.571428571428571,-0.557142857142857,-0.542857142857143,
-0.528571428571429,-0.514285714285714,-0.5,-0.485714285714286,-0.471428571428572,
-0.457142857142857,-0.442857142857143,-0.428571428571429,-0.414285714285714,
-0.4,-0.385714285714286,-0.371428571428571,-0.357142857142857,-0.342857142857143,
-0.328571428571429,-0.314285714285714,-0.3,-0.285714285714286,-0.271428571428571,
-0.257142857142857,-0.242857142857143,-0.228571428571429,-0.214285714285714,
-0.2,-0.185714285714286,-0.171428571428571,-0.157142857142857,-0.142857142857143,
-0.128571428571429,-0.114285714285714,-0.1,-0.0857142857142857,-0.0714285714285714,
-0.0571428571428571,-0.0428571428571429,-0.0285714285714286,-0.0142857142857143,
0.),.UNSPECIFIED.)
CURVE()
GEOMETRIC_REPRESENTATION_ITEM()
RATIONAL_B_SPLINE_CURVE((1.,1.,1.,1.,1.,1.,1.,1.,1.,1.,1.,1.,1.,1.,1.,1.,
1.,1.,1.,1.,1.,1.,1.,1.,1.,1.,1.,1.,1.,1.,1.,1.,1.,1.,1.,1.,1.,1.,1.,1.,
1.,1.,1.,1.,1.,1.,1.,1.,1.,1.,1.,1.,1.,1.,1.,1.,1.,1.,1.,1.,1.,1.,1.,1.,
1.,1.,1.,1.,1.,1.,1.,1.,1.,1.,1.))
REPRESENTATION_ITEM('')
);
#55=(
BOUNDED_CURVE()
B_SPLINE_CURVE(5,(#3171,#3172,#3173,#3174,#3175,#3176,#3177,#3178,#3179,
#3180,#3181,#3182,#3183,#3184,#3185,#3186,#3187,#3188,#3189,#3190,#3191,
#3192,#3193,#3194,#3195,#3196,#3197,#3198,#3199,#3200,#3201,#3202,#3203,
#3204,#3205,#3206,#3207,#3208,#3209,#3210,#3211,#3212,#3213,#3214,#3215,
#3216,#3217,#3218,#3219,#3220,#3221,#3222,#3223,#3224,#3225,#3226,#3227,
#3228,#3229,#3230,#3231,#3232,#3233,#3234,#3235,#3236,#3237,#3238,#3239,
#3240,#3241,#3242,#3243,#3244,#3245),.UNSPECIFIED.,.F.,.F.)
B_SPLINE_CURVE_WITH_KNOTS((6,1,1,1,1,1,1,1,1,1,1,1,1,1,1,1,1,1,1,1,1,1,
1,1,1,1,1,1,1,1,1,1,1,1,1,1,1,1,1,1,1,1,1,1,1,1,1,1,1,1,1,1,1,1,1,1,1,1,
1,1,1,1,1,1,1,1,1,1,1,1,6),(0.,0.0142857142857143,0.0285714285714286,0.0428571428571429,
0.0571428571428571,0.0714285714285714,0.0857142857142857,0.1,0.114285714285714,
0.128571428571429,0.142857142857143,0.157142857142857,0.171428571428571,
0.185714285714286,0.2,0.214285714285714,0.228571428571429,0.242857142857143,
0.257142857142857,0.271428571428571,0.285714285714286,0.3,0.314285714285714,
0.328571428571429,0.342857142857143,0.357142857142857,0.371428571428571,
0.385714285714286,0.4,0.414285714285714,0.428571428571429,0.442857142857143,
0.457142857142857,0.471428571428572,0.485714285714286,0.5,0.514285714285714,
0.528571428571429,0.542857142857143,0.557142857142857,0.571428571428571,
0.585714285714286,0.6,0.614285714285714,0.628571428571428,0.642857142857142,
0.657142857142857,0.671428571428571,0.685714285714285,0.699999999999999,
0.714285714285714,0.728571428571428,0.742857142857142,0.757142857142856,
0.771428571428571,0.785714285714285,0.799999999999999,0.814285714285713,
0.828571428571428,0.842857142857142,0.857142857142856,0.87142857142857,
0.885714285714284,0.899999999999999,0.914285714285713,0.928571428571427,
0.942857142857141,0.957142857142856,0.97142857142857,0.985714285714284,
1.),.UNSPECIFIED.)
CURVE()
GEOMETRIC_REPRESENTATION_ITEM()
RATIONAL_B_SPLINE_CURVE((1.,1.,1.,1.,1.,1.,1.,1.,1.,1.,1.,1.,1.,1.,1.,1.,
1.,1.,1.,1.,1.,1.,1.,1.,1.,1.,1.,1.,1.,1.,1.,1.,1.,1.,1.,1.,1.,1.,1.,1.,
1.,1.,1.,1.,1.,1.,1.,1.,1.,1.,1.,1.,1.,1.,1.,1.,1.,1.,1.,1.,1.,1.,1.,1.,
1.,1.,1.,1.,1.,1.,1.,1.,1.,1.,1.))
REPRESENTATION_ITEM('')
);
#56=(
BOUNDED_CURVE()
B_SPLINE_CURVE(5,(#3249,#3250,#3251,#3252,#3253,#3254,#3255,#3256,#3257,
#3258,#3259,#3260,#3261,#3262,#3263,#3264,#3265,#3266,#3267,#3268,#3269,
#3270,#3271,#3272,#3273,#3274,#3275,#3276,#3277,#3278,#3279,#3280,#3281,
#3282,#3283,#3284,#3285,#3286,#3287,#3288,#3289,#3290,#3291,#3292,#3293,
#3294,#3295,#3296,#3297,#3298,#3299,#3300,#3301,#3302,#3303,#3304,#3305,
#3306,#3307,#3308,#3309,#3310,#3311,#3312,#3313,#3314,#3315,#3316,#3317,
#3318,#3319,#3320,#3321,#3322,#3323),.UNSPECIFIED.,.F.,.F.)
B_SPLINE_CURVE_WITH_KNOTS((6,1,1,1,1,1,1,1,1,1,1,1,1,1,1,1,1,1,1,1,1,1,
1,1,1,1,1,1,1,1,1,1,1,1,1,1,1,1,1,1,1,1,1,1,1,1,1,1,1,1,1,1,1,1,1,1,1,1,
1,1,1,1,1,1,1,1,1,1,1,1,6),(-1.,-0.985714285714284,-0.97142857142857,-0.957142857142856,
-0.942857142857141,-0.928571428571427,-0.914285714285713,-0.899999999999999,
-0.885714285714284,-0.87142857142857,-0.857142857142856,-0.842857142857142,
-0.828571428571428,-0.814285714285713,-0.799999999999999,-0.785714285714285,
-0.771428571428571,-0.757142857142856,-0.742857142857142,-0.728571428571428,
-0.714285714285714,-0.699999999999999,-0.685714285714285,-0.671428571428571,
-0.657142857142857,-0.642857142857142,-0.628571428571428,-0.614285714285714,
-0.6,-0.585714285714286,-0.571428571428571,-0.557142857142857,-0.542857142857143,
-0.528571428571429,-0.514285714285714,-0.5,-0.485714285714286,-0.471428571428572,
-0.457142857142857,-0.442857142857143,-0.428571428571429,-0.414285714285714,
-0.4,-0.385714285714286,-0.371428571428571,-0.357142857142857,-0.342857142857143,
-0.328571428571429,-0.314285714285714,-0.3,-0.285714285714286,-0.271428571428571,
-0.257142857142857,-0.242857142857143,-0.228571428571429,-0.214285714285714,
-0.2,-0.185714285714286,-0.171428571428571,-0.157142857142857,-0.142857142857143,
-0.128571428571429,-0.114285714285714,-0.1,-0.0857142857142857,-0.0714285714285714,
-0.0571428571428571,-0.0428571428571429,-0.0285714285714286,-0.0142857142857143,
0.),.UNSPECIFIED.)
CURVE()
GEOMETRIC_REPRESENTATION_ITEM()
RATIONAL_B_SPLINE_CURVE((1.,1.,1.,1.,1.,1.,1.,1.,1.,1.,1.,1.,1.,1.,1.,1.,
1.,1.,1.,1.,1.,1.,1.,1.,1.,1.,1.,1.,1.,1.,1.,1.,1.,1.,1.,1.,1.,1.,1.,1.,
1.,1.,1.,1.,1.,1.,1.,1.,1.,1.,1.,1.,1.,1.,1.,1.,1.,1.,1.,1.,1.,1.,1.,1.,
1.,1.,1.,1.,1.,1.,1.,1.,1.,1.,1.))
REPRESENTATION_ITEM('')
);
#57=(
BOUNDED_CURVE()
B_SPLINE_CURVE(5,(#3335,#3336,#3337,#3338,#3339,#3340,#3341,#3342,#3343,
#3344,#3345,#3346,#3347,#3348,#3349,#3350,#3351,#3352,#3353,#3354,#3355,
#3356,#3357,#3358,#3359,#3360,#3361,#3362,#3363,#3364,#3365,#3366,#3367,
#3368,#3369,#3370,#3371,#3372,#3373,#3374,#3375,#3376,#3377,#3378,#3379,
#3380,#3381,#3382,#3383,#3384,#3385,#3386,#3387,#3388,#3389,#3390,#3391,
#3392,#3393,#3394,#3395,#3396,#3397,#3398,#3399,#3400,#3401,#3402,#3403,
#3404,#3405,#3406,#3407,#3408,#3409),.UNSPECIFIED.,.F.,.F.)
B_SPLINE_CURVE_WITH_KNOTS((6,1,1,1,1,1,1,1,1,1,1,1,1,1,1,1,1,1,1,1,1,1,
1,1,1,1,1,1,1,1,1,1,1,1,1,1,1,1,1,1,1,1,1,1,1,1,1,1,1,1,1,1,1,1,1,1,1,1,
1,1,1,1,1,1,1,1,1,1,1,1,6),(0.,0.0142857142857143,0.0285714285714286,0.0428571428571429,
0.0571428571428571,0.0714285714285714,0.0857142857142857,0.1,0.114285714285714,
0.128571428571429,0.142857142857143,0.157142857142857,0.171428571428571,
0.185714285714286,0.2,0.214285714285714,0.228571428571429,0.242857142857143,
0.257142857142857,0.271428571428571,0.285714285714286,0.3,0.314285714285714,
0.328571428571429,0.342857142857143,0.357142857142857,0.371428571428571,
0.385714285714286,0.4,0.414285714285714,0.428571428571429,0.442857142857143,
0.457142857142857,0.471428571428572,0.485714285714286,0.5,0.514285714285714,
0.528571428571429,0.542857142857143,0.557142857142857,0.571428571428571,
0.585714285714286,0.6,0.614285714285714,0.628571428571428,0.642857142857142,
0.657142857142857,0.671428571428571,0.685714285714285,0.699999999999999,
0.714285714285714,0.728571428571428,0.742857142857142,0.757142857142856,
0.771428571428571,0.785714285714285,0.799999999999999,0.814285714285713,
0.828571428571428,0.842857142857142,0.857142857142856,0.87142857142857,
0.885714285714284,0.899999999999999,0.914285714285713,0.928571428571427,
0.942857142857141,0.957142857142856,0.97142857142857,0.985714285714284,
1.),.UNSPECIFIED.)
CURVE()
GEOMETRIC_REPRESENTATION_ITEM()
RATIONAL_B_SPLINE_CURVE((1.,1.,1.,1.,1.,1.,1.,1.,1.,1.,1.,1.,1.,1.,1.,1.,
1.,1.,1.,1.,1.,1.,1.,1.,1.,1.,1.,1.,1.,1.,1.,1.,1.,1.,1.,1.,1.,1.,1.,1.,
1.,1.,1.,1.,1.,1.,1.,1.,1.,1.,1.,1.,1.,1.,1.,1.,1.,1.,1.,1.,1.,1.,1.,1.,
1.,1.,1.,1.,1.,1.,1.,1.,1.,1.,1.))
REPRESENTATION_ITEM('')
);
#58=(
BOUNDED_CURVE()
B_SPLINE_CURVE(5,(#3413,#3414,#3415,#3416,#3417,#3418,#3419,#3420,#3421,
#3422,#3423,#3424,#3425,#3426,#3427,#3428,#3429,#3430,#3431,#3432,#3433,
#3434,#3435,#3436,#3437,#3438,#3439,#3440,#3441,#3442,#3443,#3444,#3445,
#3446,#3447,#3448,#3449,#3450,#3451,#3452,#3453,#3454,#3455,#3456,#3457,
#3458,#3459,#3460,#3461,#3462,#3463,#3464,#3465,#3466,#3467,#3468,#3469,
#3470,#3471,#3472,#3473,#3474,#3475,#3476,#3477,#3478,#3479,#3480,#3481,
#3482,#3483,#3484,#3485,#3486,#3487),.UNSPECIFIED.,.F.,.F.)
B_SPLINE_CURVE_WITH_KNOTS((6,1,1,1,1,1,1,1,1,1,1,1,1,1,1,1,1,1,1,1,1,1,
1,1,1,1,1,1,1,1,1,1,1,1,1,1,1,1,1,1,1,1,1,1,1,1,1,1,1,1,1,1,1,1,1,1,1,1,
1,1,1,1,1,1,1,1,1,1,1,1,6),(-1.,-0.985714285714284,-0.97142857142857,-0.957142857142856,
-0.942857142857141,-0.928571428571427,-0.914285714285713,-0.899999999999999,
-0.885714285714284,-0.87142857142857,-0.857142857142856,-0.842857142857142,
-0.828571428571428,-0.814285714285713,-0.799999999999999,-0.785714285714285,
-0.771428571428571,-0.757142857142856,-0.742857142857142,-0.728571428571428,
-0.714285714285714,-0.699999999999999,-0.685714285714285,-0.671428571428571,
-0.657142857142857,-0.642857142857142,-0.628571428571428,-0.614285714285714,
-0.6,-0.585714285714286,-0.571428571428571,-0.557142857142857,-0.542857142857143,
-0.528571428571429,-0.514285714285714,-0.5,-0.485714285714286,-0.471428571428572,
-0.457142857142857,-0.442857142857143,-0.428571428571429,-0.414285714285714,
-0.4,-0.385714285714286,-0.371428571428571,-0.357142857142857,-0.342857142857143,
-0.328571428571429,-0.314285714285714,-0.3,-0.285714285714286,-0.271428571428571,
-0.257142857142857,-0.242857142857143,-0.228571428571429,-0.214285714285714,
-0.2,-0.185714285714286,-0.171428571428571,-0.157142857142857,-0.142857142857143,
-0.128571428571429,-0.114285714285714,-0.1,-0.0857142857142857,-0.0714285714285714,
-0.0571428571428571,-0.0428571428571429,-0.0285714285714286,-0.0142857142857143,
0.),.UNSPECIFIED.)
CURVE()
GEOMETRIC_REPRESENTATION_ITEM()
RATIONAL_B_SPLINE_CURVE((1.,1.,1.,1.,1.,1.,1.,1.,1.,1.,1.,1.,1.,1.,1.,1.,
1.,1.,1.,1.,1.,1.,1.,1.,1.,1.,1.,1.,1.,1.,1.,1.,1.,1.,1.,1.,1.,1.,1.,1.,
1.,1.,1.,1.,1.,1.,1.,1.,1.,1.,1.,1.,1.,1.,1.,1.,1.,1.,1.,1.,1.,1.,1.,1.,
1.,1.,1.,1.,1.,1.,1.,1.,1.,1.,1.))
REPRESENTATION_ITEM('')
);
#59=(
BOUNDED_CURVE()
B_SPLINE_CURVE(5,(#3499,#3500,#3501,#3502,#3503,#3504,#3505,#3506,#3507,
#3508,#3509,#3510,#3511,#3512,#3513,#3514,#3515,#3516,#3517,#3518,#3519,
#3520,#3521,#3522,#3523,#3524,#3525,#3526,#3527,#3528,#3529,#3530,#3531,
#3532,#3533,#3534,#3535,#3536,#3537,#3538,#3539,#3540,#3541,#3542,#3543,
#3544,#3545,#3546,#3547,#3548,#3549,#3550,#3551,#3552,#3553,#3554,#3555,
#3556,#3557,#3558,#3559,#3560,#3561,#3562,#3563,#3564,#3565,#3566,#3567,
#3568,#3569,#3570,#3571,#3572,#3573),.UNSPECIFIED.,.F.,.F.)
B_SPLINE_CURVE_WITH_KNOTS((6,1,1,1,1,1,1,1,1,1,1,1,1,1,1,1,1,1,1,1,1,1,
1,1,1,1,1,1,1,1,1,1,1,1,1,1,1,1,1,1,1,1,1,1,1,1,1,1,1,1,1,1,1,1,1,1,1,1,
1,1,1,1,1,1,1,1,1,1,1,1,6),(0.,0.0142857142857143,0.0285714285714286,0.0428571428571429,
0.0571428571428571,0.0714285714285714,0.0857142857142857,0.1,0.114285714285714,
0.128571428571429,0.142857142857143,0.157142857142857,0.171428571428571,
0.185714285714286,0.2,0.214285714285714,0.228571428571429,0.242857142857143,
0.257142857142857,0.271428571428571,0.285714285714286,0.3,0.314285714285714,
0.328571428571429,0.342857142857143,0.357142857142857,0.371428571428571,
0.385714285714286,0.4,0.414285714285714,0.428571428571429,0.442857142857143,
0.457142857142857,0.471428571428572,0.485714285714286,0.5,0.514285714285714,
0.528571428571429,0.542857142857143,0.557142857142857,0.571428571428571,
0.585714285714286,0.6,0.614285714285714,0.628571428571428,0.642857142857142,
0.657142857142857,0.671428571428571,0.685714285714285,0.699999999999999,
0.714285714285714,0.728571428571428,0.742857142857142,0.757142857142856,
0.771428571428571,0.785714285714285,0.799999999999999,0.814285714285713,
0.828571428571428,0.842857142857142,0.857142857142856,0.87142857142857,
0.885714285714284,0.899999999999999,0.914285714285713,0.928571428571427,
0.942857142857141,0.957142857142856,0.97142857142857,0.985714285714284,
1.),.UNSPECIFIED.)
CURVE()
GEOMETRIC_REPRESENTATION_ITEM()
RATIONAL_B_SPLINE_CURVE((1.,1.,1.,1.,1.,1.,1.,1.,1.,1.,1.,1.,1.,1.,1.,1.,
1.,1.,1.,1.,1.,1.,1.,1.,1.,1.,1.,1.,1.,1.,1.,1.,1.,1.,1.,1.,1.,1.,1.,1.,
1.,1.,1.,1.,1.,1.,1.,1.,1.,1.,1.,1.,1.,1.,1.,1.,1.,1.,1.,1.,1.,1.,1.,1.,
1.,1.,1.,1.,1.,1.,1.,1.,1.,1.,1.))
REPRESENTATION_ITEM('')
);
#60=(
BOUNDED_CURVE()
B_SPLINE_CURVE(5,(#3577,#3578,#3579,#3580,#3581,#3582,#3583,#3584,#3585,
#3586,#3587,#3588,#3589,#3590,#3591,#3592,#3593,#3594,#3595,#3596,#3597,
#3598,#3599,#3600,#3601,#3602,#3603,#3604,#3605,#3606,#3607,#3608,#3609,
#3610,#3611,#3612,#3613,#3614,#3615,#3616,#3617,#3618,#3619,#3620,#3621,
#3622,#3623,#3624,#3625,#3626,#3627,#3628,#3629,#3630,#3631,#3632,#3633,
#3634,#3635,#3636,#3637,#3638,#3639,#3640,#3641,#3642,#3643,#3644,#3645,
#3646,#3647,#3648,#3649,#3650,#3651),.UNSPECIFIED.,.F.,.F.)
B_SPLINE_CURVE_WITH_KNOTS((6,1,1,1,1,1,1,1,1,1,1,1,1,1,1,1,1,1,1,1,1,1,
1,1,1,1,1,1,1,1,1,1,1,1,1,1,1,1,1,1,1,1,1,1,1,1,1,1,1,1,1,1,1,1,1,1,1,1,
1,1,1,1,1,1,1,1,1,1,1,1,6),(-1.,-0.985714285714284,-0.97142857142857,-0.957142857142856,
-0.942857142857141,-0.928571428571427,-0.914285714285713,-0.899999999999999,
-0.885714285714284,-0.87142857142857,-0.857142857142856,-0.842857142857142,
-0.828571428571428,-0.814285714285713,-0.799999999999999,-0.785714285714285,
-0.771428571428571,-0.757142857142856,-0.742857142857142,-0.728571428571428,
-0.714285714285714,-0.699999999999999,-0.685714285714285,-0.671428571428571,
-0.657142857142857,-0.642857142857142,-0.628571428571428,-0.614285714285714,
-0.6,-0.585714285714286,-0.571428571428571,-0.557142857142857,-0.542857142857143,
-0.528571428571429,-0.514285714285714,-0.5,-0.485714285714286,-0.471428571428572,
-0.457142857142857,-0.442857142857143,-0.428571428571429,-0.414285714285714,
-0.4,-0.385714285714286,-0.371428571428571,-0.357142857142857,-0.342857142857143,
-0.328571428571429,-0.314285714285714,-0.3,-0.285714285714286,-0.271428571428571,
-0.257142857142857,-0.242857142857143,-0.228571428571429,-0.214285714285714,
-0.2,-0.185714285714286,-0.171428571428571,-0.157142857142857,-0.142857142857143,
-0.128571428571429,-0.114285714285714,-0.1,-0.0857142857142857,-0.0714285714285714,
-0.0571428571428571,-0.0428571428571429,-0.0285714285714286,-0.0142857142857143,
0.),.UNSPECIFIED.)
CURVE()
GEOMETRIC_REPRESENTATION_ITEM()
RATIONAL_B_SPLINE_CURVE((1.,1.,1.,1.,1.,1.,1.,1.,1.,1.,1.,1.,1.,1.,1.,1.,
1.,1.,1.,1.,1.,1.,1.,1.,1.,1.,1.,1.,1.,1.,1.,1.,1.,1.,1.,1.,1.,1.,1.,1.,
1.,1.,1.,1.,1.,1.,1.,1.,1.,1.,1.,1.,1.,1.,1.,1.,1.,1.,1.,1.,1.,1.,1.,1.,
1.,1.,1.,1.,1.,1.,1.,1.,1.,1.,1.))
REPRESENTATION_ITEM('')
);
#61=PLANE('',#1215);
#62=PLANE('',#1216);
#63=PLANE('',#1217);
#64=PLANE('',#1244);
#65=PLANE('',#1247);
#66=PLANE('',#1273);
#67=PLANE('',#1274);
#68=PLANE('',#1275);
#69=PLANE('',#1276);
#70=PLANE('',#1279);
#71=PLANE('',#1281);
#72=PLANE('',#1283);
#73=PLANE('',#1285);
#74=PLANE('',#1287);
#75=PLANE('',#1289);
#76=PLANE('',#1291);
#77=PLANE('',#1293);
#78=PLANE('',#1295);
#79=PLANE('',#1297);
#80=PLANE('',#1309);
#81=PLANE('',#1311);
#82=FACE_OUTER_BOUND('',#143,.T.);
#83=FACE_OUTER_BOUND('',#144,.T.);
#84=FACE_OUTER_BOUND('',#145,.T.);
#85=FACE_OUTER_BOUND('',#146,.T.);
#86=FACE_OUTER_BOUND('',#147,.T.);
#87=FACE_OUTER_BOUND('',#149,.T.);
#88=FACE_OUTER_BOUND('',#150,.T.);
#89=FACE_OUTER_BOUND('',#151,.T.);
#90=FACE_OUTER_BOUND('',#153,.T.);
#91=FACE_OUTER_BOUND('',#154,.T.);
#92=FACE_OUTER_BOUND('',#155,.T.);
#93=FACE_OUTER_BOUND('',#156,.T.);
#94=FACE_OUTER_BOUND('',#157,.T.);
#95=FACE_OUTER_BOUND('',#158,.T.);
#96=FACE_OUTER_BOUND('',#159,.T.);
#97=FACE_OUTER_BOUND('',#160,.T.);
#98=FACE_OUTER_BOUND('',#161,.T.);
#99=FACE_OUTER_BOUND('',#162,.T.);
#100=FACE_OUTER_BOUND('',#163,.T.);
#101=FACE_OUTER_BOUND('',#164,.T.);
#102=FACE_OUTER_BOUND('',#165,.T.);
#103=FACE_OUTER_BOUND('',#166,.T.);
#104=FACE_OUTER_BOUND('',#167,.T.);
#105=FACE_OUTER_BOUND('',#168,.T.);
#106=FACE_OUTER_BOUND('',#169,.T.);
#107=FACE_OUTER_BOUND('',#170,.T.);
#108=FACE_OUTER_BOUND('',#171,.T.);
#109=FACE_OUTER_BOUND('',#172,.T.);
#110=FACE_OUTER_BOUND('',#173,.T.);
#111=FACE_OUTER_BOUND('',#174,.T.);
#112=FACE_OUTER_BOUND('',#175,.T.);
#113=FACE_OUTER_BOUND('',#176,.T.);
#114=FACE_OUTER_BOUND('',#177,.T.);
#115=FACE_OUTER_BOUND('',#178,.T.);
#116=FACE_OUTER_BOUND('',#179,.T.);
#117=FACE_OUTER_BOUND('',#180,.T.);
#118=FACE_OUTER_BOUND('',#181,.T.);
#119=FACE_OUTER_BOUND('',#182,.T.);
#120=FACE_OUTER_BOUND('',#183,.T.);
#121=FACE_OUTER_BOUND('',#184,.T.);
#122=FACE_OUTER_BOUND('',#185,.T.);
#123=FACE_OUTER_BOUND('',#186,.T.);
#124=FACE_OUTER_BOUND('',#187,.T.);
#125=FACE_OUTER_BOUND('',#188,.T.);
#126=FACE_OUTER_BOUND('',#189,.T.);
#127=FACE_OUTER_BOUND('',#190,.T.);
#128=FACE_OUTER_BOUND('',#191,.T.);
#129=FACE_OUTER_BOUND('',#192,.T.);
#130=FACE_OUTER_BOUND('',#193,.T.);
#131=FACE_OUTER_BOUND('',#194,.T.);
#132=FACE_OUTER_BOUND('',#195,.T.);
#133=FACE_OUTER_BOUND('',#196,.T.);
#134=FACE_OUTER_BOUND('',#197,.T.);
#135=FACE_OUTER_BOUND('',#198,.T.);
#136=FACE_OUTER_BOUND('',#199,.T.);
#137=FACE_OUTER_BOUND('',#200,.T.);
#138=FACE_OUTER_BOUND('',#201,.T.);
#139=FACE_OUTER_BOUND('',#202,.T.);
#140=FACE_OUTER_BOUND('',#203,.T.);
#141=FACE_OUTER_BOUND('',#204,.T.);
#142=FACE_OUTER_BOUND('',#205,.T.);
#143=EDGE_LOOP('',(#741,#742,#743,#744,#745,#746));
#144=EDGE_LOOP('',(#747,#748,#749,#750,#751,#752));
#145=EDGE_LOOP('',(#753,#754,#755,#756));
#146=EDGE_LOOP('',(#757,#758,#759,#760));
#147=EDGE_LOOP('',(#761,#762,#763,#764,#765,#766,#767,#768,#769,#770,#771,
#772,#773,#774,#775,#776,#777,#778,#779,#780,#781,#782,#783,#784,#785,#786,
#787,#788,#789,#790,#791,#792,#793,#794,#795,#796,#797,#798,#799,#800,#801,
#802,#803,#804,#805,#806,#807,#808,#809,#810,#811,#812,#813,#814,#815));
#148=EDGE_LOOP('',(#816));
#149=EDGE_LOOP('',(#817,#818,#819,#820));
#150=EDGE_LOOP('',(#821,#822,#823,#824));
#151=EDGE_LOOP('',(#825,#826,#827,#828,#829,#830,#831,#832,#833,#834,#835,
#836,#837,#838,#839,#840,#841,#842,#843,#844,#845,#846,#847,#848,#849,#850,
#851,#852,#853,#854,#855,#856,#857,#858,#859,#860,#861,#862,#863,#864,#865,
#866,#867,#868,#869,#870,#871,#872,#873,#874,#875,#876));
#152=EDGE_LOOP('',(#877));
#153=EDGE_LOOP('',(#878,#879,#880,#881,#882));
#154=EDGE_LOOP('',(#883,#884,#885,#886));
#155=EDGE_LOOP('',(#887,#888,#889,#890));
#156=EDGE_LOOP('',(#891,#892,#893,#894));
#157=EDGE_LOOP('',(#895,#896,#897,#898));
#158=EDGE_LOOP('',(#899,#900,#901,#902));
#159=EDGE_LOOP('',(#903,#904,#905,#906));
#160=EDGE_LOOP('',(#907,#908,#909,#910));
#161=EDGE_LOOP('',(#911,#912,#913,#914));
#162=EDGE_LOOP('',(#915,#916,#917,#918));
#163=EDGE_LOOP('',(#919,#920,#921,#922));
#164=EDGE_LOOP('',(#923,#924,#925,#926));
#165=EDGE_LOOP('',(#927,#928,#929,#930));
#166=EDGE_LOOP('',(#931,#932,#933,#934));
#167=EDGE_LOOP('',(#935,#936,#937,#938));
#168=EDGE_LOOP('',(#939,#940,#941,#942));
#169=EDGE_LOOP('',(#943,#944,#945,#946));
#170=EDGE_LOOP('',(#947,#948,#949,#950));
#171=EDGE_LOOP('',(#951,#952,#953,#954));
#172=EDGE_LOOP('',(#955,#956,#957,#958));
#173=EDGE_LOOP('',(#959,#960,#961,#962));
#174=EDGE_LOOP('',(#963,#964,#965,#966));
#175=EDGE_LOOP('',(#967,#968,#969,#970));
#176=EDGE_LOOP('',(#971,#972,#973,#974));
#177=EDGE_LOOP('',(#975,#976,#977,#978));
#178=EDGE_LOOP('',(#979,#980,#981,#982));
#179=EDGE_LOOP('',(#983,#984,#985,#986));
#180=EDGE_LOOP('',(#987,#988,#989,#990));
#181=EDGE_LOOP('',(#991,#992,#993,#994));
#182=EDGE_LOOP('',(#995,#996,#997,#998));
#183=EDGE_LOOP('',(#999,#1000,#1001,#1002));
#184=EDGE_LOOP('',(#1003,#1004,#1005,#1006));
#185=EDGE_LOOP('',(#1007,#1008,#1009,#1010));
#186=EDGE_LOOP('',(#1011,#1012,#1013,#1014));
#187=EDGE_LOOP('',(#1015,#1016,#1017,#1018));
#188=EDGE_LOOP('',(#1019,#1020,#1021,#1022));
#189=EDGE_LOOP('',(#1023,#1024,#1025,#1026));
#190=EDGE_LOOP('',(#1027,#1028,#1029,#1030));
#191=EDGE_LOOP('',(#1031,#1032,#1033,#1034));
#192=EDGE_LOOP('',(#1035,#1036,#1037,#1038));
#193=EDGE_LOOP('',(#1039,#1040,#1041,#1042));
#194=EDGE_LOOP('',(#1043,#1044,#1045,#1046));
#195=EDGE_LOOP('',(#1047,#1048,#1049,#1050));
#196=EDGE_LOOP('',(#1051,#1052,#1053,#1054));
#197=EDGE_LOOP('',(#1055,#1056,#1057,#1058));
#198=EDGE_LOOP('',(#1059,#1060,#1061,#1062));
#199=EDGE_LOOP('',(#1063,#1064,#1065,#1066));
#200=EDGE_LOOP('',(#1067,#1068,#1069,#1070));
#201=EDGE_LOOP('',(#1071,#1072,#1073,#1074));
#202=EDGE_LOOP('',(#1075,#1076,#1077,#1078));
#203=EDGE_LOOP('',(#1079,#1080,#1081,#1082));
#204=EDGE_LOOP('',(#1083,#1084,#1085,#1086));
#205=EDGE_LOOP('',(#1087,#1088,#1089,#1090));
#206=LINE('',#1643,#299);
#207=LINE('',#1645,#300);
#208=LINE('',#1648,#301);
#209=LINE('',#1654,#302);
#210=LINE('',#1658,#303);
#211=LINE('',#1660,#304);
#212=LINE('',#1664,#305);
#213=LINE('',#1666,#306);
#214=LINE('',#1667,#307);
#215=LINE('',#1670,#308);
#216=LINE('',#1672,#309);
#217=LINE('',#1673,#310);
#218=LINE('',#1676,#311);
#219=LINE('',#1680,#312);
#220=LINE('',#1836,#313);
#221=LINE('',#1844,#314);
#222=LINE('',#2000,#315);
#223=LINE('',#2008,#316);
#224=LINE('',#2164,#317);
#225=LINE('',#2172,#318);
#226=LINE('',#2328,#319);
#227=LINE('',#2336,#320);
#228=LINE('',#2492,#321);
#229=LINE('',#2500,#322);
#230=LINE('',#2656,#323);
#231=LINE('',#2662,#324);
#232=LINE('',#2666,#325);
#233=LINE('',#2670,#326);
#234=LINE('',#2677,#327);
#235=LINE('',#2833,#328);
#236=LINE('',#2841,#329);
#237=LINE('',#2997,#330);
#238=LINE('',#3005,#331);
#239=LINE('',#3161,#332);
#240=LINE('',#3169,#333);
#241=LINE('',#3325,#334);
#242=LINE('',#3333,#335);
#243=LINE('',#3489,#336);
#244=LINE('',#3497,#337);
#245=LINE('',#3653,#338);
#246=LINE('',#3656,#339);
#247=LINE('',#3657,#340);
#248=LINE('',#3661,#341);
#249=LINE('',#3663,#342);
#250=LINE('',#3666,#343);
#251=LINE('',#3668,#344);
#252=LINE('',#3670,#345);
#253=LINE('',#3672,#346);
#254=LINE('',#3674,#347);
#255=LINE('',#3675,#348);
#256=LINE('',#3677,#349);
#257=LINE('',#3679,#350);
#258=LINE('',#3680,#351);
#259=LINE('',#3682,#352);
#260=LINE('',#3684,#353);
#261=LINE('',#3685,#354);
#262=LINE('',#3687,#355);
#263=LINE('',#3689,#356);
#264=LINE('',#3690,#357);
#265=LINE('',#3692,#358);
#266=LINE('',#3694,#359);
#267=LINE('',#3695,#360);
#268=LINE('',#3697,#361);
#269=LINE('',#3699,#362);
#270=LINE('',#3700,#363);
#271=LINE('',#3702,#364);
#272=LINE('',#3704,#365);
#273=LINE('',#3705,#366);
#274=LINE('',#3707,#367);
#275=LINE('',#3709,#368);
#276=LINE('',#3710,#369);
#277=LINE('',#3712,#370);
#278=LINE('',#3714,#371);
#279=LINE('',#3715,#372);
#280=LINE('',#3717,#373);
#281=LINE('',#3868,#374);
#282=LINE('',#3870,#375);
#283=LINE('',#4171,#376);
#284=LINE('',#4173,#377);
#285=LINE('',#4474,#378);
#286=LINE('',#4476,#379);
#287=LINE('',#4777,#380);
#288=LINE('',#4779,#381);
#289=LINE('',#5080,#382);
#290=LINE('',#5082,#383);
#291=LINE('',#5234,#384);
#292=LINE('',#5240,#385);
#293=LINE('',#5242,#386);
#294=LINE('',#5244,#387);
#295=LINE('',#5246,#388);
#296=LINE('',#5397,#389);
#297=LINE('',#5399,#390);
#298=LINE('',#5551,#391);
#299=VECTOR('',#1328,10.);
#300=VECTOR('',#1329,10.);
#301=VECTOR('',#1332,10.);
#302=VECTOR('',#1337,10.);
#303=VECTOR('',#1340,10.);
#304=VECTOR('',#1341,10.);
#305=VECTOR('',#1346,10.);
#306=VECTOR('',#1347,10.);
#307=VECTOR('',#1348,10.);
#308=VECTOR('',#1351,10.);
#309=VECTOR('',#1352,10.);
#310=VECTOR('',#1353,10.);
#311=VECTOR('',#1356,10.);
#312=VECTOR('',#1359,10.);
#313=VECTOR('',#1362,10.);
#314=VECTOR('',#1369,10.);
#315=VECTOR('',#1372,10.);
#316=VECTOR('',#1379,10.);
#317=VECTOR('',#1382,10.);
#318=VECTOR('',#1389,10.);
#319=VECTOR('',#1392,10.);
#320=VECTOR('',#1399,10.);
#321=VECTOR('',#1402,10.);
#322=VECTOR('',#1409,10.);
#323=VECTOR('',#1412,10.);
#324=VECTOR('',#1419,10.);
#325=VECTOR('',#1424,10.);
#326=VECTOR('',#1429,10.);
#327=VECTOR('',#1436,10.);
#328=VECTOR('',#1439,10.);
#329=VECTOR('',#1446,10.);
#330=VECTOR('',#1449,10.);
#331=VECTOR('',#1456,10.);
#332=VECTOR('',#1459,10.);
#333=VECTOR('',#1466,10.);
#334=VECTOR('',#1469,10.);
#335=VECTOR('',#1476,10.);
#336=VECTOR('',#1479,10.);
#337=VECTOR('',#1486,10.);
#338=VECTOR('',#1489,10.);
#339=VECTOR('',#1492,10.);
#340=VECTOR('',#1493,10.);
#341=VECTOR('',#1498,10.);
#342=VECTOR('',#1501,10.);
#343=VECTOR('',#1506,10.);
#344=VECTOR('',#1509,10.);
#345=VECTOR('',#1512,10.);
#346=VECTOR('',#1515,10.);
#347=VECTOR('',#1518,10.);
#348=VECTOR('',#1519,10.);
#349=VECTOR('',#1522,10.);
#350=VECTOR('',#1525,10.);
#351=VECTOR('',#1526,10.);
#352=VECTOR('',#1529,10.);
#353=VECTOR('',#1532,10.);
#354=VECTOR('',#1533,10.);
#355=VECTOR('',#1536,10.);
#356=VECTOR('',#1539,10.);
#357=VECTOR('',#1540,10.);
#358=VECTOR('',#1543,10.);
#359=VECTOR('',#1546,10.);
#360=VECTOR('',#1547,10.);
#361=VECTOR('',#1550,10.);
#362=VECTOR('',#1553,10.);
#363=VECTOR('',#1554,10.);
#364=VECTOR('',#1557,10.);
#365=VECTOR('',#1560,10.);
#366=VECTOR('',#1561,10.);
#367=VECTOR('',#1564,10.);
#368=VECTOR('',#1567,10.);
#369=VECTOR('',#1568,10.);
#370=VECTOR('',#1571,10.);
#371=VECTOR('',#1574,10.);
#372=VECTOR('',#1575,10.);
#373=VECTOR('',#1578,10.);
#374=VECTOR('',#1579,10.);
#375=VECTOR('',#1582,10.);
#376=VECTOR('',#1583,10.);
#377=VECTOR('',#1586,10.);
#378=VECTOR('',#1587,10.);
#379=VECTOR('',#1590,10.);
#380=VECTOR('',#1591,10.);
#381=VECTOR('',#1594,10.);
#382=VECTOR('',#1595,10.);
#383=VECTOR('',#1598,10.);
#384=VECTOR('',#1601,10.);
#385=VECTOR('',#1612,10.);
#386=VECTOR('',#1615,10.);
#387=VECTOR('',#1618,10.);
#388=VECTOR('',#1621,10.);
#389=VECTOR('',#1622,10.);
#390=VECTOR('',#1625,10.);
#391=VECTOR('',#1628,2.5);
#392=CIRCLE('',#1209,46.);
#393=CIRCLE('',#1210,46.);
#394=CIRCLE('',#1213,54.);
#395=CIRCLE('',#1214,54.);
#396=CIRCLE('',#1218,1.);
#397=CIRCLE('',#1219,17.4999999999998);
#398=CIRCLE('',#1220,1.);
#399=CIRCLE('',#1221,11.9492);
#400=CIRCLE('',#1222,1.);
#401=CIRCLE('',#1223,17.4999999999998);
#402=CIRCLE('',#1224,1.);
#403=CIRCLE('',#1225,11.9492);
#404=CIRCLE('',#1226,1.);
#405=CIRCLE('',#1227,17.4999999999998);
#406=CIRCLE('',#1228,1.);
#407=CIRCLE('',#1229,11.9492);
#408=CIRCLE('',#1230,1.);
#409=CIRCLE('',#1231,17.4999999999998);
#410=CIRCLE('',#1232,1.);
#411=CIRCLE('',#1233,11.9492);
#412=CIRCLE('',#1234,1.);
#413=CIRCLE('',#1235,17.4999999999998);
#414=CIRCLE('',#1236,1.);
#415=CIRCLE('',#1237,11.9492);
#416=CIRCLE('',#1238,1.);
#417=CIRCLE('',#1239,17.4999999999998);
#418=CIRCLE('',#1240,1.);
#419=CIRCLE('',#1241,11.9492);
#420=CIRCLE('',#1242,26.5100618754465);
#421=CIRCLE('',#1243,2.5);
#422=CIRCLE('',#1246,26.5100618754465);
#423=CIRCLE('',#1248,11.9492);
#424=CIRCLE('',#1249,1.);
#425=CIRCLE('',#1250,17.4999999999998);
#426=CIRCLE('',#1251,1.);
#427=CIRCLE('',#1252,11.9492);
#428=CIRCLE('',#1253,1.);
#429=CIRCLE('',#1254,17.4999999999998);
#430=CIRCLE('',#1255,1.);
#431=CIRCLE('',#1256,11.9492);
#432=CIRCLE('',#1257,1.);
#433=CIRCLE('',#1258,17.4999999999998);
#434=CIRCLE('',#1259,1.);
#435=CIRCLE('',#1260,11.9492);
#436=CIRCLE('',#1261,1.);
#437=CIRCLE('',#1262,17.4999999999998);
#438=CIRCLE('',#1263,1.);
#439=CIRCLE('',#1264,11.9492);
#440=CIRCLE('',#1265,1.);
#441=CIRCLE('',#1266,17.4999999999998);
#442=CIRCLE('',#1267,1.);
#443=CIRCLE('',#1268,11.9492);
#444=CIRCLE('',#1269,1.);
#445=CIRCLE('',#1270,17.4999999999998);
#446=CIRCLE('',#1271,1.);
#447=CIRCLE('',#1272,2.5);
#448=ELLIPSE('',#1208,65.0538238691624,46.);
#449=ELLIPSE('',#1212,76.3675323681471,54.);
#450=VERTEX_POINT('',#1637);
#451=VERTEX_POINT('',#1638);
#452=VERTEX_POINT('',#1640);
#453=VERTEX_POINT('',#1642);
#454=VERTEX_POINT('',#1644);
#455=VERTEX_POINT('',#1646);
#456=VERTEX_POINT('',#1650);
#457=VERTEX_POINT('',#1651);
#458=VERTEX_POINT('',#1653);
#459=VERTEX_POINT('',#1655);
#460=VERTEX_POINT('',#1657);
#461=VERTEX_POINT('',#1659);
#462=VERTEX_POINT('',#1663);
#463=VERTEX_POINT('',#1665);
#464=VERTEX_POINT('',#1669);
#465=VERTEX_POINT('',#1671);
#466=VERTEX_POINT('',#1675);
#467=VERTEX_POINT('',#1677);
#468=VERTEX_POINT('',#1679);
#469=VERTEX_POINT('',#1681);
#470=VERTEX_POINT('',#1757);
#471=VERTEX_POINT('',#1759);
#472=VERTEX_POINT('',#1835);
#473=VERTEX_POINT('',#1837);
#474=VERTEX_POINT('',#1839);
#475=VERTEX_POINT('',#1841);
#476=VERTEX_POINT('',#1843);
#477=VERTEX_POINT('',#1845);
#478=VERTEX_POINT('',#1921);
#479=VERTEX_POINT('',#1923);
#480=VERTEX_POINT('',#1999);
#481=VERTEX_POINT('',#2001);
#482=VERTEX_POINT('',#2003);
#483=VERTEX_POINT('',#2005);
#484=VERTEX_POINT('',#2007);
#485=VERTEX_POINT('',#2009);
#486=VERTEX_POINT('',#2085);
#487=VERTEX_POINT('',#2087);
#488=VERTEX_POINT('',#2163);
#489=VERTEX_POINT('',#2165);
#490=VERTEX_POINT('',#2167);
#491=VERTEX_POINT('',#2169);
#492=VERTEX_POINT('',#2171);
#493=VERTEX_POINT('',#2173);
#494=VERTEX_POINT('',#2249);
#495=VERTEX_POINT('',#2251);
#496=VERTEX_POINT('',#2327);
#497=VERTEX_POINT('',#2329);
#498=VERTEX_POINT('',#2331);
#499=VERTEX_POINT('',#2333);
#500=VERTEX_POINT('',#2335);
#501=VERTEX_POINT('',#2337);
#502=VERTEX_POINT('',#2413);
#503=VERTEX_POINT('',#2415);
#504=VERTEX_POINT('',#2491);
#505=VERTEX_POINT('',#2493);
#506=VERTEX_POINT('',#2495);
#507=VERTEX_POINT('',#2497);
#508=VERTEX_POINT('',#2499);
#509=VERTEX_POINT('',#2501);
#510=VERTEX_POINT('',#2577);
#511=VERTEX_POINT('',#2579);
#512=VERTEX_POINT('',#2655);
#513=VERTEX_POINT('',#2657);
#514=VERTEX_POINT('',#2659);
#515=VERTEX_POINT('',#2663);
#516=VERTEX_POINT('',#2668);
#517=VERTEX_POINT('',#2672);
#518=VERTEX_POINT('',#2674);
#519=VERTEX_POINT('',#2676);
#520=VERTEX_POINT('',#2678);
#521=VERTEX_POINT('',#2754);
#522=VERTEX_POINT('',#2756);
#523=VERTEX_POINT('',#2832);
#524=VERTEX_POINT('',#2834);
#525=VERTEX_POINT('',#2836);
#526=VERTEX_POINT('',#2838);
#527=VERTEX_POINT('',#2840);
#528=VERTEX_POINT('',#2842);
#529=VERTEX_POINT('',#2918);
#530=VERTEX_POINT('',#2920);
#531=VERTEX_POINT('',#2996);
#532=VERTEX_POINT('',#2998);
#533=VERTEX_POINT('',#3000);
#534=VERTEX_POINT('',#3002);
#535=VERTEX_POINT('',#3004);
#536=VERTEX_POINT('',#3006);
#537=VERTEX_POINT('',#3082);
#538=VERTEX_POINT('',#3084);
#539=VERTEX_POINT('',#3160);
#540=VERTEX_POINT('',#3162);
#541=VERTEX_POINT('',#3164);
#542=VERTEX_POINT('',#3166);
#543=VERTEX_POINT('',#3168);
#544=VERTEX_POINT('',#3170);
#545=VERTEX_POINT('',#3246);
#546=VERTEX_POINT('',#3248);
#547=VERTEX_POINT('',#3324);
#548=VERTEX_POINT('',#3326);
#549=VERTEX_POINT('',#3328);
#550=VERTEX_POINT('',#3330);
#551=VERTEX_POINT('',#3332);
#552=VERTEX_POINT('',#3334);
#553=VERTEX_POINT('',#3410);
#554=VERTEX_POINT('',#3412);
#555=VERTEX_POINT('',#3488);
#556=VERTEX_POINT('',#3490);
#557=VERTEX_POINT('',#3492);
#558=VERTEX_POINT('',#3494);
#559=VERTEX_POINT('',#3496);
#560=VERTEX_POINT('',#3498);
#561=VERTEX_POINT('',#3574);
#562=VERTEX_POINT('',#3576);
#563=VERTEX_POINT('',#3652);
#564=VERTEX_POINT('',#3654);
#565=VERTEX_POINT('',#3658);
#566=EDGE_CURVE('',#450,#451,#448,.T.);
#567=EDGE_CURVE('',#452,#450,#392,.T.);
#568=EDGE_CURVE('',#453,#452,#206,.T.);
#569=EDGE_CURVE('',#454,#453,#207,.T.);
#570=EDGE_CURVE('',#455,#454,#393,.T.);
#571=EDGE_CURVE('',#451,#455,#208,.T.);
#572=EDGE_CURVE('',#456,#457,#449,.T.);
#573=EDGE_CURVE('',#458,#456,#209,.T.);
#574=EDGE_CURVE('',#459,#458,#394,.T.);
#575=EDGE_CURVE('',#460,#459,#210,.T.);
#576=EDGE_CURVE('',#460,#461,#211,.T.);
#577=EDGE_CURVE('',#457,#461,#395,.T.);
#578=EDGE_CURVE('',#455,#462,#212,.T.);
#579=EDGE_CURVE('',#462,#463,#213,.T.);
#580=EDGE_CURVE('',#451,#463,#214,.T.);
#581=EDGE_CURVE('',#464,#459,#215,.T.);
#582=EDGE_CURVE('',#465,#464,#216,.T.);
#583=EDGE_CURVE('',#465,#460,#217,.T.);
#584=EDGE_CURVE('',#454,#466,#218,.T.);
#585=EDGE_CURVE('',#467,#466,#396,.T.);
#586=EDGE_CURVE('',#467,#468,#219,.T.);
#587=EDGE_CURVE('',#468,#469,#37,.T.);
#588=EDGE_CURVE('',#470,#469,#397,.T.);
#589=EDGE_CURVE('',#471,#470,#38,.T.);
#590=EDGE_CURVE('',#472,#471,#220,.T.);
#591=EDGE_CURVE('',#473,#472,#398,.T.);
#592=EDGE_CURVE('',#474,#473,#399,.T.);
#593=EDGE_CURVE('',#475,#474,#400,.T.);
#594=EDGE_CURVE('',#475,#476,#221,.T.);
#595=EDGE_CURVE('',#476,#477,#39,.T.);
#596=EDGE_CURVE('',#478,#477,#401,.T.);
#597=EDGE_CURVE('',#479,#478,#40,.T.);
#598=EDGE_CURVE('',#480,#479,#222,.T.);
#599=EDGE_CURVE('',#481,#480,#402,.T.);
#600=EDGE_CURVE('',#482,#481,#403,.T.);
#601=EDGE_CURVE('',#483,#482,#404,.T.);
#602=EDGE_CURVE('',#483,#484,#223,.T.);
#603=EDGE_CURVE('',#484,#485,#41,.T.);
#604=EDGE_CURVE('',#486,#485,#405,.T.);
#605=EDGE_CURVE('',#487,#486,#42,.T.);
#606=EDGE_CURVE('',#488,#487,#224,.T.);
#607=EDGE_CURVE('',#489,#488,#406,.T.);
#608=EDGE_CURVE('',#490,#489,#407,.T.);
#609=EDGE_CURVE('',#491,#490,#408,.T.);
#610=EDGE_CURVE('',#491,#492,#225,.T.);
#611=EDGE_CURVE('',#492,#493,#43,.T.);
#612=EDGE_CURVE('',#494,#493,#409,.T.);
#613=EDGE_CURVE('',#495,#494,#44,.T.);
#614=EDGE_CURVE('',#496,#495,#226,.T.);
#615=EDGE_CURVE('',#497,#496,#410,.T.);
#616=EDGE_CURVE('',#498,#497,#411,.T.);
#617=EDGE_CURVE('',#499,#498,#412,.T.);
#618=EDGE_CURVE('',#499,#500,#227,.T.);
#619=EDGE_CURVE('',#500,#501,#45,.T.);
#620=EDGE_CURVE('',#502,#501,#413,.T.);
#621=EDGE_CURVE('',#503,#502,#46,.T.);
#622=EDGE_CURVE('',#504,#503,#228,.T.);
#623=EDGE_CURVE('',#505,#504,#414,.T.);
#624=EDGE_CURVE('',#506,#505,#415,.T.);
#625=EDGE_CURVE('',#507,#506,#416,.T.);
#626=EDGE_CURVE('',#507,#508,#229,.T.);
#627=EDGE_CURVE('',#508,#509,#47,.T.);
#628=EDGE_CURVE('',#510,#509,#417,.T.);
#629=EDGE_CURVE('',#511,#510,#48,.T.);
#630=EDGE_CURVE('',#512,#511,#230,.T.);
#631=EDGE_CURVE('',#513,#512,#418,.T.);
#632=EDGE_CURVE('',#514,#513,#419,.T.);
#633=EDGE_CURVE('',#514,#464,#420,.T.);
#634=EDGE_CURVE('',#458,#462,#231,.T.);
#635=EDGE_CURVE('',#515,#515,#421,.T.);
#636=EDGE_CURVE('',#463,#456,#232,.T.);
#637=EDGE_CURVE('',#465,#516,#422,.T.);
#638=EDGE_CURVE('',#516,#514,#233,.T.);
#639=EDGE_CURVE('',#516,#517,#423,.T.);
#640=EDGE_CURVE('',#518,#517,#424,.T.);
#641=EDGE_CURVE('',#518,#519,#234,.T.);
#642=EDGE_CURVE('',#519,#520,#49,.T.);
#643=EDGE_CURVE('',#520,#521,#425,.T.);
#644=EDGE_CURVE('',#521,#522,#50,.T.);
#645=EDGE_CURVE('',#522,#523,#235,.T.);
#646=EDGE_CURVE('',#524,#523,#426,.T.);
#647=EDGE_CURVE('',#524,#525,#427,.T.);
#648=EDGE_CURVE('',#526,#525,#428,.T.);
#649=EDGE_CURVE('',#526,#527,#236,.T.);
#650=EDGE_CURVE('',#527,#528,#51,.T.);
#651=EDGE_CURVE('',#528,#529,#429,.T.);
#652=EDGE_CURVE('',#529,#530,#52,.T.);
#653=EDGE_CURVE('',#530,#531,#237,.T.);
#654=EDGE_CURVE('',#532,#531,#430,.T.);
#655=EDGE_CURVE('',#532,#533,#431,.T.);
#656=EDGE_CURVE('',#534,#533,#432,.T.);
#657=EDGE_CURVE('',#534,#535,#238,.T.);
#658=EDGE_CURVE('',#535,#536,#53,.T.);
#659=EDGE_CURVE('',#536,#537,#433,.T.);
#660=EDGE_CURVE('',#537,#538,#54,.T.);
#661=EDGE_CURVE('',#538,#539,#239,.T.);
#662=EDGE_CURVE('',#540,#539,#434,.T.);
#663=EDGE_CURVE('',#540,#541,#435,.T.);
#664=EDGE_CURVE('',#542,#541,#436,.T.);
#665=EDGE_CURVE('',#542,#543,#240,.T.);
#666=EDGE_CURVE('',#543,#544,#55,.T.);
#667=EDGE_CURVE('',#544,#545,#437,.T.);
#668=EDGE_CURVE('',#545,#546,#56,.T.);
#669=EDGE_CURVE('',#546,#547,#241,.T.);
#670=EDGE_CURVE('',#548,#547,#438,.T.);
#671=EDGE_CURVE('',#548,#549,#439,.T.);
#672=EDGE_CURVE('',#550,#549,#440,.T.);
#673=EDGE_CURVE('',#550,#551,#242,.T.);
#674=EDGE_CURVE('',#551,#552,#57,.T.);
#675=EDGE_CURVE('',#552,#553,#441,.T.);
#676=EDGE_CURVE('',#553,#554,#58,.T.);
#677=EDGE_CURVE('',#554,#555,#243,.T.);
#678=EDGE_CURVE('',#556,#555,#442,.T.);
#679=EDGE_CURVE('',#556,#557,#443,.T.);
#680=EDGE_CURVE('',#558,#557,#444,.T.);
#681=EDGE_CURVE('',#558,#559,#244,.T.);
#682=EDGE_CURVE('',#559,#560,#59,.T.);
#683=EDGE_CURVE('',#560,#561,#445,.T.);
#684=EDGE_CURVE('',#561,#562,#60,.T.);
#685=EDGE_CURVE('',#562,#563,#245,.T.);
#686=EDGE_CURVE('',#564,#563,#446,.T.);
#687=EDGE_CURVE('',#453,#564,#246,.T.);
#688=EDGE_CURVE('',#453,#460,#247,.T.);
#689=EDGE_CURVE('',#565,#565,#447,.T.);
#690=EDGE_CURVE('',#457,#450,#248,.T.);
#691=EDGE_CURVE('',#461,#452,#249,.T.);
#692=EDGE_CURVE('',#466,#564,#250,.T.);
#693=EDGE_CURVE('',#517,#513,#251,.T.);
#694=EDGE_CURVE('',#563,#467,#252,.T.);
#695=EDGE_CURVE('',#468,#562,#253,.T.);
#696=EDGE_CURVE('',#472,#558,#254,.T.);
#697=EDGE_CURVE('',#557,#473,#255,.T.);
#698=EDGE_CURVE('',#471,#559,#256,.T.);
#699=EDGE_CURVE('',#555,#475,#257,.T.);
#700=EDGE_CURVE('',#474,#556,#258,.T.);
#701=EDGE_CURVE('',#476,#554,#259,.T.);
#702=EDGE_CURVE('',#480,#550,#260,.T.);
#703=EDGE_CURVE('',#549,#481,#261,.T.);
#704=EDGE_CURVE('',#479,#551,#262,.T.);
#705=EDGE_CURVE('',#547,#483,#263,.T.);
#706=EDGE_CURVE('',#482,#548,#264,.T.);
#707=EDGE_CURVE('',#484,#546,#265,.T.);
#708=EDGE_CURVE('',#488,#542,#266,.T.);
#709=EDGE_CURVE('',#541,#489,#267,.T.);
#710=EDGE_CURVE('',#487,#543,#268,.T.);
#711=EDGE_CURVE('',#539,#491,#269,.T.);
#712=EDGE_CURVE('',#490,#540,#270,.T.);
#713=EDGE_CURVE('',#492,#538,#271,.T.);
#714=EDGE_CURVE('',#496,#534,#272,.T.);
#715=EDGE_CURVE('',#533,#497,#273,.T.);
#716=EDGE_CURVE('',#495,#535,#274,.T.);
#717=EDGE_CURVE('',#531,#499,#275,.T.);
#718=EDGE_CURVE('',#498,#532,#276,.T.);
#719=EDGE_CURVE('',#500,#530,#277,.T.);
#720=EDGE_CURVE('',#504,#526,#278,.T.);
#721=EDGE_CURVE('',#525,#505,#279,.T.);
#722=EDGE_CURVE('',#503,#527,#280,.T.);
#723=EDGE_CURVE('',#469,#561,#281,.T.);
#724=EDGE_CURVE('',#470,#560,#282,.T.);
#725=EDGE_CURVE('',#477,#553,#283,.T.);
#726=EDGE_CURVE('',#478,#552,#284,.T.);
#727=EDGE_CURVE('',#485,#545,#285,.T.);
#728=EDGE_CURVE('',#486,#544,#286,.T.);
#729=EDGE_CURVE('',#493,#537,#287,.T.);
#730=EDGE_CURVE('',#494,#536,#288,.T.);
#731=EDGE_CURVE('',#501,#529,#289,.T.);
#732=EDGE_CURVE('',#502,#528,#290,.T.);
#733=EDGE_CURVE('',#506,#524,#291,.T.);
#734=EDGE_CURVE('',#523,#507,#292,.T.);
#735=EDGE_CURVE('',#508,#522,#293,.T.);
#736=EDGE_CURVE('',#512,#518,#294,.T.);
#737=EDGE_CURVE('',#511,#519,#295,.T.);
#738=EDGE_CURVE('',#509,#521,#296,.T.);
#739=EDGE_CURVE('',#510,#520,#297,.T.);
#740=EDGE_CURVE('',#565,#515,#298,.T.);
#741=ORIENTED_EDGE('',*,*,#566,.F.);
#742=ORIENTED_EDGE('',*,*,#567,.F.);
#743=ORIENTED_EDGE('',*,*,#568,.F.);
#744=ORIENTED_EDGE('',*,*,#569,.F.);
#745=ORIENTED_EDGE('',*,*,#570,.F.);
#746=ORIENTED_EDGE('',*,*,#571,.F.);
#747=ORIENTED_EDGE('',*,*,#572,.F.);
#748=ORIENTED_EDGE('',*,*,#573,.F.);
#749=ORIENTED_EDGE('',*,*,#574,.F.);
#750=ORIENTED_EDGE('',*,*,#575,.F.);
#751=ORIENTED_EDGE('',*,*,#576,.T.);
#752=ORIENTED_EDGE('',*,*,#577,.F.);
#753=ORIENTED_EDGE('',*,*,#571,.T.);
#754=ORIENTED_EDGE('',*,*,#578,.T.);
#755=ORIENTED_EDGE('',*,*,#579,.T.);
#756=ORIENTED_EDGE('',*,*,#580,.F.);
#757=ORIENTED_EDGE('',*,*,#575,.T.);
#758=ORIENTED_EDGE('',*,*,#581,.F.);
#759=ORIENTED_EDGE('',*,*,#582,.F.);
#760=ORIENTED_EDGE('',*,*,#583,.T.);
#761=ORIENTED_EDGE('',*,*,#570,.T.);
#762=ORIENTED_EDGE('',*,*,#584,.T.);
#763=ORIENTED_EDGE('',*,*,#585,.F.);
#764=ORIENTED_EDGE('',*,*,#586,.T.);
#765=ORIENTED_EDGE('',*,*,#587,.T.);
#766=ORIENTED_EDGE('',*,*,#588,.F.);
#767=ORIENTED_EDGE('',*,*,#589,.F.);
#768=ORIENTED_EDGE('',*,*,#590,.F.);
#769=ORIENTED_EDGE('',*,*,#591,.F.);
#770=ORIENTED_EDGE('',*,*,#592,.F.);
#771=ORIENTED_EDGE('',*,*,#593,.F.);
#772=ORIENTED_EDGE('',*,*,#594,.T.);
#773=ORIENTED_EDGE('',*,*,#595,.T.);
#774=ORIENTED_EDGE('',*,*,#596,.F.);
#775=ORIENTED_EDGE('',*,*,#597,.F.);
#776=ORIENTED_EDGE('',*,*,#598,.F.);
#777=ORIENTED_EDGE('',*,*,#599,.F.);
#778=ORIENTED_EDGE('',*,*,#600,.F.);
#779=ORIENTED_EDGE('',*,*,#601,.F.);
#780=ORIENTED_EDGE('',*,*,#602,.T.);
#781=ORIENTED_EDGE('',*,*,#603,.T.);
#782=ORIENTED_EDGE('',*,*,#604,.F.);
#783=ORIENTED_EDGE('',*,*,#605,.F.);
#784=ORIENTED_EDGE('',*,*,#606,.F.);
#785=ORIENTED_EDGE('',*,*,#607,.F.);
#786=ORIENTED_EDGE('',*,*,#608,.F.);
#787=ORIENTED_EDGE('',*,*,#609,.F.);
#788=ORIENTED_EDGE('',*,*,#610,.T.);
#789=ORIENTED_EDGE('',*,*,#611,.T.);
#790=ORIENTED_EDGE('',*,*,#612,.F.);
#791=ORIENTED_EDGE('',*,*,#613,.F.);
#792=ORIENTED_EDGE('',*,*,#614,.F.);
#793=ORIENTED_EDGE('',*,*,#615,.F.);
#794=ORIENTED_EDGE('',*,*,#616,.F.);
#795=ORIENTED_EDGE('',*,*,#617,.F.);
#796=ORIENTED_EDGE('',*,*,#618,.T.);
#797=ORIENTED_EDGE('',*,*,#619,.T.);
#798=ORIENTED_EDGE('',*,*,#620,.F.);
#799=ORIENTED_EDGE('',*,*,#621,.F.);
#800=ORIENTED_EDGE('',*,*,#622,.F.);
#801=ORIENTED_EDGE('',*,*,#623,.F.);
#802=ORIENTED_EDGE('',*,*,#624,.F.);
#803=ORIENTED_EDGE('',*,*,#625,.F.);
#804=ORIENTED_EDGE('',*,*,#626,.T.);
#805=ORIENTED_EDGE('',*,*,#627,.T.);
#806=ORIENTED_EDGE('',*,*,#628,.F.);
#807=ORIENTED_EDGE('',*,*,#629,.F.);
#808=ORIENTED_EDGE('',*,*,#630,.F.);
#809=ORIENTED_EDGE('',*,*,#631,.F.);
#810=ORIENTED_EDGE('',*,*,#632,.F.);
#811=ORIENTED_EDGE('',*,*,#633,.T.);
#812=ORIENTED_EDGE('',*,*,#581,.T.);
#813=ORIENTED_EDGE('',*,*,#574,.T.);
#814=ORIENTED_EDGE('',*,*,#634,.T.);
#815=ORIENTED_EDGE('',*,*,#578,.F.);
#816=ORIENTED_EDGE('',*,*,#635,.F.);
#817=ORIENTED_EDGE('',*,*,#573,.T.);
#818=ORIENTED_EDGE('',*,*,#636,.F.);
#819=ORIENTED_EDGE('',*,*,#579,.F.);
#820=ORIENTED_EDGE('',*,*,#634,.F.);
#821=ORIENTED_EDGE('',*,*,#637,.F.);
#822=ORIENTED_EDGE('',*,*,#582,.T.);
#823=ORIENTED_EDGE('',*,*,#633,.F.);
#824=ORIENTED_EDGE('',*,*,#638,.F.);
#825=ORIENTED_EDGE('',*,*,#637,.T.);
#826=ORIENTED_EDGE('',*,*,#639,.T.);
#827=ORIENTED_EDGE('',*,*,#640,.F.);
#828=ORIENTED_EDGE('',*,*,#641,.T.);
#829=ORIENTED_EDGE('',*,*,#642,.T.);
#830=ORIENTED_EDGE('',*,*,#643,.T.);
#831=ORIENTED_EDGE('',*,*,#644,.T.);
#832=ORIENTED_EDGE('',*,*,#645,.T.);
#833=ORIENTED_EDGE('',*,*,#646,.F.);
#834=ORIENTED_EDGE('',*,*,#647,.T.);
#835=ORIENTED_EDGE('',*,*,#648,.F.);
#836=ORIENTED_EDGE('',*,*,#649,.T.);
#837=ORIENTED_EDGE('',*,*,#650,.T.);
#838=ORIENTED_EDGE('',*,*,#651,.T.);
#839=ORIENTED_EDGE('',*,*,#652,.T.);
#840=ORIENTED_EDGE('',*,*,#653,.T.);
#841=ORIENTED_EDGE('',*,*,#654,.F.);
#842=ORIENTED_EDGE('',*,*,#655,.T.);
#843=ORIENTED_EDGE('',*,*,#656,.F.);
#844=ORIENTED_EDGE('',*,*,#657,.T.);
#845=ORIENTED_EDGE('',*,*,#658,.T.);
#846=ORIENTED_EDGE('',*,*,#659,.T.);
#847=ORIENTED_EDGE('',*,*,#660,.T.);
#848=ORIENTED_EDGE('',*,*,#661,.T.);
#849=ORIENTED_EDGE('',*,*,#662,.F.);
#850=ORIENTED_EDGE('',*,*,#663,.T.);
#851=ORIENTED_EDGE('',*,*,#664,.F.);
#852=ORIENTED_EDGE('',*,*,#665,.T.);
#853=ORIENTED_EDGE('',*,*,#666,.T.);
#854=ORIENTED_EDGE('',*,*,#667,.T.);
#855=ORIENTED_EDGE('',*,*,#668,.T.);
#856=ORIENTED_EDGE('',*,*,#669,.T.);
#857=ORIENTED_EDGE('',*,*,#670,.F.);
#858=ORIENTED_EDGE('',*,*,#671,.T.);
#859=ORIENTED_EDGE('',*,*,#672,.F.);
#860=ORIENTED_EDGE('',*,*,#673,.T.);
#861=ORIENTED_EDGE('',*,*,#674,.T.);
#862=ORIENTED_EDGE('',*,*,#675,.T.);
#863=ORIENTED_EDGE('',*,*,#676,.T.);
#864=ORIENTED_EDGE('',*,*,#677,.T.);
#865=ORIENTED_EDGE('',*,*,#678,.F.);
#866=ORIENTED_EDGE('',*,*,#679,.T.);
#867=ORIENTED_EDGE('',*,*,#680,.F.);
#868=ORIENTED_EDGE('',*,*,#681,.T.);
#869=ORIENTED_EDGE('',*,*,#682,.T.);
#870=ORIENTED_EDGE('',*,*,#683,.T.);
#871=ORIENTED_EDGE('',*,*,#684,.T.);
#872=ORIENTED_EDGE('',*,*,#685,.T.);
#873=ORIENTED_EDGE('',*,*,#686,.F.);
#874=ORIENTED_EDGE('',*,*,#687,.F.);
#875=ORIENTED_EDGE('',*,*,#688,.T.);
#876=ORIENTED_EDGE('',*,*,#583,.F.);
#877=ORIENTED_EDGE('',*,*,#689,.T.);
#878=ORIENTED_EDGE('',*,*,#566,.T.);
#879=ORIENTED_EDGE('',*,*,#580,.T.);
#880=ORIENTED_EDGE('',*,*,#636,.T.);
#881=ORIENTED_EDGE('',*,*,#572,.T.);
#882=ORIENTED_EDGE('',*,*,#690,.T.);
#883=ORIENTED_EDGE('',*,*,#567,.T.);
#884=ORIENTED_EDGE('',*,*,#690,.F.);
#885=ORIENTED_EDGE('',*,*,#577,.T.);
#886=ORIENTED_EDGE('',*,*,#691,.T.);
#887=ORIENTED_EDGE('',*,*,#568,.T.);
#888=ORIENTED_EDGE('',*,*,#691,.F.);
#889=ORIENTED_EDGE('',*,*,#576,.F.);
#890=ORIENTED_EDGE('',*,*,#688,.F.);
#891=ORIENTED_EDGE('',*,*,#569,.T.);
#892=ORIENTED_EDGE('',*,*,#687,.T.);
#893=ORIENTED_EDGE('',*,*,#692,.F.);
#894=ORIENTED_EDGE('',*,*,#584,.F.);
#895=ORIENTED_EDGE('',*,*,#638,.T.);
#896=ORIENTED_EDGE('',*,*,#632,.T.);
#897=ORIENTED_EDGE('',*,*,#693,.F.);
#898=ORIENTED_EDGE('',*,*,#639,.F.);
#899=ORIENTED_EDGE('',*,*,#692,.T.);
#900=ORIENTED_EDGE('',*,*,#686,.T.);
#901=ORIENTED_EDGE('',*,*,#694,.T.);
#902=ORIENTED_EDGE('',*,*,#585,.T.);
#903=ORIENTED_EDGE('',*,*,#694,.F.);
#904=ORIENTED_EDGE('',*,*,#685,.F.);
#905=ORIENTED_EDGE('',*,*,#695,.F.);
#906=ORIENTED_EDGE('',*,*,#586,.F.);
#907=ORIENTED_EDGE('',*,*,#591,.T.);
#908=ORIENTED_EDGE('',*,*,#696,.T.);
#909=ORIENTED_EDGE('',*,*,#680,.T.);
#910=ORIENTED_EDGE('',*,*,#697,.T.);
#911=ORIENTED_EDGE('',*,*,#696,.F.);
#912=ORIENTED_EDGE('',*,*,#590,.T.);
#913=ORIENTED_EDGE('',*,*,#698,.T.);
#914=ORIENTED_EDGE('',*,*,#681,.F.);
#915=ORIENTED_EDGE('',*,*,#678,.T.);
#916=ORIENTED_EDGE('',*,*,#699,.T.);
#917=ORIENTED_EDGE('',*,*,#593,.T.);
#918=ORIENTED_EDGE('',*,*,#700,.T.);
#919=ORIENTED_EDGE('',*,*,#699,.F.);
#920=ORIENTED_EDGE('',*,*,#677,.F.);
#921=ORIENTED_EDGE('',*,*,#701,.F.);
#922=ORIENTED_EDGE('',*,*,#594,.F.);
#923=ORIENTED_EDGE('',*,*,#599,.T.);
#924=ORIENTED_EDGE('',*,*,#702,.T.);
#925=ORIENTED_EDGE('',*,*,#672,.T.);
#926=ORIENTED_EDGE('',*,*,#703,.T.);
#927=ORIENTED_EDGE('',*,*,#702,.F.);
#928=ORIENTED_EDGE('',*,*,#598,.T.);
#929=ORIENTED_EDGE('',*,*,#704,.T.);
#930=ORIENTED_EDGE('',*,*,#673,.F.);
#931=ORIENTED_EDGE('',*,*,#670,.T.);
#932=ORIENTED_EDGE('',*,*,#705,.T.);
#933=ORIENTED_EDGE('',*,*,#601,.T.);
#934=ORIENTED_EDGE('',*,*,#706,.T.);
#935=ORIENTED_EDGE('',*,*,#705,.F.);
#936=ORIENTED_EDGE('',*,*,#669,.F.);
#937=ORIENTED_EDGE('',*,*,#707,.F.);
#938=ORIENTED_EDGE('',*,*,#602,.F.);
#939=ORIENTED_EDGE('',*,*,#607,.T.);
#940=ORIENTED_EDGE('',*,*,#708,.T.);
#941=ORIENTED_EDGE('',*,*,#664,.T.);
#942=ORIENTED_EDGE('',*,*,#709,.T.);
#943=ORIENTED_EDGE('',*,*,#708,.F.);
#944=ORIENTED_EDGE('',*,*,#606,.T.);
#945=ORIENTED_EDGE('',*,*,#710,.T.);
#946=ORIENTED_EDGE('',*,*,#665,.F.);
#947=ORIENTED_EDGE('',*,*,#662,.T.);
#948=ORIENTED_EDGE('',*,*,#711,.T.);
#949=ORIENTED_EDGE('',*,*,#609,.T.);
#950=ORIENTED_EDGE('',*,*,#712,.T.);
#951=ORIENTED_EDGE('',*,*,#711,.F.);
#952=ORIENTED_EDGE('',*,*,#661,.F.);
#953=ORIENTED_EDGE('',*,*,#713,.F.);
#954=ORIENTED_EDGE('',*,*,#610,.F.);
#955=ORIENTED_EDGE('',*,*,#615,.T.);
#956=ORIENTED_EDGE('',*,*,#714,.T.);
#957=ORIENTED_EDGE('',*,*,#656,.T.);
#958=ORIENTED_EDGE('',*,*,#715,.T.);
#959=ORIENTED_EDGE('',*,*,#714,.F.);
#960=ORIENTED_EDGE('',*,*,#614,.T.);
#961=ORIENTED_EDGE('',*,*,#716,.T.);
#962=ORIENTED_EDGE('',*,*,#657,.F.);
#963=ORIENTED_EDGE('',*,*,#654,.T.);
#964=ORIENTED_EDGE('',*,*,#717,.T.);
#965=ORIENTED_EDGE('',*,*,#617,.T.);
#966=ORIENTED_EDGE('',*,*,#718,.T.);
#967=ORIENTED_EDGE('',*,*,#717,.F.);
#968=ORIENTED_EDGE('',*,*,#653,.F.);
#969=ORIENTED_EDGE('',*,*,#719,.F.);
#970=ORIENTED_EDGE('',*,*,#618,.F.);
#971=ORIENTED_EDGE('',*,*,#623,.T.);
#972=ORIENTED_EDGE('',*,*,#720,.T.);
#973=ORIENTED_EDGE('',*,*,#648,.T.);
#974=ORIENTED_EDGE('',*,*,#721,.T.);
#975=ORIENTED_EDGE('',*,*,#720,.F.);
#976=ORIENTED_EDGE('',*,*,#622,.T.);
#977=ORIENTED_EDGE('',*,*,#722,.T.);
#978=ORIENTED_EDGE('',*,*,#649,.F.);
#979=ORIENTED_EDGE('',*,*,#587,.F.);
#980=ORIENTED_EDGE('',*,*,#695,.T.);
#981=ORIENTED_EDGE('',*,*,#684,.F.);
#982=ORIENTED_EDGE('',*,*,#723,.F.);
#983=ORIENTED_EDGE('',*,*,#588,.T.);
#984=ORIENTED_EDGE('',*,*,#723,.T.);
#985=ORIENTED_EDGE('',*,*,#683,.F.);
#986=ORIENTED_EDGE('',*,*,#724,.F.);
#987=ORIENTED_EDGE('',*,*,#589,.T.);
#988=ORIENTED_EDGE('',*,*,#724,.T.);
#989=ORIENTED_EDGE('',*,*,#682,.F.);
#990=ORIENTED_EDGE('',*,*,#698,.F.);
#991=ORIENTED_EDGE('',*,*,#595,.F.);
#992=ORIENTED_EDGE('',*,*,#701,.T.);
#993=ORIENTED_EDGE('',*,*,#676,.F.);
#994=ORIENTED_EDGE('',*,*,#725,.F.);
#995=ORIENTED_EDGE('',*,*,#596,.T.);
#996=ORIENTED_EDGE('',*,*,#725,.T.);
#997=ORIENTED_EDGE('',*,*,#675,.F.);
#998=ORIENTED_EDGE('',*,*,#726,.F.);
#999=ORIENTED_EDGE('',*,*,#597,.T.);
#1000=ORIENTED_EDGE('',*,*,#726,.T.);
#1001=ORIENTED_EDGE('',*,*,#674,.F.);
#1002=ORIENTED_EDGE('',*,*,#704,.F.);
#1003=ORIENTED_EDGE('',*,*,#603,.F.);
#1004=ORIENTED_EDGE('',*,*,#707,.T.);
#1005=ORIENTED_EDGE('',*,*,#668,.F.);
#1006=ORIENTED_EDGE('',*,*,#727,.F.);
#1007=ORIENTED_EDGE('',*,*,#604,.T.);
#1008=ORIENTED_EDGE('',*,*,#727,.T.);
#1009=ORIENTED_EDGE('',*,*,#667,.F.);
#1010=ORIENTED_EDGE('',*,*,#728,.F.);
#1011=ORIENTED_EDGE('',*,*,#605,.T.);
#1012=ORIENTED_EDGE('',*,*,#728,.T.);
#1013=ORIENTED_EDGE('',*,*,#666,.F.);
#1014=ORIENTED_EDGE('',*,*,#710,.F.);
#1015=ORIENTED_EDGE('',*,*,#611,.F.);
#1016=ORIENTED_EDGE('',*,*,#713,.T.);
#1017=ORIENTED_EDGE('',*,*,#660,.F.);
#1018=ORIENTED_EDGE('',*,*,#729,.F.);
#1019=ORIENTED_EDGE('',*,*,#612,.T.);
#1020=ORIENTED_EDGE('',*,*,#729,.T.);
#1021=ORIENTED_EDGE('',*,*,#659,.F.);
#1022=ORIENTED_EDGE('',*,*,#730,.F.);
#1023=ORIENTED_EDGE('',*,*,#613,.T.);
#1024=ORIENTED_EDGE('',*,*,#730,.T.);
#1025=ORIENTED_EDGE('',*,*,#658,.F.);
#1026=ORIENTED_EDGE('',*,*,#716,.F.);
#1027=ORIENTED_EDGE('',*,*,#619,.F.);
#1028=ORIENTED_EDGE('',*,*,#719,.T.);
#1029=ORIENTED_EDGE('',*,*,#652,.F.);
#1030=ORIENTED_EDGE('',*,*,#731,.F.);
#1031=ORIENTED_EDGE('',*,*,#620,.T.);
#1032=ORIENTED_EDGE('',*,*,#731,.T.);
#1033=ORIENTED_EDGE('',*,*,#651,.F.);
#1034=ORIENTED_EDGE('',*,*,#732,.F.);
#1035=ORIENTED_EDGE('',*,*,#621,.T.);
#1036=ORIENTED_EDGE('',*,*,#732,.T.);
#1037=ORIENTED_EDGE('',*,*,#650,.F.);
#1038=ORIENTED_EDGE('',*,*,#722,.F.);
#1039=ORIENTED_EDGE('',*,*,#721,.F.);
#1040=ORIENTED_EDGE('',*,*,#647,.F.);
#1041=ORIENTED_EDGE('',*,*,#733,.F.);
#1042=ORIENTED_EDGE('',*,*,#624,.T.);
#1043=ORIENTED_EDGE('',*,*,#715,.F.);
#1044=ORIENTED_EDGE('',*,*,#655,.F.);
#1045=ORIENTED_EDGE('',*,*,#718,.F.);
#1046=ORIENTED_EDGE('',*,*,#616,.T.);
#1047=ORIENTED_EDGE('',*,*,#709,.F.);
#1048=ORIENTED_EDGE('',*,*,#663,.F.);
#1049=ORIENTED_EDGE('',*,*,#712,.F.);
#1050=ORIENTED_EDGE('',*,*,#608,.T.);
#1051=ORIENTED_EDGE('',*,*,#703,.F.);
#1052=ORIENTED_EDGE('',*,*,#671,.F.);
#1053=ORIENTED_EDGE('',*,*,#706,.F.);
#1054=ORIENTED_EDGE('',*,*,#600,.T.);
#1055=ORIENTED_EDGE('',*,*,#697,.F.);
#1056=ORIENTED_EDGE('',*,*,#679,.F.);
#1057=ORIENTED_EDGE('',*,*,#700,.F.);
#1058=ORIENTED_EDGE('',*,*,#592,.T.);
#1059=ORIENTED_EDGE('',*,*,#646,.T.);
#1060=ORIENTED_EDGE('',*,*,#734,.T.);
#1061=ORIENTED_EDGE('',*,*,#625,.T.);
#1062=ORIENTED_EDGE('',*,*,#733,.T.);
#1063=ORIENTED_EDGE('',*,*,#734,.F.);
#1064=ORIENTED_EDGE('',*,*,#645,.F.);
#1065=ORIENTED_EDGE('',*,*,#735,.F.);
#1066=ORIENTED_EDGE('',*,*,#626,.F.);
#1067=ORIENTED_EDGE('',*,*,#631,.T.);
#1068=ORIENTED_EDGE('',*,*,#736,.T.);
#1069=ORIENTED_EDGE('',*,*,#640,.T.);
#1070=ORIENTED_EDGE('',*,*,#693,.T.);
#1071=ORIENTED_EDGE('',*,*,#736,.F.);
#1072=ORIENTED_EDGE('',*,*,#630,.T.);
#1073=ORIENTED_EDGE('',*,*,#737,.T.);
#1074=ORIENTED_EDGE('',*,*,#641,.F.);
#1075=ORIENTED_EDGE('',*,*,#627,.F.);
#1076=ORIENTED_EDGE('',*,*,#735,.T.);
#1077=ORIENTED_EDGE('',*,*,#644,.F.);
#1078=ORIENTED_EDGE('',*,*,#738,.F.);
#1079=ORIENTED_EDGE('',*,*,#628,.T.);
#1080=ORIENTED_EDGE('',*,*,#738,.T.);
#1081=ORIENTED_EDGE('',*,*,#643,.F.);
#1082=ORIENTED_EDGE('',*,*,#739,.F.);
#1083=ORIENTED_EDGE('',*,*,#629,.T.);
#1084=ORIENTED_EDGE('',*,*,#739,.T.);
#1085=ORIENTED_EDGE('',*,*,#642,.F.);
#1086=ORIENTED_EDGE('',*,*,#737,.F.);
#1087=ORIENTED_EDGE('',*,*,#689,.F.);
#1088=ORIENTED_EDGE('',*,*,#740,.T.);
#1089=ORIENTED_EDGE('',*,*,#635,.T.);
#1090=ORIENTED_EDGE('',*,*,#740,.F.);
#1091=CYLINDRICAL_SURFACE('',#1207,46.);
#1092=CYLINDRICAL_SURFACE('',#1211,54.);
#1093=CYLINDRICAL_SURFACE('',#1245,26.5100618754465);
#1094=CYLINDRICAL_SURFACE('',#1277,11.9492);
#1095=CYLINDRICAL_SURFACE('',#1278,1.);
#1096=CYLINDRICAL_SURFACE('',#1280,1.);
#1097=CYLINDRICAL_SURFACE('',#1282,1.);
#1098=CYLINDRICAL_SURFACE('',#1284,1.);
#1099=CYLINDRICAL_SURFACE('',#1286,1.);
#1100=CYLINDRICAL_SURFACE('',#1288,1.);
#1101=CYLINDRICAL_SURFACE('',#1290,1.);
#1102=CYLINDRICAL_SURFACE('',#1292,1.);
#1103=CYLINDRICAL_SURFACE('',#1294,1.);
#1104=CYLINDRICAL_SURFACE('',#1296,1.);
#1105=CYLINDRICAL_SURFACE('',#1298,17.4999999999998);
#1106=CYLINDRICAL_SURFACE('',#1299,17.4999999999998);
#1107=CYLINDRICAL_SURFACE('',#1300,17.4999999999998);
#1108=CYLINDRICAL_SURFACE('',#1301,17.4999999999998);
#1109=CYLINDRICAL_SURFACE('',#1302,17.4999999999998);
#1110=CYLINDRICAL_SURFACE('',#1303,11.9492);
#1111=CYLINDRICAL_SURFACE('',#1304,11.9492);
#1112=CYLINDRICAL_SURFACE('',#1305,11.9492);
#1113=CYLINDRICAL_SURFACE('',#1306,11.9492);
#1114=CYLINDRICAL_SURFACE('',#1307,11.9492);
#1115=CYLINDRICAL_SURFACE('',#1308,1.);
#1116=CYLINDRICAL_SURFACE('',#1310,1.);
#1117=CYLINDRICAL_SURFACE('',#1312,17.4999999999998);
#1118=CYLINDRICAL_SURFACE('',#1313,2.5);
#1119=ADVANCED_FACE('',(#82),#1091,.F.);
#1120=ADVANCED_FACE('',(#83),#1092,.T.);
#1121=ADVANCED_FACE('',(#84),#61,.T.);
#1122=ADVANCED_FACE('',(#85),#62,.T.);
#1123=ADVANCED_FACE('',(#86,#35),#63,.F.);
#1124=ADVANCED_FACE('',(#87),#64,.T.);
#1125=ADVANCED_FACE('',(#88),#1093,.T.);
#1126=ADVANCED_FACE('',(#89,#36),#65,.T.);
#1127=ADVANCED_FACE('',(#90),#66,.T.);
#1128=ADVANCED_FACE('',(#91),#67,.T.);
#1129=ADVANCED_FACE('',(#92),#68,.F.);
#1130=ADVANCED_FACE('',(#93),#69,.T.);
#1131=ADVANCED_FACE('',(#94),#1094,.T.);
#1132=ADVANCED_FACE('',(#95),#1095,.F.);
#1133=ADVANCED_FACE('',(#96),#70,.T.);
#1134=ADVANCED_FACE('',(#97),#1096,.F.);
#1135=ADVANCED_FACE('',(#98),#71,.T.);
#1136=ADVANCED_FACE('',(#99),#1097,.F.);
#1137=ADVANCED_FACE('',(#100),#72,.T.);
#1138=ADVANCED_FACE('',(#101),#1098,.F.);
#1139=ADVANCED_FACE('',(#102),#73,.T.);
#1140=ADVANCED_FACE('',(#103),#1099,.F.);
#1141=ADVANCED_FACE('',(#104),#74,.T.);
#1142=ADVANCED_FACE('',(#105),#1100,.F.);
#1143=ADVANCED_FACE('',(#106),#75,.T.);
#1144=ADVANCED_FACE('',(#107),#1101,.F.);
#1145=ADVANCED_FACE('',(#108),#76,.T.);
#1146=ADVANCED_FACE('',(#109),#1102,.F.);
#1147=ADVANCED_FACE('',(#110),#77,.T.);
#1148=ADVANCED_FACE('',(#111),#1103,.F.);
#1149=ADVANCED_FACE('',(#112),#78,.T.);
#1150=ADVANCED_FACE('',(#113),#1104,.F.);
#1151=ADVANCED_FACE('',(#114),#79,.T.);
#1152=ADVANCED_FACE('',(#115),#23,.T.);
#1153=ADVANCED_FACE('',(#116),#1105,.T.);
#1154=ADVANCED_FACE('',(#117),#24,.T.);
#1155=ADVANCED_FACE('',(#118),#25,.T.);
#1156=ADVANCED_FACE('',(#119),#1106,.T.);
#1157=ADVANCED_FACE('',(#120),#26,.T.);
#1158=ADVANCED_FACE('',(#121),#27,.T.);
#1159=ADVANCED_FACE('',(#122),#1107,.T.);
#1160=ADVANCED_FACE('',(#123),#28,.T.);
#1161=ADVANCED_FACE('',(#124),#29,.T.);
#1162=ADVANCED_FACE('',(#125),#1108,.T.);
#1163=ADVANCED_FACE('',(#126),#30,.T.);
#1164=ADVANCED_FACE('',(#127),#31,.T.);
#1165=ADVANCED_FACE('',(#128),#1109,.T.);
#1166=ADVANCED_FACE('',(#129),#32,.T.);
#1167=ADVANCED_FACE('',(#130),#1110,.T.);
#1168=ADVANCED_FACE('',(#131),#1111,.T.);
#1169=ADVANCED_FACE('',(#132),#1112,.T.);
#1170=ADVANCED_FACE('',(#133),#1113,.T.);
#1171=ADVANCED_FACE('',(#134),#1114,.T.);
#1172=ADVANCED_FACE('',(#135),#1115,.F.);
#1173=ADVANCED_FACE('',(#136),#80,.T.);
#1174=ADVANCED_FACE('',(#137),#1116,.F.);
#1175=ADVANCED_FACE('',(#138),#81,.T.);
#1176=ADVANCED_FACE('',(#139),#33,.T.);
#1177=ADVANCED_FACE('',(#140),#1117,.T.);
#1178=ADVANCED_FACE('',(#141),#34,.T.);
#1179=ADVANCED_FACE('',(#142),#1118,.F.);
#1180=CLOSED_SHELL('',(#1119,#1120,#1121,#1122,#1123,#1124,#1125,#1126,
#1127,#1128,#1129,#1130,#1131,#1132,#1133,#1134,#1135,#1136,#1137,#1138,
#1139,#1140,#1141,#1142,#1143,#1144,#1145,#1146,#1147,#1148,#1149,#1150,
#1151,#1152,#1153,#1154,#1155,#1156,#1157,#1158,#1159,#1160,#1161,#1162,
#1163,#1164,#1165,#1166,#1167,#1168,#1169,#1170,#1171,#1172,#1173,#1174,
#1175,#1176,#1177,#1178,#1179));
#1181=DERIVED_UNIT_ELEMENT(#1185,1.);
#1182=DERIVED_UNIT_ELEMENT(#5563,-3.);
#1183=DERIVED_UNIT_ELEMENT(#1185,1.);
#1184=DERIVED_UNIT_ELEMENT(#5563,-3.);
#1185=(
MASS_UNIT()
NAMED_UNIT(*)
SI_UNIT(.KILO.,.GRAM.)
);
#1186=DERIVED_UNIT((#1181,#1182));
#1187=DERIVED_UNIT((#1183,#1184));
#1188=MEASURE_REPRESENTATION_ITEM('density measure',
POSITIVE_RATIO_MEASURE(7850.),#1186);
#1189=MEASURE_REPRESENTATION_ITEM('density measure',
POSITIVE_RATIO_MEASURE(7850.),#1187);
#1190=PROPERTY_DEFINITION_REPRESENTATION(#1200,#1194);
#1191=PROPERTY_DEFINITION_REPRESENTATION(#1201,#1195);
#1192=PROPERTY_DEFINITION_REPRESENTATION(#1202,#1196);
#1193=PROPERTY_DEFINITION_REPRESENTATION(#1203,#1197);
#1194=REPRESENTATION('material name',(#1198),#5559);
#1195=REPRESENTATION('density',(#1188),#5559);
#1196=REPRESENTATION('material name',(#1199),#5560);
#1197=REPRESENTATION('density',(#1189),#5560);
#1198=DESCRIPTIVE_REPRESENTATION_ITEM('\X2\AC15CCA0\X0\','\X2\AC15CCA0\X0\');
#1199=DESCRIPTIVE_REPRESENTATION_ITEM('\X2\AC15CCA0\X0\','\X2\AC15CCA0\X0\');
#1200=PROPERTY_DEFINITION('material property','material name',#5579);
#1201=PROPERTY_DEFINITION('material property','density of part',#5579);
#1202=PROPERTY_DEFINITION('material property','material name',#5580);
#1203=PROPERTY_DEFINITION('material property','density of part',#5580);
#1204=AXIS2_PLACEMENT_3D('',#1633,#1316,#1317);
#1205=AXIS2_PLACEMENT_3D('',#1634,#1318,#1319);
#1206=AXIS2_PLACEMENT_3D('',#1635,#1320,#1321);
#1207=AXIS2_PLACEMENT_3D('',#1636,#1322,#1323);
#1208=AXIS2_PLACEMENT_3D('',#1639,#1324,#1325);
#1209=AXIS2_PLACEMENT_3D('',#1641,#1326,#1327);
#1210=AXIS2_PLACEMENT_3D('',#1647,#1330,#1331);
#1211=AXIS2_PLACEMENT_3D('',#1649,#1333,#1334);
#1212=AXIS2_PLACEMENT_3D('',#1652,#1335,#1336);
#1213=AXIS2_PLACEMENT_3D('',#1656,#1338,#1339);
#1214=AXIS2_PLACEMENT_3D('',#1661,#1342,#1343);
#1215=AXIS2_PLACEMENT_3D('',#1662,#1344,#1345);
#1216=AXIS2_PLACEMENT_3D('',#1668,#1349,#1350);
#1217=AXIS2_PLACEMENT_3D('',#1674,#1354,#1355);
#1218=AXIS2_PLACEMENT_3D('',#1678,#1357,#1358);
#1219=AXIS2_PLACEMENT_3D('',#1758,#1360,#1361);
#1220=AXIS2_PLACEMENT_3D('',#1838,#1363,#1364);
#1221=AXIS2_PLACEMENT_3D('',#1840,#1365,#1366);
#1222=AXIS2_PLACEMENT_3D('',#1842,#1367,#1368);
#1223=AXIS2_PLACEMENT_3D('',#1922,#1370,#1371);
#1224=AXIS2_PLACEMENT_3D('',#2002,#1373,#1374);
#1225=AXIS2_PLACEMENT_3D('',#2004,#1375,#1376);
#1226=AXIS2_PLACEMENT_3D('',#2006,#1377,#1378);
#1227=AXIS2_PLACEMENT_3D('',#2086,#1380,#1381);
#1228=AXIS2_PLACEMENT_3D('',#2166,#1383,#1384);
#1229=AXIS2_PLACEMENT_3D('',#2168,#1385,#1386);
#1230=AXIS2_PLACEMENT_3D('',#2170,#1387,#1388);
#1231=AXIS2_PLACEMENT_3D('',#2250,#1390,#1391);
#1232=AXIS2_PLACEMENT_3D('',#2330,#1393,#1394);
#1233=AXIS2_PLACEMENT_3D('',#2332,#1395,#1396);
#1234=AXIS2_PLACEMENT_3D('',#2334,#1397,#1398);
#1235=AXIS2_PLACEMENT_3D('',#2414,#1400,#1401);
#1236=AXIS2_PLACEMENT_3D('',#2494,#1403,#1404);
#1237=AXIS2_PLACEMENT_3D('',#2496,#1405,#1406);
#1238=AXIS2_PLACEMENT_3D('',#2498,#1407,#1408);
#1239=AXIS2_PLACEMENT_3D('',#2578,#1410,#1411);
#1240=AXIS2_PLACEMENT_3D('',#2658,#1413,#1414);
#1241=AXIS2_PLACEMENT_3D('',#2660,#1415,#1416);
#1242=AXIS2_PLACEMENT_3D('',#2661,#1417,#1418);
#1243=AXIS2_PLACEMENT_3D('',#2664,#1420,#1421);
#1244=AXIS2_PLACEMENT_3D('',#2665,#1422,#1423);
#1245=AXIS2_PLACEMENT_3D('',#2667,#1425,#1426);
#1246=AXIS2_PLACEMENT_3D('',#2669,#1427,#1428);
#1247=AXIS2_PLACEMENT_3D('',#2671,#1430,#1431);
#1248=AXIS2_PLACEMENT_3D('',#2673,#1432,#1433);
#1249=AXIS2_PLACEMENT_3D('',#2675,#1434,#1435);
#1250=AXIS2_PLACEMENT_3D('',#2755,#1437,#1438);
#1251=AXIS2_PLACEMENT_3D('',#2835,#1440,#1441);
#1252=AXIS2_PLACEMENT_3D('',#2837,#1442,#1443);
#1253=AXIS2_PLACEMENT_3D('',#2839,#1444,#1445);
#1254=AXIS2_PLACEMENT_3D('',#2919,#1447,#1448);
#1255=AXIS2_PLACEMENT_3D('',#2999,#1450,#1451);
#1256=AXIS2_PLACEMENT_3D('',#3001,#1452,#1453);
#1257=AXIS2_PLACEMENT_3D('',#3003,#1454,#1455);
#1258=AXIS2_PLACEMENT_3D('',#3083,#1457,#1458);
#1259=AXIS2_PLACEMENT_3D('',#3163,#1460,#1461);
#1260=AXIS2_PLACEMENT_3D('',#3165,#1462,#1463);
#1261=AXIS2_PLACEMENT_3D('',#3167,#1464,#1465);
#1262=AXIS2_PLACEMENT_3D('',#3247,#1467,#1468);
#1263=AXIS2_PLACEMENT_3D('',#3327,#1470,#1471);
#1264=AXIS2_PLACEMENT_3D('',#3329,#1472,#1473);
#1265=AXIS2_PLACEMENT_3D('',#3331,#1474,#1475);
#1266=AXIS2_PLACEMENT_3D('',#3411,#1477,#1478);
#1267=AXIS2_PLACEMENT_3D('',#3491,#1480,#1481);
#1268=AXIS2_PLACEMENT_3D('',#3493,#1482,#1483);
#1269=AXIS2_PLACEMENT_3D('',#3495,#1484,#1485);
#1270=AXIS2_PLACEMENT_3D('',#3575,#1487,#1488);
#1271=AXIS2_PLACEMENT_3D('',#3655,#1490,#1491);
#1272=AXIS2_PLACEMENT_3D('',#3659,#1494,#1495);
#1273=AXIS2_PLACEMENT_3D('',#3660,#1496,#1497);
#1274=AXIS2_PLACEMENT_3D('',#3662,#1499,#1500);
#1275=AXIS2_PLACEMENT_3D('',#3664,#1502,#1503);
#1276=AXIS2_PLACEMENT_3D('',#3665,#1504,#1505);
#1277=AXIS2_PLACEMENT_3D('',#3667,#1507,#1508);
#1278=AXIS2_PLACEMENT_3D('',#3669,#1510,#1511);
#1279=AXIS2_PLACEMENT_3D('',#3671,#1513,#1514);
#1280=AXIS2_PLACEMENT_3D('',#3673,#1516,#1517);
#1281=AXIS2_PLACEMENT_3D('',#3676,#1520,#1521);
#1282=AXIS2_PLACEMENT_3D('',#3678,#1523,#1524);
#1283=AXIS2_PLACEMENT_3D('',#3681,#1527,#1528);
#1284=AXIS2_PLACEMENT_3D('',#3683,#1530,#1531);
#1285=AXIS2_PLACEMENT_3D('',#3686,#1534,#1535);
#1286=AXIS2_PLACEMENT_3D('',#3688,#1537,#1538);
#1287=AXIS2_PLACEMENT_3D('',#3691,#1541,#1542);
#1288=AXIS2_PLACEMENT_3D('',#3693,#1544,#1545);
#1289=AXIS2_PLACEMENT_3D('',#3696,#1548,#1549);
#1290=AXIS2_PLACEMENT_3D('',#3698,#1551,#1552);
#1291=AXIS2_PLACEMENT_3D('',#3701,#1555,#1556);
#1292=AXIS2_PLACEMENT_3D('',#3703,#1558,#1559);
#1293=AXIS2_PLACEMENT_3D('',#3706,#1562,#1563);
#1294=AXIS2_PLACEMENT_3D('',#3708,#1565,#1566);
#1295=AXIS2_PLACEMENT_3D('',#3711,#1569,#1570);
#1296=AXIS2_PLACEMENT_3D('',#3713,#1572,#1573);
#1297=AXIS2_PLACEMENT_3D('',#3716,#1576,#1577);
#1298=AXIS2_PLACEMENT_3D('',#3869,#1580,#1581);
#1299=AXIS2_PLACEMENT_3D('',#4172,#1584,#1585);
#1300=AXIS2_PLACEMENT_3D('',#4475,#1588,#1589);
#1301=AXIS2_PLACEMENT_3D('',#4778,#1592,#1593);
#1302=AXIS2_PLACEMENT_3D('',#5081,#1596,#1597);
#1303=AXIS2_PLACEMENT_3D('',#5233,#1599,#1600);
#1304=AXIS2_PLACEMENT_3D('',#5235,#1602,#1603);
#1305=AXIS2_PLACEMENT_3D('',#5236,#1604,#1605);
#1306=AXIS2_PLACEMENT_3D('',#5237,#1606,#1607);
#1307=AXIS2_PLACEMENT_3D('',#5238,#1608,#1609);
#1308=AXIS2_PLACEMENT_3D('',#5239,#1610,#1611);
#1309=AXIS2_PLACEMENT_3D('',#5241,#1613,#1614);
#1310=AXIS2_PLACEMENT_3D('',#5243,#1616,#1617);
#1311=AXIS2_PLACEMENT_3D('',#5245,#1619,#1620);
#1312=AXIS2_PLACEMENT_3D('',#5398,#1623,#1624);
#1313=AXIS2_PLACEMENT_3D('',#5550,#1626,#1627);
#1314=AXIS2_PLACEMENT_3D('',#5552,#1629,#1630);
#1315=AXIS2_PLACEMENT_3D('',#5553,#1631,#1632);
#1316=DIRECTION('axis',(0.,0.,1.));
#1317=DIRECTION('refdir',(1.,0.,0.));
#1318=DIRECTION('axis',(0.,0.,1.));
#1319=DIRECTION('refdir',(1.,0.,0.));
#1320=DIRECTION('axis',(0.,0.,1.));
#1321=DIRECTION('refdir',(1.,0.,0.));
#1322=DIRECTION('center_axis',(0.,0.,1.));
#1323=DIRECTION('ref_axis',(1.,0.,0.));
#1324=DIRECTION('center_axis',(0.707106781186548,0.,-0.707106781186548));
#1325=DIRECTION('ref_axis',(0.707106781186548,0.,0.707106781186548));
#1326=DIRECTION('center_axis',(0.,0.,-1.));
#1327=DIRECTION('ref_axis',(1.,0.,0.));
#1328=DIRECTION('',(0.,0.,1.));
#1329=DIRECTION('',(0.,0.,1.));
#1330=DIRECTION('center_axis',(0.,0.,1.));
#1331=DIRECTION('ref_axis',(1.,0.,0.));
#1332=DIRECTION('',(0.,0.,-1.));
#1333=DIRECTION('center_axis',(0.,0.,1.));
#1334=DIRECTION('ref_axis',(1.,0.,0.));
#1335=DIRECTION('center_axis',(-0.707106781186548,0.,0.707106781186548));
#1336=DIRECTION('ref_axis',(0.707106781186547,0.,0.707106781186547));
#1337=DIRECTION('',(0.,0.,1.));
#1338=DIRECTION('center_axis',(0.,0.,-1.));
#1339=DIRECTION('ref_axis',(1.,0.,0.));
#1340=DIRECTION('',(0.,0.,-1.));
#1341=DIRECTION('',(0.,0.,1.));
#1342=DIRECTION('center_axis',(0.,0.,1.));
#1343=DIRECTION('ref_axis',(1.,0.,0.));
#1344=DIRECTION('center_axis',(0.,1.,0.));
#1345=DIRECTION('ref_axis',(0.,0.,1.));
#1346=DIRECTION('',(-1.,0.,0.));
#1347=DIRECTION('',(0.,0.,1.));
#1348=DIRECTION('',(-0.707106781186548,0.,-0.707106781186548));
#1349=DIRECTION('center_axis',(0.,-1.,0.));
#1350=DIRECTION('ref_axis',(1.,0.,0.));
#1351=DIRECTION('',(-1.,0.,0.));
#1352=DIRECTION('',(0.,0.,-1.));
#1353=DIRECTION('',(-1.,0.,0.));
#1354=DIRECTION('center_axis',(0.,0.,1.));
#1355=DIRECTION('ref_axis',(1.,0.,0.));
#1356=DIRECTION('',(1.,1.38777878078145E-17,0.));
#1357=DIRECTION('center_axis',(0.,0.,-1.));
#1358=DIRECTION('ref_axis',(0.90220062899932,0.431316618081464,0.));
#1359=DIRECTION('',(-0.929234222598003,0.369491217152296,0.));
#1360=DIRECTION('center_axis',(0.,0.,1.));
#1361=DIRECTION('ref_axis',(-0.84300617398298,0.537903886048965,0.));
#1362=DIRECTION('',(-0.784605891828122,0.619994834259607,0.));
#1363=DIRECTION('center_axis',(0.,0.,-1.));
#1364=DIRECTION('ref_axis',(0.0775691661667237,-0.996986973064442,0.));
#1365=DIRECTION('center_axis',(0.,0.,1.));
#1366=DIRECTION('ref_axis',(1.,0.,0.));
#1367=DIRECTION('center_axis',(0.,0.,-1.));
#1368=DIRECTION('ref_axis',(0.996986973064443,-0.0775691661667221,0.));
#1369=DIRECTION('',(-0.619994834259606,0.784605891828122,0.));
#1370=DIRECTION('center_axis',(0.,0.,1.));
#1371=DIRECTION('ref_axis',(-0.461112819191902,0.887341517104264,0.));
#1372=DIRECTION('',(-0.369491217152296,0.929234222598003,0.));
#1373=DIRECTION('center_axis',(0.,0.,-1.));
#1374=DIRECTION('ref_axis',(-0.431316618081464,-0.90220062899932,0.));
#1375=DIRECTION('center_axis',(0.,0.,1.));
#1376=DIRECTION('ref_axis',(1.,0.,0.));
#1377=DIRECTION('center_axis',(0.,0.,-1.));
#1378=DIRECTION('ref_axis',(0.824631462832597,-0.565670354982981,0.));
#1379=DIRECTION('',(-0.144628330769881,0.989486051411902,0.));
#1380=DIRECTION('center_axis',(0.,0.,1.));
#1381=DIRECTION('ref_axis',(0.044335343121284,0.999016705240867,0.));
#1382=DIRECTION('',(0.144628330769881,0.989486051411902,0.));
#1383=DIRECTION('center_axis',(0.,0.,-1.));
#1384=DIRECTION('ref_axis',(-0.824631462832597,-0.565670354982981,0.));
#1385=DIRECTION('center_axis',(0.,0.,1.));
#1386=DIRECTION('ref_axis',(1.,0.,0.));
#1387=DIRECTION('center_axis',(0.,0.,-1.));
#1388=DIRECTION('ref_axis',(0.431316618081462,-0.902200628999321,0.));
#1389=DIRECTION('',(0.369491217152296,0.929234222598003,0.));
#1390=DIRECTION('center_axis',(0.,0.,1.));
#1391=DIRECTION('ref_axis',(0.537903886048965,0.84300617398298,0.));
#1392=DIRECTION('',(0.619994834259607,0.784605891828122,0.));
#1393=DIRECTION('center_axis',(0.,0.,-1.));
#1394=DIRECTION('ref_axis',(-0.996986973064443,-0.0775691661667208,0.));
#1395=DIRECTION('center_axis',(0.,0.,1.));
#1396=DIRECTION('ref_axis',(1.,0.,0.));
#1397=DIRECTION('center_axis',(0.,0.,-1.));
#1398=DIRECTION('ref_axis',(-0.0775691661667238,-0.996986973064442,0.));
#1399=DIRECTION('',(0.784605891828122,0.619994834259606,0.));
#1400=DIRECTION('center_axis',(0.,0.,1.));
#1401=DIRECTION('ref_axis',(0.887341517104264,0.461112819191902,0.));
#1402=DIRECTION('',(0.929234222598003,0.369491217152296,0.));
#1403=DIRECTION('center_axis',(0.,0.,-1.));
#1404=DIRECTION('ref_axis',(-0.90220062899932,0.431316618081463,0.));
#1405=DIRECTION('center_axis',(0.,0.,1.));
#1406=DIRECTION('ref_axis',(1.,0.,0.));
#1407=DIRECTION('center_axis',(0.,0.,-1.));
#1408=DIRECTION('ref_axis',(-0.565670354982981,-0.824631462832597,0.));
#1409=DIRECTION('',(0.989486051411902,0.144628330769881,0.));
#1410=DIRECTION('center_axis',(0.,0.,1.));
#1411=DIRECTION('ref_axis',(0.999016705240867,-0.0443353431212839,0.));
#1412=DIRECTION('',(0.989486051411902,-0.144628330769881,0.));
#1413=DIRECTION('center_axis',(0.,0.,-1.));
#1414=DIRECTION('ref_axis',(-0.565670354982982,0.824631462832596,0.));
#1415=DIRECTION('center_axis',(0.,0.,1.));
#1416=DIRECTION('ref_axis',(1.,0.,0.));
#1417=DIRECTION('center_axis',(0.,0.,-1.));
#1418=DIRECTION('ref_axis',(-1.,0.,0.));
#1419=DIRECTION('',(0.,1.,0.));
#1420=DIRECTION('center_axis',(0.,0.,-1.));
#1421=DIRECTION('ref_axis',(1.,0.,0.));
#1422=DIRECTION('center_axis',(-1.,0.,0.));
#1423=DIRECTION('ref_axis',(0.,-1.,0.));
#1424=DIRECTION('',(0.,-1.,0.));
#1425=DIRECTION('center_axis',(0.,0.,-1.));
#1426=DIRECTION('ref_axis',(-1.,0.,0.));
#1427=DIRECTION('center_axis',(0.,0.,1.));
#1428=DIRECTION('ref_axis',(-1.,0.,0.));
#1429=DIRECTION('',(0.,0.,-1.));
#1430=DIRECTION('center_axis',(0.,0.,1.));
#1431=DIRECTION('ref_axis',(1.,0.,0.));
#1432=DIRECTION('center_axis',(0.,0.,1.));
#1433=DIRECTION('ref_axis',(1.,0.,0.));
#1434=DIRECTION('center_axis',(0.,0.,1.));
#1435=DIRECTION('ref_axis',(-0.565670354982982,0.824631462832596,0.));
#1436=DIRECTION('',(0.989486051411902,-0.144628330769881,0.));
#1437=DIRECTION('center_axis',(0.,0.,1.));
#1438=DIRECTION('ref_axis',(0.999016705240867,-0.0443353431212839,0.));
#1439=DIRECTION('',(-0.989486051411902,-0.144628330769881,0.));
#1440=DIRECTION('center_axis',(0.,0.,1.));
#1441=DIRECTION('ref_axis',(-0.565670354982981,-0.824631462832597,0.));
#1442=DIRECTION('center_axis',(0.,0.,1.));
#1443=DIRECTION('ref_axis',(1.,0.,0.));
#1444=DIRECTION('center_axis',(0.,0.,1.));
#1445=DIRECTION('ref_axis',(-0.90220062899932,0.431316618081463,0.));
#1446=DIRECTION('',(0.929234222598003,0.369491217152296,0.));
#1447=DIRECTION('center_axis',(0.,0.,1.));
#1448=DIRECTION('ref_axis',(0.887341517104264,0.461112819191902,0.));
#1449=DIRECTION('',(-0.784605891828122,-0.619994834259606,0.));
#1450=DIRECTION('center_axis',(0.,0.,1.));
#1451=DIRECTION('ref_axis',(-0.0775691661667238,-0.996986973064442,0.));
#1452=DIRECTION('center_axis',(0.,0.,1.));
#1453=DIRECTION('ref_axis',(1.,0.,0.));
#1454=DIRECTION('center_axis',(0.,0.,1.));
#1455=DIRECTION('ref_axis',(-0.996986973064443,-0.0775691661667208,0.));
#1456=DIRECTION('',(0.619994834259607,0.784605891828122,0.));
#1457=DIRECTION('center_axis',(0.,0.,1.));
#1458=DIRECTION('ref_axis',(0.537903886048965,0.84300617398298,0.));
#1459=DIRECTION('',(-0.369491217152296,-0.929234222598003,0.));
#1460=DIRECTION('center_axis',(0.,0.,1.));
#1461=DIRECTION('ref_axis',(0.431316618081462,-0.902200628999321,0.));
#1462=DIRECTION('center_axis',(0.,0.,1.));
#1463=DIRECTION('ref_axis',(1.,0.,0.));
#1464=DIRECTION('center_axis',(0.,0.,1.));
#1465=DIRECTION('ref_axis',(-0.824631462832597,-0.565670354982981,0.));
#1466=DIRECTION('',(0.144628330769881,0.989486051411902,0.));
#1467=DIRECTION('center_axis',(0.,0.,1.));
#1468=DIRECTION('ref_axis',(0.044335343121284,0.999016705240867,0.));
#1469=DIRECTION('',(0.144628330769881,-0.989486051411902,0.));
#1470=DIRECTION('center_axis',(0.,0.,1.));
#1471=DIRECTION('ref_axis',(0.824631462832597,-0.565670354982981,0.));
#1472=DIRECTION('center_axis',(0.,0.,1.));
#1473=DIRECTION('ref_axis',(1.,0.,0.));
#1474=DIRECTION('center_axis',(0.,0.,1.));
#1475=DIRECTION('ref_axis',(-0.431316618081464,-0.90220062899932,0.));
#1476=DIRECTION('',(-0.369491217152296,0.929234222598003,0.));
#1477=DIRECTION('center_axis',(0.,0.,1.));
#1478=DIRECTION('ref_axis',(-0.461112819191902,0.887341517104264,0.));
#1479=DIRECTION('',(0.619994834259606,-0.784605891828122,0.));
#1480=DIRECTION('center_axis',(0.,0.,1.));
#1481=DIRECTION('ref_axis',(0.996986973064443,-0.0775691661667221,0.));
#1482=DIRECTION('center_axis',(0.,0.,1.));
#1483=DIRECTION('ref_axis',(1.,0.,0.));
#1484=DIRECTION('center_axis',(0.,0.,1.));
#1485=DIRECTION('ref_axis',(0.0775691661667237,-0.996986973064442,0.));
#1486=DIRECTION('',(-0.784605891828122,0.619994834259607,0.));
#1487=DIRECTION('center_axis',(0.,0.,1.));
#1488=DIRECTION('ref_axis',(-0.84300617398298,0.537903886048965,0.));
#1489=DIRECTION('',(0.929234222598003,-0.369491217152296,0.));
#1490=DIRECTION('center_axis',(0.,0.,1.));
#1491=DIRECTION('ref_axis',(0.90220062899932,0.431316618081464,0.));
#1492=DIRECTION('',(1.,1.38777878078145E-17,0.));
#1493=DIRECTION('',(0.,-1.,0.));
#1494=DIRECTION('center_axis',(0.,0.,-1.));
#1495=DIRECTION('ref_axis',(1.,0.,0.));
#1496=DIRECTION('center_axis',(-0.707106781186548,0.,0.707106781186548));
#1497=DIRECTION('ref_axis',(0.707106781186548,0.,0.707106781186548));
#1498=DIRECTION('',(0.,1.,0.));
#1499=DIRECTION('center_axis',(0.,0.,1.));
#1500=DIRECTION('ref_axis',(1.,0.,0.));
#1501=DIRECTION('',(0.,1.,0.));
#1502=DIRECTION('center_axis',(-1.,0.,0.));
#1503=DIRECTION('ref_axis',(0.,0.,1.));
#1504=DIRECTION('center_axis',(-1.38777878078145E-17,1.,0.));
#1505=DIRECTION('ref_axis',(-1.,-1.38777878078145E-17,0.));
#1506=DIRECTION('',(0.,0.,1.));
#1507=DIRECTION('center_axis',(0.,0.,1.));
#1508=DIRECTION('ref_axis',(1.,0.,0.));
#1509=DIRECTION('',(0.,0.,-1.));
#1510=DIRECTION('center_axis',(0.,0.,-1.));
#1511=DIRECTION('ref_axis',(0.90220062899932,0.431316618081464,0.));
#1512=DIRECTION('',(0.,0.,-1.));
#1513=DIRECTION('center_axis',(-0.369491217152296,-0.929234222598003,0.));
#1514=DIRECTION('ref_axis',(0.929234222598003,-0.369491217152296,0.));
#1515=DIRECTION('',(0.,0.,1.));
#1516=DIRECTION('center_axis',(0.,0.,1.));
#1517=DIRECTION('ref_axis',(0.0775691661667237,-0.996986973064442,0.));
#1518=DIRECTION('',(0.,0.,1.));
#1519=DIRECTION('',(0.,0.,-1.));
#1520=DIRECTION('center_axis',(0.619994834259607,0.784605891828122,0.));
#1521=DIRECTION('ref_axis',(-0.784605891828122,0.619994834259607,0.));
#1522=DIRECTION('',(0.,0.,1.));
#1523=DIRECTION('center_axis',(0.,0.,-1.));
#1524=DIRECTION('ref_axis',(0.996986973064443,-0.0775691661667221,0.));
#1525=DIRECTION('',(0.,0.,-1.));
#1526=DIRECTION('',(0.,0.,1.));
#1527=DIRECTION('center_axis',(-0.784605891828122,-0.619994834259606,0.));
#1528=DIRECTION('ref_axis',(0.619994834259606,-0.784605891828122,0.));
#1529=DIRECTION('',(0.,0.,1.));
#1530=DIRECTION('center_axis',(0.,0.,1.));
#1531=DIRECTION('ref_axis',(-0.431316618081464,-0.90220062899932,0.));
#1532=DIRECTION('',(0.,0.,1.));
#1533=DIRECTION('',(0.,0.,-1.));
#1534=DIRECTION('center_axis',(0.929234222598003,0.369491217152296,0.));
#1535=DIRECTION('ref_axis',(-0.369491217152296,0.929234222598003,0.));
#1536=DIRECTION('',(0.,0.,1.));
#1537=DIRECTION('center_axis',(0.,0.,-1.));
#1538=DIRECTION('ref_axis',(0.824631462832597,-0.565670354982981,0.));
#1539=DIRECTION('',(0.,0.,-1.));
#1540=DIRECTION('',(0.,0.,1.));
#1541=DIRECTION('center_axis',(-0.989486051411902,-0.144628330769881,0.));
#1542=DIRECTION('ref_axis',(0.144628330769881,-0.989486051411902,0.));
#1543=DIRECTION('',(0.,0.,1.));
#1544=DIRECTION('center_axis',(0.,0.,1.));
#1545=DIRECTION('ref_axis',(-0.824631462832597,-0.565670354982981,0.));
#1546=DIRECTION('',(0.,0.,1.));
#1547=DIRECTION('',(0.,0.,-1.));
#1548=DIRECTION('center_axis',(0.989486051411902,-0.144628330769881,0.));
#1549=DIRECTION('ref_axis',(0.144628330769881,0.989486051411902,0.));
#1550=DIRECTION('',(0.,0.,1.));
#1551=DIRECTION('center_axis',(0.,0.,-1.));
#1552=DIRECTION('ref_axis',(0.431316618081462,-0.902200628999321,0.));
#1553=DIRECTION('',(0.,0.,-1.));
#1554=DIRECTION('',(0.,0.,1.));
#1555=DIRECTION('center_axis',(-0.929234222598003,0.369491217152296,0.));
#1556=DIRECTION('ref_axis',(-0.369491217152296,-0.929234222598003,0.));
#1557=DIRECTION('',(0.,0.,1.));
#1558=DIRECTION('center_axis',(0.,0.,1.));
#1559=DIRECTION('ref_axis',(-0.996986973064443,-0.0775691661667208,0.));
#1560=DIRECTION('',(0.,0.,1.));
#1561=DIRECTION('',(0.,0.,-1.));
#1562=DIRECTION('center_axis',(0.784605891828122,-0.619994834259607,0.));
#1563=DIRECTION('ref_axis',(0.619994834259607,0.784605891828122,0.));
#1564=DIRECTION('',(0.,0.,1.));
#1565=DIRECTION('center_axis',(0.,0.,-1.));
#1566=DIRECTION('ref_axis',(-0.0775691661667238,-0.996986973064442,0.));
#1567=DIRECTION('',(0.,0.,-1.));
#1568=DIRECTION('',(0.,0.,1.));
#1569=DIRECTION('center_axis',(-0.619994834259607,0.784605891828122,0.));
#1570=DIRECTION('ref_axis',(-0.784605891828122,-0.619994834259606,0.));
#1571=DIRECTION('',(0.,0.,1.));
#1572=DIRECTION('center_axis',(0.,0.,1.));
#1573=DIRECTION('ref_axis',(-0.90220062899932,0.431316618081463,0.));
#1574=DIRECTION('',(0.,0.,1.));
#1575=DIRECTION('',(0.,0.,-1.));
#1576=DIRECTION('center_axis',(0.369491217152296,-0.929234222598003,0.));
#1577=DIRECTION('ref_axis',(0.929234222598003,0.369491217152296,0.));
#1578=DIRECTION('',(0.,0.,1.));
#1579=DIRECTION('',(0.,0.,1.));
#1580=DIRECTION('center_axis',(0.,0.,1.));
#1581=DIRECTION('ref_axis',(-0.84300617398298,0.537903886048965,0.));
#1582=DIRECTION('',(0.,0.,1.));
#1583=DIRECTION('',(0.,0.,1.));
#1584=DIRECTION('center_axis',(0.,0.,1.));
#1585=DIRECTION('ref_axis',(-0.461112819191902,0.887341517104264,0.));
#1586=DIRECTION('',(0.,0.,1.));
#1587=DIRECTION('',(0.,0.,1.));
#1588=DIRECTION('center_axis',(0.,0.,1.));
#1589=DIRECTION('ref_axis',(0.044335343121284,0.999016705240867,0.));
#1590=DIRECTION('',(0.,0.,1.));
#1591=DIRECTION('',(0.,0.,1.));
#1592=DIRECTION('center_axis',(0.,0.,1.));
#1593=DIRECTION('ref_axis',(0.537903886048965,0.84300617398298,0.));
#1594=DIRECTION('',(0.,0.,1.));
#1595=DIRECTION('',(0.,0.,1.));
#1596=DIRECTION('center_axis',(0.,0.,1.));
#1597=DIRECTION('ref_axis',(0.887341517104264,0.461112819191902,0.));
#1598=DIRECTION('',(0.,0.,1.));
#1599=DIRECTION('center_axis',(0.,0.,1.));
#1600=DIRECTION('ref_axis',(1.,0.,0.));
#1601=DIRECTION('',(0.,0.,1.));
#1602=DIRECTION('center_axis',(0.,0.,1.));
#1603=DIRECTION('ref_axis',(1.,0.,0.));
#1604=DIRECTION('center_axis',(0.,0.,1.));
#1605=DIRECTION('ref_axis',(1.,0.,0.));
#1606=DIRECTION('center_axis',(0.,0.,1.));
#1607=DIRECTION('ref_axis',(1.,0.,0.));
#1608=DIRECTION('center_axis',(0.,0.,1.));
#1609=DIRECTION('ref_axis',(1.,0.,0.));
#1610=DIRECTION('center_axis',(0.,0.,-1.));
#1611=DIRECTION('ref_axis',(-0.565670354982981,-0.824631462832597,0.));
#1612=DIRECTION('',(0.,0.,-1.));
#1613=DIRECTION('center_axis',(-0.144628330769881,0.989486051411902,0.));
#1614=DIRECTION('ref_axis',(-0.989486051411902,-0.144628330769881,0.));
#1615=DIRECTION('',(0.,0.,1.));
#1616=DIRECTION('center_axis',(0.,0.,1.));
#1617=DIRECTION('ref_axis',(-0.565670354982982,0.824631462832596,0.));
#1618=DIRECTION('',(0.,0.,1.));
#1619=DIRECTION('center_axis',(-0.144628330769881,-0.989486051411902,0.));
#1620=DIRECTION('ref_axis',(0.989486051411902,-0.144628330769881,0.));
#1621=DIRECTION('',(0.,0.,1.));
#1622=DIRECTION('',(0.,0.,1.));
#1623=DIRECTION('center_axis',(0.,0.,1.));
#1624=DIRECTION('ref_axis',(0.999016705240867,-0.0443353431212839,0.));
#1625=DIRECTION('',(0.,0.,1.));
#1626=DIRECTION('center_axis',(0.,0.,1.));
#1627=DIRECTION('ref_axis',(1.,0.,0.));
#1628=DIRECTION('',(0.,0.,-1.));
#1629=DIRECTION('',(0.,0.,1.));
#1630=DIRECTION('',(1.,0.,0.));
#1631=DIRECTION('',(0.,0.,1.));
#1632=DIRECTION('',(1.,0.,0.));
#1633=CARTESIAN_POINT('',(0.,0.,0.));
#1634=CARTESIAN_POINT('',(0.,0.,0.));
#1635=CARTESIAN_POINT('',(0.,0.,0.));
#1636=CARTESIAN_POINT('Origin',(-20.,50.,0.));
#1637=CARTESIAN_POINT('',(-40.,8.57536964558404,15.));
#1638=CARTESIAN_POINT('',(-42.7156333832011,10.,12.2843666167989));
#1639=CARTESIAN_POINT('Origin',(-20.,50.,35.));
#1640=CARTESIAN_POINT('',(-20.,4.,15.));
#1641=CARTESIAN_POINT('Origin',(-20.,50.,15.));
#1642=CARTESIAN_POINT('',(-20.,4.,5.));
#1643=CARTESIAN_POINT('',(-20.,4.,0.));
#1644=CARTESIAN_POINT('',(-20.,4.,0.));
#1645=CARTESIAN_POINT('',(-20.,4.,7.5));
#1646=CARTESIAN_POINT('',(-42.7156333832011,10.,0.));
#1647=CARTESIAN_POINT('Origin',(-20.,50.,0.));
#1648=CARTESIAN_POINT('',(-42.7156333832011,10.,0.));
#1649=CARTESIAN_POINT('Origin',(-20.,50.,0.));
#1650=CARTESIAN_POINT('',(-50.,5.1001113587127,5.));
#1651=CARTESIAN_POINT('',(-40.,-0.159744815937817,15.));
#1652=CARTESIAN_POINT('Origin',(-20.,50.,35.));
#1653=CARTESIAN_POINT('',(-50.,5.1001113587127,0.));
#1654=CARTESIAN_POINT('',(-50.,5.1001113587127,0.));
#1655=CARTESIAN_POINT('',(-20.,-4.,0.));
#1656=CARTESIAN_POINT('Origin',(-20.,50.,0.));
#1657=CARTESIAN_POINT('',(-20.,-4.,5.));
#1658=CARTESIAN_POINT('',(-20.,-4.,0.));
#1659=CARTESIAN_POINT('',(-20.,-4.,15.));
#1660=CARTESIAN_POINT('',(-20.,-4.,0.));
#1661=CARTESIAN_POINT('Origin',(-20.,50.,15.));
#1662=CARTESIAN_POINT('Origin',(-35.,10.,7.5));
#1663=CARTESIAN_POINT('',(-50.,10.,0.));
#1664=CARTESIAN_POINT('',(-50.,10.,0.));
#1665=CARTESIAN_POINT('',(-50.,10.,5.));
#1666=CARTESIAN_POINT('',(-50.,10.,15.));
#1667=CARTESIAN_POINT('',(-43.125,10.,11.875));
#1668=CARTESIAN_POINT('Origin',(-50.,-4.,0.));
#1669=CARTESIAN_POINT('',(-11.2598126378728,-4.,0.));
#1670=CARTESIAN_POINT('',(-10.,-4.,0.));
#1671=CARTESIAN_POINT('',(-11.2598126378728,-4.,5.));
#1672=CARTESIAN_POINT('',(-11.2598126378728,-4.,0.));
#1673=CARTESIAN_POINT('',(-30.,-4.,5.));
#1674=CARTESIAN_POINT('Origin',(0.,0.,0.));
#1675=CARTESIAN_POINT('',(-11.383387849761,4.,0.));
#1676=CARTESIAN_POINT('',(-50.,4.,0.));
#1677=CARTESIAN_POINT('',(-11.9996989787366,4.7613243230426,0.));
#1678=CARTESIAN_POINT('Origin',(-12.3691901958889,3.8320901004446,0.));
#1679=CARTESIAN_POINT('',(-13.101387650486,5.19938856814701,0.));
#1680=CARTESIAN_POINT('',(-11.0979784547035,4.4027733723203,0.));
#1681=CARTESIAN_POINT('',(-15.5284765493246,8.0694743358583,0.));
#1682=CARTESIAN_POINT('Ctrl Pts',(-13.101387650486,5.19938856814701,0.));
#1683=CARTESIAN_POINT('Ctrl Pts',(-13.1108030336495,5.20313240506179,0.));
#1684=CARTESIAN_POINT('Ctrl Pts',(-13.129495529139,5.21090986602478,0.));
#1685=CARTESIAN_POINT('Ctrl Pts',(-13.1571194666405,5.22344540527423,0.));
#1686=CARTESIAN_POINT('Ctrl Pts',(-13.1931638561454,5.24181241759123,0.));
#1687=CARTESIAN_POINT('Ctrl Pts',(-13.2371500277008,5.26702940280939,0.));
#1688=CARTESIAN_POINT('Ctrl Pts',(-13.2803742394523,5.293874806267,0.));
#1689=CARTESIAN_POINT('Ctrl Pts',(-13.3231372256531,5.32172871262062,0.));
#1690=CARTESIAN_POINT('Ctrl Pts',(-13.3656553865605,5.35013802435942,0.));
#1691=CARTESIAN_POINT('Ctrl Pts',(-13.408002748122,5.37893396103472,0.));
#1692=CARTESIAN_POINT('Ctrl Pts',(-13.4501608220269,5.40813322482775,0.));
#1693=CARTESIAN_POINT('Ctrl Pts',(-13.4920564005173,5.43786339923144,0.));
#1694=CARTESIAN_POINT('Ctrl Pts',(-13.5336016990853,5.46828353559778,0.));
#1695=CARTESIAN_POINT('Ctrl Pts',(-13.5747387420693,5.49949649093529,0.));
#1696=CARTESIAN_POINT('Ctrl Pts',(-13.6154648966494,5.53149827564783,0.));
#1697=CARTESIAN_POINT('Ctrl Pts',(-13.6558097186746,5.56422310743184,0.));
#1698=CARTESIAN_POINT('Ctrl Pts',(-13.695820796235,5.59757076246697,0.));
#1699=CARTESIAN_POINT('Ctrl Pts',(-13.7355472441521,5.63143858229396,0.));
#1700=CARTESIAN_POINT('Ctrl Pts',(-13.7750213360728,5.66575705483834,0.));
#1701=CARTESIAN_POINT('Ctrl Pts',(-13.814251141054,5.70050405653276,0.));
#1702=CARTESIAN_POINT('Ctrl Pts',(-13.8532306255478,5.73568519194852,0.));
#1703=CARTESIAN_POINT('Ctrl Pts',(-13.8919457653534,5.77132187980767,0.));
#1704=CARTESIAN_POINT('Ctrl Pts',(-13.9303816873349,5.80743744232501,0.));
#1705=CARTESIAN_POINT('Ctrl Pts',(-13.9685307662174,5.84404133557969,0.));
#1706=CARTESIAN_POINT('Ctrl Pts',(-14.006394863586,5.88112477266094,0.));
#1707=CARTESIAN_POINT('Ctrl Pts',(-14.043981130643,5.91866886329327,0.));
#1708=CARTESIAN_POINT('Ctrl Pts',(-14.0812994565481,5.95664955376323,0.));
#1709=CARTESIAN_POINT('Ctrl Pts',(-14.118359500586,5.99504337754934,0.));
#1710=CARTESIAN_POINT('Ctrl Pts',(-14.1551672893169,6.03383405030034,0.));
#1711=CARTESIAN_POINT('Ctrl Pts',(-14.1917246102502,6.0730136358703,0.));
#1712=CARTESIAN_POINT('Ctrl Pts',(-14.2280307768776,6.11257910848579,0.));
#1713=CARTESIAN_POINT('Ctrl Pts',(-14.2640837531135,6.15253015926011,0.));
#1714=CARTESIAN_POINT('Ctrl Pts',(-14.2998814331683,6.19286670185148,0.));
#1715=CARTESIAN_POINT('Ctrl Pts',(-14.335423123584,6.23358598538912,0.));
#1716=CARTESIAN_POINT('Ctrl Pts',(-14.3707097419381,6.27468220333837,0.));
#1717=CARTESIAN_POINT('Ctrl Pts',(-14.4057430880917,6.31614790608495,0.));
#1718=CARTESIAN_POINT('Ctrl Pts',(-14.4405253759541,6.35797490795641,0.));
#1719=CARTESIAN_POINT('Ctrl Pts',(-14.4750587050833,6.40015531137993,0.));
#1720=CARTESIAN_POINT('Ctrl Pts',(-14.509344448499,6.44268269599982,0.));
#1721=CARTESIAN_POINT('Ctrl Pts',(-14.5433831871967,6.48555224007311,0.));
#1722=CARTESIAN_POINT('Ctrl Pts',(-14.5771750206388,6.52876010820249,0.));
#1723=CARTESIAN_POINT('Ctrl Pts',(-14.6107197733969,6.57230304244785,0.));
#1724=CARTESIAN_POINT('Ctrl Pts',(-14.6440172265288,6.6161779065528,0.));
#1725=CARTESIAN_POINT('Ctrl Pts',(-14.6770673885979,6.66038115194095,0.));
#1726=CARTESIAN_POINT('Ctrl Pts',(-14.7098705345915,6.70490874436112,0.));
#1727=CARTESIAN_POINT('Ctrl Pts',(-14.7424270764881,6.74975642404154,0.));
#1728=CARTESIAN_POINT('Ctrl Pts',(-14.7747374827111,6.79491987112086,0.));
#1729=CARTESIAN_POINT('Ctrl Pts',(-14.806802186533,6.84039489131794,0.));
#1730=CARTESIAN_POINT('Ctrl Pts',(-14.8386214832332,6.88617763104896,0.));
#1731=CARTESIAN_POINT('Ctrl Pts',(-14.8701955088218,6.93226460795425,0.));
#1732=CARTESIAN_POINT('Ctrl Pts',(-14.9015242895373,6.97865258396972,0.));
#1733=CARTESIAN_POINT('Ctrl Pts',(-14.9326077735464,7.02533847786692,0.));
#1734=CARTESIAN_POINT('Ctrl Pts',(-14.9634458691181,7.07231926891271,0.));
#1735=CARTESIAN_POINT('Ctrl Pts',(-14.9940384879663,7.11959187945289,0.));
#1736=CARTESIAN_POINT('Ctrl Pts',(-15.0243855640338,7.16715315254889,0.));
#1737=CARTESIAN_POINT('Ctrl Pts',(-15.0544870434844,7.21499993314817,0.));
#1738=CARTESIAN_POINT('Ctrl Pts',(-15.0843428848028,7.26312912258865,0.));
#1739=CARTESIAN_POINT('Ctrl Pts',(-15.1139530551018,7.31153773515321,0.));
#1740=CARTESIAN_POINT('Ctrl Pts',(-15.1433175334631,7.36022296819386,0.));
#1741=CARTESIAN_POINT('Ctrl Pts',(-15.1724363006031,7.40918220680039,0.));
#1742=CARTESIAN_POINT('Ctrl Pts',(-15.2013093094333,7.45841292838026,0.));
#1743=CARTESIAN_POINT('Ctrl Pts',(-15.2299364600841,7.50791262542215,0.));
#1744=CARTESIAN_POINT('Ctrl Pts',(-15.2583175782325,7.55767872775188,0.));
#1745=CARTESIAN_POINT('Ctrl Pts',(-15.2864523857179,7.60770850202162,0.));
#1746=CARTESIAN_POINT('Ctrl Pts',(-15.3143405019761,7.6579990262155,0.));
#1747=CARTESIAN_POINT('Ctrl Pts',(-15.341981521441,7.70854736068021,0.));
#1748=CARTESIAN_POINT('Ctrl Pts',(-15.3693750795526,7.75935068162071,0.));
#1749=CARTESIAN_POINT('Ctrl Pts',(-15.3965209216254,7.81040642387694,0.));
#1750=CARTESIAN_POINT('Ctrl Pts',(-15.4234189806667,7.86171242719677,0.));
#1751=CARTESIAN_POINT('Ctrl Pts',(-15.450069429066,7.9132670527654,0.));
#1752=CARTESIAN_POINT('Ctrl Pts',(-15.4764725666743,7.96506911609313,0.));
#1753=CARTESIAN_POINT('Ctrl Pts',(-15.4973974973529,8.00670809611014,0.));
#1754=CARTESIAN_POINT('Ctrl Pts',(-15.5129801811666,8.03804813851471,0.));
#1755=CARTESIAN_POINT('Ctrl Pts',(-15.5233193138114,8.05899073151218,0.));
#1756=CARTESIAN_POINT('Ctrl Pts',(-15.5284765493246,8.0694743358583,0.));
#1757=CARTESIAN_POINT('',(-14.7526080447021,9.41331800585689,0.));
#1758=CARTESIAN_POINT('Origin',(-1.55759977597069E-13,8.99280649946378E-14,
0.));
#1759=CARTESIAN_POINT('',(-11.0534964094047,8.7464402460751,0.));
#1760=CARTESIAN_POINT('Ctrl Pts',(-11.0534964094047,8.7464402460751,0.));
#1761=CARTESIAN_POINT('Ctrl Pts',(-11.0614463588623,8.75272228862368,0.));
#1762=CARTESIAN_POINT('Ctrl Pts',(-11.0775280853779,8.7650217340962,0.));
#1763=CARTESIAN_POINT('Ctrl Pts',(-11.1021961495688,8.78267699610031,0.));
#1764=CARTESIAN_POINT('Ctrl Pts',(-11.1361246435795,8.80470884691702,0.));
#1765=CARTESIAN_POINT('Ctrl Pts',(-11.1799562791629,8.83019349629008,0.));
#1766=CARTESIAN_POINT('Ctrl Pts',(-11.2248171864078,8.85420405999663,0.));
#1767=CARTESIAN_POINT('Ctrl Pts',(-11.2703208700051,8.87731093921144,0.));
#1768=CARTESIAN_POINT('Ctrl Pts',(-11.3161831361286,8.89992809081004,0.));
#1769=CARTESIAN_POINT('Ctrl Pts',(-11.3622948295959,8.92220401336789,0.));
#1770=CARTESIAN_POINT('Ctrl Pts',(-11.4086611707649,8.94411434444758,0.));
#1771=CARTESIAN_POINT('Ctrl Pts',(-11.4553560463027,8.96553189252468,0.));
#1772=CARTESIAN_POINT('Ctrl Pts',(-11.5024733064665,8.98630110830926,0.));
#1773=CARTESIAN_POINT('Ctrl Pts',(-11.550073040208,9.00632035490116,0.));
#1774=CARTESIAN_POINT('Ctrl Pts',(-11.5981504760255,9.02558934700973,0.));
#1775=CARTESIAN_POINT('Ctrl Pts',(-11.6466634226977,9.04416657190271,0.));
#1776=CARTESIAN_POINT('Ctrl Pts',(-11.6955488778949,9.06214335398528,0.));
#1777=CARTESIAN_POINT('Ctrl Pts',(-11.7447424941944,9.07961355717007,0.));
#1778=CARTESIAN_POINT('Ctrl Pts',(-11.7942002091973,9.09663988729252,0.));
#1779=CARTESIAN_POINT('Ctrl Pts',(-11.8439068978606,9.1132403941446,0.));
#1780=CARTESIAN_POINT('Ctrl Pts',(-11.8938643971115,9.12940705023471,0.));
#1781=CARTESIAN_POINT('Ctrl Pts',(-11.9440842440071,9.14511700088791,0.));
#1782=CARTESIAN_POINT('Ctrl Pts',(-11.9945791996098,9.16034570448302,0.));
#1783=CARTESIAN_POINT('Ctrl Pts',(-12.045353640487,9.17508182929894,0.));
#1784=CARTESIAN_POINT('Ctrl Pts',(-12.0964008877434,9.18933138097091,0.));
#1785=CARTESIAN_POINT('Ctrl Pts',(-12.1477081575214,9.2031099977595,0.));
#1786=CARTESIAN_POINT('Ctrl Pts',(-12.1992595632743,9.2164382707851,0.));
#1787=CARTESIAN_POINT('Ctrl Pts',(-12.2510396120404,9.22933629849424,0.));
#1788=CARTESIAN_POINT('Ctrl Pts',(-12.3030372144381,9.24181744221678,0.));
#1789=CARTESIAN_POINT('Ctrl Pts',(-12.3552463913181,9.25388721805434,0.));
#1790=CARTESIAN_POINT('Ctrl Pts',(-12.4076641790295,9.26554654435996,0.));
#1791=CARTESIAN_POINT('Ctrl Pts',(-12.4602892920259,9.27679381227512,0.));
#1792=CARTESIAN_POINT('Ctrl Pts',(-12.5131206026383,9.28762724130341,0.));
#1793=CARTESIAN_POINT('Ctrl Pts',(-12.5661553818136,9.29804760632805,0.));
#1794=CARTESIAN_POINT('Ctrl Pts',(-12.6193890597342,9.30805860526174,0.));
#1795=CARTESIAN_POINT('Ctrl Pts',(-12.6728160847753,9.317665521637,0.));
#1796=CARTESIAN_POINT('Ctrl Pts',(-12.7264304748913,9.32687436559188,0.));
#1797=CARTESIAN_POINT('Ctrl Pts',(-12.7802264403625,9.33569090418322,0.));
#1798=CARTESIAN_POINT('Ctrl Pts',(-12.8341991075077,9.34411953665894,0.));
#1799=CARTESIAN_POINT('Ctrl Pts',(-12.8883445910727,9.3521631770473,0.));
#1800=CARTESIAN_POINT('Ctrl Pts',(-12.9426596192372,9.35982382918392,0.));
#1801=CARTESIAN_POINT('Ctrl Pts',(-12.997141282828,9.36710297011343,0.));
#1802=CARTESIAN_POINT('Ctrl Pts',(-13.0517867562965,9.3740019783545,0.));
#1803=CARTESIAN_POINT('Ctrl Pts',(-13.1065929707669,9.38052263561146,0.));
#1804=CARTESIAN_POINT('Ctrl Pts',(-13.1615565699689,9.38666719715584,0.));
#1805=CARTESIAN_POINT('Ctrl Pts',(-13.2166740708212,9.39243814965752,0.));
#1806=CARTESIAN_POINT('Ctrl Pts',(-13.2719419664259,9.39783805871351,0.));
#1807=CARTESIAN_POINT('Ctrl Pts',(-13.3273568410651,9.40286939668955,0.));
#1808=CARTESIAN_POINT('Ctrl Pts',(-13.3829155050772,9.40753434609704,0.));
#1809=CARTESIAN_POINT('Ctrl Pts',(-13.4386150106551,9.41183476590384,0.));
#1810=CARTESIAN_POINT('Ctrl Pts',(-13.4944525666723,9.41577229786529,0.));
#1811=CARTESIAN_POINT('Ctrl Pts',(-13.5504254787902,9.41934843770669,0.));
#1812=CARTESIAN_POINT('Ctrl Pts',(-13.6065310851117,9.42256461635326,0.));
#1813=CARTESIAN_POINT('Ctrl Pts',(-13.6627666761667,9.42542229617396,0.));
#1814=CARTESIAN_POINT('Ctrl Pts',(-13.7191294849379,9.42792299843102,0.));
#1815=CARTESIAN_POINT('Ctrl Pts',(-13.7756167521516,9.43006825402713,0.));
#1816=CARTESIAN_POINT('Ctrl Pts',(-13.8322257735297,9.43185957633995,0.));
#1817=CARTESIAN_POINT('Ctrl Pts',(-13.8889539469221,9.43329842974696,0.));
#1818=CARTESIAN_POINT('Ctrl Pts',(-13.9457988347051,9.43438619745644,0.));
#1819=CARTESIAN_POINT('Ctrl Pts',(-14.0027581626583,9.43512417022331,0.));
#1820=CARTESIAN_POINT('Ctrl Pts',(-14.0598297226082,9.43551356856401,0.));
#1821=CARTESIAN_POINT('Ctrl Pts',(-14.1170112930515,9.43555555974461,0.));
#1822=CARTESIAN_POINT('Ctrl Pts',(-14.1743005609906,9.43525127788411,0.));
#1823=CARTESIAN_POINT('Ctrl Pts',(-14.2316950201965,9.43460184876214,0.));
#1824=CARTESIAN_POINT('Ctrl Pts',(-14.2891919498472,9.43360840380851,0.));
#1825=CARTESIAN_POINT('Ctrl Pts',(-14.346788601345,9.43227206161925,0.));
#1826=CARTESIAN_POINT('Ctrl Pts',(-14.4044823469319,9.43059391837369,0.));
#1827=CARTESIAN_POINT('Ctrl Pts',(-14.4622708377713,9.42857503608771,0.));
#1828=CARTESIAN_POINT('Ctrl Pts',(-14.5201521695336,9.42621643687008,0.));
#1829=CARTESIAN_POINT('Ctrl Pts',(-14.5781250091583,9.42351908942183,0.));
#1830=CARTESIAN_POINT('Ctrl Pts',(-14.6361884807726,9.42048384566631,0.));
#1831=CARTESIAN_POINT('Ctrl Pts',(-14.6827113605944,9.41778587719792,0.));
#1832=CARTESIAN_POINT('Ctrl Pts',(-14.7176439753793,9.41561085603747,0.));
#1833=CARTESIAN_POINT('Ctrl Pts',(-14.7409503592586,9.4140935110622,0.));
#1834=CARTESIAN_POINT('Ctrl Pts',(-14.7526080447021,9.41331800585689,0.));
#1835=CARTESIAN_POINT('',(-10.1232773087799,8.01138199183081,0.));
#1836=CARTESIAN_POINT('',(-9.3619028148868,7.40974458626544,0.));
#1837=CARTESIAN_POINT('',(-8.7693929311879,8.11671905750296,0.));
#1838=CARTESIAN_POINT('Origin',(-9.50328247452034,8.79598788365893,0.));
#1839=CARTESIAN_POINT('',(-8.11671905750295,8.76939293118791,0.));
#1840=CARTESIAN_POINT('Origin',(0.,0.,0.));
#1841=CARTESIAN_POINT('',(-8.0113819918308,10.1232773087799,0.));
#1842=CARTESIAN_POINT('Origin',(-8.79598788365892,9.50328247452034,0.));
#1843=CARTESIAN_POINT('',(-8.7464402460751,11.0534964094047,0.));
#1844=CARTESIAN_POINT('',(-7.40974458626543,9.36190281488681,0.));
#1845=CARTESIAN_POINT('',(-9.41331800585688,14.7526080447022,0.));
#1846=CARTESIAN_POINT('Ctrl Pts',(-8.7464402460751,11.0534964094047,0.));
#1847=CARTESIAN_POINT('Ctrl Pts',(-8.75272228862367,11.0614463588623,0.));
#1848=CARTESIAN_POINT('Ctrl Pts',(-8.76502173409619,11.0775280853779,0.));
#1849=CARTESIAN_POINT('Ctrl Pts',(-8.7826769961003,11.1021961495688,0.));
#1850=CARTESIAN_POINT('Ctrl Pts',(-8.80470884691701,11.1361246435795,0.));
#1851=CARTESIAN_POINT('Ctrl Pts',(-8.83019349629007,11.1799562791629,0.));
#1852=CARTESIAN_POINT('Ctrl Pts',(-8.85420405999663,11.2248171864078,0.));
#1853=CARTESIAN_POINT('Ctrl Pts',(-8.87731093921143,11.2703208700051,0.));
#1854=CARTESIAN_POINT('Ctrl Pts',(-8.89992809081003,11.3161831361286,0.));
#1855=CARTESIAN_POINT('Ctrl Pts',(-8.92220401336789,11.3622948295959,0.));
#1856=CARTESIAN_POINT('Ctrl Pts',(-8.94411434444757,11.4086611707649,0.));
#1857=CARTESIAN_POINT('Ctrl Pts',(-8.96553189252467,11.4553560463027,0.));
#1858=CARTESIAN_POINT('Ctrl Pts',(-8.98630110830925,11.5024733064665,0.));
#1859=CARTESIAN_POINT('Ctrl Pts',(-9.00632035490115,11.550073040208,0.));
#1860=CARTESIAN_POINT('Ctrl Pts',(-9.02558934700972,11.5981504760255,0.));
#1861=CARTESIAN_POINT('Ctrl Pts',(-9.0441665719027,11.6466634226977,0.));
#1862=CARTESIAN_POINT('Ctrl Pts',(-9.06214335398527,11.6955488778949,0.));
#1863=CARTESIAN_POINT('Ctrl Pts',(-9.07961355717006,11.7447424941944,0.));
#1864=CARTESIAN_POINT('Ctrl Pts',(-9.09663988729251,11.7942002091973,0.));
#1865=CARTESIAN_POINT('Ctrl Pts',(-9.11324039414459,11.8439068978606,0.));
#1866=CARTESIAN_POINT('Ctrl Pts',(-9.1294070502347,11.8938643971115,0.));
#1867=CARTESIAN_POINT('Ctrl Pts',(-9.1451170008879,11.9440842440071,0.));
#1868=CARTESIAN_POINT('Ctrl Pts',(-9.16034570448301,11.9945791996098,0.));
#1869=CARTESIAN_POINT('Ctrl Pts',(-9.17508182929893,12.045353640487,0.));
#1870=CARTESIAN_POINT('Ctrl Pts',(-9.1893313809709,12.0964008877434,0.));
#1871=CARTESIAN_POINT('Ctrl Pts',(-9.20310999775949,12.1477081575214,0.));
#1872=CARTESIAN_POINT('Ctrl Pts',(-9.21643827078509,12.1992595632743,0.));
#1873=CARTESIAN_POINT('Ctrl Pts',(-9.22933629849423,12.2510396120404,0.));
#1874=CARTESIAN_POINT('Ctrl Pts',(-9.24181744221677,12.3030372144381,0.));
#1875=CARTESIAN_POINT('Ctrl Pts',(-9.25388721805433,12.3552463913181,0.));
#1876=CARTESIAN_POINT('Ctrl Pts',(-9.26554654435995,12.4076641790295,0.));
#1877=CARTESIAN_POINT('Ctrl Pts',(-9.27679381227511,12.4602892920259,0.));
#1878=CARTESIAN_POINT('Ctrl Pts',(-9.2876272413034,12.5131206026383,0.));
#1879=CARTESIAN_POINT('Ctrl Pts',(-9.29804760632805,12.5661553818136,0.));
#1880=CARTESIAN_POINT('Ctrl Pts',(-9.30805860526173,12.6193890597342,0.));
#1881=CARTESIAN_POINT('Ctrl Pts',(-9.31766552163699,12.6728160847753,0.));
#1882=CARTESIAN_POINT('Ctrl Pts',(-9.32687436559187,12.7264304748913,0.));
#1883=CARTESIAN_POINT('Ctrl Pts',(-9.33569090418321,12.7802264403625,0.));
#1884=CARTESIAN_POINT('Ctrl Pts',(-9.34411953665893,12.8341991075077,0.));
#1885=CARTESIAN_POINT('Ctrl Pts',(-9.35216317704729,12.8883445910727,0.));
#1886=CARTESIAN_POINT('Ctrl Pts',(-9.35982382918391,12.9426596192372,0.));
#1887=CARTESIAN_POINT('Ctrl Pts',(-9.36710297011342,12.997141282828,0.));
#1888=CARTESIAN_POINT('Ctrl Pts',(-9.37400197835449,13.0517867562965,0.));
#1889=CARTESIAN_POINT('Ctrl Pts',(-9.38052263561145,13.1065929707669,0.));
#1890=CARTESIAN_POINT('Ctrl Pts',(-9.38666719715583,13.1615565699689,0.));
#1891=CARTESIAN_POINT('Ctrl Pts',(-9.3924381496575,13.2166740708212,0.));
#1892=CARTESIAN_POINT('Ctrl Pts',(-9.3978380587135,13.2719419664259,0.));
#1893=CARTESIAN_POINT('Ctrl Pts',(-9.40286939668954,13.3273568410651,0.));
#1894=CARTESIAN_POINT('Ctrl Pts',(-9.40753434609704,13.3829155050772,0.));
#1895=CARTESIAN_POINT('Ctrl Pts',(-9.41183476590383,13.4386150106551,0.));
#1896=CARTESIAN_POINT('Ctrl Pts',(-9.41577229786528,13.4944525666723,0.));
#1897=CARTESIAN_POINT('Ctrl Pts',(-9.41934843770668,13.5504254787902,0.));
#1898=CARTESIAN_POINT('Ctrl Pts',(-9.42256461635325,13.6065310851117,0.));
#1899=CARTESIAN_POINT('Ctrl Pts',(-9.42542229617395,13.6627666761667,0.));
#1900=CARTESIAN_POINT('Ctrl Pts',(-9.42792299843101,13.719129484938,0.));
#1901=CARTESIAN_POINT('Ctrl Pts',(-9.43006825402712,13.7756167521516,0.));
#1902=CARTESIAN_POINT('Ctrl Pts',(-9.43185957633994,13.8322257735297,0.));
#1903=CARTESIAN_POINT('Ctrl Pts',(-9.43329842974695,13.8889539469221,0.));
#1904=CARTESIAN_POINT('Ctrl Pts',(-9.43438619745642,13.9457988347051,0.));
#1905=CARTESIAN_POINT('Ctrl Pts',(-9.4351241702233,14.0027581626583,0.));
#1906=CARTESIAN_POINT('Ctrl Pts',(-9.435513568564,14.0598297226082,0.));
#1907=CARTESIAN_POINT('Ctrl Pts',(-9.4355555597446,14.1170112930516,0.));
#1908=CARTESIAN_POINT('Ctrl Pts',(-9.4352512778841,14.1743005609907,0.));
#1909=CARTESIAN_POINT('Ctrl Pts',(-9.43460184876213,14.2316950201965,0.));
#1910=CARTESIAN_POINT('Ctrl Pts',(-9.4336084038085,14.2891919498472,0.));
#1911=CARTESIAN_POINT('Ctrl Pts',(-9.43227206161924,14.3467886013451,0.));
#1912=CARTESIAN_POINT('Ctrl Pts',(-9.43059391837368,14.4044823469319,0.));
#1913=CARTESIAN_POINT('Ctrl Pts',(-9.42857503608771,14.4622708377713,0.));
#1914=CARTESIAN_POINT('Ctrl Pts',(-9.42621643687007,14.5201521695336,0.));
#1915=CARTESIAN_POINT('Ctrl Pts',(-9.42351908942182,14.5781250091583,0.));
#1916=CARTESIAN_POINT('Ctrl Pts',(-9.4204838456663,14.6361884807726,0.));
#1917=CARTESIAN_POINT('Ctrl Pts',(-9.41778587719791,14.6827113605944,0.));
#1918=CARTESIAN_POINT('Ctrl Pts',(-9.41561085603747,14.7176439753793,0.));
#1919=CARTESIAN_POINT('Ctrl Pts',(-9.41409351106219,14.7409503592586,0.));
#1920=CARTESIAN_POINT('Ctrl Pts',(-9.41331800585688,14.7526080447022,0.));
#1921=CARTESIAN_POINT('',(-8.06947433585829,15.5284765493246,0.));
#1922=CARTESIAN_POINT('Origin',(-8.99280649946376E-14,1.55759977597069E-13,
0.));
#1923=CARTESIAN_POINT('',(-5.199388568147,13.101387650486,0.));
#1924=CARTESIAN_POINT('Ctrl Pts',(-5.199388568147,13.101387650486,0.));
#1925=CARTESIAN_POINT('Ctrl Pts',(-5.20313240506178,13.1108030336495,0.));
#1926=CARTESIAN_POINT('Ctrl Pts',(-5.21090986602477,13.129495529139,0.));
#1927=CARTESIAN_POINT('Ctrl Pts',(-5.22344540527422,13.1571194666405,0.));
#1928=CARTESIAN_POINT('Ctrl Pts',(-5.24181241759123,13.1931638561455,0.));
#1929=CARTESIAN_POINT('Ctrl Pts',(-5.26702940280938,13.2371500277008,0.));
#1930=CARTESIAN_POINT('Ctrl Pts',(-5.29387480626699,13.2803742394523,0.));
#1931=CARTESIAN_POINT('Ctrl Pts',(-5.32172871262061,13.3231372256531,0.));
#1932=CARTESIAN_POINT('Ctrl Pts',(-5.35013802435941,13.3656553865605,0.));
#1933=CARTESIAN_POINT('Ctrl Pts',(-5.37893396103471,13.408002748122,0.));
#1934=CARTESIAN_POINT('Ctrl Pts',(-5.40813322482774,13.4501608220269,0.));
#1935=CARTESIAN_POINT('Ctrl Pts',(-5.43786339923143,13.4920564005173,0.));
#1936=CARTESIAN_POINT('Ctrl Pts',(-5.46828353559777,13.5336016990853,0.));
#1937=CARTESIAN_POINT('Ctrl Pts',(-5.49949649093528,13.5747387420693,0.));
#1938=CARTESIAN_POINT('Ctrl Pts',(-5.53149827564782,13.6154648966494,0.));
#1939=CARTESIAN_POINT('Ctrl Pts',(-5.56422310743184,13.6558097186746,0.));
#1940=CARTESIAN_POINT('Ctrl Pts',(-5.59757076246696,13.695820796235,0.));
#1941=CARTESIAN_POINT('Ctrl Pts',(-5.63143858229395,13.7355472441521,0.));
#1942=CARTESIAN_POINT('Ctrl Pts',(-5.66575705483833,13.7750213360728,0.));
#1943=CARTESIAN_POINT('Ctrl Pts',(-5.70050405653275,13.814251141054,0.));
#1944=CARTESIAN_POINT('Ctrl Pts',(-5.73568519194851,13.8532306255478,0.));
#1945=CARTESIAN_POINT('Ctrl Pts',(-5.77132187980766,13.8919457653534,0.));
#1946=CARTESIAN_POINT('Ctrl Pts',(-5.807437442325,13.9303816873349,0.));
#1947=CARTESIAN_POINT('Ctrl Pts',(-5.84404133557968,13.9685307662174,0.));
#1948=CARTESIAN_POINT('Ctrl Pts',(-5.88112477266093,14.006394863586,0.));
#1949=CARTESIAN_POINT('Ctrl Pts',(-5.91866886329326,14.043981130643,0.));
#1950=CARTESIAN_POINT('Ctrl Pts',(-5.95664955376322,14.0812994565481,0.));
#1951=CARTESIAN_POINT('Ctrl Pts',(-5.99504337754933,14.1183595005861,0.));
#1952=CARTESIAN_POINT('Ctrl Pts',(-6.03383405030034,14.1551672893169,0.));
#1953=CARTESIAN_POINT('Ctrl Pts',(-6.07301363587029,14.1917246102502,0.));
#1954=CARTESIAN_POINT('Ctrl Pts',(-6.11257910848578,14.2280307768776,0.));
#1955=CARTESIAN_POINT('Ctrl Pts',(-6.1525301592601,14.2640837531135,0.));
#1956=CARTESIAN_POINT('Ctrl Pts',(-6.19286670185148,14.2998814331683,0.));
#1957=CARTESIAN_POINT('Ctrl Pts',(-6.23358598538912,14.335423123584,0.));
#1958=CARTESIAN_POINT('Ctrl Pts',(-6.27468220333836,14.3707097419381,0.));
#1959=CARTESIAN_POINT('Ctrl Pts',(-6.31614790608494,14.4057430880917,0.));
#1960=CARTESIAN_POINT('Ctrl Pts',(-6.3579749079564,14.4405253759541,0.));
#1961=CARTESIAN_POINT('Ctrl Pts',(-6.40015531137992,14.4750587050833,0.));
#1962=CARTESIAN_POINT('Ctrl Pts',(-6.44268269599981,14.509344448499,0.));
#1963=CARTESIAN_POINT('Ctrl Pts',(-6.4855522400731,14.5433831871967,0.));
#1964=CARTESIAN_POINT('Ctrl Pts',(-6.52876010820248,14.5771750206388,0.));
#1965=CARTESIAN_POINT('Ctrl Pts',(-6.57230304244784,14.6107197733969,0.));
#1966=CARTESIAN_POINT('Ctrl Pts',(-6.61617790655279,14.6440172265288,0.));
#1967=CARTESIAN_POINT('Ctrl Pts',(-6.66038115194094,14.6770673885979,0.));
#1968=CARTESIAN_POINT('Ctrl Pts',(-6.70490874436111,14.7098705345915,0.));
#1969=CARTESIAN_POINT('Ctrl Pts',(-6.74975642404153,14.7424270764881,0.));
#1970=CARTESIAN_POINT('Ctrl Pts',(-6.79491987112085,14.7747374827111,0.));
#1971=CARTESIAN_POINT('Ctrl Pts',(-6.84039489131793,14.806802186533,0.));
#1972=CARTESIAN_POINT('Ctrl Pts',(-6.88617763104894,14.8386214832332,0.));
#1973=CARTESIAN_POINT('Ctrl Pts',(-6.93226460795425,14.8701955088218,0.));
#1974=CARTESIAN_POINT('Ctrl Pts',(-6.97865258396971,14.9015242895373,0.));
#1975=CARTESIAN_POINT('Ctrl Pts',(-7.02533847786691,14.9326077735464,0.));
#1976=CARTESIAN_POINT('Ctrl Pts',(-7.07231926891271,14.9634458691181,0.));
#1977=CARTESIAN_POINT('Ctrl Pts',(-7.11959187945288,14.9940384879663,0.));
#1978=CARTESIAN_POINT('Ctrl Pts',(-7.16715315254888,15.0243855640338,0.));
#1979=CARTESIAN_POINT('Ctrl Pts',(-7.21499993314816,15.0544870434844,0.));
#1980=CARTESIAN_POINT('Ctrl Pts',(-7.26312912258864,15.0843428848028,0.));
#1981=CARTESIAN_POINT('Ctrl Pts',(-7.3115377351532,15.1139530551018,0.));
#1982=CARTESIAN_POINT('Ctrl Pts',(-7.36022296819385,15.1433175334631,0.));
#1983=CARTESIAN_POINT('Ctrl Pts',(-7.40918220680038,15.1724363006031,0.));
#1984=CARTESIAN_POINT('Ctrl Pts',(-7.45841292838025,15.2013093094333,0.));
#1985=CARTESIAN_POINT('Ctrl Pts',(-7.50791262542214,15.2299364600841,0.));
#1986=CARTESIAN_POINT('Ctrl Pts',(-7.55767872775187,15.2583175782326,0.));
#1987=CARTESIAN_POINT('Ctrl Pts',(-7.60770850202161,15.2864523857179,0.));
#1988=CARTESIAN_POINT('Ctrl Pts',(-7.65799902621549,15.3143405019761,0.));
#1989=CARTESIAN_POINT('Ctrl Pts',(-7.7085473606802,15.341981521441,0.));
#1990=CARTESIAN_POINT('Ctrl Pts',(-7.7593506816207,15.3693750795526,0.));
#1991=CARTESIAN_POINT('Ctrl Pts',(-7.81040642387693,15.3965209216254,0.));
#1992=CARTESIAN_POINT('Ctrl Pts',(-7.86171242719676,15.4234189806667,0.));
#1993=CARTESIAN_POINT('Ctrl Pts',(-7.91326705276539,15.450069429066,0.));
#1994=CARTESIAN_POINT('Ctrl Pts',(-7.96506911609312,15.4764725666743,0.));
#1995=CARTESIAN_POINT('Ctrl Pts',(-8.00670809611013,15.4973974973529,0.));
#1996=CARTESIAN_POINT('Ctrl Pts',(-8.0380481385147,15.5129801811666,0.));
#1997=CARTESIAN_POINT('Ctrl Pts',(-8.05899073151217,15.5233193138114,0.));
#1998=CARTESIAN_POINT('Ctrl Pts',(-8.06947433585829,15.5284765493246,0.));
#1999=CARTESIAN_POINT('',(-4.76132432304259,11.9996989787366,0.));
#2000=CARTESIAN_POINT('',(-4.4027733723203,11.0979784547035,0.));
#2001=CARTESIAN_POINT('',(-3.53615752542493,11.4139813647728,0.));
#2002=CARTESIAN_POINT('Origin',(-3.83209010044459,12.3691901958889,0.));
#2003=CARTESIAN_POINT('',(-2.64458843358489,11.6528765829279,0.));
#2004=CARTESIAN_POINT('Origin',(0.,0.,0.));
#2005=CARTESIAN_POINT('',(-1.87642166995668,12.7727063148734,0.));
#2006=CARTESIAN_POINT('Origin',(-2.86590772136858,12.6280779841035,0.));
#2007=CARTESIAN_POINT('',(-2.0478912410813,13.9458288142221,0.));
#2008=CARTESIAN_POINT('',(-1.73607563981668,11.8125179585857,0.));
#2009=CARTESIAN_POINT('',(-0.775868504622459,17.4827923417152,0.));
#2010=CARTESIAN_POINT('Ctrl Pts',(-2.0478912410813,13.9458288142221,0.));
#2011=CARTESIAN_POINT('Ctrl Pts',(-2.04935667478723,13.9558546936855,0.));
#2012=CARTESIAN_POINT('Ctrl Pts',(-2.05196744376108,13.975931600121,0.));
#2013=CARTESIAN_POINT('Ctrl Pts',(-2.05492331707166,14.0061224013745,0.));
#2014=CARTESIAN_POINT('Ctrl Pts',(-2.057039212566,14.0465212645082,0.));
#2015=CARTESIAN_POINT('Ctrl Pts',(-2.05719374853789,14.0972228990995,0.));
#2016=CARTESIAN_POINT('Ctrl Pts',(-2.0555570530445,14.1480788662636,0.));
#2017=CARTESIAN_POINT('Ctrl Pts',(-2.05281635564806,14.199039651832,0.));
#2018=CARTESIAN_POINT('Ctrl Pts',(-2.04947225043192,14.2500661151694,0.));
#2019=CARTESIAN_POINT('Ctrl Pts',(-2.0457079185261,14.3011379744026,0.));
#2020=CARTESIAN_POINT('Ctrl Pts',(-2.04149965126194,14.3522475692753,0.));
#2021=CARTESIAN_POINT('Ctrl Pts',(-2.03670035421462,14.4033952917561,0.));
#2022=CARTESIAN_POINT('Ctrl Pts',(-2.03112839261881,14.454584643907,0.));
#2023=CARTESIAN_POINT('Ctrl Pts',(-2.0246657018613,14.5058168458364,0.));
#2024=CARTESIAN_POINT('Ctrl Pts',(-2.01731442062386,14.5570876226576,0.));
#2025=CARTESIAN_POINT('Ctrl Pts',(-2.00914629597693,14.6083896793345,0.));
#2026=CARTESIAN_POINT('Ctrl Pts',(-2.00027191834009,14.6597141164522,0.));
#2027=CARTESIAN_POINT('Ctrl Pts',(-1.99080474995765,14.711052139464,0.));
#2028=CARTESIAN_POINT('Ctrl Pts',(-1.98082112687549,14.7623969421309,0.));
#2029=CARTESIAN_POINT('Ctrl Pts',(-1.97034424319341,14.8137444506773,0.));
#2030=CARTESIAN_POINT('Ctrl Pts',(-1.95936622843625,14.8650922421832,0.));
#2031=CARTESIAN_POINT('Ctrl Pts',(-1.94786152134632,14.9164388806956,0.));
#2032=CARTESIAN_POINT('Ctrl Pts',(-1.93580248772505,14.967783146808,0.));
#2033=CARTESIAN_POINT('Ctrl Pts',(-1.92317712573035,15.0191231648786,0.));
#2034=CARTESIAN_POINT('Ctrl Pts',(-1.90999397584266,15.0704561536318,0.));
#2035=CARTESIAN_POINT('Ctrl Pts',(-1.89627297312156,15.1217788610528,0.));
#2036=CARTESIAN_POINT('Ctrl Pts',(-1.88203989327388,15.1730878245483,0.));
#2037=CARTESIAN_POINT('Ctrl Pts',(-1.86731988854564,15.2243796760436,0.));
#2038=CARTESIAN_POINT('Ctrl Pts',(-1.8521300748788,15.2756514925171,0.));
#2039=CARTESIAN_POINT('Ctrl Pts',(-1.83647821893213,15.3269008539246,0.));
#2040=CARTESIAN_POINT('Ctrl Pts',(-1.82036659784808,15.3781256528457,0.));
#2041=CARTESIAN_POINT('Ctrl Pts',(-1.80379446108758,15.4293239715352,0.));
#2042=CARTESIAN_POINT('Ctrl Pts',(-1.78676083053,15.4804939431549,0.));
#2043=CARTESIAN_POINT('Ctrl Pts',(-1.76926774177037,15.5316335917172,0.));
#2044=CARTESIAN_POINT('Ctrl Pts',(-1.75132068220392,15.5827408086001,0.));
#2045=CARTESIAN_POINT('Ctrl Pts',(-1.73292700331638,15.6338134277219,0.));
#2046=CARTESIAN_POINT('Ctrl Pts',(-1.71409490106277,15.6848492735483,0.));
#2047=CARTESIAN_POINT('Ctrl Pts',(-1.69483226472071,15.7358462155631,0.));
#2048=CARTESIAN_POINT('Ctrl Pts',(-1.67514534099124,15.7868022326587,0.));
#2049=CARTESIAN_POINT('Ctrl Pts',(-1.65503859612397,15.8377154171204,0.));
#2050=CARTESIAN_POINT('Ctrl Pts',(-1.63451540140161,15.8885839373864,0.));
#2051=CARTESIAN_POINT('Ctrl Pts',(-1.61357849056887,15.9394060125613,0.));
#2052=CARTESIAN_POINT('Ctrl Pts',(-1.59223047023234,15.9901798849073,0.));
#2053=CARTESIAN_POINT('Ctrl Pts',(-1.57047441783103,16.0409037875524,0.));
#2054=CARTESIAN_POINT('Ctrl Pts',(-1.54831396462259,16.091575941517,0.));
#2055=CARTESIAN_POINT('Ctrl Pts',(-1.52575300566689,16.142194573699,0.));
#2056=CARTESIAN_POINT('Ctrl Pts',(-1.50279551628519,16.1927579298344,0.));
#2057=CARTESIAN_POINT('Ctrl Pts',(-1.47944534546785,16.2432642880075,0.));
#2058=CARTESIAN_POINT('Ctrl Pts',(-1.45570597815608,16.293711977146,0.));
#2059=CARTESIAN_POINT('Ctrl Pts',(-1.43158049816676,16.3440993738581,0.));
#2060=CARTESIAN_POINT('Ctrl Pts',(-1.40707172286495,16.394424881835,0.));
#2061=CARTESIAN_POINT('Ctrl Pts',(-1.38218229475614,16.4446869155736,0.));
#2062=CARTESIAN_POINT('Ctrl Pts',(-1.35691478400646,16.494883885266,0.));
#2063=CARTESIAN_POINT('Ctrl Pts',(-1.33127181179954,16.5450141756268,0.));
#2064=CARTESIAN_POINT('Ctrl Pts',(-1.30525607909584,16.5950761509799,0.));
#2065=CARTESIAN_POINT('Ctrl Pts',(-1.27887029133288,16.6450681871753,0.));
#2066=CARTESIAN_POINT('Ctrl Pts',(-1.25211711127305,16.6949886989286,0.));
#2067=CARTESIAN_POINT('Ctrl Pts',(-1.22499910817967,16.7448361649002,0.));
#2068=CARTESIAN_POINT('Ctrl Pts',(-1.19751869875797,16.7946091656503,0.));
#2069=CARTESIAN_POINT('Ctrl Pts',(-1.16967813794478,16.8443063770237,0.));
#2070=CARTESIAN_POINT('Ctrl Pts',(-1.14147958682507,16.8939264969443,0.));
#2071=CARTESIAN_POINT('Ctrl Pts',(-1.11292516703255,16.9434681851668,0.));
#2072=CARTESIAN_POINT('Ctrl Pts',(-1.0840170172419,16.992930005636,0.));
#2073=CARTESIAN_POINT('Ctrl Pts',(-1.05475736552138,17.0423103507837,0.));
#2074=CARTESIAN_POINT('Ctrl Pts',(-1.02514855212895,17.091607430024,0.));
#2075=CARTESIAN_POINT('Ctrl Pts',(-0.995192920095964,17.1408194222995,0.));
#2076=CARTESIAN_POINT('Ctrl Pts',(-0.964892732620671,17.1899445999944,0.));
#2077=CARTESIAN_POINT('Ctrl Pts',(-0.934250083854095,17.2389814599646,0.));
#2078=CARTESIAN_POINT('Ctrl Pts',(-0.903266811133132,17.2879288640668,0.));
#2079=CARTESIAN_POINT('Ctrl Pts',(-0.87194441990777,17.3367861421872,0.));
#2080=CARTESIAN_POINT('Ctrl Pts',(-0.840284085901618,17.3855529617594,0.));
#2081=CARTESIAN_POINT('Ctrl Pts',(-0.814686136758527,17.424493973308,0.));
#2082=CARTESIAN_POINT('Ctrl Pts',(-0.79533620578736,17.4536589945522,0.));
#2083=CARTESIAN_POINT('Ctrl Pts',(-0.782368954552815,17.4730842425744,0.));
#2084=CARTESIAN_POINT('Ctrl Pts',(-0.775868504622459,17.4827923417152,0.));
#2085=CARTESIAN_POINT('',(0.775868504622461,17.4827923417152,0.));
#2086=CARTESIAN_POINT('Origin',(1.57772181044202E-29,1.79856129989275E-13,
0.));
#2087=CARTESIAN_POINT('',(2.0478912410813,13.9458288142221,0.));
#2088=CARTESIAN_POINT('Ctrl Pts',(2.0478912410813,13.9458288142221,0.));
#2089=CARTESIAN_POINT('Ctrl Pts',(2.04935667478723,13.9558546936855,0.));
#2090=CARTESIAN_POINT('Ctrl Pts',(2.05196744376108,13.975931600121,0.));
#2091=CARTESIAN_POINT('Ctrl Pts',(2.05492331707166,14.0061224013745,0.));
#2092=CARTESIAN_POINT('Ctrl Pts',(2.057039212566,14.0465212645082,0.));
#2093=CARTESIAN_POINT('Ctrl Pts',(2.05719374853789,14.0972228990995,0.));
#2094=CARTESIAN_POINT('Ctrl Pts',(2.05555705304451,14.1480788662636,0.));
#2095=CARTESIAN_POINT('Ctrl Pts',(2.05281635564806,14.199039651832,0.));
#2096=CARTESIAN_POINT('Ctrl Pts',(2.04947225043193,14.2500661151694,0.));
#2097=CARTESIAN_POINT('Ctrl Pts',(2.0457079185261,14.3011379744026,0.));
#2098=CARTESIAN_POINT('Ctrl Pts',(2.04149965126194,14.3522475692753,0.));
#2099=CARTESIAN_POINT('Ctrl Pts',(2.03670035421462,14.4033952917561,0.));
#2100=CARTESIAN_POINT('Ctrl Pts',(2.03112839261881,14.454584643907,0.));
#2101=CARTESIAN_POINT('Ctrl Pts',(2.0246657018613,14.5058168458364,0.));
#2102=CARTESIAN_POINT('Ctrl Pts',(2.01731442062386,14.5570876226576,0.));
#2103=CARTESIAN_POINT('Ctrl Pts',(2.00914629597694,14.6083896793345,0.));
#2104=CARTESIAN_POINT('Ctrl Pts',(2.0002719183401,14.6597141164522,0.));
#2105=CARTESIAN_POINT('Ctrl Pts',(1.99080474995765,14.711052139464,0.));
#2106=CARTESIAN_POINT('Ctrl Pts',(1.98082112687549,14.7623969421309,0.));
#2107=CARTESIAN_POINT('Ctrl Pts',(1.97034424319341,14.8137444506773,0.));
#2108=CARTESIAN_POINT('Ctrl Pts',(1.95936622843625,14.8650922421832,0.));
#2109=CARTESIAN_POINT('Ctrl Pts',(1.94786152134633,14.9164388806956,0.));
#2110=CARTESIAN_POINT('Ctrl Pts',(1.93580248772505,14.967783146808,0.));
#2111=CARTESIAN_POINT('Ctrl Pts',(1.92317712573035,15.0191231648786,0.));
#2112=CARTESIAN_POINT('Ctrl Pts',(1.90999397584267,15.0704561536318,0.));
#2113=CARTESIAN_POINT('Ctrl Pts',(1.89627297312156,15.1217788610528,0.));
#2114=CARTESIAN_POINT('Ctrl Pts',(1.88203989327388,15.1730878245483,0.));
#2115=CARTESIAN_POINT('Ctrl Pts',(1.86731988854564,15.2243796760436,0.));
#2116=CARTESIAN_POINT('Ctrl Pts',(1.8521300748788,15.2756514925171,0.));
#2117=CARTESIAN_POINT('Ctrl Pts',(1.83647821893213,15.3269008539246,0.));
#2118=CARTESIAN_POINT('Ctrl Pts',(1.82036659784808,15.3781256528457,0.));
#2119=CARTESIAN_POINT('Ctrl Pts',(1.80379446108758,15.4293239715352,0.));
#2120=CARTESIAN_POINT('Ctrl Pts',(1.78676083053,15.4804939431549,0.));
#2121=CARTESIAN_POINT('Ctrl Pts',(1.76926774177037,15.5316335917172,0.));
#2122=CARTESIAN_POINT('Ctrl Pts',(1.75132068220392,15.5827408086001,0.));
#2123=CARTESIAN_POINT('Ctrl Pts',(1.73292700331638,15.6338134277219,0.));
#2124=CARTESIAN_POINT('Ctrl Pts',(1.71409490106277,15.6848492735483,0.));
#2125=CARTESIAN_POINT('Ctrl Pts',(1.69483226472071,15.7358462155631,0.));
#2126=CARTESIAN_POINT('Ctrl Pts',(1.67514534099124,15.7868022326587,0.));
#2127=CARTESIAN_POINT('Ctrl Pts',(1.65503859612398,15.8377154171204,0.));
#2128=CARTESIAN_POINT('Ctrl Pts',(1.63451540140161,15.8885839373864,0.));
#2129=CARTESIAN_POINT('Ctrl Pts',(1.61357849056887,15.9394060125613,0.));
#2130=CARTESIAN_POINT('Ctrl Pts',(1.59223047023234,15.9901798849073,0.));
#2131=CARTESIAN_POINT('Ctrl Pts',(1.57047441783103,16.0409037875524,0.));
#2132=CARTESIAN_POINT('Ctrl Pts',(1.54831396462259,16.091575941517,0.));
#2133=CARTESIAN_POINT('Ctrl Pts',(1.52575300566689,16.142194573699,0.));
#2134=CARTESIAN_POINT('Ctrl Pts',(1.50279551628519,16.1927579298344,0.));
#2135=CARTESIAN_POINT('Ctrl Pts',(1.47944534546785,16.2432642880075,0.));
#2136=CARTESIAN_POINT('Ctrl Pts',(1.45570597815609,16.293711977146,0.));
#2137=CARTESIAN_POINT('Ctrl Pts',(1.43158049816676,16.3440993738581,0.));
#2138=CARTESIAN_POINT('Ctrl Pts',(1.40707172286495,16.394424881835,0.));
#2139=CARTESIAN_POINT('Ctrl Pts',(1.38218229475614,16.4446869155736,0.));
#2140=CARTESIAN_POINT('Ctrl Pts',(1.35691478400647,16.494883885266,0.));
#2141=CARTESIAN_POINT('Ctrl Pts',(1.33127181179954,16.5450141756268,0.));
#2142=CARTESIAN_POINT('Ctrl Pts',(1.30525607909584,16.5950761509799,0.));
#2143=CARTESIAN_POINT('Ctrl Pts',(1.27887029133288,16.6450681871753,0.));
#2144=CARTESIAN_POINT('Ctrl Pts',(1.25211711127305,16.6949886989286,0.));
#2145=CARTESIAN_POINT('Ctrl Pts',(1.22499910817967,16.7448361649002,0.));
#2146=CARTESIAN_POINT('Ctrl Pts',(1.19751869875797,16.7946091656503,0.));
#2147=CARTESIAN_POINT('Ctrl Pts',(1.16967813794478,16.8443063770237,0.));
#2148=CARTESIAN_POINT('Ctrl Pts',(1.14147958682507,16.8939264969443,0.));
#2149=CARTESIAN_POINT('Ctrl Pts',(1.11292516703255,16.9434681851668,0.));
#2150=CARTESIAN_POINT('Ctrl Pts',(1.0840170172419,16.992930005636,0.));
#2151=CARTESIAN_POINT('Ctrl Pts',(1.05475736552138,17.0423103507837,0.));
#2152=CARTESIAN_POINT('Ctrl Pts',(1.02514855212895,17.091607430024,0.));
#2153=CARTESIAN_POINT('Ctrl Pts',(0.995192920095965,17.1408194222995,0.));
#2154=CARTESIAN_POINT('Ctrl Pts',(0.964892732620675,17.1899445999944,0.));
#2155=CARTESIAN_POINT('Ctrl Pts',(0.934250083854098,17.2389814599646,0.));
#2156=CARTESIAN_POINT('Ctrl Pts',(0.903266811133134,17.2879288640668,0.));
#2157=CARTESIAN_POINT('Ctrl Pts',(0.871944419907772,17.3367861421872,0.));
#2158=CARTESIAN_POINT('Ctrl Pts',(0.840284085901619,17.3855529617594,0.));
#2159=CARTESIAN_POINT('Ctrl Pts',(0.814686136758528,17.424493973308,0.));
#2160=CARTESIAN_POINT('Ctrl Pts',(0.795336205787363,17.4536589945522,0.));
#2161=CARTESIAN_POINT('Ctrl Pts',(0.782368954552817,17.4730842425744,0.));
#2162=CARTESIAN_POINT('Ctrl Pts',(0.775868504622462,17.4827923417152,0.));
#2163=CARTESIAN_POINT('',(1.87642166995668,12.7727063148734,0.));
#2164=CARTESIAN_POINT('',(1.73607563981668,11.8125179585857,0.));
#2165=CARTESIAN_POINT('',(2.64458843358489,11.6528765829279,0.));
#2166=CARTESIAN_POINT('Origin',(2.86590772136858,12.6280779841035,0.));
#2167=CARTESIAN_POINT('',(3.53615752542493,11.4139813647728,0.));
#2168=CARTESIAN_POINT('Origin',(0.,0.,0.));
#2169=CARTESIAN_POINT('',(4.7613243230426,11.9996989787366,0.));
#2170=CARTESIAN_POINT('Origin',(3.8320901004446,12.3691901958889,0.));
#2171=CARTESIAN_POINT('',(5.19938856814701,13.101387650486,0.));
#2172=CARTESIAN_POINT('',(4.4027733723203,11.0979784547035,0.));
#2173=CARTESIAN_POINT('',(8.0694743358583,15.5284765493246,0.));
#2174=CARTESIAN_POINT('Ctrl Pts',(5.19938856814701,13.101387650486,0.));
#2175=CARTESIAN_POINT('Ctrl Pts',(5.20313240506179,13.1108030336495,0.));
#2176=CARTESIAN_POINT('Ctrl Pts',(5.21090986602477,13.129495529139,0.));
#2177=CARTESIAN_POINT('Ctrl Pts',(5.22344540527423,13.1571194666405,0.));
#2178=CARTESIAN_POINT('Ctrl Pts',(5.24181241759123,13.1931638561454,0.));
#2179=CARTESIAN_POINT('Ctrl Pts',(5.26702940280938,13.2371500277008,0.));
#2180=CARTESIAN_POINT('Ctrl Pts',(5.293874806267,13.2803742394523,0.));
#2181=CARTESIAN_POINT('Ctrl Pts',(5.32172871262061,13.3231372256531,0.));
#2182=CARTESIAN_POINT('Ctrl Pts',(5.35013802435942,13.3656553865605,0.));
#2183=CARTESIAN_POINT('Ctrl Pts',(5.37893396103472,13.408002748122,0.));
#2184=CARTESIAN_POINT('Ctrl Pts',(5.40813322482775,13.4501608220269,0.));
#2185=CARTESIAN_POINT('Ctrl Pts',(5.43786339923144,13.4920564005173,0.));
#2186=CARTESIAN_POINT('Ctrl Pts',(5.46828353559778,13.5336016990853,0.));
#2187=CARTESIAN_POINT('Ctrl Pts',(5.49949649093528,13.5747387420693,0.));
#2188=CARTESIAN_POINT('Ctrl Pts',(5.53149827564783,13.6154648966494,0.));
#2189=CARTESIAN_POINT('Ctrl Pts',(5.56422310743184,13.6558097186746,0.));
#2190=CARTESIAN_POINT('Ctrl Pts',(5.59757076246697,13.695820796235,0.));
#2191=CARTESIAN_POINT('Ctrl Pts',(5.63143858229395,13.7355472441521,0.));
#2192=CARTESIAN_POINT('Ctrl Pts',(5.66575705483834,13.7750213360728,0.));
#2193=CARTESIAN_POINT('Ctrl Pts',(5.70050405653275,13.814251141054,0.));
#2194=CARTESIAN_POINT('Ctrl Pts',(5.73568519194851,13.8532306255478,0.));
#2195=CARTESIAN_POINT('Ctrl Pts',(5.77132187980766,13.8919457653534,0.));
#2196=CARTESIAN_POINT('Ctrl Pts',(5.80743744232501,13.9303816873349,0.));
#2197=CARTESIAN_POINT('Ctrl Pts',(5.84404133557969,13.9685307662174,0.));
#2198=CARTESIAN_POINT('Ctrl Pts',(5.88112477266093,14.006394863586,0.));
#2199=CARTESIAN_POINT('Ctrl Pts',(5.91866886329326,14.043981130643,0.));
#2200=CARTESIAN_POINT('Ctrl Pts',(5.95664955376322,14.0812994565481,0.));
#2201=CARTESIAN_POINT('Ctrl Pts',(5.99504337754933,14.118359500586,0.));
#2202=CARTESIAN_POINT('Ctrl Pts',(6.03383405030034,14.1551672893169,0.));
#2203=CARTESIAN_POINT('Ctrl Pts',(6.0730136358703,14.1917246102502,0.));
#2204=CARTESIAN_POINT('Ctrl Pts',(6.11257910848578,14.2280307768776,0.));
#2205=CARTESIAN_POINT('Ctrl Pts',(6.15253015926011,14.2640837531135,0.));
#2206=CARTESIAN_POINT('Ctrl Pts',(6.19286670185148,14.2998814331683,0.));
#2207=CARTESIAN_POINT('Ctrl Pts',(6.23358598538912,14.335423123584,0.));
#2208=CARTESIAN_POINT('Ctrl Pts',(6.27468220333836,14.3707097419381,0.));
#2209=CARTESIAN_POINT('Ctrl Pts',(6.31614790608495,14.4057430880917,0.));
#2210=CARTESIAN_POINT('Ctrl Pts',(6.35797490795641,14.4405253759541,0.));
#2211=CARTESIAN_POINT('Ctrl Pts',(6.40015531137992,14.4750587050833,0.));
#2212=CARTESIAN_POINT('Ctrl Pts',(6.44268269599981,14.509344448499,0.));
#2213=CARTESIAN_POINT('Ctrl Pts',(6.48555224007311,14.5433831871967,0.));
#2214=CARTESIAN_POINT('Ctrl Pts',(6.52876010820249,14.5771750206388,0.));
#2215=CARTESIAN_POINT('Ctrl Pts',(6.57230304244785,14.6107197733969,0.));
#2216=CARTESIAN_POINT('Ctrl Pts',(6.6161779065528,14.6440172265288,0.));
#2217=CARTESIAN_POINT('Ctrl Pts',(6.66038115194095,14.6770673885979,0.));
#2218=CARTESIAN_POINT('Ctrl Pts',(6.70490874436112,14.7098705345915,0.));
#2219=CARTESIAN_POINT('Ctrl Pts',(6.74975642404153,14.7424270764881,0.));
#2220=CARTESIAN_POINT('Ctrl Pts',(6.79491987112085,14.7747374827111,0.));
#2221=CARTESIAN_POINT('Ctrl Pts',(6.84039489131794,14.806802186533,0.));
#2222=CARTESIAN_POINT('Ctrl Pts',(6.88617763104895,14.8386214832332,0.));
#2223=CARTESIAN_POINT('Ctrl Pts',(6.93226460795425,14.8701955088218,0.));
#2224=CARTESIAN_POINT('Ctrl Pts',(6.97865258396972,14.9015242895373,0.));
#2225=CARTESIAN_POINT('Ctrl Pts',(7.02533847786691,14.9326077735464,0.));
#2226=CARTESIAN_POINT('Ctrl Pts',(7.07231926891271,14.9634458691181,0.));
#2227=CARTESIAN_POINT('Ctrl Pts',(7.11959187945289,14.9940384879663,0.));
#2228=CARTESIAN_POINT('Ctrl Pts',(7.16715315254888,15.0243855640338,0.));
#2229=CARTESIAN_POINT('Ctrl Pts',(7.21499993314817,15.0544870434844,0.));
#2230=CARTESIAN_POINT('Ctrl Pts',(7.26312912258864,15.0843428848028,0.));
#2231=CARTESIAN_POINT('Ctrl Pts',(7.3115377351532,15.1139530551018,0.));
#2232=CARTESIAN_POINT('Ctrl Pts',(7.36022296819386,15.1433175334631,0.));
#2233=CARTESIAN_POINT('Ctrl Pts',(7.40918220680039,15.1724363006031,0.));
#2234=CARTESIAN_POINT('Ctrl Pts',(7.45841292838025,15.2013093094333,0.));
#2235=CARTESIAN_POINT('Ctrl Pts',(7.50791262542215,15.2299364600841,0.));
#2236=CARTESIAN_POINT('Ctrl Pts',(7.55767872775187,15.2583175782325,0.));
#2237=CARTESIAN_POINT('Ctrl Pts',(7.60770850202161,15.2864523857179,0.));
#2238=CARTESIAN_POINT('Ctrl Pts',(7.65799902621549,15.3143405019761,0.));
#2239=CARTESIAN_POINT('Ctrl Pts',(7.70854736068021,15.341981521441,0.));
#2240=CARTESIAN_POINT('Ctrl Pts',(7.75935068162071,15.3693750795526,0.));
#2241=CARTESIAN_POINT('Ctrl Pts',(7.81040642387693,15.3965209216254,0.));
#2242=CARTESIAN_POINT('Ctrl Pts',(7.86171242719677,15.4234189806667,0.));
#2243=CARTESIAN_POINT('Ctrl Pts',(7.9132670527654,15.450069429066,0.));
#2244=CARTESIAN_POINT('Ctrl Pts',(7.96506911609313,15.4764725666743,0.));
#2245=CARTESIAN_POINT('Ctrl Pts',(8.00670809611014,15.4973974973529,0.));
#2246=CARTESIAN_POINT('Ctrl Pts',(8.03804813851471,15.5129801811666,0.));
#2247=CARTESIAN_POINT('Ctrl Pts',(8.05899073151217,15.5233193138114,0.));
#2248=CARTESIAN_POINT('Ctrl Pts',(8.0694743358583,15.5284765493246,0.));
#2249=CARTESIAN_POINT('',(9.41331800585689,14.7526080447021,0.));
#2250=CARTESIAN_POINT('Origin',(8.99280649946377E-14,1.55759977597069E-13,
0.));
#2251=CARTESIAN_POINT('',(8.7464402460751,11.0534964094047,0.));
#2252=CARTESIAN_POINT('Ctrl Pts',(8.7464402460751,11.0534964094047,0.));
#2253=CARTESIAN_POINT('Ctrl Pts',(8.75272228862367,11.0614463588623,0.));
#2254=CARTESIAN_POINT('Ctrl Pts',(8.76502173409619,11.0775280853779,0.));
#2255=CARTESIAN_POINT('Ctrl Pts',(8.78267699610031,11.1021961495688,0.));
#2256=CARTESIAN_POINT('Ctrl Pts',(8.80470884691701,11.1361246435795,0.));
#2257=CARTESIAN_POINT('Ctrl Pts',(8.83019349629008,11.1799562791629,0.));
#2258=CARTESIAN_POINT('Ctrl Pts',(8.85420405999663,11.2248171864078,0.));
#2259=CARTESIAN_POINT('Ctrl Pts',(8.87731093921144,11.2703208700051,0.));
#2260=CARTESIAN_POINT('Ctrl Pts',(8.89992809081003,11.3161831361286,0.));
#2261=CARTESIAN_POINT('Ctrl Pts',(8.92220401336789,11.3622948295959,0.));
#2262=CARTESIAN_POINT('Ctrl Pts',(8.94411434444757,11.4086611707649,0.));
#2263=CARTESIAN_POINT('Ctrl Pts',(8.96553189252468,11.4553560463027,0.));
#2264=CARTESIAN_POINT('Ctrl Pts',(8.98630110830926,11.5024733064665,0.));
#2265=CARTESIAN_POINT('Ctrl Pts',(9.00632035490116,11.550073040208,0.));
#2266=CARTESIAN_POINT('Ctrl Pts',(9.02558934700973,11.5981504760255,0.));
#2267=CARTESIAN_POINT('Ctrl Pts',(9.04416657190271,11.6466634226977,0.));
#2268=CARTESIAN_POINT('Ctrl Pts',(9.06214335398528,11.6955488778949,0.));
#2269=CARTESIAN_POINT('Ctrl Pts',(9.07961355717006,11.7447424941944,0.));
#2270=CARTESIAN_POINT('Ctrl Pts',(9.09663988729252,11.7942002091973,0.));
#2271=CARTESIAN_POINT('Ctrl Pts',(9.11324039414459,11.8439068978606,0.));
#2272=CARTESIAN_POINT('Ctrl Pts',(9.12940705023471,11.8938643971115,0.));
#2273=CARTESIAN_POINT('Ctrl Pts',(9.14511700088791,11.9440842440071,0.));
#2274=CARTESIAN_POINT('Ctrl Pts',(9.16034570448302,11.9945791996098,0.));
#2275=CARTESIAN_POINT('Ctrl Pts',(9.17508182929893,12.045353640487,0.));
#2276=CARTESIAN_POINT('Ctrl Pts',(9.18933138097091,12.0964008877434,0.));
#2277=CARTESIAN_POINT('Ctrl Pts',(9.2031099977595,12.1477081575214,0.));
#2278=CARTESIAN_POINT('Ctrl Pts',(9.21643827078509,12.1992595632743,0.));
#2279=CARTESIAN_POINT('Ctrl Pts',(9.22933629849424,12.2510396120404,0.));
#2280=CARTESIAN_POINT('Ctrl Pts',(9.24181744221678,12.3030372144381,0.));
#2281=CARTESIAN_POINT('Ctrl Pts',(9.25388721805434,12.3552463913181,0.));
#2282=CARTESIAN_POINT('Ctrl Pts',(9.26554654435996,12.4076641790295,0.));
#2283=CARTESIAN_POINT('Ctrl Pts',(9.27679381227511,12.4602892920259,0.));
#2284=CARTESIAN_POINT('Ctrl Pts',(9.2876272413034,12.5131206026383,0.));
#2285=CARTESIAN_POINT('Ctrl Pts',(9.29804760632805,12.5661553818136,0.));
#2286=CARTESIAN_POINT('Ctrl Pts',(9.30805860526174,12.6193890597342,0.));
#2287=CARTESIAN_POINT('Ctrl Pts',(9.317665521637,12.6728160847753,0.));
#2288=CARTESIAN_POINT('Ctrl Pts',(9.32687436559188,12.7264304748913,0.));
#2289=CARTESIAN_POINT('Ctrl Pts',(9.33569090418322,12.7802264403625,0.));
#2290=CARTESIAN_POINT('Ctrl Pts',(9.34411953665894,12.8341991075077,0.));
#2291=CARTESIAN_POINT('Ctrl Pts',(9.3521631770473,12.8883445910727,0.));
#2292=CARTESIAN_POINT('Ctrl Pts',(9.35982382918392,12.9426596192372,0.));
#2293=CARTESIAN_POINT('Ctrl Pts',(9.36710297011343,12.997141282828,0.));
#2294=CARTESIAN_POINT('Ctrl Pts',(9.3740019783545,13.0517867562965,0.));
#2295=CARTESIAN_POINT('Ctrl Pts',(9.38052263561145,13.1065929707669,0.));
#2296=CARTESIAN_POINT('Ctrl Pts',(9.38666719715584,13.1615565699689,0.));
#2297=CARTESIAN_POINT('Ctrl Pts',(9.39243814965751,13.2166740708212,0.));
#2298=CARTESIAN_POINT('Ctrl Pts',(9.39783805871351,13.2719419664259,0.));
#2299=CARTESIAN_POINT('Ctrl Pts',(9.40286939668954,13.3273568410651,0.));
#2300=CARTESIAN_POINT('Ctrl Pts',(9.40753434609704,13.3829155050772,0.));
#2301=CARTESIAN_POINT('Ctrl Pts',(9.41183476590384,13.4386150106551,0.));
#2302=CARTESIAN_POINT('Ctrl Pts',(9.41577229786528,13.4944525666723,0.));
#2303=CARTESIAN_POINT('Ctrl Pts',(9.41934843770669,13.5504254787902,0.));
#2304=CARTESIAN_POINT('Ctrl Pts',(9.42256461635325,13.6065310851117,0.));
#2305=CARTESIAN_POINT('Ctrl Pts',(9.42542229617396,13.6627666761667,0.));
#2306=CARTESIAN_POINT('Ctrl Pts',(9.42792299843102,13.719129484938,0.));
#2307=CARTESIAN_POINT('Ctrl Pts',(9.43006825402713,13.7756167521516,0.));
#2308=CARTESIAN_POINT('Ctrl Pts',(9.43185957633994,13.8322257735297,0.));
#2309=CARTESIAN_POINT('Ctrl Pts',(9.43329842974696,13.8889539469221,0.));
#2310=CARTESIAN_POINT('Ctrl Pts',(9.43438619745643,13.9457988347051,0.));
#2311=CARTESIAN_POINT('Ctrl Pts',(9.43512417022331,14.0027581626583,0.));
#2312=CARTESIAN_POINT('Ctrl Pts',(9.43551356856401,14.0598297226082,0.));
#2313=CARTESIAN_POINT('Ctrl Pts',(9.43555555974461,14.1170112930516,0.));
#2314=CARTESIAN_POINT('Ctrl Pts',(9.43525127788411,14.1743005609906,0.));
#2315=CARTESIAN_POINT('Ctrl Pts',(9.43460184876214,14.2316950201965,0.));
#2316=CARTESIAN_POINT('Ctrl Pts',(9.43360840380851,14.2891919498472,0.));
#2317=CARTESIAN_POINT('Ctrl Pts',(9.43227206161925,14.346788601345,0.));
#2318=CARTESIAN_POINT('Ctrl Pts',(9.43059391837368,14.4044823469319,0.));
#2319=CARTESIAN_POINT('Ctrl Pts',(9.42857503608771,14.4622708377713,0.));
#2320=CARTESIAN_POINT('Ctrl Pts',(9.42621643687007,14.5201521695336,0.));
#2321=CARTESIAN_POINT('Ctrl Pts',(9.42351908942183,14.5781250091583,0.));
#2322=CARTESIAN_POINT('Ctrl Pts',(9.4204838456663,14.6361884807726,0.));
#2323=CARTESIAN_POINT('Ctrl Pts',(9.41778587719791,14.6827113605944,0.));
#2324=CARTESIAN_POINT('Ctrl Pts',(9.41561085603747,14.7176439753793,0.));
#2325=CARTESIAN_POINT('Ctrl Pts',(9.4140935110622,14.7409503592586,0.));
#2326=CARTESIAN_POINT('Ctrl Pts',(9.41331800585689,14.7526080447022,0.));
#2327=CARTESIAN_POINT('',(8.0113819918308,10.1232773087799,0.));
#2328=CARTESIAN_POINT('',(7.40974458626544,9.3619028148868,0.));
#2329=CARTESIAN_POINT('',(8.11671905750296,8.7693929311879,0.));
#2330=CARTESIAN_POINT('Origin',(8.79598788365893,9.50328247452034,0.));
#2331=CARTESIAN_POINT('',(8.76939293118791,8.11671905750295,0.));
#2332=CARTESIAN_POINT('Origin',(0.,0.,0.));
#2333=CARTESIAN_POINT('',(10.1232773087799,8.0113819918308,0.));
#2334=CARTESIAN_POINT('Origin',(9.50328247452034,8.79598788365892,0.));
#2335=CARTESIAN_POINT('',(11.0534964094047,8.7464402460751,0.));
#2336=CARTESIAN_POINT('',(9.3619028148868,7.40974458626544,0.));
#2337=CARTESIAN_POINT('',(14.7526080447021,9.41331800585688,0.));
#2338=CARTESIAN_POINT('Ctrl Pts',(11.0534964094047,8.7464402460751,0.));
#2339=CARTESIAN_POINT('Ctrl Pts',(11.0614463588623,8.75272228862367,0.));
#2340=CARTESIAN_POINT('Ctrl Pts',(11.0775280853779,8.76502173409619,0.));
#2341=CARTESIAN_POINT('Ctrl Pts',(11.1021961495688,8.78267699610031,0.));
#2342=CARTESIAN_POINT('Ctrl Pts',(11.1361246435795,8.80470884691701,0.));
#2343=CARTESIAN_POINT('Ctrl Pts',(11.1799562791629,8.83019349629008,0.));
#2344=CARTESIAN_POINT('Ctrl Pts',(11.2248171864078,8.85420405999663,0.));
#2345=CARTESIAN_POINT('Ctrl Pts',(11.2703208700051,8.87731093921143,0.));
#2346=CARTESIAN_POINT('Ctrl Pts',(11.3161831361286,8.89992809081003,0.));
#2347=CARTESIAN_POINT('Ctrl Pts',(11.3622948295959,8.92220401336789,0.));
#2348=CARTESIAN_POINT('Ctrl Pts',(11.4086611707649,8.94411434444757,0.));
#2349=CARTESIAN_POINT('Ctrl Pts',(11.4553560463027,8.96553189252468,0.));
#2350=CARTESIAN_POINT('Ctrl Pts',(11.5024733064665,8.98630110830925,0.));
#2351=CARTESIAN_POINT('Ctrl Pts',(11.550073040208,9.00632035490115,0.));
#2352=CARTESIAN_POINT('Ctrl Pts',(11.5981504760255,9.02558934700972,0.));
#2353=CARTESIAN_POINT('Ctrl Pts',(11.6466634226977,9.04416657190271,0.));
#2354=CARTESIAN_POINT('Ctrl Pts',(11.6955488778949,9.06214335398527,0.));
#2355=CARTESIAN_POINT('Ctrl Pts',(11.7447424941944,9.07961355717006,0.));
#2356=CARTESIAN_POINT('Ctrl Pts',(11.7942002091973,9.09663988729252,0.));
#2357=CARTESIAN_POINT('Ctrl Pts',(11.8439068978606,9.11324039414459,0.));
#2358=CARTESIAN_POINT('Ctrl Pts',(11.8938643971115,9.12940705023471,0.));
#2359=CARTESIAN_POINT('Ctrl Pts',(11.9440842440071,9.14511700088791,0.));
#2360=CARTESIAN_POINT('Ctrl Pts',(11.9945791996098,9.16034570448301,0.));
#2361=CARTESIAN_POINT('Ctrl Pts',(12.045353640487,9.17508182929893,0.));
#2362=CARTESIAN_POINT('Ctrl Pts',(12.0964008877434,9.18933138097091,0.));
#2363=CARTESIAN_POINT('Ctrl Pts',(12.1477081575214,9.20310999775949,0.));
#2364=CARTESIAN_POINT('Ctrl Pts',(12.1992595632743,9.21643827078509,0.));
#2365=CARTESIAN_POINT('Ctrl Pts',(12.2510396120404,9.22933629849423,0.));
#2366=CARTESIAN_POINT('Ctrl Pts',(12.3030372144381,9.24181744221677,0.));
#2367=CARTESIAN_POINT('Ctrl Pts',(12.3552463913181,9.25388721805434,0.));
#2368=CARTESIAN_POINT('Ctrl Pts',(12.4076641790295,9.26554654435996,0.));
#2369=CARTESIAN_POINT('Ctrl Pts',(12.4602892920259,9.27679381227511,0.));
#2370=CARTESIAN_POINT('Ctrl Pts',(12.5131206026383,9.2876272413034,0.));
#2371=CARTESIAN_POINT('Ctrl Pts',(12.5661553818136,9.29804760632805,0.));
#2372=CARTESIAN_POINT('Ctrl Pts',(12.6193890597342,9.30805860526173,0.));
#2373=CARTESIAN_POINT('Ctrl Pts',(12.6728160847753,9.31766552163699,0.));
#2374=CARTESIAN_POINT('Ctrl Pts',(12.7264304748913,9.32687436559187,0.));
#2375=CARTESIAN_POINT('Ctrl Pts',(12.7802264403625,9.33569090418321,0.));
#2376=CARTESIAN_POINT('Ctrl Pts',(12.8341991075077,9.34411953665893,0.));
#2377=CARTESIAN_POINT('Ctrl Pts',(12.8883445910727,9.3521631770473,0.));
#2378=CARTESIAN_POINT('Ctrl Pts',(12.9426596192372,9.35982382918391,0.));
#2379=CARTESIAN_POINT('Ctrl Pts',(12.997141282828,9.36710297011342,0.));
#2380=CARTESIAN_POINT('Ctrl Pts',(13.0517867562965,9.37400197835449,0.));
#2381=CARTESIAN_POINT('Ctrl Pts',(13.1065929707669,9.38052263561145,0.));
#2382=CARTESIAN_POINT('Ctrl Pts',(13.1615565699689,9.38666719715584,0.));
#2383=CARTESIAN_POINT('Ctrl Pts',(13.2166740708212,9.39243814965751,0.));
#2384=CARTESIAN_POINT('Ctrl Pts',(13.2719419664259,9.39783805871351,0.));
#2385=CARTESIAN_POINT('Ctrl Pts',(13.3273568410651,9.40286939668954,0.));
#2386=CARTESIAN_POINT('Ctrl Pts',(13.3829155050772,9.40753434609704,0.));
#2387=CARTESIAN_POINT('Ctrl Pts',(13.4386150106551,9.41183476590384,0.));
#2388=CARTESIAN_POINT('Ctrl Pts',(13.4944525666723,9.41577229786528,0.));
#2389=CARTESIAN_POINT('Ctrl Pts',(13.5504254787902,9.41934843770668,0.));
#2390=CARTESIAN_POINT('Ctrl Pts',(13.6065310851117,9.42256461635325,0.));
#2391=CARTESIAN_POINT('Ctrl Pts',(13.6627666761667,9.42542229617396,0.));
#2392=CARTESIAN_POINT('Ctrl Pts',(13.719129484938,9.42792299843101,0.));
#2393=CARTESIAN_POINT('Ctrl Pts',(13.7756167521516,9.43006825402712,0.));
#2394=CARTESIAN_POINT('Ctrl Pts',(13.8322257735297,9.43185957633994,0.));
#2395=CARTESIAN_POINT('Ctrl Pts',(13.8889539469221,9.43329842974695,0.));
#2396=CARTESIAN_POINT('Ctrl Pts',(13.9457988347051,9.43438619745643,0.));
#2397=CARTESIAN_POINT('Ctrl Pts',(14.0027581626583,9.4351241702233,0.));
#2398=CARTESIAN_POINT('Ctrl Pts',(14.0598297226082,9.43551356856401,0.));
#2399=CARTESIAN_POINT('Ctrl Pts',(14.1170112930516,9.4355555597446,0.));
#2400=CARTESIAN_POINT('Ctrl Pts',(14.1743005609907,9.43525127788411,0.));
#2401=CARTESIAN_POINT('Ctrl Pts',(14.2316950201965,9.43460184876214,0.));
#2402=CARTESIAN_POINT('Ctrl Pts',(14.2891919498472,9.43360840380851,0.));
#2403=CARTESIAN_POINT('Ctrl Pts',(14.3467886013451,9.43227206161925,0.));
#2404=CARTESIAN_POINT('Ctrl Pts',(14.4044823469319,9.43059391837368,0.));
#2405=CARTESIAN_POINT('Ctrl Pts',(14.4622708377713,9.42857503608771,0.));
#2406=CARTESIAN_POINT('Ctrl Pts',(14.5201521695336,9.42621643687007,0.));
#2407=CARTESIAN_POINT('Ctrl Pts',(14.5781250091583,9.42351908942182,0.));
#2408=CARTESIAN_POINT('Ctrl Pts',(14.6361884807726,9.4204838456663,0.));
#2409=CARTESIAN_POINT('Ctrl Pts',(14.6827113605944,9.41778587719791,0.));
#2410=CARTESIAN_POINT('Ctrl Pts',(14.7176439753793,9.41561085603747,0.));
#2411=CARTESIAN_POINT('Ctrl Pts',(14.7409503592586,9.41409351106219,0.));
#2412=CARTESIAN_POINT('Ctrl Pts',(14.7526080447022,9.41331800585688,0.));
#2413=CARTESIAN_POINT('',(15.5284765493246,8.06947433585829,0.));
#2414=CARTESIAN_POINT('Origin',(1.55759977597069E-13,8.99280649946377E-14,
0.));
#2415=CARTESIAN_POINT('',(13.101387650486,5.199388568147,0.));
#2416=CARTESIAN_POINT('Ctrl Pts',(13.101387650486,5.199388568147,0.));
#2417=CARTESIAN_POINT('Ctrl Pts',(13.1108030336495,5.20313240506178,0.));
#2418=CARTESIAN_POINT('Ctrl Pts',(13.129495529139,5.21090986602477,0.));
#2419=CARTESIAN_POINT('Ctrl Pts',(13.1571194666405,5.22344540527423,0.));
#2420=CARTESIAN_POINT('Ctrl Pts',(13.1931638561455,5.24181241759123,0.));
#2421=CARTESIAN_POINT('Ctrl Pts',(13.2371500277008,5.26702940280938,0.));
#2422=CARTESIAN_POINT('Ctrl Pts',(13.2803742394523,5.29387480626699,0.));
#2423=CARTESIAN_POINT('Ctrl Pts',(13.3231372256531,5.32172871262061,0.));
#2424=CARTESIAN_POINT('Ctrl Pts',(13.3656553865605,5.35013802435941,0.));
#2425=CARTESIAN_POINT('Ctrl Pts',(13.408002748122,5.37893396103472,0.));
#2426=CARTESIAN_POINT('Ctrl Pts',(13.4501608220269,5.40813322482774,0.));
#2427=CARTESIAN_POINT('Ctrl Pts',(13.4920564005173,5.43786339923144,0.));
#2428=CARTESIAN_POINT('Ctrl Pts',(13.5336016990853,5.46828353559777,0.));
#2429=CARTESIAN_POINT('Ctrl Pts',(13.5747387420693,5.49949649093528,0.));
#2430=CARTESIAN_POINT('Ctrl Pts',(13.6154648966494,5.53149827564783,0.));
#2431=CARTESIAN_POINT('Ctrl Pts',(13.6558097186746,5.56422310743184,0.));
#2432=CARTESIAN_POINT('Ctrl Pts',(13.695820796235,5.59757076246696,0.));
#2433=CARTESIAN_POINT('Ctrl Pts',(13.7355472441521,5.63143858229395,0.));
#2434=CARTESIAN_POINT('Ctrl Pts',(13.7750213360728,5.66575705483833,0.));
#2435=CARTESIAN_POINT('Ctrl Pts',(13.814251141054,5.70050405653275,0.));
#2436=CARTESIAN_POINT('Ctrl Pts',(13.8532306255478,5.73568519194851,0.));
#2437=CARTESIAN_POINT('Ctrl Pts',(13.8919457653534,5.77132187980766,0.));
#2438=CARTESIAN_POINT('Ctrl Pts',(13.9303816873349,5.807437442325,0.));
#2439=CARTESIAN_POINT('Ctrl Pts',(13.9685307662174,5.84404133557968,0.));
#2440=CARTESIAN_POINT('Ctrl Pts',(14.006394863586,5.88112477266093,0.));
#2441=CARTESIAN_POINT('Ctrl Pts',(14.043981130643,5.91866886329326,0.));
#2442=CARTESIAN_POINT('Ctrl Pts',(14.0812994565481,5.95664955376322,0.));
#2443=CARTESIAN_POINT('Ctrl Pts',(14.118359500586,5.99504337754933,0.));
#2444=CARTESIAN_POINT('Ctrl Pts',(14.1551672893169,6.03383405030034,0.));
#2445=CARTESIAN_POINT('Ctrl Pts',(14.1917246102502,6.07301363587029,0.));
#2446=CARTESIAN_POINT('Ctrl Pts',(14.2280307768776,6.11257910848578,0.));
#2447=CARTESIAN_POINT('Ctrl Pts',(14.2640837531135,6.1525301592601,0.));
#2448=CARTESIAN_POINT('Ctrl Pts',(14.2998814331683,6.19286670185148,0.));
#2449=CARTESIAN_POINT('Ctrl Pts',(14.335423123584,6.23358598538912,0.));
#2450=CARTESIAN_POINT('Ctrl Pts',(14.3707097419381,6.27468220333836,0.));
#2451=CARTESIAN_POINT('Ctrl Pts',(14.4057430880917,6.31614790608495,0.));
#2452=CARTESIAN_POINT('Ctrl Pts',(14.4405253759541,6.3579749079564,0.));
#2453=CARTESIAN_POINT('Ctrl Pts',(14.4750587050833,6.40015531137992,0.));
#2454=CARTESIAN_POINT('Ctrl Pts',(14.509344448499,6.44268269599981,0.));
#2455=CARTESIAN_POINT('Ctrl Pts',(14.5433831871967,6.4855522400731,0.));
#2456=CARTESIAN_POINT('Ctrl Pts',(14.5771750206388,6.52876010820249,0.));
#2457=CARTESIAN_POINT('Ctrl Pts',(14.6107197733969,6.57230304244784,0.));
#2458=CARTESIAN_POINT('Ctrl Pts',(14.6440172265288,6.61617790655279,0.));
#2459=CARTESIAN_POINT('Ctrl Pts',(14.6770673885979,6.66038115194095,0.));
#2460=CARTESIAN_POINT('Ctrl Pts',(14.7098705345915,6.70490874436112,0.));
#2461=CARTESIAN_POINT('Ctrl Pts',(14.7424270764881,6.74975642404153,0.));
#2462=CARTESIAN_POINT('Ctrl Pts',(14.7747374827111,6.79491987112085,0.));
#2463=CARTESIAN_POINT('Ctrl Pts',(14.806802186533,6.84039489131793,0.));
#2464=CARTESIAN_POINT('Ctrl Pts',(14.8386214832332,6.88617763104895,0.));
#2465=CARTESIAN_POINT('Ctrl Pts',(14.8701955088218,6.93226460795425,0.));
#2466=CARTESIAN_POINT('Ctrl Pts',(14.9015242895373,6.97865258396972,0.));
#2467=CARTESIAN_POINT('Ctrl Pts',(14.9326077735464,7.02533847786691,0.));
#2468=CARTESIAN_POINT('Ctrl Pts',(14.9634458691181,7.07231926891271,0.));
#2469=CARTESIAN_POINT('Ctrl Pts',(14.9940384879663,7.11959187945288,0.));
#2470=CARTESIAN_POINT('Ctrl Pts',(15.0243855640338,7.16715315254888,0.));
#2471=CARTESIAN_POINT('Ctrl Pts',(15.0544870434844,7.21499993314816,0.));
#2472=CARTESIAN_POINT('Ctrl Pts',(15.0843428848028,7.26312912258864,0.));
#2473=CARTESIAN_POINT('Ctrl Pts',(15.1139530551018,7.3115377351532,0.));
#2474=CARTESIAN_POINT('Ctrl Pts',(15.1433175334631,7.36022296819385,0.));
#2475=CARTESIAN_POINT('Ctrl Pts',(15.1724363006031,7.40918220680038,0.));
#2476=CARTESIAN_POINT('Ctrl Pts',(15.2013093094333,7.45841292838025,0.));
#2477=CARTESIAN_POINT('Ctrl Pts',(15.2299364600841,7.50791262542215,0.));
#2478=CARTESIAN_POINT('Ctrl Pts',(15.2583175782325,7.55767872775187,0.));
#2479=CARTESIAN_POINT('Ctrl Pts',(15.2864523857179,7.60770850202161,0.));
#2480=CARTESIAN_POINT('Ctrl Pts',(15.3143405019761,7.65799902621549,0.));
#2481=CARTESIAN_POINT('Ctrl Pts',(15.341981521441,7.7085473606802,0.));
#2482=CARTESIAN_POINT('Ctrl Pts',(15.3693750795526,7.75935068162071,0.));
#2483=CARTESIAN_POINT('Ctrl Pts',(15.3965209216254,7.81040642387693,0.));
#2484=CARTESIAN_POINT('Ctrl Pts',(15.4234189806667,7.86171242719676,0.));
#2485=CARTESIAN_POINT('Ctrl Pts',(15.450069429066,7.91326705276539,0.));
#2486=CARTESIAN_POINT('Ctrl Pts',(15.4764725666743,7.96506911609312,0.));
#2487=CARTESIAN_POINT('Ctrl Pts',(15.4973974973529,8.00670809611013,0.));
#2488=CARTESIAN_POINT('Ctrl Pts',(15.5129801811666,8.0380481385147,0.));
#2489=CARTESIAN_POINT('Ctrl Pts',(15.5233193138114,8.05899073151217,0.));
#2490=CARTESIAN_POINT('Ctrl Pts',(15.5284765493246,8.0694743358583,0.));
#2491=CARTESIAN_POINT('',(11.9996989787366,4.7613243230426,0.));
#2492=CARTESIAN_POINT('',(11.0979784547035,4.4027733723203,0.));
#2493=CARTESIAN_POINT('',(11.4139813647728,3.53615752542493,0.));
#2494=CARTESIAN_POINT('Origin',(12.3691901958889,3.83209010044459,0.));
#2495=CARTESIAN_POINT('',(11.6528765829279,2.64458843358489,0.));
#2496=CARTESIAN_POINT('Origin',(0.,0.,0.));
#2497=CARTESIAN_POINT('',(12.7727063148734,1.87642166995668,0.));
#2498=CARTESIAN_POINT('Origin',(12.6280779841035,2.86590772136858,0.));
#2499=CARTESIAN_POINT('',(13.9458288142221,2.0478912410813,0.));
#2500=CARTESIAN_POINT('',(11.8125179585857,1.73607563981668,0.));
#2501=CARTESIAN_POINT('',(17.4827923417152,0.775868504622461,0.));
#2502=CARTESIAN_POINT('Ctrl Pts',(13.9458288142221,2.0478912410813,0.));
#2503=CARTESIAN_POINT('Ctrl Pts',(13.9558546936855,2.04935667478723,0.));
#2504=CARTESIAN_POINT('Ctrl Pts',(13.975931600121,2.05196744376108,0.));
#2505=CARTESIAN_POINT('Ctrl Pts',(14.0061224013745,2.05492331707166,0.));
#2506=CARTESIAN_POINT('Ctrl Pts',(14.0465212645082,2.057039212566,0.));
#2507=CARTESIAN_POINT('Ctrl Pts',(14.0972228990995,2.05719374853789,0.));
#2508=CARTESIAN_POINT('Ctrl Pts',(14.1480788662636,2.0555570530445,0.));
#2509=CARTESIAN_POINT('Ctrl Pts',(14.199039651832,2.05281635564806,0.));
#2510=CARTESIAN_POINT('Ctrl Pts',(14.2500661151694,2.04947225043192,0.));
#2511=CARTESIAN_POINT('Ctrl Pts',(14.3011379744026,2.0457079185261,0.));
#2512=CARTESIAN_POINT('Ctrl Pts',(14.3522475692753,2.04149965126194,0.));
#2513=CARTESIAN_POINT('Ctrl Pts',(14.4033952917561,2.03670035421461,0.));
#2514=CARTESIAN_POINT('Ctrl Pts',(14.454584643907,2.03112839261881,0.));
#2515=CARTESIAN_POINT('Ctrl Pts',(14.5058168458364,2.0246657018613,0.));
#2516=CARTESIAN_POINT('Ctrl Pts',(14.5570876226576,2.01731442062386,0.));
#2517=CARTESIAN_POINT('Ctrl Pts',(14.6083896793345,2.00914629597693,0.));
#2518=CARTESIAN_POINT('Ctrl Pts',(14.6597141164522,2.0002719183401,0.));
#2519=CARTESIAN_POINT('Ctrl Pts',(14.711052139464,1.99080474995765,0.));
#2520=CARTESIAN_POINT('Ctrl Pts',(14.7623969421309,1.98082112687549,0.));
#2521=CARTESIAN_POINT('Ctrl Pts',(14.8137444506773,1.97034424319341,0.));
#2522=CARTESIAN_POINT('Ctrl Pts',(14.8650922421832,1.95936622843625,0.));
#2523=CARTESIAN_POINT('Ctrl Pts',(14.9164388806956,1.94786152134633,0.));
#2524=CARTESIAN_POINT('Ctrl Pts',(14.967783146808,1.93580248772505,0.));
#2525=CARTESIAN_POINT('Ctrl Pts',(15.0191231648786,1.92317712573035,0.));
#2526=CARTESIAN_POINT('Ctrl Pts',(15.0704561536318,1.90999397584266,0.));
#2527=CARTESIAN_POINT('Ctrl Pts',(15.1217788610528,1.89627297312156,0.));
#2528=CARTESIAN_POINT('Ctrl Pts',(15.1730878245483,1.88203989327388,0.));
#2529=CARTESIAN_POINT('Ctrl Pts',(15.2243796760436,1.86731988854564,0.));
#2530=CARTESIAN_POINT('Ctrl Pts',(15.2756514925171,1.8521300748788,0.));
#2531=CARTESIAN_POINT('Ctrl Pts',(15.3269008539246,1.83647821893213,0.));
#2532=CARTESIAN_POINT('Ctrl Pts',(15.3781256528457,1.82036659784808,0.));
#2533=CARTESIAN_POINT('Ctrl Pts',(15.4293239715352,1.80379446108758,0.));
#2534=CARTESIAN_POINT('Ctrl Pts',(15.4804939431549,1.78676083053,0.));
#2535=CARTESIAN_POINT('Ctrl Pts',(15.5316335917172,1.76926774177037,0.));
#2536=CARTESIAN_POINT('Ctrl Pts',(15.5827408086001,1.75132068220392,0.));
#2537=CARTESIAN_POINT('Ctrl Pts',(15.6338134277219,1.73292700331638,0.));
#2538=CARTESIAN_POINT('Ctrl Pts',(15.6848492735483,1.71409490106277,0.));
#2539=CARTESIAN_POINT('Ctrl Pts',(15.7358462155631,1.69483226472071,0.));
#2540=CARTESIAN_POINT('Ctrl Pts',(15.7868022326587,1.67514534099124,0.));
#2541=CARTESIAN_POINT('Ctrl Pts',(15.8377154171204,1.65503859612397,0.));
#2542=CARTESIAN_POINT('Ctrl Pts',(15.8885839373864,1.63451540140161,0.));
#2543=CARTESIAN_POINT('Ctrl Pts',(15.9394060125613,1.61357849056887,0.));
#2544=CARTESIAN_POINT('Ctrl Pts',(15.9901798849073,1.59223047023234,0.));
#2545=CARTESIAN_POINT('Ctrl Pts',(16.0409037875524,1.57047441783103,0.));
#2546=CARTESIAN_POINT('Ctrl Pts',(16.091575941517,1.54831396462259,0.));
#2547=CARTESIAN_POINT('Ctrl Pts',(16.142194573699,1.52575300566689,0.));
#2548=CARTESIAN_POINT('Ctrl Pts',(16.1927579298344,1.50279551628519,0.));
#2549=CARTESIAN_POINT('Ctrl Pts',(16.2432642880075,1.47944534546785,0.));
#2550=CARTESIAN_POINT('Ctrl Pts',(16.293711977146,1.45570597815609,0.));
#2551=CARTESIAN_POINT('Ctrl Pts',(16.3440993738581,1.43158049816676,0.));
#2552=CARTESIAN_POINT('Ctrl Pts',(16.394424881835,1.40707172286495,0.));
#2553=CARTESIAN_POINT('Ctrl Pts',(16.4446869155736,1.38218229475614,0.));
#2554=CARTESIAN_POINT('Ctrl Pts',(16.494883885266,1.35691478400646,0.));
#2555=CARTESIAN_POINT('Ctrl Pts',(16.5450141756268,1.33127181179954,0.));
#2556=CARTESIAN_POINT('Ctrl Pts',(16.5950761509799,1.30525607909584,0.));
#2557=CARTESIAN_POINT('Ctrl Pts',(16.6450681871753,1.27887029133288,0.));
#2558=CARTESIAN_POINT('Ctrl Pts',(16.6949886989286,1.25211711127305,0.));
#2559=CARTESIAN_POINT('Ctrl Pts',(16.7448361649002,1.22499910817967,0.));
#2560=CARTESIAN_POINT('Ctrl Pts',(16.7946091656503,1.19751869875797,0.));
#2561=CARTESIAN_POINT('Ctrl Pts',(16.8443063770237,1.16967813794478,0.));
#2562=CARTESIAN_POINT('Ctrl Pts',(16.8939264969443,1.14147958682507,0.));
#2563=CARTESIAN_POINT('Ctrl Pts',(16.9434681851668,1.11292516703255,0.));
#2564=CARTESIAN_POINT('Ctrl Pts',(16.992930005636,1.0840170172419,0.));
#2565=CARTESIAN_POINT('Ctrl Pts',(17.0423103507837,1.05475736552138,0.));
#2566=CARTESIAN_POINT('Ctrl Pts',(17.091607430024,1.02514855212895,0.));
#2567=CARTESIAN_POINT('Ctrl Pts',(17.1408194222995,0.995192920095965,0.));
#2568=CARTESIAN_POINT('Ctrl Pts',(17.1899445999944,0.964892732620673,0.));
#2569=CARTESIAN_POINT('Ctrl Pts',(17.2389814599646,0.934250083854097,0.));
#2570=CARTESIAN_POINT('Ctrl Pts',(17.2879288640668,0.903266811133132,0.));
#2571=CARTESIAN_POINT('Ctrl Pts',(17.3367861421872,0.871944419907771,0.));
#2572=CARTESIAN_POINT('Ctrl Pts',(17.3855529617594,0.840284085901618,0.));
#2573=CARTESIAN_POINT('Ctrl Pts',(17.424493973308,0.814686136758527,0.));
#2574=CARTESIAN_POINT('Ctrl Pts',(17.4536589945522,0.795336205787362,0.));
#2575=CARTESIAN_POINT('Ctrl Pts',(17.4730842425744,0.782368954552816,0.));
#2576=CARTESIAN_POINT('Ctrl Pts',(17.4827923417152,0.77586850462246,0.));
#2577=CARTESIAN_POINT('',(17.4827923417152,-0.77586850462246,0.));
#2578=CARTESIAN_POINT('Origin',(1.79856129989275E-13,0.,0.));
#2579=CARTESIAN_POINT('',(13.9458288142221,-2.0478912410813,0.));
#2580=CARTESIAN_POINT('Ctrl Pts',(13.9458288142221,-2.0478912410813,0.));
#2581=CARTESIAN_POINT('Ctrl Pts',(13.9558546936855,-2.04935667478723,0.));
#2582=CARTESIAN_POINT('Ctrl Pts',(13.975931600121,-2.05196744376108,0.));
#2583=CARTESIAN_POINT('Ctrl Pts',(14.0061224013745,-2.05492331707166,0.));
#2584=CARTESIAN_POINT('Ctrl Pts',(14.0465212645082,-2.057039212566,0.));
#2585=CARTESIAN_POINT('Ctrl Pts',(14.0972228990995,-2.05719374853789,0.));
#2586=CARTESIAN_POINT('Ctrl Pts',(14.1480788662636,-2.0555570530445,0.));
#2587=CARTESIAN_POINT('Ctrl Pts',(14.199039651832,-2.05281635564806,0.));
#2588=CARTESIAN_POINT('Ctrl Pts',(14.2500661151694,-2.04947225043192,0.));
#2589=CARTESIAN_POINT('Ctrl Pts',(14.3011379744026,-2.0457079185261,0.));
#2590=CARTESIAN_POINT('Ctrl Pts',(14.3522475692753,-2.04149965126194,0.));
#2591=CARTESIAN_POINT('Ctrl Pts',(14.4033952917561,-2.03670035421461,0.));
#2592=CARTESIAN_POINT('Ctrl Pts',(14.454584643907,-2.03112839261881,0.));
#2593=CARTESIAN_POINT('Ctrl Pts',(14.5058168458364,-2.0246657018613,0.));
#2594=CARTESIAN_POINT('Ctrl Pts',(14.5570876226576,-2.01731442062386,0.));
#2595=CARTESIAN_POINT('Ctrl Pts',(14.6083896793345,-2.00914629597693,0.));
#2596=CARTESIAN_POINT('Ctrl Pts',(14.6597141164522,-2.0002719183401,0.));
#2597=CARTESIAN_POINT('Ctrl Pts',(14.711052139464,-1.99080474995765,0.));
#2598=CARTESIAN_POINT('Ctrl Pts',(14.7623969421309,-1.98082112687549,0.));
#2599=CARTESIAN_POINT('Ctrl Pts',(14.8137444506773,-1.97034424319341,0.));
#2600=CARTESIAN_POINT('Ctrl Pts',(14.8650922421832,-1.95936622843625,0.));
#2601=CARTESIAN_POINT('Ctrl Pts',(14.9164388806956,-1.94786152134633,0.));
#2602=CARTESIAN_POINT('Ctrl Pts',(14.967783146808,-1.93580248772505,0.));
#2603=CARTESIAN_POINT('Ctrl Pts',(15.0191231648786,-1.92317712573035,0.));
#2604=CARTESIAN_POINT('Ctrl Pts',(15.0704561536318,-1.90999397584266,0.));
#2605=CARTESIAN_POINT('Ctrl Pts',(15.1217788610528,-1.89627297312156,0.));
#2606=CARTESIAN_POINT('Ctrl Pts',(15.1730878245483,-1.88203989327388,0.));
#2607=CARTESIAN_POINT('Ctrl Pts',(15.2243796760436,-1.86731988854564,0.));
#2608=CARTESIAN_POINT('Ctrl Pts',(15.2756514925171,-1.8521300748788,0.));
#2609=CARTESIAN_POINT('Ctrl Pts',(15.3269008539246,-1.83647821893213,0.));
#2610=CARTESIAN_POINT('Ctrl Pts',(15.3781256528457,-1.82036659784808,0.));
#2611=CARTESIAN_POINT('Ctrl Pts',(15.4293239715352,-1.80379446108758,0.));
#2612=CARTESIAN_POINT('Ctrl Pts',(15.4804939431549,-1.78676083053,0.));
#2613=CARTESIAN_POINT('Ctrl Pts',(15.5316335917172,-1.76926774177037,0.));
#2614=CARTESIAN_POINT('Ctrl Pts',(15.5827408086001,-1.75132068220392,0.));
#2615=CARTESIAN_POINT('Ctrl Pts',(15.6338134277219,-1.73292700331638,0.));
#2616=CARTESIAN_POINT('Ctrl Pts',(15.6848492735483,-1.71409490106277,0.));
#2617=CARTESIAN_POINT('Ctrl Pts',(15.7358462155631,-1.69483226472071,0.));
#2618=CARTESIAN_POINT('Ctrl Pts',(15.7868022326587,-1.67514534099124,0.));
#2619=CARTESIAN_POINT('Ctrl Pts',(15.8377154171204,-1.65503859612397,0.));
#2620=CARTESIAN_POINT('Ctrl Pts',(15.8885839373864,-1.63451540140161,0.));
#2621=CARTESIAN_POINT('Ctrl Pts',(15.9394060125613,-1.61357849056887,0.));
#2622=CARTESIAN_POINT('Ctrl Pts',(15.9901798849073,-1.59223047023234,0.));
#2623=CARTESIAN_POINT('Ctrl Pts',(16.0409037875524,-1.57047441783103,0.));
#2624=CARTESIAN_POINT('Ctrl Pts',(16.091575941517,-1.54831396462259,0.));
#2625=CARTESIAN_POINT('Ctrl Pts',(16.142194573699,-1.52575300566689,0.));
#2626=CARTESIAN_POINT('Ctrl Pts',(16.1927579298344,-1.50279551628519,0.));
#2627=CARTESIAN_POINT('Ctrl Pts',(16.2432642880075,-1.47944534546785,0.));
#2628=CARTESIAN_POINT('Ctrl Pts',(16.293711977146,-1.45570597815609,0.));
#2629=CARTESIAN_POINT('Ctrl Pts',(16.3440993738581,-1.43158049816676,0.));
#2630=CARTESIAN_POINT('Ctrl Pts',(16.394424881835,-1.40707172286495,0.));
#2631=CARTESIAN_POINT('Ctrl Pts',(16.4446869155736,-1.38218229475614,0.));
#2632=CARTESIAN_POINT('Ctrl Pts',(16.494883885266,-1.35691478400646,0.));
#2633=CARTESIAN_POINT('Ctrl Pts',(16.5450141756268,-1.33127181179954,0.));
#2634=CARTESIAN_POINT('Ctrl Pts',(16.5950761509799,-1.30525607909584,0.));
#2635=CARTESIAN_POINT('Ctrl Pts',(16.6450681871753,-1.27887029133288,0.));
#2636=CARTESIAN_POINT('Ctrl Pts',(16.6949886989286,-1.25211711127305,0.));
#2637=CARTESIAN_POINT('Ctrl Pts',(16.7448361649002,-1.22499910817967,0.));
#2638=CARTESIAN_POINT('Ctrl Pts',(16.7946091656503,-1.19751869875797,0.));
#2639=CARTESIAN_POINT('Ctrl Pts',(16.8443063770237,-1.16967813794478,0.));
#2640=CARTESIAN_POINT('Ctrl Pts',(16.8939264969443,-1.14147958682507,0.));
#2641=CARTESIAN_POINT('Ctrl Pts',(16.9434681851668,-1.11292516703255,0.));
#2642=CARTESIAN_POINT('Ctrl Pts',(16.992930005636,-1.0840170172419,0.));
#2643=CARTESIAN_POINT('Ctrl Pts',(17.0423103507837,-1.05475736552138,0.));
#2644=CARTESIAN_POINT('Ctrl Pts',(17.091607430024,-1.02514855212895,0.));
#2645=CARTESIAN_POINT('Ctrl Pts',(17.1408194222995,-0.995192920095965,0.));
#2646=CARTESIAN_POINT('Ctrl Pts',(17.1899445999944,-0.964892732620673,0.));
#2647=CARTESIAN_POINT('Ctrl Pts',(17.2389814599646,-0.934250083854097,0.));
#2648=CARTESIAN_POINT('Ctrl Pts',(17.2879288640668,-0.903266811133132,0.));
#2649=CARTESIAN_POINT('Ctrl Pts',(17.3367861421872,-0.871944419907771,0.));
#2650=CARTESIAN_POINT('Ctrl Pts',(17.3855529617594,-0.840284085901618,0.));
#2651=CARTESIAN_POINT('Ctrl Pts',(17.424493973308,-0.814686136758527,0.));
#2652=CARTESIAN_POINT('Ctrl Pts',(17.4536589945522,-0.795336205787362,0.));
#2653=CARTESIAN_POINT('Ctrl Pts',(17.4730842425744,-0.782368954552816,0.));
#2654=CARTESIAN_POINT('Ctrl Pts',(17.4827923417152,-0.77586850462246,0.));
#2655=CARTESIAN_POINT('',(12.7727063148734,-1.87642166995668,0.));
#2656=CARTESIAN_POINT('',(11.8125179585857,-1.73607563981668,0.));
#2657=CARTESIAN_POINT('',(11.6528765829279,-2.64458843358489,0.));
#2658=CARTESIAN_POINT('Origin',(12.6280779841035,-2.86590772136858,0.));
#2659=CARTESIAN_POINT('',(11.2598126378728,-4.,0.));
#2660=CARTESIAN_POINT('Origin',(0.,0.,0.));
#2661=CARTESIAN_POINT('Origin',(0.,20.,0.));
#2662=CARTESIAN_POINT('',(-50.,4.,0.));
#2663=CARTESIAN_POINT('',(-2.5,-3.06161699786838E-16,0.));
#2664=CARTESIAN_POINT('Origin',(0.,0.,0.));
#2665=CARTESIAN_POINT('Origin',(-50.,4.,0.));
#2666=CARTESIAN_POINT('',(-50.,2.,5.));
#2667=CARTESIAN_POINT('Origin',(0.,20.,5.));
#2668=CARTESIAN_POINT('',(11.2598126378728,-4.,5.));
#2669=CARTESIAN_POINT('Origin',(0.,20.,5.));
#2670=CARTESIAN_POINT('',(11.2598126378728,-4.00000000000001,5.));
#2671=CARTESIAN_POINT('Origin',(0.,0.,5.));
#2672=CARTESIAN_POINT('',(11.6528765829279,-2.64458843358489,5.));
#2673=CARTESIAN_POINT('Origin',(0.,0.,5.));
#2674=CARTESIAN_POINT('',(12.7727063148734,-1.87642166995668,5.));
#2675=CARTESIAN_POINT('Origin',(12.6280779841035,-2.86590772136858,5.));
#2676=CARTESIAN_POINT('',(13.9458288142221,-2.0478912410813,5.));
#2677=CARTESIAN_POINT('',(11.8125179585857,-1.73607563981668,5.));
#2678=CARTESIAN_POINT('',(17.4827923417152,-0.77586850462246,5.));
#2679=CARTESIAN_POINT('Ctrl Pts',(13.9458288142221,-2.0478912410813,5.));
#2680=CARTESIAN_POINT('Ctrl Pts',(13.9558546936855,-2.04935667478723,5.));
#2681=CARTESIAN_POINT('Ctrl Pts',(13.975931600121,-2.05196744376108,5.));
#2682=CARTESIAN_POINT('Ctrl Pts',(14.0061224013745,-2.05492331707166,5.));
#2683=CARTESIAN_POINT('Ctrl Pts',(14.0465212645082,-2.057039212566,5.));
#2684=CARTESIAN_POINT('Ctrl Pts',(14.0972228990995,-2.05719374853789,5.));
#2685=CARTESIAN_POINT('Ctrl Pts',(14.1480788662636,-2.0555570530445,5.));
#2686=CARTESIAN_POINT('Ctrl Pts',(14.199039651832,-2.05281635564806,5.));
#2687=CARTESIAN_POINT('Ctrl Pts',(14.2500661151694,-2.04947225043192,5.));
#2688=CARTESIAN_POINT('Ctrl Pts',(14.3011379744026,-2.0457079185261,5.));
#2689=CARTESIAN_POINT('Ctrl Pts',(14.3522475692753,-2.04149965126194,5.));
#2690=CARTESIAN_POINT('Ctrl Pts',(14.4033952917561,-2.03670035421461,5.));
#2691=CARTESIAN_POINT('Ctrl Pts',(14.454584643907,-2.03112839261881,5.));
#2692=CARTESIAN_POINT('Ctrl Pts',(14.5058168458364,-2.0246657018613,5.));
#2693=CARTESIAN_POINT('Ctrl Pts',(14.5570876226576,-2.01731442062386,5.));
#2694=CARTESIAN_POINT('Ctrl Pts',(14.6083896793345,-2.00914629597693,5.));
#2695=CARTESIAN_POINT('Ctrl Pts',(14.6597141164522,-2.0002719183401,5.));
#2696=CARTESIAN_POINT('Ctrl Pts',(14.711052139464,-1.99080474995765,5.));
#2697=CARTESIAN_POINT('Ctrl Pts',(14.7623969421309,-1.98082112687549,5.));
#2698=CARTESIAN_POINT('Ctrl Pts',(14.8137444506773,-1.97034424319341,5.));
#2699=CARTESIAN_POINT('Ctrl Pts',(14.8650922421832,-1.95936622843625,5.));
#2700=CARTESIAN_POINT('Ctrl Pts',(14.9164388806956,-1.94786152134633,5.));
#2701=CARTESIAN_POINT('Ctrl Pts',(14.967783146808,-1.93580248772505,5.));
#2702=CARTESIAN_POINT('Ctrl Pts',(15.0191231648786,-1.92317712573035,5.));
#2703=CARTESIAN_POINT('Ctrl Pts',(15.0704561536318,-1.90999397584266,5.));
#2704=CARTESIAN_POINT('Ctrl Pts',(15.1217788610528,-1.89627297312156,5.));
#2705=CARTESIAN_POINT('Ctrl Pts',(15.1730878245483,-1.88203989327388,5.));
#2706=CARTESIAN_POINT('Ctrl Pts',(15.2243796760436,-1.86731988854564,5.));
#2707=CARTESIAN_POINT('Ctrl Pts',(15.2756514925171,-1.8521300748788,5.));
#2708=CARTESIAN_POINT('Ctrl Pts',(15.3269008539246,-1.83647821893213,5.));
#2709=CARTESIAN_POINT('Ctrl Pts',(15.3781256528457,-1.82036659784808,5.));
#2710=CARTESIAN_POINT('Ctrl Pts',(15.4293239715352,-1.80379446108758,5.));
#2711=CARTESIAN_POINT('Ctrl Pts',(15.4804939431549,-1.78676083053,5.));
#2712=CARTESIAN_POINT('Ctrl Pts',(15.5316335917172,-1.76926774177037,5.));
#2713=CARTESIAN_POINT('Ctrl Pts',(15.5827408086001,-1.75132068220392,5.));
#2714=CARTESIAN_POINT('Ctrl Pts',(15.6338134277219,-1.73292700331638,5.));
#2715=CARTESIAN_POINT('Ctrl Pts',(15.6848492735483,-1.71409490106277,5.));
#2716=CARTESIAN_POINT('Ctrl Pts',(15.7358462155631,-1.69483226472071,5.));
#2717=CARTESIAN_POINT('Ctrl Pts',(15.7868022326587,-1.67514534099124,5.));
#2718=CARTESIAN_POINT('Ctrl Pts',(15.8377154171204,-1.65503859612397,5.));
#2719=CARTESIAN_POINT('Ctrl Pts',(15.8885839373864,-1.63451540140161,5.));
#2720=CARTESIAN_POINT('Ctrl Pts',(15.9394060125613,-1.61357849056887,5.));
#2721=CARTESIAN_POINT('Ctrl Pts',(15.9901798849073,-1.59223047023234,5.));
#2722=CARTESIAN_POINT('Ctrl Pts',(16.0409037875524,-1.57047441783103,5.));
#2723=CARTESIAN_POINT('Ctrl Pts',(16.091575941517,-1.54831396462259,5.));
#2724=CARTESIAN_POINT('Ctrl Pts',(16.142194573699,-1.52575300566689,5.));
#2725=CARTESIAN_POINT('Ctrl Pts',(16.1927579298344,-1.50279551628519,5.));
#2726=CARTESIAN_POINT('Ctrl Pts',(16.2432642880075,-1.47944534546785,5.));
#2727=CARTESIAN_POINT('Ctrl Pts',(16.293711977146,-1.45570597815609,5.));
#2728=CARTESIAN_POINT('Ctrl Pts',(16.3440993738581,-1.43158049816676,5.));
#2729=CARTESIAN_POINT('Ctrl Pts',(16.394424881835,-1.40707172286495,5.));
#2730=CARTESIAN_POINT('Ctrl Pts',(16.4446869155736,-1.38218229475614,5.));
#2731=CARTESIAN_POINT('Ctrl Pts',(16.494883885266,-1.35691478400646,5.));
#2732=CARTESIAN_POINT('Ctrl Pts',(16.5450141756268,-1.33127181179954,5.));
#2733=CARTESIAN_POINT('Ctrl Pts',(16.5950761509799,-1.30525607909584,5.));
#2734=CARTESIAN_POINT('Ctrl Pts',(16.6450681871753,-1.27887029133288,5.));
#2735=CARTESIAN_POINT('Ctrl Pts',(16.6949886989286,-1.25211711127305,5.));
#2736=CARTESIAN_POINT('Ctrl Pts',(16.7448361649002,-1.22499910817967,5.));
#2737=CARTESIAN_POINT('Ctrl Pts',(16.7946091656503,-1.19751869875797,5.));
#2738=CARTESIAN_POINT('Ctrl Pts',(16.8443063770237,-1.16967813794478,5.));
#2739=CARTESIAN_POINT('Ctrl Pts',(16.8939264969443,-1.14147958682507,5.));
#2740=CARTESIAN_POINT('Ctrl Pts',(16.9434681851668,-1.11292516703255,5.));
#2741=CARTESIAN_POINT('Ctrl Pts',(16.992930005636,-1.0840170172419,5.));
#2742=CARTESIAN_POINT('Ctrl Pts',(17.0423103507837,-1.05475736552138,5.));
#2743=CARTESIAN_POINT('Ctrl Pts',(17.091607430024,-1.02514855212895,5.));
#2744=CARTESIAN_POINT('Ctrl Pts',(17.1408194222995,-0.995192920095965,5.));
#2745=CARTESIAN_POINT('Ctrl Pts',(17.1899445999944,-0.964892732620673,5.));
#2746=CARTESIAN_POINT('Ctrl Pts',(17.2389814599646,-0.934250083854097,5.));
#2747=CARTESIAN_POINT('Ctrl Pts',(17.2879288640668,-0.903266811133132,5.));
#2748=CARTESIAN_POINT('Ctrl Pts',(17.3367861421872,-0.871944419907771,5.));
#2749=CARTESIAN_POINT('Ctrl Pts',(17.3855529617594,-0.840284085901618,5.));
#2750=CARTESIAN_POINT('Ctrl Pts',(17.424493973308,-0.814686136758527,5.));
#2751=CARTESIAN_POINT('Ctrl Pts',(17.4536589945522,-0.795336205787362,5.));
#2752=CARTESIAN_POINT('Ctrl Pts',(17.4730842425744,-0.782368954552816,5.));
#2753=CARTESIAN_POINT('Ctrl Pts',(17.4827923417152,-0.77586850462246,5.));
#2754=CARTESIAN_POINT('',(17.4827923417152,0.775868504622461,5.));
#2755=CARTESIAN_POINT('Origin',(1.79856129989275E-13,0.,5.));
#2756=CARTESIAN_POINT('',(13.9458288142221,2.0478912410813,5.));
#2757=CARTESIAN_POINT('Ctrl Pts',(17.4827923417152,0.77586850462246,5.));
#2758=CARTESIAN_POINT('Ctrl Pts',(17.4730842425744,0.782368954552816,5.));
#2759=CARTESIAN_POINT('Ctrl Pts',(17.4536589945522,0.795336205787362,5.));
#2760=CARTESIAN_POINT('Ctrl Pts',(17.424493973308,0.814686136758527,5.));
#2761=CARTESIAN_POINT('Ctrl Pts',(17.3855529617594,0.840284085901618,5.));
#2762=CARTESIAN_POINT('Ctrl Pts',(17.3367861421872,0.871944419907771,5.));
#2763=CARTESIAN_POINT('Ctrl Pts',(17.2879288640668,0.903266811133132,5.));
#2764=CARTESIAN_POINT('Ctrl Pts',(17.2389814599646,0.934250083854097,5.));
#2765=CARTESIAN_POINT('Ctrl Pts',(17.1899445999944,0.964892732620673,5.));
#2766=CARTESIAN_POINT('Ctrl Pts',(17.1408194222995,0.995192920095965,5.));
#2767=CARTESIAN_POINT('Ctrl Pts',(17.091607430024,1.02514855212895,5.));
#2768=CARTESIAN_POINT('Ctrl Pts',(17.0423103507837,1.05475736552138,5.));
#2769=CARTESIAN_POINT('Ctrl Pts',(16.992930005636,1.0840170172419,5.));
#2770=CARTESIAN_POINT('Ctrl Pts',(16.9434681851668,1.11292516703255,5.));
#2771=CARTESIAN_POINT('Ctrl Pts',(16.8939264969443,1.14147958682507,5.));
#2772=CARTESIAN_POINT('Ctrl Pts',(16.8443063770237,1.16967813794478,5.));
#2773=CARTESIAN_POINT('Ctrl Pts',(16.7946091656503,1.19751869875797,5.));
#2774=CARTESIAN_POINT('Ctrl Pts',(16.7448361649002,1.22499910817967,5.));
#2775=CARTESIAN_POINT('Ctrl Pts',(16.6949886989286,1.25211711127305,5.));
#2776=CARTESIAN_POINT('Ctrl Pts',(16.6450681871753,1.27887029133288,5.));
#2777=CARTESIAN_POINT('Ctrl Pts',(16.5950761509799,1.30525607909584,5.));
#2778=CARTESIAN_POINT('Ctrl Pts',(16.5450141756268,1.33127181179954,5.));
#2779=CARTESIAN_POINT('Ctrl Pts',(16.494883885266,1.35691478400646,5.));
#2780=CARTESIAN_POINT('Ctrl Pts',(16.4446869155736,1.38218229475614,5.));
#2781=CARTESIAN_POINT('Ctrl Pts',(16.394424881835,1.40707172286495,5.));
#2782=CARTESIAN_POINT('Ctrl Pts',(16.3440993738581,1.43158049816676,5.));
#2783=CARTESIAN_POINT('Ctrl Pts',(16.293711977146,1.45570597815609,5.));
#2784=CARTESIAN_POINT('Ctrl Pts',(16.2432642880075,1.47944534546785,5.));
#2785=CARTESIAN_POINT('Ctrl Pts',(16.1927579298344,1.50279551628519,5.));
#2786=CARTESIAN_POINT('Ctrl Pts',(16.142194573699,1.52575300566689,5.));
#2787=CARTESIAN_POINT('Ctrl Pts',(16.091575941517,1.54831396462259,5.));
#2788=CARTESIAN_POINT('Ctrl Pts',(16.0409037875524,1.57047441783103,5.));
#2789=CARTESIAN_POINT('Ctrl Pts',(15.9901798849073,1.59223047023234,5.));
#2790=CARTESIAN_POINT('Ctrl Pts',(15.9394060125613,1.61357849056887,5.));
#2791=CARTESIAN_POINT('Ctrl Pts',(15.8885839373864,1.63451540140161,5.));
#2792=CARTESIAN_POINT('Ctrl Pts',(15.8377154171204,1.65503859612397,5.));
#2793=CARTESIAN_POINT('Ctrl Pts',(15.7868022326587,1.67514534099124,5.));
#2794=CARTESIAN_POINT('Ctrl Pts',(15.7358462155631,1.69483226472071,5.));
#2795=CARTESIAN_POINT('Ctrl Pts',(15.6848492735483,1.71409490106277,5.));
#2796=CARTESIAN_POINT('Ctrl Pts',(15.6338134277219,1.73292700331638,5.));
#2797=CARTESIAN_POINT('Ctrl Pts',(15.5827408086001,1.75132068220392,5.));
#2798=CARTESIAN_POINT('Ctrl Pts',(15.5316335917172,1.76926774177037,5.));
#2799=CARTESIAN_POINT('Ctrl Pts',(15.4804939431549,1.78676083053,5.));
#2800=CARTESIAN_POINT('Ctrl Pts',(15.4293239715352,1.80379446108758,5.));
#2801=CARTESIAN_POINT('Ctrl Pts',(15.3781256528457,1.82036659784808,5.));
#2802=CARTESIAN_POINT('Ctrl Pts',(15.3269008539246,1.83647821893213,5.));
#2803=CARTESIAN_POINT('Ctrl Pts',(15.2756514925171,1.8521300748788,5.));
#2804=CARTESIAN_POINT('Ctrl Pts',(15.2243796760436,1.86731988854564,5.));
#2805=CARTESIAN_POINT('Ctrl Pts',(15.1730878245483,1.88203989327388,5.));
#2806=CARTESIAN_POINT('Ctrl Pts',(15.1217788610528,1.89627297312156,5.));
#2807=CARTESIAN_POINT('Ctrl Pts',(15.0704561536318,1.90999397584266,5.));
#2808=CARTESIAN_POINT('Ctrl Pts',(15.0191231648786,1.92317712573035,5.));
#2809=CARTESIAN_POINT('Ctrl Pts',(14.967783146808,1.93580248772505,5.));
#2810=CARTESIAN_POINT('Ctrl Pts',(14.9164388806956,1.94786152134633,5.));
#2811=CARTESIAN_POINT('Ctrl Pts',(14.8650922421832,1.95936622843625,5.));
#2812=CARTESIAN_POINT('Ctrl Pts',(14.8137444506773,1.97034424319341,5.));
#2813=CARTESIAN_POINT('Ctrl Pts',(14.7623969421309,1.98082112687549,5.));
#2814=CARTESIAN_POINT('Ctrl Pts',(14.711052139464,1.99080474995765,5.));
#2815=CARTESIAN_POINT('Ctrl Pts',(14.6597141164522,2.0002719183401,5.));
#2816=CARTESIAN_POINT('Ctrl Pts',(14.6083896793345,2.00914629597693,5.));
#2817=CARTESIAN_POINT('Ctrl Pts',(14.5570876226576,2.01731442062386,5.));
#2818=CARTESIAN_POINT('Ctrl Pts',(14.5058168458364,2.0246657018613,5.));
#2819=CARTESIAN_POINT('Ctrl Pts',(14.454584643907,2.03112839261881,5.));
#2820=CARTESIAN_POINT('Ctrl Pts',(14.4033952917561,2.03670035421461,5.));
#2821=CARTESIAN_POINT('Ctrl Pts',(14.3522475692753,2.04149965126194,5.));
#2822=CARTESIAN_POINT('Ctrl Pts',(14.3011379744026,2.0457079185261,5.));
#2823=CARTESIAN_POINT('Ctrl Pts',(14.2500661151694,2.04947225043192,5.));
#2824=CARTESIAN_POINT('Ctrl Pts',(14.199039651832,2.05281635564806,5.));
#2825=CARTESIAN_POINT('Ctrl Pts',(14.1480788662636,2.0555570530445,5.));
#2826=CARTESIAN_POINT('Ctrl Pts',(14.0972228990995,2.05719374853789,5.));
#2827=CARTESIAN_POINT('Ctrl Pts',(14.0465212645082,2.057039212566,5.));
#2828=CARTESIAN_POINT('Ctrl Pts',(14.0061224013745,2.05492331707166,5.));
#2829=CARTESIAN_POINT('Ctrl Pts',(13.975931600121,2.05196744376108,5.));
#2830=CARTESIAN_POINT('Ctrl Pts',(13.9558546936855,2.04935667478723,5.));
#2831=CARTESIAN_POINT('Ctrl Pts',(13.9458288142221,2.0478912410813,5.));
#2832=CARTESIAN_POINT('',(12.7727063148734,1.87642166995668,5.));
#2833=CARTESIAN_POINT('',(11.8125179585857,1.73607563981668,5.));
#2834=CARTESIAN_POINT('',(11.6528765829279,2.64458843358489,5.));
#2835=CARTESIAN_POINT('Origin',(12.6280779841035,2.86590772136858,5.));
#2836=CARTESIAN_POINT('',(11.4139813647728,3.53615752542493,5.));
#2837=CARTESIAN_POINT('Origin',(0.,0.,5.));
#2838=CARTESIAN_POINT('',(11.9996989787366,4.7613243230426,5.));
#2839=CARTESIAN_POINT('Origin',(12.3691901958889,3.83209010044459,5.));
#2840=CARTESIAN_POINT('',(13.101387650486,5.199388568147,5.));
#2841=CARTESIAN_POINT('',(11.0979784547035,4.4027733723203,5.));
#2842=CARTESIAN_POINT('',(15.5284765493246,8.06947433585829,5.));
#2843=CARTESIAN_POINT('Ctrl Pts',(13.101387650486,5.199388568147,5.));
#2844=CARTESIAN_POINT('Ctrl Pts',(13.1108030336495,5.20313240506178,5.));
#2845=CARTESIAN_POINT('Ctrl Pts',(13.129495529139,5.21090986602477,5.));
#2846=CARTESIAN_POINT('Ctrl Pts',(13.1571194666405,5.22344540527423,5.));
#2847=CARTESIAN_POINT('Ctrl Pts',(13.1931638561455,5.24181241759123,5.));
#2848=CARTESIAN_POINT('Ctrl Pts',(13.2371500277008,5.26702940280938,5.));
#2849=CARTESIAN_POINT('Ctrl Pts',(13.2803742394523,5.29387480626699,5.));
#2850=CARTESIAN_POINT('Ctrl Pts',(13.3231372256531,5.32172871262061,5.));
#2851=CARTESIAN_POINT('Ctrl Pts',(13.3656553865605,5.35013802435941,5.));
#2852=CARTESIAN_POINT('Ctrl Pts',(13.408002748122,5.37893396103472,5.));
#2853=CARTESIAN_POINT('Ctrl Pts',(13.4501608220269,5.40813322482774,5.));
#2854=CARTESIAN_POINT('Ctrl Pts',(13.4920564005173,5.43786339923144,5.));
#2855=CARTESIAN_POINT('Ctrl Pts',(13.5336016990853,5.46828353559777,5.));
#2856=CARTESIAN_POINT('Ctrl Pts',(13.5747387420693,5.49949649093528,5.));
#2857=CARTESIAN_POINT('Ctrl Pts',(13.6154648966494,5.53149827564783,5.));
#2858=CARTESIAN_POINT('Ctrl Pts',(13.6558097186746,5.56422310743184,5.));
#2859=CARTESIAN_POINT('Ctrl Pts',(13.695820796235,5.59757076246696,5.));
#2860=CARTESIAN_POINT('Ctrl Pts',(13.7355472441521,5.63143858229395,5.));
#2861=CARTESIAN_POINT('Ctrl Pts',(13.7750213360728,5.66575705483833,5.));
#2862=CARTESIAN_POINT('Ctrl Pts',(13.814251141054,5.70050405653275,5.));
#2863=CARTESIAN_POINT('Ctrl Pts',(13.8532306255478,5.73568519194851,5.));
#2864=CARTESIAN_POINT('Ctrl Pts',(13.8919457653534,5.77132187980766,5.));
#2865=CARTESIAN_POINT('Ctrl Pts',(13.9303816873349,5.807437442325,5.));
#2866=CARTESIAN_POINT('Ctrl Pts',(13.9685307662174,5.84404133557968,5.));
#2867=CARTESIAN_POINT('Ctrl Pts',(14.006394863586,5.88112477266093,5.));
#2868=CARTESIAN_POINT('Ctrl Pts',(14.043981130643,5.91866886329326,5.));
#2869=CARTESIAN_POINT('Ctrl Pts',(14.0812994565481,5.95664955376322,5.));
#2870=CARTESIAN_POINT('Ctrl Pts',(14.118359500586,5.99504337754933,5.));
#2871=CARTESIAN_POINT('Ctrl Pts',(14.1551672893169,6.03383405030034,5.));
#2872=CARTESIAN_POINT('Ctrl Pts',(14.1917246102502,6.07301363587029,5.));
#2873=CARTESIAN_POINT('Ctrl Pts',(14.2280307768776,6.11257910848578,5.));
#2874=CARTESIAN_POINT('Ctrl Pts',(14.2640837531135,6.1525301592601,5.));
#2875=CARTESIAN_POINT('Ctrl Pts',(14.2998814331683,6.19286670185148,5.));
#2876=CARTESIAN_POINT('Ctrl Pts',(14.335423123584,6.23358598538912,5.));
#2877=CARTESIAN_POINT('Ctrl Pts',(14.3707097419381,6.27468220333836,5.));
#2878=CARTESIAN_POINT('Ctrl Pts',(14.4057430880917,6.31614790608495,5.));
#2879=CARTESIAN_POINT('Ctrl Pts',(14.4405253759541,6.3579749079564,5.));
#2880=CARTESIAN_POINT('Ctrl Pts',(14.4750587050833,6.40015531137992,5.));
#2881=CARTESIAN_POINT('Ctrl Pts',(14.509344448499,6.44268269599981,5.));
#2882=CARTESIAN_POINT('Ctrl Pts',(14.5433831871967,6.4855522400731,5.));
#2883=CARTESIAN_POINT('Ctrl Pts',(14.5771750206388,6.52876010820249,5.));
#2884=CARTESIAN_POINT('Ctrl Pts',(14.6107197733969,6.57230304244784,5.));
#2885=CARTESIAN_POINT('Ctrl Pts',(14.6440172265288,6.61617790655279,5.));
#2886=CARTESIAN_POINT('Ctrl Pts',(14.6770673885979,6.66038115194095,5.));
#2887=CARTESIAN_POINT('Ctrl Pts',(14.7098705345915,6.70490874436112,5.));
#2888=CARTESIAN_POINT('Ctrl Pts',(14.7424270764881,6.74975642404153,5.));
#2889=CARTESIAN_POINT('Ctrl Pts',(14.7747374827111,6.79491987112085,5.));
#2890=CARTESIAN_POINT('Ctrl Pts',(14.806802186533,6.84039489131793,5.));
#2891=CARTESIAN_POINT('Ctrl Pts',(14.8386214832332,6.88617763104895,5.));
#2892=CARTESIAN_POINT('Ctrl Pts',(14.8701955088218,6.93226460795425,5.));
#2893=CARTESIAN_POINT('Ctrl Pts',(14.9015242895373,6.97865258396972,5.));
#2894=CARTESIAN_POINT('Ctrl Pts',(14.9326077735464,7.02533847786691,5.));
#2895=CARTESIAN_POINT('Ctrl Pts',(14.9634458691181,7.07231926891271,5.));
#2896=CARTESIAN_POINT('Ctrl Pts',(14.9940384879663,7.11959187945288,5.));
#2897=CARTESIAN_POINT('Ctrl Pts',(15.0243855640338,7.16715315254888,5.));
#2898=CARTESIAN_POINT('Ctrl Pts',(15.0544870434844,7.21499993314816,5.));
#2899=CARTESIAN_POINT('Ctrl Pts',(15.0843428848028,7.26312912258864,5.));
#2900=CARTESIAN_POINT('Ctrl Pts',(15.1139530551018,7.3115377351532,5.));
#2901=CARTESIAN_POINT('Ctrl Pts',(15.1433175334631,7.36022296819385,5.));
#2902=CARTESIAN_POINT('Ctrl Pts',(15.1724363006031,7.40918220680038,5.));
#2903=CARTESIAN_POINT('Ctrl Pts',(15.2013093094333,7.45841292838025,5.));
#2904=CARTESIAN_POINT('Ctrl Pts',(15.2299364600841,7.50791262542215,5.));
#2905=CARTESIAN_POINT('Ctrl Pts',(15.2583175782325,7.55767872775187,5.));
#2906=CARTESIAN_POINT('Ctrl Pts',(15.2864523857179,7.60770850202161,5.));
#2907=CARTESIAN_POINT('Ctrl Pts',(15.3143405019761,7.65799902621549,5.));
#2908=CARTESIAN_POINT('Ctrl Pts',(15.341981521441,7.7085473606802,5.));
#2909=CARTESIAN_POINT('Ctrl Pts',(15.3693750795526,7.75935068162071,5.));
#2910=CARTESIAN_POINT('Ctrl Pts',(15.3965209216254,7.81040642387693,5.));
#2911=CARTESIAN_POINT('Ctrl Pts',(15.4234189806667,7.86171242719676,5.));
#2912=CARTESIAN_POINT('Ctrl Pts',(15.450069429066,7.91326705276539,5.));
#2913=CARTESIAN_POINT('Ctrl Pts',(15.4764725666743,7.96506911609312,5.));
#2914=CARTESIAN_POINT('Ctrl Pts',(15.4973974973529,8.00670809611013,5.));
#2915=CARTESIAN_POINT('Ctrl Pts',(15.5129801811666,8.0380481385147,5.));
#2916=CARTESIAN_POINT('Ctrl Pts',(15.5233193138114,8.05899073151217,5.));
#2917=CARTESIAN_POINT('Ctrl Pts',(15.5284765493246,8.0694743358583,5.));
#2918=CARTESIAN_POINT('',(14.7526080447021,9.41331800585688,5.));
#2919=CARTESIAN_POINT('Origin',(1.55759977597069E-13,8.99280649946377E-14,
5.));
#2920=CARTESIAN_POINT('',(11.0534964094047,8.7464402460751,5.));
#2921=CARTESIAN_POINT('Ctrl Pts',(14.7526080447022,9.41331800585688,5.));
#2922=CARTESIAN_POINT('Ctrl Pts',(14.7409503592586,9.41409351106219,5.));
#2923=CARTESIAN_POINT('Ctrl Pts',(14.7176439753793,9.41561085603747,5.));
#2924=CARTESIAN_POINT('Ctrl Pts',(14.6827113605944,9.41778587719791,5.));
#2925=CARTESIAN_POINT('Ctrl Pts',(14.6361884807726,9.4204838456663,5.));
#2926=CARTESIAN_POINT('Ctrl Pts',(14.5781250091583,9.42351908942182,5.));
#2927=CARTESIAN_POINT('Ctrl Pts',(14.5201521695336,9.42621643687007,5.));
#2928=CARTESIAN_POINT('Ctrl Pts',(14.4622708377713,9.42857503608771,5.));
#2929=CARTESIAN_POINT('Ctrl Pts',(14.4044823469319,9.43059391837368,5.));
#2930=CARTESIAN_POINT('Ctrl Pts',(14.3467886013451,9.43227206161925,5.));
#2931=CARTESIAN_POINT('Ctrl Pts',(14.2891919498472,9.43360840380851,5.));
#2932=CARTESIAN_POINT('Ctrl Pts',(14.2316950201965,9.43460184876214,5.));
#2933=CARTESIAN_POINT('Ctrl Pts',(14.1743005609907,9.43525127788411,5.));
#2934=CARTESIAN_POINT('Ctrl Pts',(14.1170112930516,9.4355555597446,5.));
#2935=CARTESIAN_POINT('Ctrl Pts',(14.0598297226082,9.43551356856401,5.));
#2936=CARTESIAN_POINT('Ctrl Pts',(14.0027581626583,9.4351241702233,5.));
#2937=CARTESIAN_POINT('Ctrl Pts',(13.9457988347051,9.43438619745643,5.));
#2938=CARTESIAN_POINT('Ctrl Pts',(13.8889539469221,9.43329842974695,5.));
#2939=CARTESIAN_POINT('Ctrl Pts',(13.8322257735297,9.43185957633994,5.));
#2940=CARTESIAN_POINT('Ctrl Pts',(13.7756167521516,9.43006825402712,5.));
#2941=CARTESIAN_POINT('Ctrl Pts',(13.719129484938,9.42792299843101,5.));
#2942=CARTESIAN_POINT('Ctrl Pts',(13.6627666761667,9.42542229617396,5.));
#2943=CARTESIAN_POINT('Ctrl Pts',(13.6065310851117,9.42256461635325,5.));
#2944=CARTESIAN_POINT('Ctrl Pts',(13.5504254787902,9.41934843770668,5.));
#2945=CARTESIAN_POINT('Ctrl Pts',(13.4944525666723,9.41577229786528,5.));
#2946=CARTESIAN_POINT('Ctrl Pts',(13.4386150106551,9.41183476590384,5.));
#2947=CARTESIAN_POINT('Ctrl Pts',(13.3829155050772,9.40753434609704,5.));
#2948=CARTESIAN_POINT('Ctrl Pts',(13.3273568410651,9.40286939668954,5.));
#2949=CARTESIAN_POINT('Ctrl Pts',(13.2719419664259,9.39783805871351,5.));
#2950=CARTESIAN_POINT('Ctrl Pts',(13.2166740708212,9.39243814965751,5.));
#2951=CARTESIAN_POINT('Ctrl Pts',(13.1615565699689,9.38666719715584,5.));
#2952=CARTESIAN_POINT('Ctrl Pts',(13.1065929707669,9.38052263561145,5.));
#2953=CARTESIAN_POINT('Ctrl Pts',(13.0517867562965,9.37400197835449,5.));
#2954=CARTESIAN_POINT('Ctrl Pts',(12.997141282828,9.36710297011342,5.));
#2955=CARTESIAN_POINT('Ctrl Pts',(12.9426596192372,9.35982382918391,5.));
#2956=CARTESIAN_POINT('Ctrl Pts',(12.8883445910727,9.3521631770473,5.));
#2957=CARTESIAN_POINT('Ctrl Pts',(12.8341991075077,9.34411953665893,5.));
#2958=CARTESIAN_POINT('Ctrl Pts',(12.7802264403625,9.33569090418321,5.));
#2959=CARTESIAN_POINT('Ctrl Pts',(12.7264304748913,9.32687436559187,5.));
#2960=CARTESIAN_POINT('Ctrl Pts',(12.6728160847753,9.31766552163699,5.));
#2961=CARTESIAN_POINT('Ctrl Pts',(12.6193890597342,9.30805860526173,5.));
#2962=CARTESIAN_POINT('Ctrl Pts',(12.5661553818136,9.29804760632805,5.));
#2963=CARTESIAN_POINT('Ctrl Pts',(12.5131206026383,9.2876272413034,5.));
#2964=CARTESIAN_POINT('Ctrl Pts',(12.4602892920259,9.27679381227511,5.));
#2965=CARTESIAN_POINT('Ctrl Pts',(12.4076641790295,9.26554654435996,5.));
#2966=CARTESIAN_POINT('Ctrl Pts',(12.3552463913181,9.25388721805434,5.));
#2967=CARTESIAN_POINT('Ctrl Pts',(12.3030372144381,9.24181744221677,5.));
#2968=CARTESIAN_POINT('Ctrl Pts',(12.2510396120404,9.22933629849423,5.));
#2969=CARTESIAN_POINT('Ctrl Pts',(12.1992595632743,9.21643827078509,5.));
#2970=CARTESIAN_POINT('Ctrl Pts',(12.1477081575214,9.20310999775949,5.));
#2971=CARTESIAN_POINT('Ctrl Pts',(12.0964008877434,9.18933138097091,5.));
#2972=CARTESIAN_POINT('Ctrl Pts',(12.045353640487,9.17508182929893,5.));
#2973=CARTESIAN_POINT('Ctrl Pts',(11.9945791996098,9.16034570448301,5.));
#2974=CARTESIAN_POINT('Ctrl Pts',(11.9440842440071,9.14511700088791,5.));
#2975=CARTESIAN_POINT('Ctrl Pts',(11.8938643971115,9.12940705023471,5.));
#2976=CARTESIAN_POINT('Ctrl Pts',(11.8439068978606,9.11324039414459,5.));
#2977=CARTESIAN_POINT('Ctrl Pts',(11.7942002091973,9.09663988729252,5.));
#2978=CARTESIAN_POINT('Ctrl Pts',(11.7447424941944,9.07961355717006,5.));
#2979=CARTESIAN_POINT('Ctrl Pts',(11.6955488778949,9.06214335398527,5.));
#2980=CARTESIAN_POINT('Ctrl Pts',(11.6466634226977,9.04416657190271,5.));
#2981=CARTESIAN_POINT('Ctrl Pts',(11.5981504760255,9.02558934700972,5.));
#2982=CARTESIAN_POINT('Ctrl Pts',(11.550073040208,9.00632035490115,5.));
#2983=CARTESIAN_POINT('Ctrl Pts',(11.5024733064665,8.98630110830925,5.));
#2984=CARTESIAN_POINT('Ctrl Pts',(11.4553560463027,8.96553189252468,5.));
#2985=CARTESIAN_POINT('Ctrl Pts',(11.4086611707649,8.94411434444757,5.));
#2986=CARTESIAN_POINT('Ctrl Pts',(11.3622948295959,8.92220401336789,5.));
#2987=CARTESIAN_POINT('Ctrl Pts',(11.3161831361286,8.89992809081003,5.));
#2988=CARTESIAN_POINT('Ctrl Pts',(11.2703208700051,8.87731093921143,5.));
#2989=CARTESIAN_POINT('Ctrl Pts',(11.2248171864078,8.85420405999663,5.));
#2990=CARTESIAN_POINT('Ctrl Pts',(11.1799562791629,8.83019349629008,5.));
#2991=CARTESIAN_POINT('Ctrl Pts',(11.1361246435795,8.80470884691701,5.));
#2992=CARTESIAN_POINT('Ctrl Pts',(11.1021961495688,8.78267699610031,5.));
#2993=CARTESIAN_POINT('Ctrl Pts',(11.0775280853779,8.76502173409619,5.));
#2994=CARTESIAN_POINT('Ctrl Pts',(11.0614463588623,8.75272228862367,5.));
#2995=CARTESIAN_POINT('Ctrl Pts',(11.0534964094047,8.7464402460751,5.));
#2996=CARTESIAN_POINT('',(10.1232773087799,8.0113819918308,5.));
#2997=CARTESIAN_POINT('',(9.3619028148868,7.40974458626544,5.));
#2998=CARTESIAN_POINT('',(8.76939293118791,8.11671905750295,5.));
#2999=CARTESIAN_POINT('Origin',(9.50328247452034,8.79598788365892,5.));
#3000=CARTESIAN_POINT('',(8.11671905750296,8.7693929311879,5.));
#3001=CARTESIAN_POINT('Origin',(0.,0.,5.));
#3002=CARTESIAN_POINT('',(8.0113819918308,10.1232773087799,5.));
#3003=CARTESIAN_POINT('Origin',(8.79598788365893,9.50328247452034,5.));
#3004=CARTESIAN_POINT('',(8.7464402460751,11.0534964094047,5.));
#3005=CARTESIAN_POINT('',(7.40974458626544,9.3619028148868,5.));
#3006=CARTESIAN_POINT('',(9.41331800585689,14.7526080447021,5.));
#3007=CARTESIAN_POINT('Ctrl Pts',(8.7464402460751,11.0534964094047,5.));
#3008=CARTESIAN_POINT('Ctrl Pts',(8.75272228862367,11.0614463588623,5.));
#3009=CARTESIAN_POINT('Ctrl Pts',(8.76502173409619,11.0775280853779,5.));
#3010=CARTESIAN_POINT('Ctrl Pts',(8.78267699610031,11.1021961495688,5.));
#3011=CARTESIAN_POINT('Ctrl Pts',(8.80470884691701,11.1361246435795,5.));
#3012=CARTESIAN_POINT('Ctrl Pts',(8.83019349629008,11.1799562791629,5.));
#3013=CARTESIAN_POINT('Ctrl Pts',(8.85420405999663,11.2248171864078,5.));
#3014=CARTESIAN_POINT('Ctrl Pts',(8.87731093921144,11.2703208700051,5.));
#3015=CARTESIAN_POINT('Ctrl Pts',(8.89992809081003,11.3161831361286,5.));
#3016=CARTESIAN_POINT('Ctrl Pts',(8.92220401336789,11.3622948295959,5.));
#3017=CARTESIAN_POINT('Ctrl Pts',(8.94411434444757,11.4086611707649,5.));
#3018=CARTESIAN_POINT('Ctrl Pts',(8.96553189252468,11.4553560463027,5.));
#3019=CARTESIAN_POINT('Ctrl Pts',(8.98630110830926,11.5024733064665,5.));
#3020=CARTESIAN_POINT('Ctrl Pts',(9.00632035490116,11.550073040208,5.));
#3021=CARTESIAN_POINT('Ctrl Pts',(9.02558934700973,11.5981504760255,5.));
#3022=CARTESIAN_POINT('Ctrl Pts',(9.04416657190271,11.6466634226977,5.));
#3023=CARTESIAN_POINT('Ctrl Pts',(9.06214335398528,11.6955488778949,5.));
#3024=CARTESIAN_POINT('Ctrl Pts',(9.07961355717006,11.7447424941944,5.));
#3025=CARTESIAN_POINT('Ctrl Pts',(9.09663988729252,11.7942002091973,5.));
#3026=CARTESIAN_POINT('Ctrl Pts',(9.11324039414459,11.8439068978606,5.));
#3027=CARTESIAN_POINT('Ctrl Pts',(9.12940705023471,11.8938643971115,5.));
#3028=CARTESIAN_POINT('Ctrl Pts',(9.14511700088791,11.9440842440071,5.));
#3029=CARTESIAN_POINT('Ctrl Pts',(9.16034570448302,11.9945791996098,5.));
#3030=CARTESIAN_POINT('Ctrl Pts',(9.17508182929893,12.045353640487,5.));
#3031=CARTESIAN_POINT('Ctrl Pts',(9.18933138097091,12.0964008877434,5.));
#3032=CARTESIAN_POINT('Ctrl Pts',(9.2031099977595,12.1477081575214,5.));
#3033=CARTESIAN_POINT('Ctrl Pts',(9.21643827078509,12.1992595632743,5.));
#3034=CARTESIAN_POINT('Ctrl Pts',(9.22933629849424,12.2510396120404,5.));
#3035=CARTESIAN_POINT('Ctrl Pts',(9.24181744221678,12.3030372144381,5.));
#3036=CARTESIAN_POINT('Ctrl Pts',(9.25388721805434,12.3552463913181,5.));
#3037=CARTESIAN_POINT('Ctrl Pts',(9.26554654435996,12.4076641790295,5.));
#3038=CARTESIAN_POINT('Ctrl Pts',(9.27679381227511,12.4602892920259,5.));
#3039=CARTESIAN_POINT('Ctrl Pts',(9.2876272413034,12.5131206026383,5.));
#3040=CARTESIAN_POINT('Ctrl Pts',(9.29804760632805,12.5661553818136,5.));
#3041=CARTESIAN_POINT('Ctrl Pts',(9.30805860526174,12.6193890597342,5.));
#3042=CARTESIAN_POINT('Ctrl Pts',(9.317665521637,12.6728160847753,5.));
#3043=CARTESIAN_POINT('Ctrl Pts',(9.32687436559188,12.7264304748913,5.));
#3044=CARTESIAN_POINT('Ctrl Pts',(9.33569090418322,12.7802264403625,5.));
#3045=CARTESIAN_POINT('Ctrl Pts',(9.34411953665894,12.8341991075077,5.));
#3046=CARTESIAN_POINT('Ctrl Pts',(9.3521631770473,12.8883445910727,5.));
#3047=CARTESIAN_POINT('Ctrl Pts',(9.35982382918392,12.9426596192372,5.));
#3048=CARTESIAN_POINT('Ctrl Pts',(9.36710297011343,12.997141282828,5.));
#3049=CARTESIAN_POINT('Ctrl Pts',(9.3740019783545,13.0517867562965,5.));
#3050=CARTESIAN_POINT('Ctrl Pts',(9.38052263561145,13.1065929707669,5.));
#3051=CARTESIAN_POINT('Ctrl Pts',(9.38666719715584,13.1615565699689,5.));
#3052=CARTESIAN_POINT('Ctrl Pts',(9.39243814965751,13.2166740708212,5.));
#3053=CARTESIAN_POINT('Ctrl Pts',(9.39783805871351,13.2719419664259,5.));
#3054=CARTESIAN_POINT('Ctrl Pts',(9.40286939668954,13.3273568410651,5.));
#3055=CARTESIAN_POINT('Ctrl Pts',(9.40753434609704,13.3829155050772,5.));
#3056=CARTESIAN_POINT('Ctrl Pts',(9.41183476590384,13.4386150106551,5.));
#3057=CARTESIAN_POINT('Ctrl Pts',(9.41577229786528,13.4944525666723,5.));
#3058=CARTESIAN_POINT('Ctrl Pts',(9.41934843770669,13.5504254787902,5.));
#3059=CARTESIAN_POINT('Ctrl Pts',(9.42256461635325,13.6065310851117,5.));
#3060=CARTESIAN_POINT('Ctrl Pts',(9.42542229617396,13.6627666761667,5.));
#3061=CARTESIAN_POINT('Ctrl Pts',(9.42792299843102,13.719129484938,5.));
#3062=CARTESIAN_POINT('Ctrl Pts',(9.43006825402713,13.7756167521516,5.));
#3063=CARTESIAN_POINT('Ctrl Pts',(9.43185957633994,13.8322257735297,5.));
#3064=CARTESIAN_POINT('Ctrl Pts',(9.43329842974696,13.8889539469221,5.));
#3065=CARTESIAN_POINT('Ctrl Pts',(9.43438619745643,13.9457988347051,5.));
#3066=CARTESIAN_POINT('Ctrl Pts',(9.43512417022331,14.0027581626583,5.));
#3067=CARTESIAN_POINT('Ctrl Pts',(9.43551356856401,14.0598297226082,5.));
#3068=CARTESIAN_POINT('Ctrl Pts',(9.43555555974461,14.1170112930516,5.));
#3069=CARTESIAN_POINT('Ctrl Pts',(9.43525127788411,14.1743005609906,5.));
#3070=CARTESIAN_POINT('Ctrl Pts',(9.43460184876214,14.2316950201965,5.));
#3071=CARTESIAN_POINT('Ctrl Pts',(9.43360840380851,14.2891919498472,5.));
#3072=CARTESIAN_POINT('Ctrl Pts',(9.43227206161925,14.346788601345,5.));
#3073=CARTESIAN_POINT('Ctrl Pts',(9.43059391837368,14.4044823469319,5.));
#3074=CARTESIAN_POINT('Ctrl Pts',(9.42857503608771,14.4622708377713,5.));
#3075=CARTESIAN_POINT('Ctrl Pts',(9.42621643687007,14.5201521695336,5.));
#3076=CARTESIAN_POINT('Ctrl Pts',(9.42351908942183,14.5781250091583,5.));
#3077=CARTESIAN_POINT('Ctrl Pts',(9.4204838456663,14.6361884807726,5.));
#3078=CARTESIAN_POINT('Ctrl Pts',(9.41778587719791,14.6827113605944,5.));
#3079=CARTESIAN_POINT('Ctrl Pts',(9.41561085603747,14.7176439753793,5.));
#3080=CARTESIAN_POINT('Ctrl Pts',(9.4140935110622,14.7409503592586,5.));
#3081=CARTESIAN_POINT('Ctrl Pts',(9.41331800585689,14.7526080447022,5.));
#3082=CARTESIAN_POINT('',(8.0694743358583,15.5284765493246,5.));
#3083=CARTESIAN_POINT('Origin',(8.99280649946377E-14,1.55759977597069E-13,
5.));
#3084=CARTESIAN_POINT('',(5.19938856814701,13.101387650486,5.));
#3085=CARTESIAN_POINT('Ctrl Pts',(8.0694743358583,15.5284765493246,5.));
#3086=CARTESIAN_POINT('Ctrl Pts',(8.05899073151217,15.5233193138114,5.));
#3087=CARTESIAN_POINT('Ctrl Pts',(8.03804813851471,15.5129801811666,5.));
#3088=CARTESIAN_POINT('Ctrl Pts',(8.00670809611014,15.4973974973529,5.));
#3089=CARTESIAN_POINT('Ctrl Pts',(7.96506911609313,15.4764725666743,5.));
#3090=CARTESIAN_POINT('Ctrl Pts',(7.9132670527654,15.450069429066,5.));
#3091=CARTESIAN_POINT('Ctrl Pts',(7.86171242719677,15.4234189806667,5.));
#3092=CARTESIAN_POINT('Ctrl Pts',(7.81040642387693,15.3965209216254,5.));
#3093=CARTESIAN_POINT('Ctrl Pts',(7.75935068162071,15.3693750795526,5.));
#3094=CARTESIAN_POINT('Ctrl Pts',(7.70854736068021,15.341981521441,5.));
#3095=CARTESIAN_POINT('Ctrl Pts',(7.65799902621549,15.3143405019761,5.));
#3096=CARTESIAN_POINT('Ctrl Pts',(7.60770850202161,15.2864523857179,5.));
#3097=CARTESIAN_POINT('Ctrl Pts',(7.55767872775187,15.2583175782325,5.));
#3098=CARTESIAN_POINT('Ctrl Pts',(7.50791262542215,15.2299364600841,5.));
#3099=CARTESIAN_POINT('Ctrl Pts',(7.45841292838025,15.2013093094333,5.));
#3100=CARTESIAN_POINT('Ctrl Pts',(7.40918220680039,15.1724363006031,5.));
#3101=CARTESIAN_POINT('Ctrl Pts',(7.36022296819386,15.1433175334631,5.));
#3102=CARTESIAN_POINT('Ctrl Pts',(7.3115377351532,15.1139530551018,5.));
#3103=CARTESIAN_POINT('Ctrl Pts',(7.26312912258864,15.0843428848028,5.));
#3104=CARTESIAN_POINT('Ctrl Pts',(7.21499993314817,15.0544870434844,5.));
#3105=CARTESIAN_POINT('Ctrl Pts',(7.16715315254888,15.0243855640338,5.));
#3106=CARTESIAN_POINT('Ctrl Pts',(7.11959187945289,14.9940384879663,5.));
#3107=CARTESIAN_POINT('Ctrl Pts',(7.07231926891271,14.9634458691181,5.));
#3108=CARTESIAN_POINT('Ctrl Pts',(7.02533847786691,14.9326077735464,5.));
#3109=CARTESIAN_POINT('Ctrl Pts',(6.97865258396972,14.9015242895373,5.));
#3110=CARTESIAN_POINT('Ctrl Pts',(6.93226460795425,14.8701955088218,5.));
#3111=CARTESIAN_POINT('Ctrl Pts',(6.88617763104895,14.8386214832332,5.));
#3112=CARTESIAN_POINT('Ctrl Pts',(6.84039489131794,14.806802186533,5.));
#3113=CARTESIAN_POINT('Ctrl Pts',(6.79491987112085,14.7747374827111,5.));
#3114=CARTESIAN_POINT('Ctrl Pts',(6.74975642404153,14.7424270764881,5.));
#3115=CARTESIAN_POINT('Ctrl Pts',(6.70490874436112,14.7098705345915,5.));
#3116=CARTESIAN_POINT('Ctrl Pts',(6.66038115194095,14.6770673885979,5.));
#3117=CARTESIAN_POINT('Ctrl Pts',(6.6161779065528,14.6440172265288,5.));
#3118=CARTESIAN_POINT('Ctrl Pts',(6.57230304244785,14.6107197733969,5.));
#3119=CARTESIAN_POINT('Ctrl Pts',(6.52876010820249,14.5771750206388,5.));
#3120=CARTESIAN_POINT('Ctrl Pts',(6.48555224007311,14.5433831871967,5.));
#3121=CARTESIAN_POINT('Ctrl Pts',(6.44268269599981,14.509344448499,5.));
#3122=CARTESIAN_POINT('Ctrl Pts',(6.40015531137992,14.4750587050833,5.));
#3123=CARTESIAN_POINT('Ctrl Pts',(6.35797490795641,14.4405253759541,5.));
#3124=CARTESIAN_POINT('Ctrl Pts',(6.31614790608495,14.4057430880917,5.));
#3125=CARTESIAN_POINT('Ctrl Pts',(6.27468220333836,14.3707097419381,5.));
#3126=CARTESIAN_POINT('Ctrl Pts',(6.23358598538912,14.335423123584,5.));
#3127=CARTESIAN_POINT('Ctrl Pts',(6.19286670185148,14.2998814331683,5.));
#3128=CARTESIAN_POINT('Ctrl Pts',(6.15253015926011,14.2640837531135,5.));
#3129=CARTESIAN_POINT('Ctrl Pts',(6.11257910848578,14.2280307768776,5.));
#3130=CARTESIAN_POINT('Ctrl Pts',(6.0730136358703,14.1917246102502,5.));
#3131=CARTESIAN_POINT('Ctrl Pts',(6.03383405030034,14.1551672893169,5.));
#3132=CARTESIAN_POINT('Ctrl Pts',(5.99504337754933,14.118359500586,5.));
#3133=CARTESIAN_POINT('Ctrl Pts',(5.95664955376322,14.0812994565481,5.));
#3134=CARTESIAN_POINT('Ctrl Pts',(5.91866886329326,14.043981130643,5.));
#3135=CARTESIAN_POINT('Ctrl Pts',(5.88112477266093,14.006394863586,5.));
#3136=CARTESIAN_POINT('Ctrl Pts',(5.84404133557969,13.9685307662174,5.));
#3137=CARTESIAN_POINT('Ctrl Pts',(5.80743744232501,13.9303816873349,5.));
#3138=CARTESIAN_POINT('Ctrl Pts',(5.77132187980766,13.8919457653534,5.));
#3139=CARTESIAN_POINT('Ctrl Pts',(5.73568519194851,13.8532306255478,5.));
#3140=CARTESIAN_POINT('Ctrl Pts',(5.70050405653275,13.814251141054,5.));
#3141=CARTESIAN_POINT('Ctrl Pts',(5.66575705483834,13.7750213360728,5.));
#3142=CARTESIAN_POINT('Ctrl Pts',(5.63143858229395,13.7355472441521,5.));
#3143=CARTESIAN_POINT('Ctrl Pts',(5.59757076246697,13.695820796235,5.));
#3144=CARTESIAN_POINT('Ctrl Pts',(5.56422310743184,13.6558097186746,5.));
#3145=CARTESIAN_POINT('Ctrl Pts',(5.53149827564783,13.6154648966494,5.));
#3146=CARTESIAN_POINT('Ctrl Pts',(5.49949649093528,13.5747387420693,5.));
#3147=CARTESIAN_POINT('Ctrl Pts',(5.46828353559778,13.5336016990853,5.));
#3148=CARTESIAN_POINT('Ctrl Pts',(5.43786339923144,13.4920564005173,5.));
#3149=CARTESIAN_POINT('Ctrl Pts',(5.40813322482775,13.4501608220269,5.));
#3150=CARTESIAN_POINT('Ctrl Pts',(5.37893396103472,13.408002748122,5.));
#3151=CARTESIAN_POINT('Ctrl Pts',(5.35013802435942,13.3656553865605,5.));
#3152=CARTESIAN_POINT('Ctrl Pts',(5.32172871262061,13.3231372256531,5.));
#3153=CARTESIAN_POINT('Ctrl Pts',(5.293874806267,13.2803742394523,5.));
#3154=CARTESIAN_POINT('Ctrl Pts',(5.26702940280938,13.2371500277008,5.));
#3155=CARTESIAN_POINT('Ctrl Pts',(5.24181241759123,13.1931638561454,5.));
#3156=CARTESIAN_POINT('Ctrl Pts',(5.22344540527423,13.1571194666405,5.));
#3157=CARTESIAN_POINT('Ctrl Pts',(5.21090986602477,13.129495529139,5.));
#3158=CARTESIAN_POINT('Ctrl Pts',(5.20313240506179,13.1108030336495,5.));
#3159=CARTESIAN_POINT('Ctrl Pts',(5.19938856814701,13.101387650486,5.));
#3160=CARTESIAN_POINT('',(4.7613243230426,11.9996989787366,5.));
#3161=CARTESIAN_POINT('',(4.4027733723203,11.0979784547035,5.));
#3162=CARTESIAN_POINT('',(3.53615752542493,11.4139813647728,5.));
#3163=CARTESIAN_POINT('Origin',(3.8320901004446,12.3691901958889,5.));
#3164=CARTESIAN_POINT('',(2.64458843358489,11.6528765829279,5.));
#3165=CARTESIAN_POINT('Origin',(0.,0.,5.));
#3166=CARTESIAN_POINT('',(1.87642166995668,12.7727063148734,5.));
#3167=CARTESIAN_POINT('Origin',(2.86590772136858,12.6280779841035,5.));
#3168=CARTESIAN_POINT('',(2.0478912410813,13.9458288142221,5.));
#3169=CARTESIAN_POINT('',(1.73607563981668,11.8125179585857,5.));
#3170=CARTESIAN_POINT('',(0.775868504622461,17.4827923417152,5.));
#3171=CARTESIAN_POINT('Ctrl Pts',(2.0478912410813,13.9458288142221,5.));
#3172=CARTESIAN_POINT('Ctrl Pts',(2.04935667478723,13.9558546936855,5.));
#3173=CARTESIAN_POINT('Ctrl Pts',(2.05196744376108,13.975931600121,5.));
#3174=CARTESIAN_POINT('Ctrl Pts',(2.05492331707166,14.0061224013745,5.));
#3175=CARTESIAN_POINT('Ctrl Pts',(2.057039212566,14.0465212645082,5.));
#3176=CARTESIAN_POINT('Ctrl Pts',(2.05719374853789,14.0972228990995,5.));
#3177=CARTESIAN_POINT('Ctrl Pts',(2.05555705304451,14.1480788662636,5.));
#3178=CARTESIAN_POINT('Ctrl Pts',(2.05281635564806,14.199039651832,5.));
#3179=CARTESIAN_POINT('Ctrl Pts',(2.04947225043193,14.2500661151694,5.));
#3180=CARTESIAN_POINT('Ctrl Pts',(2.0457079185261,14.3011379744026,5.));
#3181=CARTESIAN_POINT('Ctrl Pts',(2.04149965126194,14.3522475692753,5.));
#3182=CARTESIAN_POINT('Ctrl Pts',(2.03670035421462,14.4033952917561,5.));
#3183=CARTESIAN_POINT('Ctrl Pts',(2.03112839261881,14.454584643907,5.));
#3184=CARTESIAN_POINT('Ctrl Pts',(2.0246657018613,14.5058168458364,5.));
#3185=CARTESIAN_POINT('Ctrl Pts',(2.01731442062386,14.5570876226576,5.));
#3186=CARTESIAN_POINT('Ctrl Pts',(2.00914629597694,14.6083896793345,5.));
#3187=CARTESIAN_POINT('Ctrl Pts',(2.0002719183401,14.6597141164522,5.));
#3188=CARTESIAN_POINT('Ctrl Pts',(1.99080474995765,14.711052139464,5.));
#3189=CARTESIAN_POINT('Ctrl Pts',(1.98082112687549,14.7623969421309,5.));
#3190=CARTESIAN_POINT('Ctrl Pts',(1.97034424319341,14.8137444506773,5.));
#3191=CARTESIAN_POINT('Ctrl Pts',(1.95936622843625,14.8650922421832,5.));
#3192=CARTESIAN_POINT('Ctrl Pts',(1.94786152134633,14.9164388806956,5.));
#3193=CARTESIAN_POINT('Ctrl Pts',(1.93580248772505,14.967783146808,5.));
#3194=CARTESIAN_POINT('Ctrl Pts',(1.92317712573035,15.0191231648786,5.));
#3195=CARTESIAN_POINT('Ctrl Pts',(1.90999397584267,15.0704561536318,5.));
#3196=CARTESIAN_POINT('Ctrl Pts',(1.89627297312156,15.1217788610528,5.));
#3197=CARTESIAN_POINT('Ctrl Pts',(1.88203989327388,15.1730878245483,5.));
#3198=CARTESIAN_POINT('Ctrl Pts',(1.86731988854564,15.2243796760436,5.));
#3199=CARTESIAN_POINT('Ctrl Pts',(1.8521300748788,15.2756514925171,5.));
#3200=CARTESIAN_POINT('Ctrl Pts',(1.83647821893213,15.3269008539246,5.));
#3201=CARTESIAN_POINT('Ctrl Pts',(1.82036659784808,15.3781256528457,5.));
#3202=CARTESIAN_POINT('Ctrl Pts',(1.80379446108758,15.4293239715352,5.));
#3203=CARTESIAN_POINT('Ctrl Pts',(1.78676083053,15.4804939431549,5.));
#3204=CARTESIAN_POINT('Ctrl Pts',(1.76926774177037,15.5316335917172,5.));
#3205=CARTESIAN_POINT('Ctrl Pts',(1.75132068220392,15.5827408086001,5.));
#3206=CARTESIAN_POINT('Ctrl Pts',(1.73292700331638,15.6338134277219,5.));
#3207=CARTESIAN_POINT('Ctrl Pts',(1.71409490106277,15.6848492735483,5.));
#3208=CARTESIAN_POINT('Ctrl Pts',(1.69483226472071,15.7358462155631,5.));
#3209=CARTESIAN_POINT('Ctrl Pts',(1.67514534099124,15.7868022326587,5.));
#3210=CARTESIAN_POINT('Ctrl Pts',(1.65503859612398,15.8377154171204,5.));
#3211=CARTESIAN_POINT('Ctrl Pts',(1.63451540140161,15.8885839373864,5.));
#3212=CARTESIAN_POINT('Ctrl Pts',(1.61357849056887,15.9394060125613,5.));
#3213=CARTESIAN_POINT('Ctrl Pts',(1.59223047023234,15.9901798849073,5.));
#3214=CARTESIAN_POINT('Ctrl Pts',(1.57047441783103,16.0409037875524,5.));
#3215=CARTESIAN_POINT('Ctrl Pts',(1.54831396462259,16.091575941517,5.));
#3216=CARTESIAN_POINT('Ctrl Pts',(1.52575300566689,16.142194573699,5.));
#3217=CARTESIAN_POINT('Ctrl Pts',(1.50279551628519,16.1927579298344,5.));
#3218=CARTESIAN_POINT('Ctrl Pts',(1.47944534546785,16.2432642880075,5.));
#3219=CARTESIAN_POINT('Ctrl Pts',(1.45570597815609,16.293711977146,5.));
#3220=CARTESIAN_POINT('Ctrl Pts',(1.43158049816676,16.3440993738581,5.));
#3221=CARTESIAN_POINT('Ctrl Pts',(1.40707172286495,16.394424881835,5.));
#3222=CARTESIAN_POINT('Ctrl Pts',(1.38218229475614,16.4446869155736,5.));
#3223=CARTESIAN_POINT('Ctrl Pts',(1.35691478400647,16.494883885266,5.));
#3224=CARTESIAN_POINT('Ctrl Pts',(1.33127181179954,16.5450141756268,5.));
#3225=CARTESIAN_POINT('Ctrl Pts',(1.30525607909584,16.5950761509799,5.));
#3226=CARTESIAN_POINT('Ctrl Pts',(1.27887029133288,16.6450681871753,5.));
#3227=CARTESIAN_POINT('Ctrl Pts',(1.25211711127305,16.6949886989286,5.));
#3228=CARTESIAN_POINT('Ctrl Pts',(1.22499910817967,16.7448361649002,5.));
#3229=CARTESIAN_POINT('Ctrl Pts',(1.19751869875797,16.7946091656503,5.));
#3230=CARTESIAN_POINT('Ctrl Pts',(1.16967813794478,16.8443063770237,5.));
#3231=CARTESIAN_POINT('Ctrl Pts',(1.14147958682507,16.8939264969443,5.));
#3232=CARTESIAN_POINT('Ctrl Pts',(1.11292516703255,16.9434681851668,5.));
#3233=CARTESIAN_POINT('Ctrl Pts',(1.0840170172419,16.992930005636,5.));
#3234=CARTESIAN_POINT('Ctrl Pts',(1.05475736552138,17.0423103507837,5.));
#3235=CARTESIAN_POINT('Ctrl Pts',(1.02514855212895,17.091607430024,5.));
#3236=CARTESIAN_POINT('Ctrl Pts',(0.995192920095965,17.1408194222995,5.));
#3237=CARTESIAN_POINT('Ctrl Pts',(0.964892732620675,17.1899445999944,5.));
#3238=CARTESIAN_POINT('Ctrl Pts',(0.934250083854098,17.2389814599646,5.));
#3239=CARTESIAN_POINT('Ctrl Pts',(0.903266811133134,17.2879288640668,5.));
#3240=CARTESIAN_POINT('Ctrl Pts',(0.871944419907772,17.3367861421872,5.));
#3241=CARTESIAN_POINT('Ctrl Pts',(0.840284085901619,17.3855529617594,5.));
#3242=CARTESIAN_POINT('Ctrl Pts',(0.814686136758528,17.424493973308,5.));
#3243=CARTESIAN_POINT('Ctrl Pts',(0.795336205787363,17.4536589945522,5.));
#3244=CARTESIAN_POINT('Ctrl Pts',(0.782368954552817,17.4730842425744,5.));
#3245=CARTESIAN_POINT('Ctrl Pts',(0.775868504622462,17.4827923417152,5.));
#3246=CARTESIAN_POINT('',(-0.775868504622459,17.4827923417152,5.));
#3247=CARTESIAN_POINT('Origin',(1.57772181044202E-29,1.79856129989275E-13,
5.));
#3248=CARTESIAN_POINT('',(-2.0478912410813,13.9458288142221,5.));
#3249=CARTESIAN_POINT('Ctrl Pts',(-0.775868504622459,17.4827923417152,5.));
#3250=CARTESIAN_POINT('Ctrl Pts',(-0.782368954552815,17.4730842425744,5.));
#3251=CARTESIAN_POINT('Ctrl Pts',(-0.79533620578736,17.4536589945522,5.));
#3252=CARTESIAN_POINT('Ctrl Pts',(-0.814686136758527,17.424493973308,5.));
#3253=CARTESIAN_POINT('Ctrl Pts',(-0.840284085901618,17.3855529617594,5.));
#3254=CARTESIAN_POINT('Ctrl Pts',(-0.87194441990777,17.3367861421872,5.));
#3255=CARTESIAN_POINT('Ctrl Pts',(-0.903266811133132,17.2879288640668,5.));
#3256=CARTESIAN_POINT('Ctrl Pts',(-0.934250083854095,17.2389814599646,5.));
#3257=CARTESIAN_POINT('Ctrl Pts',(-0.964892732620671,17.1899445999944,5.));
#3258=CARTESIAN_POINT('Ctrl Pts',(-0.995192920095964,17.1408194222995,5.));
#3259=CARTESIAN_POINT('Ctrl Pts',(-1.02514855212895,17.091607430024,5.));
#3260=CARTESIAN_POINT('Ctrl Pts',(-1.05475736552138,17.0423103507837,5.));
#3261=CARTESIAN_POINT('Ctrl Pts',(-1.0840170172419,16.992930005636,5.));
#3262=CARTESIAN_POINT('Ctrl Pts',(-1.11292516703255,16.9434681851668,5.));
#3263=CARTESIAN_POINT('Ctrl Pts',(-1.14147958682507,16.8939264969443,5.));
#3264=CARTESIAN_POINT('Ctrl Pts',(-1.16967813794478,16.8443063770237,5.));
#3265=CARTESIAN_POINT('Ctrl Pts',(-1.19751869875797,16.7946091656503,5.));
#3266=CARTESIAN_POINT('Ctrl Pts',(-1.22499910817967,16.7448361649002,5.));
#3267=CARTESIAN_POINT('Ctrl Pts',(-1.25211711127305,16.6949886989286,5.));
#3268=CARTESIAN_POINT('Ctrl Pts',(-1.27887029133288,16.6450681871753,5.));
#3269=CARTESIAN_POINT('Ctrl Pts',(-1.30525607909584,16.5950761509799,5.));
#3270=CARTESIAN_POINT('Ctrl Pts',(-1.33127181179954,16.5450141756268,5.));
#3271=CARTESIAN_POINT('Ctrl Pts',(-1.35691478400646,16.494883885266,5.));
#3272=CARTESIAN_POINT('Ctrl Pts',(-1.38218229475614,16.4446869155736,5.));
#3273=CARTESIAN_POINT('Ctrl Pts',(-1.40707172286495,16.394424881835,5.));
#3274=CARTESIAN_POINT('Ctrl Pts',(-1.43158049816676,16.3440993738581,5.));
#3275=CARTESIAN_POINT('Ctrl Pts',(-1.45570597815608,16.293711977146,5.));
#3276=CARTESIAN_POINT('Ctrl Pts',(-1.47944534546785,16.2432642880075,5.));
#3277=CARTESIAN_POINT('Ctrl Pts',(-1.50279551628519,16.1927579298344,5.));
#3278=CARTESIAN_POINT('Ctrl Pts',(-1.52575300566689,16.142194573699,5.));
#3279=CARTESIAN_POINT('Ctrl Pts',(-1.54831396462259,16.091575941517,5.));
#3280=CARTESIAN_POINT('Ctrl Pts',(-1.57047441783103,16.0409037875524,5.));
#3281=CARTESIAN_POINT('Ctrl Pts',(-1.59223047023234,15.9901798849073,5.));
#3282=CARTESIAN_POINT('Ctrl Pts',(-1.61357849056887,15.9394060125613,5.));
#3283=CARTESIAN_POINT('Ctrl Pts',(-1.63451540140161,15.8885839373864,5.));
#3284=CARTESIAN_POINT('Ctrl Pts',(-1.65503859612397,15.8377154171204,5.));
#3285=CARTESIAN_POINT('Ctrl Pts',(-1.67514534099124,15.7868022326587,5.));
#3286=CARTESIAN_POINT('Ctrl Pts',(-1.69483226472071,15.7358462155631,5.));
#3287=CARTESIAN_POINT('Ctrl Pts',(-1.71409490106277,15.6848492735483,5.));
#3288=CARTESIAN_POINT('Ctrl Pts',(-1.73292700331638,15.6338134277219,5.));
#3289=CARTESIAN_POINT('Ctrl Pts',(-1.75132068220392,15.5827408086001,5.));
#3290=CARTESIAN_POINT('Ctrl Pts',(-1.76926774177037,15.5316335917172,5.));
#3291=CARTESIAN_POINT('Ctrl Pts',(-1.78676083053,15.4804939431549,5.));
#3292=CARTESIAN_POINT('Ctrl Pts',(-1.80379446108758,15.4293239715352,5.));
#3293=CARTESIAN_POINT('Ctrl Pts',(-1.82036659784808,15.3781256528457,5.));
#3294=CARTESIAN_POINT('Ctrl Pts',(-1.83647821893213,15.3269008539246,5.));
#3295=CARTESIAN_POINT('Ctrl Pts',(-1.8521300748788,15.2756514925171,5.));
#3296=CARTESIAN_POINT('Ctrl Pts',(-1.86731988854564,15.2243796760436,5.));
#3297=CARTESIAN_POINT('Ctrl Pts',(-1.88203989327388,15.1730878245483,5.));
#3298=CARTESIAN_POINT('Ctrl Pts',(-1.89627297312156,15.1217788610528,5.));
#3299=CARTESIAN_POINT('Ctrl Pts',(-1.90999397584266,15.0704561536318,5.));
#3300=CARTESIAN_POINT('Ctrl Pts',(-1.92317712573035,15.0191231648786,5.));
#3301=CARTESIAN_POINT('Ctrl Pts',(-1.93580248772505,14.967783146808,5.));
#3302=CARTESIAN_POINT('Ctrl Pts',(-1.94786152134632,14.9164388806956,5.));
#3303=CARTESIAN_POINT('Ctrl Pts',(-1.95936622843625,14.8650922421832,5.));
#3304=CARTESIAN_POINT('Ctrl Pts',(-1.97034424319341,14.8137444506773,5.));
#3305=CARTESIAN_POINT('Ctrl Pts',(-1.98082112687549,14.7623969421309,5.));
#3306=CARTESIAN_POINT('Ctrl Pts',(-1.99080474995765,14.711052139464,5.));
#3307=CARTESIAN_POINT('Ctrl Pts',(-2.00027191834009,14.6597141164522,5.));
#3308=CARTESIAN_POINT('Ctrl Pts',(-2.00914629597693,14.6083896793345,5.));
#3309=CARTESIAN_POINT('Ctrl Pts',(-2.01731442062386,14.5570876226576,5.));
#3310=CARTESIAN_POINT('Ctrl Pts',(-2.0246657018613,14.5058168458364,5.));
#3311=CARTESIAN_POINT('Ctrl Pts',(-2.03112839261881,14.454584643907,5.));
#3312=CARTESIAN_POINT('Ctrl Pts',(-2.03670035421462,14.4033952917561,5.));
#3313=CARTESIAN_POINT('Ctrl Pts',(-2.04149965126194,14.3522475692753,5.));
#3314=CARTESIAN_POINT('Ctrl Pts',(-2.0457079185261,14.3011379744026,5.));
#3315=CARTESIAN_POINT('Ctrl Pts',(-2.04947225043192,14.2500661151694,5.));
#3316=CARTESIAN_POINT('Ctrl Pts',(-2.05281635564806,14.199039651832,5.));
#3317=CARTESIAN_POINT('Ctrl Pts',(-2.0555570530445,14.1480788662636,5.));
#3318=CARTESIAN_POINT('Ctrl Pts',(-2.05719374853789,14.0972228990995,5.));
#3319=CARTESIAN_POINT('Ctrl Pts',(-2.057039212566,14.0465212645082,5.));
#3320=CARTESIAN_POINT('Ctrl Pts',(-2.05492331707166,14.0061224013745,5.));
#3321=CARTESIAN_POINT('Ctrl Pts',(-2.05196744376108,13.975931600121,5.));
#3322=CARTESIAN_POINT('Ctrl Pts',(-2.04935667478723,13.9558546936855,5.));
#3323=CARTESIAN_POINT('Ctrl Pts',(-2.0478912410813,13.9458288142221,5.));
#3324=CARTESIAN_POINT('',(-1.87642166995668,12.7727063148734,5.));
#3325=CARTESIAN_POINT('',(-1.73607563981668,11.8125179585857,5.));
#3326=CARTESIAN_POINT('',(-2.64458843358489,11.6528765829279,5.));
#3327=CARTESIAN_POINT('Origin',(-2.86590772136858,12.6280779841035,5.));
#3328=CARTESIAN_POINT('',(-3.53615752542493,11.4139813647728,5.));
#3329=CARTESIAN_POINT('Origin',(0.,0.,5.));
#3330=CARTESIAN_POINT('',(-4.76132432304259,11.9996989787366,5.));
#3331=CARTESIAN_POINT('Origin',(-3.83209010044459,12.3691901958889,5.));
#3332=CARTESIAN_POINT('',(-5.199388568147,13.101387650486,5.));
#3333=CARTESIAN_POINT('',(-4.4027733723203,11.0979784547035,5.));
#3334=CARTESIAN_POINT('',(-8.06947433585829,15.5284765493246,5.));
#3335=CARTESIAN_POINT('Ctrl Pts',(-5.199388568147,13.101387650486,5.));
#3336=CARTESIAN_POINT('Ctrl Pts',(-5.20313240506178,13.1108030336495,5.));
#3337=CARTESIAN_POINT('Ctrl Pts',(-5.21090986602477,13.129495529139,5.));
#3338=CARTESIAN_POINT('Ctrl Pts',(-5.22344540527422,13.1571194666405,5.));
#3339=CARTESIAN_POINT('Ctrl Pts',(-5.24181241759123,13.1931638561455,5.));
#3340=CARTESIAN_POINT('Ctrl Pts',(-5.26702940280938,13.2371500277008,5.));
#3341=CARTESIAN_POINT('Ctrl Pts',(-5.29387480626699,13.2803742394523,5.));
#3342=CARTESIAN_POINT('Ctrl Pts',(-5.32172871262061,13.3231372256531,5.));
#3343=CARTESIAN_POINT('Ctrl Pts',(-5.35013802435941,13.3656553865605,5.));
#3344=CARTESIAN_POINT('Ctrl Pts',(-5.37893396103471,13.408002748122,5.));
#3345=CARTESIAN_POINT('Ctrl Pts',(-5.40813322482774,13.4501608220269,5.));
#3346=CARTESIAN_POINT('Ctrl Pts',(-5.43786339923143,13.4920564005173,5.));
#3347=CARTESIAN_POINT('Ctrl Pts',(-5.46828353559777,13.5336016990853,5.));
#3348=CARTESIAN_POINT('Ctrl Pts',(-5.49949649093528,13.5747387420693,5.));
#3349=CARTESIAN_POINT('Ctrl Pts',(-5.53149827564782,13.6154648966494,5.));
#3350=CARTESIAN_POINT('Ctrl Pts',(-5.56422310743184,13.6558097186746,5.));
#3351=CARTESIAN_POINT('Ctrl Pts',(-5.59757076246696,13.695820796235,5.));
#3352=CARTESIAN_POINT('Ctrl Pts',(-5.63143858229395,13.7355472441521,5.));
#3353=CARTESIAN_POINT('Ctrl Pts',(-5.66575705483833,13.7750213360728,5.));
#3354=CARTESIAN_POINT('Ctrl Pts',(-5.70050405653275,13.814251141054,5.));
#3355=CARTESIAN_POINT('Ctrl Pts',(-5.73568519194851,13.8532306255478,5.));
#3356=CARTESIAN_POINT('Ctrl Pts',(-5.77132187980766,13.8919457653534,5.));
#3357=CARTESIAN_POINT('Ctrl Pts',(-5.807437442325,13.9303816873349,5.));
#3358=CARTESIAN_POINT('Ctrl Pts',(-5.84404133557968,13.9685307662174,5.));
#3359=CARTESIAN_POINT('Ctrl Pts',(-5.88112477266093,14.006394863586,5.));
#3360=CARTESIAN_POINT('Ctrl Pts',(-5.91866886329326,14.043981130643,5.));
#3361=CARTESIAN_POINT('Ctrl Pts',(-5.95664955376322,14.0812994565481,5.));
#3362=CARTESIAN_POINT('Ctrl Pts',(-5.99504337754933,14.1183595005861,5.));
#3363=CARTESIAN_POINT('Ctrl Pts',(-6.03383405030034,14.1551672893169,5.));
#3364=CARTESIAN_POINT('Ctrl Pts',(-6.07301363587029,14.1917246102502,5.));
#3365=CARTESIAN_POINT('Ctrl Pts',(-6.11257910848578,14.2280307768776,5.));
#3366=CARTESIAN_POINT('Ctrl Pts',(-6.1525301592601,14.2640837531135,5.));
#3367=CARTESIAN_POINT('Ctrl Pts',(-6.19286670185148,14.2998814331683,5.));
#3368=CARTESIAN_POINT('Ctrl Pts',(-6.23358598538912,14.335423123584,5.));
#3369=CARTESIAN_POINT('Ctrl Pts',(-6.27468220333836,14.3707097419381,5.));
#3370=CARTESIAN_POINT('Ctrl Pts',(-6.31614790608494,14.4057430880917,5.));
#3371=CARTESIAN_POINT('Ctrl Pts',(-6.3579749079564,14.4405253759541,5.));
#3372=CARTESIAN_POINT('Ctrl Pts',(-6.40015531137992,14.4750587050833,5.));
#3373=CARTESIAN_POINT('Ctrl Pts',(-6.44268269599981,14.509344448499,5.));
#3374=CARTESIAN_POINT('Ctrl Pts',(-6.4855522400731,14.5433831871967,5.));
#3375=CARTESIAN_POINT('Ctrl Pts',(-6.52876010820248,14.5771750206388,5.));
#3376=CARTESIAN_POINT('Ctrl Pts',(-6.57230304244784,14.6107197733969,5.));
#3377=CARTESIAN_POINT('Ctrl Pts',(-6.61617790655279,14.6440172265288,5.));
#3378=CARTESIAN_POINT('Ctrl Pts',(-6.66038115194094,14.6770673885979,5.));
#3379=CARTESIAN_POINT('Ctrl Pts',(-6.70490874436111,14.7098705345915,5.));
#3380=CARTESIAN_POINT('Ctrl Pts',(-6.74975642404153,14.7424270764881,5.));
#3381=CARTESIAN_POINT('Ctrl Pts',(-6.79491987112085,14.7747374827111,5.));
#3382=CARTESIAN_POINT('Ctrl Pts',(-6.84039489131793,14.806802186533,5.));
#3383=CARTESIAN_POINT('Ctrl Pts',(-6.88617763104894,14.8386214832332,5.));
#3384=CARTESIAN_POINT('Ctrl Pts',(-6.93226460795425,14.8701955088218,5.));
#3385=CARTESIAN_POINT('Ctrl Pts',(-6.97865258396971,14.9015242895373,5.));
#3386=CARTESIAN_POINT('Ctrl Pts',(-7.02533847786691,14.9326077735464,5.));
#3387=CARTESIAN_POINT('Ctrl Pts',(-7.07231926891271,14.9634458691181,5.));
#3388=CARTESIAN_POINT('Ctrl Pts',(-7.11959187945288,14.9940384879663,5.));
#3389=CARTESIAN_POINT('Ctrl Pts',(-7.16715315254888,15.0243855640338,5.));
#3390=CARTESIAN_POINT('Ctrl Pts',(-7.21499993314816,15.0544870434844,5.));
#3391=CARTESIAN_POINT('Ctrl Pts',(-7.26312912258864,15.0843428848028,5.));
#3392=CARTESIAN_POINT('Ctrl Pts',(-7.3115377351532,15.1139530551018,5.));
#3393=CARTESIAN_POINT('Ctrl Pts',(-7.36022296819385,15.1433175334631,5.));
#3394=CARTESIAN_POINT('Ctrl Pts',(-7.40918220680038,15.1724363006031,5.));
#3395=CARTESIAN_POINT('Ctrl Pts',(-7.45841292838025,15.2013093094333,5.));
#3396=CARTESIAN_POINT('Ctrl Pts',(-7.50791262542214,15.2299364600841,5.));
#3397=CARTESIAN_POINT('Ctrl Pts',(-7.55767872775187,15.2583175782326,5.));
#3398=CARTESIAN_POINT('Ctrl Pts',(-7.60770850202161,15.2864523857179,5.));
#3399=CARTESIAN_POINT('Ctrl Pts',(-7.65799902621549,15.3143405019761,5.));
#3400=CARTESIAN_POINT('Ctrl Pts',(-7.7085473606802,15.341981521441,5.));
#3401=CARTESIAN_POINT('Ctrl Pts',(-7.7593506816207,15.3693750795526,5.));
#3402=CARTESIAN_POINT('Ctrl Pts',(-7.81040642387693,15.3965209216254,5.));
#3403=CARTESIAN_POINT('Ctrl Pts',(-7.86171242719676,15.4234189806667,5.));
#3404=CARTESIAN_POINT('Ctrl Pts',(-7.91326705276539,15.450069429066,5.));
#3405=CARTESIAN_POINT('Ctrl Pts',(-7.96506911609312,15.4764725666743,5.));
#3406=CARTESIAN_POINT('Ctrl Pts',(-8.00670809611013,15.4973974973529,5.));
#3407=CARTESIAN_POINT('Ctrl Pts',(-8.0380481385147,15.5129801811666,5.));
#3408=CARTESIAN_POINT('Ctrl Pts',(-8.05899073151217,15.5233193138114,5.));
#3409=CARTESIAN_POINT('Ctrl Pts',(-8.06947433585829,15.5284765493246,5.));
#3410=CARTESIAN_POINT('',(-9.41331800585688,14.7526080447022,5.));
#3411=CARTESIAN_POINT('Origin',(-8.99280649946376E-14,1.55759977597069E-13,
5.));
#3412=CARTESIAN_POINT('',(-8.7464402460751,11.0534964094047,5.));
#3413=CARTESIAN_POINT('Ctrl Pts',(-9.41331800585688,14.7526080447022,5.));
#3414=CARTESIAN_POINT('Ctrl Pts',(-9.41409351106219,14.7409503592586,5.));
#3415=CARTESIAN_POINT('Ctrl Pts',(-9.41561085603747,14.7176439753793,5.));
#3416=CARTESIAN_POINT('Ctrl Pts',(-9.41778587719791,14.6827113605944,5.));
#3417=CARTESIAN_POINT('Ctrl Pts',(-9.4204838456663,14.6361884807726,5.));
#3418=CARTESIAN_POINT('Ctrl Pts',(-9.42351908942182,14.5781250091583,5.));
#3419=CARTESIAN_POINT('Ctrl Pts',(-9.42621643687007,14.5201521695336,5.));
#3420=CARTESIAN_POINT('Ctrl Pts',(-9.42857503608771,14.4622708377713,5.));
#3421=CARTESIAN_POINT('Ctrl Pts',(-9.43059391837368,14.4044823469319,5.));
#3422=CARTESIAN_POINT('Ctrl Pts',(-9.43227206161924,14.3467886013451,5.));
#3423=CARTESIAN_POINT('Ctrl Pts',(-9.4336084038085,14.2891919498472,5.));
#3424=CARTESIAN_POINT('Ctrl Pts',(-9.43460184876213,14.2316950201965,5.));
#3425=CARTESIAN_POINT('Ctrl Pts',(-9.4352512778841,14.1743005609907,5.));
#3426=CARTESIAN_POINT('Ctrl Pts',(-9.4355555597446,14.1170112930516,5.));
#3427=CARTESIAN_POINT('Ctrl Pts',(-9.435513568564,14.0598297226082,5.));
#3428=CARTESIAN_POINT('Ctrl Pts',(-9.4351241702233,14.0027581626583,5.));
#3429=CARTESIAN_POINT('Ctrl Pts',(-9.43438619745642,13.9457988347051,5.));
#3430=CARTESIAN_POINT('Ctrl Pts',(-9.43329842974695,13.8889539469221,5.));
#3431=CARTESIAN_POINT('Ctrl Pts',(-9.43185957633994,13.8322257735297,5.));
#3432=CARTESIAN_POINT('Ctrl Pts',(-9.43006825402712,13.7756167521516,5.));
#3433=CARTESIAN_POINT('Ctrl Pts',(-9.42792299843101,13.719129484938,5.));
#3434=CARTESIAN_POINT('Ctrl Pts',(-9.42542229617395,13.6627666761667,5.));
#3435=CARTESIAN_POINT('Ctrl Pts',(-9.42256461635325,13.6065310851117,5.));
#3436=CARTESIAN_POINT('Ctrl Pts',(-9.41934843770668,13.5504254787902,5.));
#3437=CARTESIAN_POINT('Ctrl Pts',(-9.41577229786528,13.4944525666723,5.));
#3438=CARTESIAN_POINT('Ctrl Pts',(-9.41183476590383,13.4386150106551,5.));
#3439=CARTESIAN_POINT('Ctrl Pts',(-9.40753434609704,13.3829155050772,5.));
#3440=CARTESIAN_POINT('Ctrl Pts',(-9.40286939668954,13.3273568410651,5.));
#3441=CARTESIAN_POINT('Ctrl Pts',(-9.3978380587135,13.2719419664259,5.));
#3442=CARTESIAN_POINT('Ctrl Pts',(-9.3924381496575,13.2166740708212,5.));
#3443=CARTESIAN_POINT('Ctrl Pts',(-9.38666719715583,13.1615565699689,5.));
#3444=CARTESIAN_POINT('Ctrl Pts',(-9.38052263561145,13.1065929707669,5.));
#3445=CARTESIAN_POINT('Ctrl Pts',(-9.37400197835449,13.0517867562965,5.));
#3446=CARTESIAN_POINT('Ctrl Pts',(-9.36710297011342,12.997141282828,5.));
#3447=CARTESIAN_POINT('Ctrl Pts',(-9.35982382918391,12.9426596192372,5.));
#3448=CARTESIAN_POINT('Ctrl Pts',(-9.35216317704729,12.8883445910727,5.));
#3449=CARTESIAN_POINT('Ctrl Pts',(-9.34411953665893,12.8341991075077,5.));
#3450=CARTESIAN_POINT('Ctrl Pts',(-9.33569090418321,12.7802264403625,5.));
#3451=CARTESIAN_POINT('Ctrl Pts',(-9.32687436559187,12.7264304748913,5.));
#3452=CARTESIAN_POINT('Ctrl Pts',(-9.31766552163699,12.6728160847753,5.));
#3453=CARTESIAN_POINT('Ctrl Pts',(-9.30805860526173,12.6193890597342,5.));
#3454=CARTESIAN_POINT('Ctrl Pts',(-9.29804760632805,12.5661553818136,5.));
#3455=CARTESIAN_POINT('Ctrl Pts',(-9.2876272413034,12.5131206026383,5.));
#3456=CARTESIAN_POINT('Ctrl Pts',(-9.27679381227511,12.4602892920259,5.));
#3457=CARTESIAN_POINT('Ctrl Pts',(-9.26554654435995,12.4076641790295,5.));
#3458=CARTESIAN_POINT('Ctrl Pts',(-9.25388721805433,12.3552463913181,5.));
#3459=CARTESIAN_POINT('Ctrl Pts',(-9.24181744221677,12.3030372144381,5.));
#3460=CARTESIAN_POINT('Ctrl Pts',(-9.22933629849423,12.2510396120404,5.));
#3461=CARTESIAN_POINT('Ctrl Pts',(-9.21643827078509,12.1992595632743,5.));
#3462=CARTESIAN_POINT('Ctrl Pts',(-9.20310999775949,12.1477081575214,5.));
#3463=CARTESIAN_POINT('Ctrl Pts',(-9.1893313809709,12.0964008877434,5.));
#3464=CARTESIAN_POINT('Ctrl Pts',(-9.17508182929893,12.045353640487,5.));
#3465=CARTESIAN_POINT('Ctrl Pts',(-9.16034570448301,11.9945791996098,5.));
#3466=CARTESIAN_POINT('Ctrl Pts',(-9.1451170008879,11.9440842440071,5.));
#3467=CARTESIAN_POINT('Ctrl Pts',(-9.1294070502347,11.8938643971115,5.));
#3468=CARTESIAN_POINT('Ctrl Pts',(-9.11324039414459,11.8439068978606,5.));
#3469=CARTESIAN_POINT('Ctrl Pts',(-9.09663988729251,11.7942002091973,5.));
#3470=CARTESIAN_POINT('Ctrl Pts',(-9.07961355717006,11.7447424941944,5.));
#3471=CARTESIAN_POINT('Ctrl Pts',(-9.06214335398527,11.6955488778949,5.));
#3472=CARTESIAN_POINT('Ctrl Pts',(-9.0441665719027,11.6466634226977,5.));
#3473=CARTESIAN_POINT('Ctrl Pts',(-9.02558934700972,11.5981504760255,5.));
#3474=CARTESIAN_POINT('Ctrl Pts',(-9.00632035490115,11.550073040208,5.));
#3475=CARTESIAN_POINT('Ctrl Pts',(-8.98630110830925,11.5024733064665,5.));
#3476=CARTESIAN_POINT('Ctrl Pts',(-8.96553189252467,11.4553560463027,5.));
#3477=CARTESIAN_POINT('Ctrl Pts',(-8.94411434444757,11.4086611707649,5.));
#3478=CARTESIAN_POINT('Ctrl Pts',(-8.92220401336789,11.3622948295959,5.));
#3479=CARTESIAN_POINT('Ctrl Pts',(-8.89992809081003,11.3161831361286,5.));
#3480=CARTESIAN_POINT('Ctrl Pts',(-8.87731093921143,11.2703208700051,5.));
#3481=CARTESIAN_POINT('Ctrl Pts',(-8.85420405999663,11.2248171864078,5.));
#3482=CARTESIAN_POINT('Ctrl Pts',(-8.83019349629007,11.1799562791629,5.));
#3483=CARTESIAN_POINT('Ctrl Pts',(-8.80470884691701,11.1361246435795,5.));
#3484=CARTESIAN_POINT('Ctrl Pts',(-8.7826769961003,11.1021961495688,5.));
#3485=CARTESIAN_POINT('Ctrl Pts',(-8.76502173409619,11.0775280853779,5.));
#3486=CARTESIAN_POINT('Ctrl Pts',(-8.75272228862367,11.0614463588623,5.));
#3487=CARTESIAN_POINT('Ctrl Pts',(-8.7464402460751,11.0534964094047,5.));
#3488=CARTESIAN_POINT('',(-8.0113819918308,10.1232773087799,5.));
#3489=CARTESIAN_POINT('',(-7.40974458626543,9.36190281488681,5.));
#3490=CARTESIAN_POINT('',(-8.11671905750295,8.76939293118791,5.));
#3491=CARTESIAN_POINT('Origin',(-8.79598788365892,9.50328247452034,5.));
#3492=CARTESIAN_POINT('',(-8.7693929311879,8.11671905750296,5.));
#3493=CARTESIAN_POINT('Origin',(0.,0.,5.));
#3494=CARTESIAN_POINT('',(-10.1232773087799,8.01138199183081,5.));
#3495=CARTESIAN_POINT('Origin',(-9.50328247452034,8.79598788365893,5.));
#3496=CARTESIAN_POINT('',(-11.0534964094047,8.7464402460751,5.));
#3497=CARTESIAN_POINT('',(-9.3619028148868,7.40974458626544,5.));
#3498=CARTESIAN_POINT('',(-14.7526080447021,9.41331800585689,5.));
#3499=CARTESIAN_POINT('Ctrl Pts',(-11.0534964094047,8.7464402460751,5.));
#3500=CARTESIAN_POINT('Ctrl Pts',(-11.0614463588623,8.75272228862368,5.));
#3501=CARTESIAN_POINT('Ctrl Pts',(-11.0775280853779,8.7650217340962,5.));
#3502=CARTESIAN_POINT('Ctrl Pts',(-11.1021961495688,8.78267699610031,5.));
#3503=CARTESIAN_POINT('Ctrl Pts',(-11.1361246435795,8.80470884691702,5.));
#3504=CARTESIAN_POINT('Ctrl Pts',(-11.1799562791629,8.83019349629008,5.));
#3505=CARTESIAN_POINT('Ctrl Pts',(-11.2248171864078,8.85420405999663,5.));
#3506=CARTESIAN_POINT('Ctrl Pts',(-11.2703208700051,8.87731093921144,5.));
#3507=CARTESIAN_POINT('Ctrl Pts',(-11.3161831361286,8.89992809081004,5.));
#3508=CARTESIAN_POINT('Ctrl Pts',(-11.3622948295959,8.92220401336789,5.));
#3509=CARTESIAN_POINT('Ctrl Pts',(-11.4086611707649,8.94411434444758,5.));
#3510=CARTESIAN_POINT('Ctrl Pts',(-11.4553560463027,8.96553189252468,5.));
#3511=CARTESIAN_POINT('Ctrl Pts',(-11.5024733064665,8.98630110830926,5.));
#3512=CARTESIAN_POINT('Ctrl Pts',(-11.550073040208,9.00632035490116,5.));
#3513=CARTESIAN_POINT('Ctrl Pts',(-11.5981504760255,9.02558934700973,5.));
#3514=CARTESIAN_POINT('Ctrl Pts',(-11.6466634226977,9.04416657190271,5.));
#3515=CARTESIAN_POINT('Ctrl Pts',(-11.6955488778949,9.06214335398528,5.));
#3516=CARTESIAN_POINT('Ctrl Pts',(-11.7447424941944,9.07961355717007,5.));
#3517=CARTESIAN_POINT('Ctrl Pts',(-11.7942002091973,9.09663988729252,5.));
#3518=CARTESIAN_POINT('Ctrl Pts',(-11.8439068978606,9.1132403941446,5.));
#3519=CARTESIAN_POINT('Ctrl Pts',(-11.8938643971115,9.12940705023471,5.));
#3520=CARTESIAN_POINT('Ctrl Pts',(-11.9440842440071,9.14511700088791,5.));
#3521=CARTESIAN_POINT('Ctrl Pts',(-11.9945791996098,9.16034570448302,5.));
#3522=CARTESIAN_POINT('Ctrl Pts',(-12.045353640487,9.17508182929894,5.));
#3523=CARTESIAN_POINT('Ctrl Pts',(-12.0964008877434,9.18933138097091,5.));
#3524=CARTESIAN_POINT('Ctrl Pts',(-12.1477081575214,9.2031099977595,5.));
#3525=CARTESIAN_POINT('Ctrl Pts',(-12.1992595632743,9.2164382707851,5.));
#3526=CARTESIAN_POINT('Ctrl Pts',(-12.2510396120404,9.22933629849424,5.));
#3527=CARTESIAN_POINT('Ctrl Pts',(-12.3030372144381,9.24181744221678,5.));
#3528=CARTESIAN_POINT('Ctrl Pts',(-12.3552463913181,9.25388721805434,5.));
#3529=CARTESIAN_POINT('Ctrl Pts',(-12.4076641790295,9.26554654435996,5.));
#3530=CARTESIAN_POINT('Ctrl Pts',(-12.4602892920259,9.27679381227512,5.));
#3531=CARTESIAN_POINT('Ctrl Pts',(-12.5131206026383,9.28762724130341,5.));
#3532=CARTESIAN_POINT('Ctrl Pts',(-12.5661553818136,9.29804760632805,5.));
#3533=CARTESIAN_POINT('Ctrl Pts',(-12.6193890597342,9.30805860526174,5.));
#3534=CARTESIAN_POINT('Ctrl Pts',(-12.6728160847753,9.317665521637,5.));
#3535=CARTESIAN_POINT('Ctrl Pts',(-12.7264304748913,9.32687436559188,5.));
#3536=CARTESIAN_POINT('Ctrl Pts',(-12.7802264403625,9.33569090418322,5.));
#3537=CARTESIAN_POINT('Ctrl Pts',(-12.8341991075077,9.34411953665894,5.));
#3538=CARTESIAN_POINT('Ctrl Pts',(-12.8883445910727,9.3521631770473,5.));
#3539=CARTESIAN_POINT('Ctrl Pts',(-12.9426596192372,9.35982382918392,5.));
#3540=CARTESIAN_POINT('Ctrl Pts',(-12.997141282828,9.36710297011343,5.));
#3541=CARTESIAN_POINT('Ctrl Pts',(-13.0517867562965,9.3740019783545,5.));
#3542=CARTESIAN_POINT('Ctrl Pts',(-13.1065929707669,9.38052263561146,5.));
#3543=CARTESIAN_POINT('Ctrl Pts',(-13.1615565699689,9.38666719715584,5.));
#3544=CARTESIAN_POINT('Ctrl Pts',(-13.2166740708212,9.39243814965752,5.));
#3545=CARTESIAN_POINT('Ctrl Pts',(-13.2719419664259,9.39783805871351,5.));
#3546=CARTESIAN_POINT('Ctrl Pts',(-13.3273568410651,9.40286939668955,5.));
#3547=CARTESIAN_POINT('Ctrl Pts',(-13.3829155050772,9.40753434609704,5.));
#3548=CARTESIAN_POINT('Ctrl Pts',(-13.4386150106551,9.41183476590384,5.));
#3549=CARTESIAN_POINT('Ctrl Pts',(-13.4944525666723,9.41577229786529,5.));
#3550=CARTESIAN_POINT('Ctrl Pts',(-13.5504254787902,9.41934843770669,5.));
#3551=CARTESIAN_POINT('Ctrl Pts',(-13.6065310851117,9.42256461635326,5.));
#3552=CARTESIAN_POINT('Ctrl Pts',(-13.6627666761667,9.42542229617396,5.));
#3553=CARTESIAN_POINT('Ctrl Pts',(-13.7191294849379,9.42792299843102,5.));
#3554=CARTESIAN_POINT('Ctrl Pts',(-13.7756167521516,9.43006825402713,5.));
#3555=CARTESIAN_POINT('Ctrl Pts',(-13.8322257735297,9.43185957633995,5.));
#3556=CARTESIAN_POINT('Ctrl Pts',(-13.8889539469221,9.43329842974696,5.));
#3557=CARTESIAN_POINT('Ctrl Pts',(-13.9457988347051,9.43438619745644,5.));
#3558=CARTESIAN_POINT('Ctrl Pts',(-14.0027581626583,9.43512417022331,5.));
#3559=CARTESIAN_POINT('Ctrl Pts',(-14.0598297226082,9.43551356856401,5.));
#3560=CARTESIAN_POINT('Ctrl Pts',(-14.1170112930515,9.43555555974461,5.));
#3561=CARTESIAN_POINT('Ctrl Pts',(-14.1743005609906,9.43525127788411,5.));
#3562=CARTESIAN_POINT('Ctrl Pts',(-14.2316950201965,9.43460184876214,5.));
#3563=CARTESIAN_POINT('Ctrl Pts',(-14.2891919498472,9.43360840380851,5.));
#3564=CARTESIAN_POINT('Ctrl Pts',(-14.346788601345,9.43227206161925,5.));
#3565=CARTESIAN_POINT('Ctrl Pts',(-14.4044823469319,9.43059391837369,5.));
#3566=CARTESIAN_POINT('Ctrl Pts',(-14.4622708377713,9.42857503608771,5.));
#3567=CARTESIAN_POINT('Ctrl Pts',(-14.5201521695336,9.42621643687008,5.));
#3568=CARTESIAN_POINT('Ctrl Pts',(-14.5781250091583,9.42351908942183,5.));
#3569=CARTESIAN_POINT('Ctrl Pts',(-14.6361884807726,9.42048384566631,5.));
#3570=CARTESIAN_POINT('Ctrl Pts',(-14.6827113605944,9.41778587719792,5.));
#3571=CARTESIAN_POINT('Ctrl Pts',(-14.7176439753793,9.41561085603747,5.));
#3572=CARTESIAN_POINT('Ctrl Pts',(-14.7409503592586,9.4140935110622,5.));
#3573=CARTESIAN_POINT('Ctrl Pts',(-14.7526080447021,9.41331800585689,5.));
#3574=CARTESIAN_POINT('',(-15.5284765493246,8.0694743358583,5.));
#3575=CARTESIAN_POINT('Origin',(-1.55759977597069E-13,8.99280649946378E-14,
5.));
#3576=CARTESIAN_POINT('',(-13.101387650486,5.19938856814701,5.));
#3577=CARTESIAN_POINT('Ctrl Pts',(-15.5284765493246,8.0694743358583,5.));
#3578=CARTESIAN_POINT('Ctrl Pts',(-15.5233193138114,8.05899073151218,5.));
#3579=CARTESIAN_POINT('Ctrl Pts',(-15.5129801811666,8.03804813851471,5.));
#3580=CARTESIAN_POINT('Ctrl Pts',(-15.4973974973529,8.00670809611014,5.));
#3581=CARTESIAN_POINT('Ctrl Pts',(-15.4764725666743,7.96506911609313,5.));
#3582=CARTESIAN_POINT('Ctrl Pts',(-15.450069429066,7.9132670527654,5.));
#3583=CARTESIAN_POINT('Ctrl Pts',(-15.4234189806667,7.86171242719677,5.));
#3584=CARTESIAN_POINT('Ctrl Pts',(-15.3965209216254,7.81040642387694,5.));
#3585=CARTESIAN_POINT('Ctrl Pts',(-15.3693750795526,7.75935068162071,5.));
#3586=CARTESIAN_POINT('Ctrl Pts',(-15.341981521441,7.70854736068021,5.));
#3587=CARTESIAN_POINT('Ctrl Pts',(-15.3143405019761,7.6579990262155,5.));
#3588=CARTESIAN_POINT('Ctrl Pts',(-15.2864523857179,7.60770850202162,5.));
#3589=CARTESIAN_POINT('Ctrl Pts',(-15.2583175782325,7.55767872775188,5.));
#3590=CARTESIAN_POINT('Ctrl Pts',(-15.2299364600841,7.50791262542215,5.));
#3591=CARTESIAN_POINT('Ctrl Pts',(-15.2013093094333,7.45841292838026,5.));
#3592=CARTESIAN_POINT('Ctrl Pts',(-15.1724363006031,7.40918220680039,5.));
#3593=CARTESIAN_POINT('Ctrl Pts',(-15.1433175334631,7.36022296819386,5.));
#3594=CARTESIAN_POINT('Ctrl Pts',(-15.1139530551018,7.31153773515321,5.));
#3595=CARTESIAN_POINT('Ctrl Pts',(-15.0843428848028,7.26312912258865,5.));
#3596=CARTESIAN_POINT('Ctrl Pts',(-15.0544870434844,7.21499993314817,5.));
#3597=CARTESIAN_POINT('Ctrl Pts',(-15.0243855640338,7.16715315254889,5.));
#3598=CARTESIAN_POINT('Ctrl Pts',(-14.9940384879663,7.11959187945289,5.));
#3599=CARTESIAN_POINT('Ctrl Pts',(-14.9634458691181,7.07231926891271,5.));
#3600=CARTESIAN_POINT('Ctrl Pts',(-14.9326077735464,7.02533847786692,5.));
#3601=CARTESIAN_POINT('Ctrl Pts',(-14.9015242895373,6.97865258396972,5.));
#3602=CARTESIAN_POINT('Ctrl Pts',(-14.8701955088218,6.93226460795425,5.));
#3603=CARTESIAN_POINT('Ctrl Pts',(-14.8386214832332,6.88617763104896,5.));
#3604=CARTESIAN_POINT('Ctrl Pts',(-14.806802186533,6.84039489131794,5.));
#3605=CARTESIAN_POINT('Ctrl Pts',(-14.7747374827111,6.79491987112086,5.));
#3606=CARTESIAN_POINT('Ctrl Pts',(-14.7424270764881,6.74975642404154,5.));
#3607=CARTESIAN_POINT('Ctrl Pts',(-14.7098705345915,6.70490874436112,5.));
#3608=CARTESIAN_POINT('Ctrl Pts',(-14.6770673885979,6.66038115194095,5.));
#3609=CARTESIAN_POINT('Ctrl Pts',(-14.6440172265288,6.6161779065528,5.));
#3610=CARTESIAN_POINT('Ctrl Pts',(-14.6107197733969,6.57230304244785,5.));
#3611=CARTESIAN_POINT('Ctrl Pts',(-14.5771750206388,6.52876010820249,5.));
#3612=CARTESIAN_POINT('Ctrl Pts',(-14.5433831871967,6.48555224007311,5.));
#3613=CARTESIAN_POINT('Ctrl Pts',(-14.509344448499,6.44268269599982,5.));
#3614=CARTESIAN_POINT('Ctrl Pts',(-14.4750587050833,6.40015531137993,5.));
#3615=CARTESIAN_POINT('Ctrl Pts',(-14.4405253759541,6.35797490795641,5.));
#3616=CARTESIAN_POINT('Ctrl Pts',(-14.4057430880917,6.31614790608495,5.));
#3617=CARTESIAN_POINT('Ctrl Pts',(-14.3707097419381,6.27468220333837,5.));
#3618=CARTESIAN_POINT('Ctrl Pts',(-14.335423123584,6.23358598538912,5.));
#3619=CARTESIAN_POINT('Ctrl Pts',(-14.2998814331683,6.19286670185148,5.));
#3620=CARTESIAN_POINT('Ctrl Pts',(-14.2640837531135,6.15253015926011,5.));
#3621=CARTESIAN_POINT('Ctrl Pts',(-14.2280307768776,6.11257910848579,5.));
#3622=CARTESIAN_POINT('Ctrl Pts',(-14.1917246102502,6.0730136358703,5.));
#3623=CARTESIAN_POINT('Ctrl Pts',(-14.1551672893169,6.03383405030034,5.));
#3624=CARTESIAN_POINT('Ctrl Pts',(-14.118359500586,5.99504337754934,5.));
#3625=CARTESIAN_POINT('Ctrl Pts',(-14.0812994565481,5.95664955376323,5.));
#3626=CARTESIAN_POINT('Ctrl Pts',(-14.043981130643,5.91866886329327,5.));
#3627=CARTESIAN_POINT('Ctrl Pts',(-14.006394863586,5.88112477266094,5.));
#3628=CARTESIAN_POINT('Ctrl Pts',(-13.9685307662174,5.84404133557969,5.));
#3629=CARTESIAN_POINT('Ctrl Pts',(-13.9303816873349,5.80743744232501,5.));
#3630=CARTESIAN_POINT('Ctrl Pts',(-13.8919457653534,5.77132187980767,5.));
#3631=CARTESIAN_POINT('Ctrl Pts',(-13.8532306255478,5.73568519194852,5.));
#3632=CARTESIAN_POINT('Ctrl Pts',(-13.814251141054,5.70050405653276,5.));
#3633=CARTESIAN_POINT('Ctrl Pts',(-13.7750213360728,5.66575705483834,5.));
#3634=CARTESIAN_POINT('Ctrl Pts',(-13.7355472441521,5.63143858229396,5.));
#3635=CARTESIAN_POINT('Ctrl Pts',(-13.695820796235,5.59757076246697,5.));
#3636=CARTESIAN_POINT('Ctrl Pts',(-13.6558097186746,5.56422310743184,5.));
#3637=CARTESIAN_POINT('Ctrl Pts',(-13.6154648966494,5.53149827564783,5.));
#3638=CARTESIAN_POINT('Ctrl Pts',(-13.5747387420693,5.49949649093529,5.));
#3639=CARTESIAN_POINT('Ctrl Pts',(-13.5336016990853,5.46828353559778,5.));
#3640=CARTESIAN_POINT('Ctrl Pts',(-13.4920564005173,5.43786339923144,5.));
#3641=CARTESIAN_POINT('Ctrl Pts',(-13.4501608220269,5.40813322482775,5.));
#3642=CARTESIAN_POINT('Ctrl Pts',(-13.408002748122,5.37893396103472,5.));
#3643=CARTESIAN_POINT('Ctrl Pts',(-13.3656553865605,5.35013802435942,5.));
#3644=CARTESIAN_POINT('Ctrl Pts',(-13.3231372256531,5.32172871262062,5.));
#3645=CARTESIAN_POINT('Ctrl Pts',(-13.2803742394523,5.293874806267,5.));
#3646=CARTESIAN_POINT('Ctrl Pts',(-13.2371500277008,5.26702940280939,5.));
#3647=CARTESIAN_POINT('Ctrl Pts',(-13.1931638561454,5.24181241759123,5.));
#3648=CARTESIAN_POINT('Ctrl Pts',(-13.1571194666405,5.22344540527423,5.));
#3649=CARTESIAN_POINT('Ctrl Pts',(-13.129495529139,5.21090986602478,5.));
#3650=CARTESIAN_POINT('Ctrl Pts',(-13.1108030336495,5.20313240506179,5.));
#3651=CARTESIAN_POINT('Ctrl Pts',(-13.101387650486,5.19938856814701,5.));
#3652=CARTESIAN_POINT('',(-11.9996989787366,4.7613243230426,5.));
#3653=CARTESIAN_POINT('',(-11.0979784547035,4.4027733723203,5.));
#3654=CARTESIAN_POINT('',(-11.383387849761,4.,5.));
#3655=CARTESIAN_POINT('Origin',(-12.3691901958889,3.8320901004446,5.));
#3656=CARTESIAN_POINT('',(-10.,4.,5.));
#3657=CARTESIAN_POINT('',(-20.,-2.,5.));
#3658=CARTESIAN_POINT('',(-2.5,-3.06161699786838E-16,5.));
#3659=CARTESIAN_POINT('Origin',(0.,0.,5.));
#3660=CARTESIAN_POINT('Origin',(-45.,2.,10.));
#3661=CARTESIAN_POINT('',(-40.,2.,15.));
#3662=CARTESIAN_POINT('Origin',(-30.,0.,15.));
#3663=CARTESIAN_POINT('',(-20.,4.,15.));
#3664=CARTESIAN_POINT('Origin',(-20.,-4.,0.));
#3665=CARTESIAN_POINT('Origin',(-10.,4.,0.));
#3666=CARTESIAN_POINT('',(-11.383387849761,4.,0.));
#3667=CARTESIAN_POINT('Origin',(0.,0.,0.));
#3668=CARTESIAN_POINT('',(11.6528765829279,-2.64458843358489,0.));
#3669=CARTESIAN_POINT('Origin',(-12.3691901958889,3.8320901004446,0.));
#3670=CARTESIAN_POINT('',(-11.9996989787366,4.7613243230426,0.));
#3671=CARTESIAN_POINT('Origin',(-13.101387650486,5.19938856814701,0.));
#3672=CARTESIAN_POINT('',(-13.101387650486,5.19938856814701,0.));
#3673=CARTESIAN_POINT('Origin',(-9.50328247452034,8.79598788365893,0.));
#3674=CARTESIAN_POINT('',(-10.1232773087799,8.01138199183081,0.));
#3675=CARTESIAN_POINT('',(-8.7693929311879,8.11671905750295,0.));
#3676=CARTESIAN_POINT('Origin',(-9.3619028148868,7.40974458626544,0.));
#3677=CARTESIAN_POINT('',(-11.0534964094047,8.7464402460751,0.));
#3678=CARTESIAN_POINT('Origin',(-8.79598788365892,9.50328247452034,0.));
#3679=CARTESIAN_POINT('',(-8.0113819918308,10.1232773087799,0.));
#3680=CARTESIAN_POINT('',(-8.11671905750295,8.76939293118791,0.));
#3681=CARTESIAN_POINT('Origin',(-8.7464402460751,11.0534964094047,0.));
#3682=CARTESIAN_POINT('',(-8.7464402460751,11.0534964094047,0.));
#3683=CARTESIAN_POINT('Origin',(-3.83209010044459,12.3691901958889,0.));
#3684=CARTESIAN_POINT('',(-4.76132432304259,11.9996989787366,0.));
#3685=CARTESIAN_POINT('',(-3.53615752542493,11.4139813647728,0.));
#3686=CARTESIAN_POINT('Origin',(-4.4027733723203,11.0979784547035,0.));
#3687=CARTESIAN_POINT('',(-5.199388568147,13.101387650486,0.));
#3688=CARTESIAN_POINT('Origin',(-2.86590772136858,12.6280779841035,0.));
#3689=CARTESIAN_POINT('',(-1.87642166995668,12.7727063148734,0.));
#3690=CARTESIAN_POINT('',(-2.64458843358489,11.6528765829279,0.));
#3691=CARTESIAN_POINT('Origin',(-2.0478912410813,13.9458288142221,0.));
#3692=CARTESIAN_POINT('',(-2.0478912410813,13.9458288142221,0.));
#3693=CARTESIAN_POINT('Origin',(2.86590772136858,12.6280779841035,0.));
#3694=CARTESIAN_POINT('',(1.87642166995668,12.7727063148734,0.));
#3695=CARTESIAN_POINT('',(2.64458843358489,11.6528765829279,0.));
#3696=CARTESIAN_POINT('Origin',(1.73607563981668,11.8125179585857,0.));
#3697=CARTESIAN_POINT('',(2.0478912410813,13.9458288142221,0.));
#3698=CARTESIAN_POINT('Origin',(3.8320901004446,12.3691901958889,0.));
#3699=CARTESIAN_POINT('',(4.7613243230426,11.9996989787366,0.));
#3700=CARTESIAN_POINT('',(3.53615752542493,11.4139813647728,0.));
#3701=CARTESIAN_POINT('Origin',(5.19938856814701,13.101387650486,0.));
#3702=CARTESIAN_POINT('',(5.19938856814701,13.101387650486,0.));
#3703=CARTESIAN_POINT('Origin',(8.79598788365893,9.50328247452034,0.));
#3704=CARTESIAN_POINT('',(8.0113819918308,10.1232773087799,0.));
#3705=CARTESIAN_POINT('',(8.11671905750296,8.7693929311879,0.));
#3706=CARTESIAN_POINT('Origin',(7.40974458626544,9.3619028148868,0.));
#3707=CARTESIAN_POINT('',(8.7464402460751,11.0534964094047,0.));
#3708=CARTESIAN_POINT('Origin',(9.50328247452034,8.79598788365892,0.));
#3709=CARTESIAN_POINT('',(10.1232773087799,8.0113819918308,0.));
#3710=CARTESIAN_POINT('',(8.76939293118791,8.11671905750295,0.));
#3711=CARTESIAN_POINT('Origin',(11.0534964094047,8.7464402460751,0.));
#3712=CARTESIAN_POINT('',(11.0534964094047,8.7464402460751,0.));
#3713=CARTESIAN_POINT('Origin',(12.3691901958889,3.83209010044459,0.));
#3714=CARTESIAN_POINT('',(11.9996989787366,4.7613243230426,0.));
#3715=CARTESIAN_POINT('',(11.4139813647728,3.53615752542493,0.));
#3716=CARTESIAN_POINT('Origin',(11.0979784547035,4.4027733723203,0.));
#3717=CARTESIAN_POINT('',(13.101387650486,5.199388568147,0.));
#3718=CARTESIAN_POINT('Ctrl Pts',(-15.5284765493246,8.0694743358583,0.));
#3719=CARTESIAN_POINT('Ctrl Pts',(-15.5284765493246,8.0694743358583,5.));
#3720=CARTESIAN_POINT('Ctrl Pts',(-15.5233193138114,8.05899073151218,0.));
#3721=CARTESIAN_POINT('Ctrl Pts',(-15.5233193138114,8.05899073151218,5.));
#3722=CARTESIAN_POINT('Ctrl Pts',(-15.5129801811666,8.03804813851471,0.));
#3723=CARTESIAN_POINT('Ctrl Pts',(-15.5129801811666,8.03804813851471,5.));
#3724=CARTESIAN_POINT('Ctrl Pts',(-15.4973974973529,8.00670809611014,0.));
#3725=CARTESIAN_POINT('Ctrl Pts',(-15.4973974973529,8.00670809611014,5.));
#3726=CARTESIAN_POINT('Ctrl Pts',(-15.4764725666743,7.96506911609313,0.));
#3727=CARTESIAN_POINT('Ctrl Pts',(-15.4764725666743,7.96506911609313,5.));
#3728=CARTESIAN_POINT('Ctrl Pts',(-15.450069429066,7.9132670527654,0.));
#3729=CARTESIAN_POINT('Ctrl Pts',(-15.450069429066,7.9132670527654,5.));
#3730=CARTESIAN_POINT('Ctrl Pts',(-15.4234189806667,7.86171242719677,0.));
#3731=CARTESIAN_POINT('Ctrl Pts',(-15.4234189806667,7.86171242719677,5.));
#3732=CARTESIAN_POINT('Ctrl Pts',(-15.3965209216254,7.81040642387694,0.));
#3733=CARTESIAN_POINT('Ctrl Pts',(-15.3965209216254,7.81040642387694,5.));
#3734=CARTESIAN_POINT('Ctrl Pts',(-15.3693750795526,7.75935068162071,0.));
#3735=CARTESIAN_POINT('Ctrl Pts',(-15.3693750795526,7.75935068162071,5.));
#3736=CARTESIAN_POINT('Ctrl Pts',(-15.341981521441,7.70854736068021,0.));
#3737=CARTESIAN_POINT('Ctrl Pts',(-15.341981521441,7.70854736068021,5.));
#3738=CARTESIAN_POINT('Ctrl Pts',(-15.3143405019761,7.6579990262155,0.));
#3739=CARTESIAN_POINT('Ctrl Pts',(-15.3143405019761,7.6579990262155,5.));
#3740=CARTESIAN_POINT('Ctrl Pts',(-15.2864523857179,7.60770850202162,0.));
#3741=CARTESIAN_POINT('Ctrl Pts',(-15.2864523857179,7.60770850202162,5.));
#3742=CARTESIAN_POINT('Ctrl Pts',(-15.2583175782325,7.55767872775188,0.));
#3743=CARTESIAN_POINT('Ctrl Pts',(-15.2583175782325,7.55767872775188,5.));
#3744=CARTESIAN_POINT('Ctrl Pts',(-15.2299364600841,7.50791262542215,0.));
#3745=CARTESIAN_POINT('Ctrl Pts',(-15.2299364600841,7.50791262542215,5.));
#3746=CARTESIAN_POINT('Ctrl Pts',(-15.2013093094333,7.45841292838026,0.));
#3747=CARTESIAN_POINT('Ctrl Pts',(-15.2013093094333,7.45841292838026,5.));
#3748=CARTESIAN_POINT('Ctrl Pts',(-15.1724363006031,7.40918220680039,0.));
#3749=CARTESIAN_POINT('Ctrl Pts',(-15.1724363006031,7.40918220680039,5.));
#3750=CARTESIAN_POINT('Ctrl Pts',(-15.1433175334631,7.36022296819386,0.));
#3751=CARTESIAN_POINT('Ctrl Pts',(-15.1433175334631,7.36022296819386,5.));
#3752=CARTESIAN_POINT('Ctrl Pts',(-15.1139530551018,7.31153773515321,0.));
#3753=CARTESIAN_POINT('Ctrl Pts',(-15.1139530551018,7.31153773515321,5.));
#3754=CARTESIAN_POINT('Ctrl Pts',(-15.0843428848028,7.26312912258865,0.));
#3755=CARTESIAN_POINT('Ctrl Pts',(-15.0843428848028,7.26312912258865,5.));
#3756=CARTESIAN_POINT('Ctrl Pts',(-15.0544870434844,7.21499993314817,0.));
#3757=CARTESIAN_POINT('Ctrl Pts',(-15.0544870434844,7.21499993314817,5.));
#3758=CARTESIAN_POINT('Ctrl Pts',(-15.0243855640338,7.16715315254889,0.));
#3759=CARTESIAN_POINT('Ctrl Pts',(-15.0243855640338,7.16715315254889,5.));
#3760=CARTESIAN_POINT('Ctrl Pts',(-14.9940384879663,7.11959187945289,0.));
#3761=CARTESIAN_POINT('Ctrl Pts',(-14.9940384879663,7.11959187945289,5.));
#3762=CARTESIAN_POINT('Ctrl Pts',(-14.9634458691181,7.07231926891271,0.));
#3763=CARTESIAN_POINT('Ctrl Pts',(-14.9634458691181,7.07231926891271,5.));
#3764=CARTESIAN_POINT('Ctrl Pts',(-14.9326077735464,7.02533847786692,0.));
#3765=CARTESIAN_POINT('Ctrl Pts',(-14.9326077735464,7.02533847786692,5.));
#3766=CARTESIAN_POINT('Ctrl Pts',(-14.9015242895373,6.97865258396972,0.));
#3767=CARTESIAN_POINT('Ctrl Pts',(-14.9015242895373,6.97865258396972,5.));
#3768=CARTESIAN_POINT('Ctrl Pts',(-14.8701955088218,6.93226460795425,0.));
#3769=CARTESIAN_POINT('Ctrl Pts',(-14.8701955088218,6.93226460795425,5.));
#3770=CARTESIAN_POINT('Ctrl Pts',(-14.8386214832332,6.88617763104896,0.));
#3771=CARTESIAN_POINT('Ctrl Pts',(-14.8386214832332,6.88617763104896,5.));
#3772=CARTESIAN_POINT('Ctrl Pts',(-14.806802186533,6.84039489131794,0.));
#3773=CARTESIAN_POINT('Ctrl Pts',(-14.806802186533,6.84039489131794,5.));
#3774=CARTESIAN_POINT('Ctrl Pts',(-14.7747374827111,6.79491987112086,0.));
#3775=CARTESIAN_POINT('Ctrl Pts',(-14.7747374827111,6.79491987112086,5.));
#3776=CARTESIAN_POINT('Ctrl Pts',(-14.7424270764881,6.74975642404154,0.));
#3777=CARTESIAN_POINT('Ctrl Pts',(-14.7424270764881,6.74975642404154,5.));
#3778=CARTESIAN_POINT('Ctrl Pts',(-14.7098705345915,6.70490874436112,0.));
#3779=CARTESIAN_POINT('Ctrl Pts',(-14.7098705345915,6.70490874436112,5.));
#3780=CARTESIAN_POINT('Ctrl Pts',(-14.6770673885979,6.66038115194095,0.));
#3781=CARTESIAN_POINT('Ctrl Pts',(-14.6770673885979,6.66038115194095,5.));
#3782=CARTESIAN_POINT('Ctrl Pts',(-14.6440172265288,6.6161779065528,0.));
#3783=CARTESIAN_POINT('Ctrl Pts',(-14.6440172265288,6.6161779065528,5.));
#3784=CARTESIAN_POINT('Ctrl Pts',(-14.6107197733969,6.57230304244785,0.));
#3785=CARTESIAN_POINT('Ctrl Pts',(-14.6107197733969,6.57230304244785,5.));
#3786=CARTESIAN_POINT('Ctrl Pts',(-14.5771750206388,6.52876010820249,0.));
#3787=CARTESIAN_POINT('Ctrl Pts',(-14.5771750206388,6.52876010820249,5.));
#3788=CARTESIAN_POINT('Ctrl Pts',(-14.5433831871967,6.48555224007311,0.));
#3789=CARTESIAN_POINT('Ctrl Pts',(-14.5433831871967,6.48555224007311,5.));
#3790=CARTESIAN_POINT('Ctrl Pts',(-14.509344448499,6.44268269599982,0.));
#3791=CARTESIAN_POINT('Ctrl Pts',(-14.509344448499,6.44268269599982,5.));
#3792=CARTESIAN_POINT('Ctrl Pts',(-14.4750587050833,6.40015531137993,0.));
#3793=CARTESIAN_POINT('Ctrl Pts',(-14.4750587050833,6.40015531137993,5.));
#3794=CARTESIAN_POINT('Ctrl Pts',(-14.4405253759541,6.35797490795641,0.));
#3795=CARTESIAN_POINT('Ctrl Pts',(-14.4405253759541,6.35797490795641,5.));
#3796=CARTESIAN_POINT('Ctrl Pts',(-14.4057430880917,6.31614790608495,0.));
#3797=CARTESIAN_POINT('Ctrl Pts',(-14.4057430880917,6.31614790608495,5.));
#3798=CARTESIAN_POINT('Ctrl Pts',(-14.3707097419381,6.27468220333837,0.));
#3799=CARTESIAN_POINT('Ctrl Pts',(-14.3707097419381,6.27468220333837,5.));
#3800=CARTESIAN_POINT('Ctrl Pts',(-14.335423123584,6.23358598538912,0.));
#3801=CARTESIAN_POINT('Ctrl Pts',(-14.335423123584,6.23358598538912,5.));
#3802=CARTESIAN_POINT('Ctrl Pts',(-14.2998814331683,6.19286670185148,0.));
#3803=CARTESIAN_POINT('Ctrl Pts',(-14.2998814331683,6.19286670185148,5.));
#3804=CARTESIAN_POINT('Ctrl Pts',(-14.2640837531135,6.15253015926011,0.));
#3805=CARTESIAN_POINT('Ctrl Pts',(-14.2640837531135,6.15253015926011,5.));
#3806=CARTESIAN_POINT('Ctrl Pts',(-14.2280307768776,6.11257910848579,0.));
#3807=CARTESIAN_POINT('Ctrl Pts',(-14.2280307768776,6.11257910848579,5.));
#3808=CARTESIAN_POINT('Ctrl Pts',(-14.1917246102502,6.0730136358703,0.));
#3809=CARTESIAN_POINT('Ctrl Pts',(-14.1917246102502,6.0730136358703,5.));
#3810=CARTESIAN_POINT('Ctrl Pts',(-14.1551672893169,6.03383405030034,0.));
#3811=CARTESIAN_POINT('Ctrl Pts',(-14.1551672893169,6.03383405030034,5.));
#3812=CARTESIAN_POINT('Ctrl Pts',(-14.118359500586,5.99504337754934,0.));
#3813=CARTESIAN_POINT('Ctrl Pts',(-14.118359500586,5.99504337754934,5.));
#3814=CARTESIAN_POINT('Ctrl Pts',(-14.0812994565481,5.95664955376323,0.));
#3815=CARTESIAN_POINT('Ctrl Pts',(-14.0812994565481,5.95664955376323,5.));
#3816=CARTESIAN_POINT('Ctrl Pts',(-14.043981130643,5.91866886329327,0.));
#3817=CARTESIAN_POINT('Ctrl Pts',(-14.043981130643,5.91866886329327,5.));
#3818=CARTESIAN_POINT('Ctrl Pts',(-14.006394863586,5.88112477266094,0.));
#3819=CARTESIAN_POINT('Ctrl Pts',(-14.006394863586,5.88112477266094,5.));
#3820=CARTESIAN_POINT('Ctrl Pts',(-13.9685307662174,5.84404133557969,0.));
#3821=CARTESIAN_POINT('Ctrl Pts',(-13.9685307662174,5.84404133557969,5.));
#3822=CARTESIAN_POINT('Ctrl Pts',(-13.9303816873349,5.80743744232501,0.));
#3823=CARTESIAN_POINT('Ctrl Pts',(-13.9303816873349,5.80743744232501,5.));
#3824=CARTESIAN_POINT('Ctrl Pts',(-13.8919457653534,5.77132187980767,0.));
#3825=CARTESIAN_POINT('Ctrl Pts',(-13.8919457653534,5.77132187980767,5.));
#3826=CARTESIAN_POINT('Ctrl Pts',(-13.8532306255478,5.73568519194852,0.));
#3827=CARTESIAN_POINT('Ctrl Pts',(-13.8532306255478,5.73568519194852,5.));
#3828=CARTESIAN_POINT('Ctrl Pts',(-13.814251141054,5.70050405653276,0.));
#3829=CARTESIAN_POINT('Ctrl Pts',(-13.814251141054,5.70050405653276,5.));
#3830=CARTESIAN_POINT('Ctrl Pts',(-13.7750213360728,5.66575705483834,0.));
#3831=CARTESIAN_POINT('Ctrl Pts',(-13.7750213360728,5.66575705483834,5.));
#3832=CARTESIAN_POINT('Ctrl Pts',(-13.7355472441521,5.63143858229396,0.));
#3833=CARTESIAN_POINT('Ctrl Pts',(-13.7355472441521,5.63143858229396,5.));
#3834=CARTESIAN_POINT('Ctrl Pts',(-13.695820796235,5.59757076246697,0.));
#3835=CARTESIAN_POINT('Ctrl Pts',(-13.695820796235,5.59757076246697,5.));
#3836=CARTESIAN_POINT('Ctrl Pts',(-13.6558097186746,5.56422310743184,0.));
#3837=CARTESIAN_POINT('Ctrl Pts',(-13.6558097186746,5.56422310743184,5.));
#3838=CARTESIAN_POINT('Ctrl Pts',(-13.6154648966494,5.53149827564783,0.));
#3839=CARTESIAN_POINT('Ctrl Pts',(-13.6154648966494,5.53149827564783,5.));
#3840=CARTESIAN_POINT('Ctrl Pts',(-13.5747387420693,5.49949649093529,0.));
#3841=CARTESIAN_POINT('Ctrl Pts',(-13.5747387420693,5.49949649093529,5.));
#3842=CARTESIAN_POINT('Ctrl Pts',(-13.5336016990853,5.46828353559778,0.));
#3843=CARTESIAN_POINT('Ctrl Pts',(-13.5336016990853,5.46828353559778,5.));
#3844=CARTESIAN_POINT('Ctrl Pts',(-13.4920564005173,5.43786339923144,0.));
#3845=CARTESIAN_POINT('Ctrl Pts',(-13.4920564005173,5.43786339923144,5.));
#3846=CARTESIAN_POINT('Ctrl Pts',(-13.4501608220269,5.40813322482775,0.));
#3847=CARTESIAN_POINT('Ctrl Pts',(-13.4501608220269,5.40813322482775,5.));
#3848=CARTESIAN_POINT('Ctrl Pts',(-13.408002748122,5.37893396103472,0.));
#3849=CARTESIAN_POINT('Ctrl Pts',(-13.408002748122,5.37893396103472,5.));
#3850=CARTESIAN_POINT('Ctrl Pts',(-13.3656553865605,5.35013802435942,0.));
#3851=CARTESIAN_POINT('Ctrl Pts',(-13.3656553865605,5.35013802435942,5.));
#3852=CARTESIAN_POINT('Ctrl Pts',(-13.3231372256531,5.32172871262062,0.));
#3853=CARTESIAN_POINT('Ctrl Pts',(-13.3231372256531,5.32172871262062,5.));
#3854=CARTESIAN_POINT('Ctrl Pts',(-13.2803742394523,5.293874806267,0.));
#3855=CARTESIAN_POINT('Ctrl Pts',(-13.2803742394523,5.293874806267,5.));
#3856=CARTESIAN_POINT('Ctrl Pts',(-13.2371500277008,5.26702940280939,0.));
#3857=CARTESIAN_POINT('Ctrl Pts',(-13.2371500277008,5.26702940280939,5.));
#3858=CARTESIAN_POINT('Ctrl Pts',(-13.1931638561454,5.24181241759123,0.));
#3859=CARTESIAN_POINT('Ctrl Pts',(-13.1931638561454,5.24181241759123,5.));
#3860=CARTESIAN_POINT('Ctrl Pts',(-13.1571194666405,5.22344540527423,0.));
#3861=CARTESIAN_POINT('Ctrl Pts',(-13.1571194666405,5.22344540527423,5.));
#3862=CARTESIAN_POINT('Ctrl Pts',(-13.129495529139,5.21090986602478,0.));
#3863=CARTESIAN_POINT('Ctrl Pts',(-13.129495529139,5.21090986602478,5.));
#3864=CARTESIAN_POINT('Ctrl Pts',(-13.1108030336495,5.20313240506179,0.));
#3865=CARTESIAN_POINT('Ctrl Pts',(-13.1108030336495,5.20313240506179,5.));
#3866=CARTESIAN_POINT('Ctrl Pts',(-13.101387650486,5.19938856814701,0.));
#3867=CARTESIAN_POINT('Ctrl Pts',(-13.101387650486,5.19938856814701,5.));
#3868=CARTESIAN_POINT('',(-15.5284765493246,8.0694743358583,0.));
#3869=CARTESIAN_POINT('Origin',(-1.55759977597069E-13,8.99280649946378E-14,
0.));
#3870=CARTESIAN_POINT('',(-14.7526080447021,9.41331800585689,0.));
#3871=CARTESIAN_POINT('Ctrl Pts',(-11.0534964094047,8.7464402460751,0.));
#3872=CARTESIAN_POINT('Ctrl Pts',(-11.0534964094047,8.7464402460751,5.));
#3873=CARTESIAN_POINT('Ctrl Pts',(-11.0614463588623,8.75272228862368,0.));
#3874=CARTESIAN_POINT('Ctrl Pts',(-11.0614463588623,8.75272228862368,5.));
#3875=CARTESIAN_POINT('Ctrl Pts',(-11.0775280853779,8.7650217340962,0.));
#3876=CARTESIAN_POINT('Ctrl Pts',(-11.0775280853779,8.7650217340962,5.));
#3877=CARTESIAN_POINT('Ctrl Pts',(-11.1021961495688,8.78267699610031,0.));
#3878=CARTESIAN_POINT('Ctrl Pts',(-11.1021961495688,8.78267699610031,5.));
#3879=CARTESIAN_POINT('Ctrl Pts',(-11.1361246435795,8.80470884691702,0.));
#3880=CARTESIAN_POINT('Ctrl Pts',(-11.1361246435795,8.80470884691702,5.));
#3881=CARTESIAN_POINT('Ctrl Pts',(-11.1799562791629,8.83019349629008,0.));
#3882=CARTESIAN_POINT('Ctrl Pts',(-11.1799562791629,8.83019349629008,5.));
#3883=CARTESIAN_POINT('Ctrl Pts',(-11.2248171864078,8.85420405999663,0.));
#3884=CARTESIAN_POINT('Ctrl Pts',(-11.2248171864078,8.85420405999663,5.));
#3885=CARTESIAN_POINT('Ctrl Pts',(-11.2703208700051,8.87731093921144,0.));
#3886=CARTESIAN_POINT('Ctrl Pts',(-11.2703208700051,8.87731093921144,5.));
#3887=CARTESIAN_POINT('Ctrl Pts',(-11.3161831361286,8.89992809081004,0.));
#3888=CARTESIAN_POINT('Ctrl Pts',(-11.3161831361286,8.89992809081004,5.));
#3889=CARTESIAN_POINT('Ctrl Pts',(-11.3622948295959,8.92220401336789,0.));
#3890=CARTESIAN_POINT('Ctrl Pts',(-11.3622948295959,8.92220401336789,5.));
#3891=CARTESIAN_POINT('Ctrl Pts',(-11.4086611707649,8.94411434444758,0.));
#3892=CARTESIAN_POINT('Ctrl Pts',(-11.4086611707649,8.94411434444758,5.));
#3893=CARTESIAN_POINT('Ctrl Pts',(-11.4553560463027,8.96553189252468,0.));
#3894=CARTESIAN_POINT('Ctrl Pts',(-11.4553560463027,8.96553189252468,5.));
#3895=CARTESIAN_POINT('Ctrl Pts',(-11.5024733064665,8.98630110830926,0.));
#3896=CARTESIAN_POINT('Ctrl Pts',(-11.5024733064665,8.98630110830926,5.));
#3897=CARTESIAN_POINT('Ctrl Pts',(-11.550073040208,9.00632035490116,0.));
#3898=CARTESIAN_POINT('Ctrl Pts',(-11.550073040208,9.00632035490116,5.));
#3899=CARTESIAN_POINT('Ctrl Pts',(-11.5981504760255,9.02558934700973,0.));
#3900=CARTESIAN_POINT('Ctrl Pts',(-11.5981504760255,9.02558934700973,5.));
#3901=CARTESIAN_POINT('Ctrl Pts',(-11.6466634226977,9.04416657190271,0.));
#3902=CARTESIAN_POINT('Ctrl Pts',(-11.6466634226977,9.04416657190271,5.));
#3903=CARTESIAN_POINT('Ctrl Pts',(-11.6955488778949,9.06214335398528,0.));
#3904=CARTESIAN_POINT('Ctrl Pts',(-11.6955488778949,9.06214335398528,5.));
#3905=CARTESIAN_POINT('Ctrl Pts',(-11.7447424941944,9.07961355717007,0.));
#3906=CARTESIAN_POINT('Ctrl Pts',(-11.7447424941944,9.07961355717007,5.));
#3907=CARTESIAN_POINT('Ctrl Pts',(-11.7942002091973,9.09663988729252,0.));
#3908=CARTESIAN_POINT('Ctrl Pts',(-11.7942002091973,9.09663988729252,5.));
#3909=CARTESIAN_POINT('Ctrl Pts',(-11.8439068978606,9.1132403941446,0.));
#3910=CARTESIAN_POINT('Ctrl Pts',(-11.8439068978606,9.1132403941446,5.));
#3911=CARTESIAN_POINT('Ctrl Pts',(-11.8938643971115,9.12940705023471,0.));
#3912=CARTESIAN_POINT('Ctrl Pts',(-11.8938643971115,9.12940705023471,5.));
#3913=CARTESIAN_POINT('Ctrl Pts',(-11.9440842440071,9.14511700088791,0.));
#3914=CARTESIAN_POINT('Ctrl Pts',(-11.9440842440071,9.14511700088791,5.));
#3915=CARTESIAN_POINT('Ctrl Pts',(-11.9945791996098,9.16034570448302,0.));
#3916=CARTESIAN_POINT('Ctrl Pts',(-11.9945791996098,9.16034570448302,5.));
#3917=CARTESIAN_POINT('Ctrl Pts',(-12.045353640487,9.17508182929894,0.));
#3918=CARTESIAN_POINT('Ctrl Pts',(-12.045353640487,9.17508182929894,5.));
#3919=CARTESIAN_POINT('Ctrl Pts',(-12.0964008877434,9.18933138097091,0.));
#3920=CARTESIAN_POINT('Ctrl Pts',(-12.0964008877434,9.18933138097091,5.));
#3921=CARTESIAN_POINT('Ctrl Pts',(-12.1477081575214,9.2031099977595,0.));
#3922=CARTESIAN_POINT('Ctrl Pts',(-12.1477081575214,9.2031099977595,5.));
#3923=CARTESIAN_POINT('Ctrl Pts',(-12.1992595632743,9.2164382707851,0.));
#3924=CARTESIAN_POINT('Ctrl Pts',(-12.1992595632743,9.2164382707851,5.));
#3925=CARTESIAN_POINT('Ctrl Pts',(-12.2510396120404,9.22933629849424,0.));
#3926=CARTESIAN_POINT('Ctrl Pts',(-12.2510396120404,9.22933629849424,5.));
#3927=CARTESIAN_POINT('Ctrl Pts',(-12.3030372144381,9.24181744221678,0.));
#3928=CARTESIAN_POINT('Ctrl Pts',(-12.3030372144381,9.24181744221678,5.));
#3929=CARTESIAN_POINT('Ctrl Pts',(-12.3552463913181,9.25388721805434,0.));
#3930=CARTESIAN_POINT('Ctrl Pts',(-12.3552463913181,9.25388721805434,5.));
#3931=CARTESIAN_POINT('Ctrl Pts',(-12.4076641790295,9.26554654435996,0.));
#3932=CARTESIAN_POINT('Ctrl Pts',(-12.4076641790295,9.26554654435996,5.));
#3933=CARTESIAN_POINT('Ctrl Pts',(-12.4602892920259,9.27679381227512,0.));
#3934=CARTESIAN_POINT('Ctrl Pts',(-12.4602892920259,9.27679381227512,5.));
#3935=CARTESIAN_POINT('Ctrl Pts',(-12.5131206026383,9.28762724130341,0.));
#3936=CARTESIAN_POINT('Ctrl Pts',(-12.5131206026383,9.28762724130341,5.));
#3937=CARTESIAN_POINT('Ctrl Pts',(-12.5661553818136,9.29804760632805,0.));
#3938=CARTESIAN_POINT('Ctrl Pts',(-12.5661553818136,9.29804760632805,5.));
#3939=CARTESIAN_POINT('Ctrl Pts',(-12.6193890597342,9.30805860526174,0.));
#3940=CARTESIAN_POINT('Ctrl Pts',(-12.6193890597342,9.30805860526174,5.));
#3941=CARTESIAN_POINT('Ctrl Pts',(-12.6728160847753,9.317665521637,0.));
#3942=CARTESIAN_POINT('Ctrl Pts',(-12.6728160847753,9.317665521637,5.));
#3943=CARTESIAN_POINT('Ctrl Pts',(-12.7264304748913,9.32687436559188,0.));
#3944=CARTESIAN_POINT('Ctrl Pts',(-12.7264304748913,9.32687436559188,5.));
#3945=CARTESIAN_POINT('Ctrl Pts',(-12.7802264403625,9.33569090418322,0.));
#3946=CARTESIAN_POINT('Ctrl Pts',(-12.7802264403625,9.33569090418322,5.));
#3947=CARTESIAN_POINT('Ctrl Pts',(-12.8341991075077,9.34411953665894,0.));
#3948=CARTESIAN_POINT('Ctrl Pts',(-12.8341991075077,9.34411953665894,5.));
#3949=CARTESIAN_POINT('Ctrl Pts',(-12.8883445910727,9.3521631770473,0.));
#3950=CARTESIAN_POINT('Ctrl Pts',(-12.8883445910727,9.3521631770473,5.));
#3951=CARTESIAN_POINT('Ctrl Pts',(-12.9426596192372,9.35982382918392,0.));
#3952=CARTESIAN_POINT('Ctrl Pts',(-12.9426596192372,9.35982382918392,5.));
#3953=CARTESIAN_POINT('Ctrl Pts',(-12.997141282828,9.36710297011343,0.));
#3954=CARTESIAN_POINT('Ctrl Pts',(-12.997141282828,9.36710297011343,5.));
#3955=CARTESIAN_POINT('Ctrl Pts',(-13.0517867562965,9.3740019783545,0.));
#3956=CARTESIAN_POINT('Ctrl Pts',(-13.0517867562965,9.3740019783545,5.));
#3957=CARTESIAN_POINT('Ctrl Pts',(-13.1065929707669,9.38052263561146,0.));
#3958=CARTESIAN_POINT('Ctrl Pts',(-13.1065929707669,9.38052263561146,5.));
#3959=CARTESIAN_POINT('Ctrl Pts',(-13.1615565699689,9.38666719715584,0.));
#3960=CARTESIAN_POINT('Ctrl Pts',(-13.1615565699689,9.38666719715584,5.));
#3961=CARTESIAN_POINT('Ctrl Pts',(-13.2166740708212,9.39243814965752,0.));
#3962=CARTESIAN_POINT('Ctrl Pts',(-13.2166740708212,9.39243814965752,5.));
#3963=CARTESIAN_POINT('Ctrl Pts',(-13.2719419664259,9.39783805871351,0.));
#3964=CARTESIAN_POINT('Ctrl Pts',(-13.2719419664259,9.39783805871351,5.));
#3965=CARTESIAN_POINT('Ctrl Pts',(-13.3273568410651,9.40286939668955,0.));
#3966=CARTESIAN_POINT('Ctrl Pts',(-13.3273568410651,9.40286939668955,5.));
#3967=CARTESIAN_POINT('Ctrl Pts',(-13.3829155050772,9.40753434609704,0.));
#3968=CARTESIAN_POINT('Ctrl Pts',(-13.3829155050772,9.40753434609704,5.));
#3969=CARTESIAN_POINT('Ctrl Pts',(-13.4386150106551,9.41183476590384,0.));
#3970=CARTESIAN_POINT('Ctrl Pts',(-13.4386150106551,9.41183476590384,5.));
#3971=CARTESIAN_POINT('Ctrl Pts',(-13.4944525666723,9.41577229786529,0.));
#3972=CARTESIAN_POINT('Ctrl Pts',(-13.4944525666723,9.41577229786529,5.));
#3973=CARTESIAN_POINT('Ctrl Pts',(-13.5504254787902,9.41934843770669,0.));
#3974=CARTESIAN_POINT('Ctrl Pts',(-13.5504254787902,9.41934843770669,5.));
#3975=CARTESIAN_POINT('Ctrl Pts',(-13.6065310851117,9.42256461635326,0.));
#3976=CARTESIAN_POINT('Ctrl Pts',(-13.6065310851117,9.42256461635326,5.));
#3977=CARTESIAN_POINT('Ctrl Pts',(-13.6627666761667,9.42542229617396,0.));
#3978=CARTESIAN_POINT('Ctrl Pts',(-13.6627666761667,9.42542229617396,5.));
#3979=CARTESIAN_POINT('Ctrl Pts',(-13.7191294849379,9.42792299843102,0.));
#3980=CARTESIAN_POINT('Ctrl Pts',(-13.7191294849379,9.42792299843102,5.));
#3981=CARTESIAN_POINT('Ctrl Pts',(-13.7756167521516,9.43006825402713,0.));
#3982=CARTESIAN_POINT('Ctrl Pts',(-13.7756167521516,9.43006825402713,5.));
#3983=CARTESIAN_POINT('Ctrl Pts',(-13.8322257735297,9.43185957633995,0.));
#3984=CARTESIAN_POINT('Ctrl Pts',(-13.8322257735297,9.43185957633995,5.));
#3985=CARTESIAN_POINT('Ctrl Pts',(-13.8889539469221,9.43329842974696,0.));
#3986=CARTESIAN_POINT('Ctrl Pts',(-13.8889539469221,9.43329842974696,5.));
#3987=CARTESIAN_POINT('Ctrl Pts',(-13.9457988347051,9.43438619745644,0.));
#3988=CARTESIAN_POINT('Ctrl Pts',(-13.9457988347051,9.43438619745644,5.));
#3989=CARTESIAN_POINT('Ctrl Pts',(-14.0027581626583,9.43512417022331,0.));
#3990=CARTESIAN_POINT('Ctrl Pts',(-14.0027581626583,9.43512417022331,5.));
#3991=CARTESIAN_POINT('Ctrl Pts',(-14.0598297226082,9.43551356856401,0.));
#3992=CARTESIAN_POINT('Ctrl Pts',(-14.0598297226082,9.43551356856401,5.));
#3993=CARTESIAN_POINT('Ctrl Pts',(-14.1170112930515,9.43555555974461,0.));
#3994=CARTESIAN_POINT('Ctrl Pts',(-14.1170112930515,9.43555555974461,5.));
#3995=CARTESIAN_POINT('Ctrl Pts',(-14.1743005609906,9.43525127788411,0.));
#3996=CARTESIAN_POINT('Ctrl Pts',(-14.1743005609906,9.43525127788411,5.));
#3997=CARTESIAN_POINT('Ctrl Pts',(-14.2316950201965,9.43460184876214,0.));
#3998=CARTESIAN_POINT('Ctrl Pts',(-14.2316950201965,9.43460184876214,5.));
#3999=CARTESIAN_POINT('Ctrl Pts',(-14.2891919498472,9.43360840380851,0.));
#4000=CARTESIAN_POINT('Ctrl Pts',(-14.2891919498472,9.43360840380851,5.));
#4001=CARTESIAN_POINT('Ctrl Pts',(-14.346788601345,9.43227206161925,0.));
#4002=CARTESIAN_POINT('Ctrl Pts',(-14.346788601345,9.43227206161925,5.));
#4003=CARTESIAN_POINT('Ctrl Pts',(-14.4044823469319,9.43059391837369,0.));
#4004=CARTESIAN_POINT('Ctrl Pts',(-14.4044823469319,9.43059391837369,5.));
#4005=CARTESIAN_POINT('Ctrl Pts',(-14.4622708377713,9.42857503608771,0.));
#4006=CARTESIAN_POINT('Ctrl Pts',(-14.4622708377713,9.42857503608771,5.));
#4007=CARTESIAN_POINT('Ctrl Pts',(-14.5201521695336,9.42621643687008,0.));
#4008=CARTESIAN_POINT('Ctrl Pts',(-14.5201521695336,9.42621643687008,5.));
#4009=CARTESIAN_POINT('Ctrl Pts',(-14.5781250091583,9.42351908942183,0.));
#4010=CARTESIAN_POINT('Ctrl Pts',(-14.5781250091583,9.42351908942183,5.));
#4011=CARTESIAN_POINT('Ctrl Pts',(-14.6361884807726,9.42048384566631,0.));
#4012=CARTESIAN_POINT('Ctrl Pts',(-14.6361884807726,9.42048384566631,5.));
#4013=CARTESIAN_POINT('Ctrl Pts',(-14.6827113605944,9.41778587719792,0.));
#4014=CARTESIAN_POINT('Ctrl Pts',(-14.6827113605944,9.41778587719792,5.));
#4015=CARTESIAN_POINT('Ctrl Pts',(-14.7176439753793,9.41561085603747,0.));
#4016=CARTESIAN_POINT('Ctrl Pts',(-14.7176439753793,9.41561085603747,5.));
#4017=CARTESIAN_POINT('Ctrl Pts',(-14.7409503592586,9.4140935110622,0.));
#4018=CARTESIAN_POINT('Ctrl Pts',(-14.7409503592586,9.4140935110622,5.));
#4019=CARTESIAN_POINT('Ctrl Pts',(-14.7526080447021,9.41331800585689,0.));
#4020=CARTESIAN_POINT('Ctrl Pts',(-14.7526080447021,9.41331800585689,5.));
#4021=CARTESIAN_POINT('Ctrl Pts',(-9.41331800585688,14.7526080447022,0.));
#4022=CARTESIAN_POINT('Ctrl Pts',(-9.41331800585688,14.7526080447022,5.));
#4023=CARTESIAN_POINT('Ctrl Pts',(-9.41409351106219,14.7409503592586,0.));
#4024=CARTESIAN_POINT('Ctrl Pts',(-9.41409351106219,14.7409503592586,5.));
#4025=CARTESIAN_POINT('Ctrl Pts',(-9.41561085603747,14.7176439753793,0.));
#4026=CARTESIAN_POINT('Ctrl Pts',(-9.41561085603747,14.7176439753793,5.));
#4027=CARTESIAN_POINT('Ctrl Pts',(-9.41778587719791,14.6827113605944,0.));
#4028=CARTESIAN_POINT('Ctrl Pts',(-9.41778587719791,14.6827113605944,5.));
#4029=CARTESIAN_POINT('Ctrl Pts',(-9.4204838456663,14.6361884807726,0.));
#4030=CARTESIAN_POINT('Ctrl Pts',(-9.4204838456663,14.6361884807726,5.));
#4031=CARTESIAN_POINT('Ctrl Pts',(-9.42351908942182,14.5781250091583,0.));
#4032=CARTESIAN_POINT('Ctrl Pts',(-9.42351908942182,14.5781250091583,5.));
#4033=CARTESIAN_POINT('Ctrl Pts',(-9.42621643687007,14.5201521695336,0.));
#4034=CARTESIAN_POINT('Ctrl Pts',(-9.42621643687007,14.5201521695336,5.));
#4035=CARTESIAN_POINT('Ctrl Pts',(-9.42857503608771,14.4622708377713,0.));
#4036=CARTESIAN_POINT('Ctrl Pts',(-9.42857503608771,14.4622708377713,5.));
#4037=CARTESIAN_POINT('Ctrl Pts',(-9.43059391837368,14.4044823469319,0.));
#4038=CARTESIAN_POINT('Ctrl Pts',(-9.43059391837368,14.4044823469319,5.));
#4039=CARTESIAN_POINT('Ctrl Pts',(-9.43227206161924,14.3467886013451,0.));
#4040=CARTESIAN_POINT('Ctrl Pts',(-9.43227206161924,14.3467886013451,5.));
#4041=CARTESIAN_POINT('Ctrl Pts',(-9.4336084038085,14.2891919498472,0.));
#4042=CARTESIAN_POINT('Ctrl Pts',(-9.4336084038085,14.2891919498472,5.));
#4043=CARTESIAN_POINT('Ctrl Pts',(-9.43460184876213,14.2316950201965,0.));
#4044=CARTESIAN_POINT('Ctrl Pts',(-9.43460184876213,14.2316950201965,5.));
#4045=CARTESIAN_POINT('Ctrl Pts',(-9.4352512778841,14.1743005609907,0.));
#4046=CARTESIAN_POINT('Ctrl Pts',(-9.4352512778841,14.1743005609907,5.));
#4047=CARTESIAN_POINT('Ctrl Pts',(-9.4355555597446,14.1170112930516,0.));
#4048=CARTESIAN_POINT('Ctrl Pts',(-9.4355555597446,14.1170112930516,5.));
#4049=CARTESIAN_POINT('Ctrl Pts',(-9.435513568564,14.0598297226082,0.));
#4050=CARTESIAN_POINT('Ctrl Pts',(-9.435513568564,14.0598297226082,5.));
#4051=CARTESIAN_POINT('Ctrl Pts',(-9.4351241702233,14.0027581626583,0.));
#4052=CARTESIAN_POINT('Ctrl Pts',(-9.4351241702233,14.0027581626583,5.));
#4053=CARTESIAN_POINT('Ctrl Pts',(-9.43438619745642,13.9457988347051,0.));
#4054=CARTESIAN_POINT('Ctrl Pts',(-9.43438619745642,13.9457988347051,5.));
#4055=CARTESIAN_POINT('Ctrl Pts',(-9.43329842974695,13.8889539469221,0.));
#4056=CARTESIAN_POINT('Ctrl Pts',(-9.43329842974695,13.8889539469221,5.));
#4057=CARTESIAN_POINT('Ctrl Pts',(-9.43185957633994,13.8322257735297,0.));
#4058=CARTESIAN_POINT('Ctrl Pts',(-9.43185957633994,13.8322257735297,5.));
#4059=CARTESIAN_POINT('Ctrl Pts',(-9.43006825402712,13.7756167521516,0.));
#4060=CARTESIAN_POINT('Ctrl Pts',(-9.43006825402712,13.7756167521516,5.));
#4061=CARTESIAN_POINT('Ctrl Pts',(-9.42792299843101,13.719129484938,0.));
#4062=CARTESIAN_POINT('Ctrl Pts',(-9.42792299843101,13.719129484938,5.));
#4063=CARTESIAN_POINT('Ctrl Pts',(-9.42542229617395,13.6627666761667,0.));
#4064=CARTESIAN_POINT('Ctrl Pts',(-9.42542229617395,13.6627666761667,5.));
#4065=CARTESIAN_POINT('Ctrl Pts',(-9.42256461635325,13.6065310851117,0.));
#4066=CARTESIAN_POINT('Ctrl Pts',(-9.42256461635325,13.6065310851117,5.));
#4067=CARTESIAN_POINT('Ctrl Pts',(-9.41934843770668,13.5504254787902,0.));
#4068=CARTESIAN_POINT('Ctrl Pts',(-9.41934843770668,13.5504254787902,5.));
#4069=CARTESIAN_POINT('Ctrl Pts',(-9.41577229786528,13.4944525666723,0.));
#4070=CARTESIAN_POINT('Ctrl Pts',(-9.41577229786528,13.4944525666723,5.));
#4071=CARTESIAN_POINT('Ctrl Pts',(-9.41183476590383,13.4386150106551,0.));
#4072=CARTESIAN_POINT('Ctrl Pts',(-9.41183476590383,13.4386150106551,5.));
#4073=CARTESIAN_POINT('Ctrl Pts',(-9.40753434609704,13.3829155050772,0.));
#4074=CARTESIAN_POINT('Ctrl Pts',(-9.40753434609704,13.3829155050772,5.));
#4075=CARTESIAN_POINT('Ctrl Pts',(-9.40286939668954,13.3273568410651,0.));
#4076=CARTESIAN_POINT('Ctrl Pts',(-9.40286939668954,13.3273568410651,5.));
#4077=CARTESIAN_POINT('Ctrl Pts',(-9.3978380587135,13.2719419664259,0.));
#4078=CARTESIAN_POINT('Ctrl Pts',(-9.3978380587135,13.2719419664259,5.));
#4079=CARTESIAN_POINT('Ctrl Pts',(-9.3924381496575,13.2166740708212,0.));
#4080=CARTESIAN_POINT('Ctrl Pts',(-9.3924381496575,13.2166740708212,5.));
#4081=CARTESIAN_POINT('Ctrl Pts',(-9.38666719715583,13.1615565699689,0.));
#4082=CARTESIAN_POINT('Ctrl Pts',(-9.38666719715583,13.1615565699689,5.));
#4083=CARTESIAN_POINT('Ctrl Pts',(-9.38052263561145,13.1065929707669,0.));
#4084=CARTESIAN_POINT('Ctrl Pts',(-9.38052263561145,13.1065929707669,5.));
#4085=CARTESIAN_POINT('Ctrl Pts',(-9.37400197835449,13.0517867562965,0.));
#4086=CARTESIAN_POINT('Ctrl Pts',(-9.37400197835449,13.0517867562965,5.));
#4087=CARTESIAN_POINT('Ctrl Pts',(-9.36710297011342,12.997141282828,0.));
#4088=CARTESIAN_POINT('Ctrl Pts',(-9.36710297011342,12.997141282828,5.));
#4089=CARTESIAN_POINT('Ctrl Pts',(-9.35982382918391,12.9426596192372,0.));
#4090=CARTESIAN_POINT('Ctrl Pts',(-9.35982382918391,12.9426596192372,5.));
#4091=CARTESIAN_POINT('Ctrl Pts',(-9.35216317704729,12.8883445910727,0.));
#4092=CARTESIAN_POINT('Ctrl Pts',(-9.35216317704729,12.8883445910727,5.));
#4093=CARTESIAN_POINT('Ctrl Pts',(-9.34411953665893,12.8341991075077,0.));
#4094=CARTESIAN_POINT('Ctrl Pts',(-9.34411953665893,12.8341991075077,5.));
#4095=CARTESIAN_POINT('Ctrl Pts',(-9.33569090418321,12.7802264403625,0.));
#4096=CARTESIAN_POINT('Ctrl Pts',(-9.33569090418321,12.7802264403625,5.));
#4097=CARTESIAN_POINT('Ctrl Pts',(-9.32687436559187,12.7264304748913,0.));
#4098=CARTESIAN_POINT('Ctrl Pts',(-9.32687436559187,12.7264304748913,5.));
#4099=CARTESIAN_POINT('Ctrl Pts',(-9.31766552163699,12.6728160847753,0.));
#4100=CARTESIAN_POINT('Ctrl Pts',(-9.31766552163699,12.6728160847753,5.));
#4101=CARTESIAN_POINT('Ctrl Pts',(-9.30805860526173,12.6193890597342,0.));
#4102=CARTESIAN_POINT('Ctrl Pts',(-9.30805860526173,12.6193890597342,5.));
#4103=CARTESIAN_POINT('Ctrl Pts',(-9.29804760632805,12.5661553818136,0.));
#4104=CARTESIAN_POINT('Ctrl Pts',(-9.29804760632805,12.5661553818136,5.));
#4105=CARTESIAN_POINT('Ctrl Pts',(-9.2876272413034,12.5131206026383,0.));
#4106=CARTESIAN_POINT('Ctrl Pts',(-9.2876272413034,12.5131206026383,5.));
#4107=CARTESIAN_POINT('Ctrl Pts',(-9.27679381227511,12.4602892920259,0.));
#4108=CARTESIAN_POINT('Ctrl Pts',(-9.27679381227511,12.4602892920259,5.));
#4109=CARTESIAN_POINT('Ctrl Pts',(-9.26554654435995,12.4076641790295,0.));
#4110=CARTESIAN_POINT('Ctrl Pts',(-9.26554654435995,12.4076641790295,5.));
#4111=CARTESIAN_POINT('Ctrl Pts',(-9.25388721805433,12.3552463913181,0.));
#4112=CARTESIAN_POINT('Ctrl Pts',(-9.25388721805433,12.3552463913181,5.));
#4113=CARTESIAN_POINT('Ctrl Pts',(-9.24181744221677,12.3030372144381,0.));
#4114=CARTESIAN_POINT('Ctrl Pts',(-9.24181744221677,12.3030372144381,5.));
#4115=CARTESIAN_POINT('Ctrl Pts',(-9.22933629849423,12.2510396120404,0.));
#4116=CARTESIAN_POINT('Ctrl Pts',(-9.22933629849423,12.2510396120404,5.));
#4117=CARTESIAN_POINT('Ctrl Pts',(-9.21643827078509,12.1992595632743,0.));
#4118=CARTESIAN_POINT('Ctrl Pts',(-9.21643827078509,12.1992595632743,5.));
#4119=CARTESIAN_POINT('Ctrl Pts',(-9.20310999775949,12.1477081575214,0.));
#4120=CARTESIAN_POINT('Ctrl Pts',(-9.20310999775949,12.1477081575214,5.));
#4121=CARTESIAN_POINT('Ctrl Pts',(-9.1893313809709,12.0964008877434,0.));
#4122=CARTESIAN_POINT('Ctrl Pts',(-9.1893313809709,12.0964008877434,5.));
#4123=CARTESIAN_POINT('Ctrl Pts',(-9.17508182929893,12.045353640487,0.));
#4124=CARTESIAN_POINT('Ctrl Pts',(-9.17508182929893,12.045353640487,5.));
#4125=CARTESIAN_POINT('Ctrl Pts',(-9.16034570448301,11.9945791996098,0.));
#4126=CARTESIAN_POINT('Ctrl Pts',(-9.16034570448301,11.9945791996098,5.));
#4127=CARTESIAN_POINT('Ctrl Pts',(-9.1451170008879,11.9440842440071,0.));
#4128=CARTESIAN_POINT('Ctrl Pts',(-9.1451170008879,11.9440842440071,5.));
#4129=CARTESIAN_POINT('Ctrl Pts',(-9.1294070502347,11.8938643971115,0.));
#4130=CARTESIAN_POINT('Ctrl Pts',(-9.1294070502347,11.8938643971115,5.));
#4131=CARTESIAN_POINT('Ctrl Pts',(-9.11324039414459,11.8439068978606,0.));
#4132=CARTESIAN_POINT('Ctrl Pts',(-9.11324039414459,11.8439068978606,5.));
#4133=CARTESIAN_POINT('Ctrl Pts',(-9.09663988729251,11.7942002091973,0.));
#4134=CARTESIAN_POINT('Ctrl Pts',(-9.09663988729251,11.7942002091973,5.));
#4135=CARTESIAN_POINT('Ctrl Pts',(-9.07961355717006,11.7447424941944,0.));
#4136=CARTESIAN_POINT('Ctrl Pts',(-9.07961355717006,11.7447424941944,5.));
#4137=CARTESIAN_POINT('Ctrl Pts',(-9.06214335398527,11.6955488778949,0.));
#4138=CARTESIAN_POINT('Ctrl Pts',(-9.06214335398527,11.6955488778949,5.));
#4139=CARTESIAN_POINT('Ctrl Pts',(-9.0441665719027,11.6466634226977,0.));
#4140=CARTESIAN_POINT('Ctrl Pts',(-9.0441665719027,11.6466634226977,5.));
#4141=CARTESIAN_POINT('Ctrl Pts',(-9.02558934700972,11.5981504760255,0.));
#4142=CARTESIAN_POINT('Ctrl Pts',(-9.02558934700972,11.5981504760255,5.));
#4143=CARTESIAN_POINT('Ctrl Pts',(-9.00632035490115,11.550073040208,0.));
#4144=CARTESIAN_POINT('Ctrl Pts',(-9.00632035490115,11.550073040208,5.));
#4145=CARTESIAN_POINT('Ctrl Pts',(-8.98630110830925,11.5024733064665,0.));
#4146=CARTESIAN_POINT('Ctrl Pts',(-8.98630110830925,11.5024733064665,5.));
#4147=CARTESIAN_POINT('Ctrl Pts',(-8.96553189252467,11.4553560463027,0.));
#4148=CARTESIAN_POINT('Ctrl Pts',(-8.96553189252467,11.4553560463027,5.));
#4149=CARTESIAN_POINT('Ctrl Pts',(-8.94411434444757,11.4086611707649,0.));
#4150=CARTESIAN_POINT('Ctrl Pts',(-8.94411434444757,11.4086611707649,5.));
#4151=CARTESIAN_POINT('Ctrl Pts',(-8.92220401336789,11.3622948295959,0.));
#4152=CARTESIAN_POINT('Ctrl Pts',(-8.92220401336789,11.3622948295959,5.));
#4153=CARTESIAN_POINT('Ctrl Pts',(-8.89992809081003,11.3161831361286,0.));
#4154=CARTESIAN_POINT('Ctrl Pts',(-8.89992809081003,11.3161831361286,5.));
#4155=CARTESIAN_POINT('Ctrl Pts',(-8.87731093921143,11.2703208700051,0.));
#4156=CARTESIAN_POINT('Ctrl Pts',(-8.87731093921143,11.2703208700051,5.));
#4157=CARTESIAN_POINT('Ctrl Pts',(-8.85420405999663,11.2248171864078,0.));
#4158=CARTESIAN_POINT('Ctrl Pts',(-8.85420405999663,11.2248171864078,5.));
#4159=CARTESIAN_POINT('Ctrl Pts',(-8.83019349629007,11.1799562791629,0.));
#4160=CARTESIAN_POINT('Ctrl Pts',(-8.83019349629007,11.1799562791629,5.));
#4161=CARTESIAN_POINT('Ctrl Pts',(-8.80470884691701,11.1361246435795,0.));
#4162=CARTESIAN_POINT('Ctrl Pts',(-8.80470884691701,11.1361246435795,5.));
#4163=CARTESIAN_POINT('Ctrl Pts',(-8.7826769961003,11.1021961495688,0.));
#4164=CARTESIAN_POINT('Ctrl Pts',(-8.7826769961003,11.1021961495688,5.));
#4165=CARTESIAN_POINT('Ctrl Pts',(-8.76502173409619,11.0775280853779,0.));
#4166=CARTESIAN_POINT('Ctrl Pts',(-8.76502173409619,11.0775280853779,5.));
#4167=CARTESIAN_POINT('Ctrl Pts',(-8.75272228862367,11.0614463588623,0.));
#4168=CARTESIAN_POINT('Ctrl Pts',(-8.75272228862367,11.0614463588623,5.));
#4169=CARTESIAN_POINT('Ctrl Pts',(-8.7464402460751,11.0534964094047,0.));
#4170=CARTESIAN_POINT('Ctrl Pts',(-8.7464402460751,11.0534964094047,5.));
#4171=CARTESIAN_POINT('',(-9.41331800585688,14.7526080447022,0.));
#4172=CARTESIAN_POINT('Origin',(-8.99280649946376E-14,1.55759977597069E-13,
0.));
#4173=CARTESIAN_POINT('',(-8.06947433585829,15.5284765493246,0.));
#4174=CARTESIAN_POINT('Ctrl Pts',(-5.199388568147,13.101387650486,0.));
#4175=CARTESIAN_POINT('Ctrl Pts',(-5.199388568147,13.101387650486,5.));
#4176=CARTESIAN_POINT('Ctrl Pts',(-5.20313240506178,13.1108030336495,0.));
#4177=CARTESIAN_POINT('Ctrl Pts',(-5.20313240506178,13.1108030336495,5.));
#4178=CARTESIAN_POINT('Ctrl Pts',(-5.21090986602477,13.129495529139,0.));
#4179=CARTESIAN_POINT('Ctrl Pts',(-5.21090986602477,13.129495529139,5.));
#4180=CARTESIAN_POINT('Ctrl Pts',(-5.22344540527422,13.1571194666405,0.));
#4181=CARTESIAN_POINT('Ctrl Pts',(-5.22344540527422,13.1571194666405,5.));
#4182=CARTESIAN_POINT('Ctrl Pts',(-5.24181241759123,13.1931638561455,0.));
#4183=CARTESIAN_POINT('Ctrl Pts',(-5.24181241759123,13.1931638561455,5.));
#4184=CARTESIAN_POINT('Ctrl Pts',(-5.26702940280938,13.2371500277008,0.));
#4185=CARTESIAN_POINT('Ctrl Pts',(-5.26702940280938,13.2371500277008,5.));
#4186=CARTESIAN_POINT('Ctrl Pts',(-5.29387480626699,13.2803742394523,0.));
#4187=CARTESIAN_POINT('Ctrl Pts',(-5.29387480626699,13.2803742394523,5.));
#4188=CARTESIAN_POINT('Ctrl Pts',(-5.32172871262061,13.3231372256531,0.));
#4189=CARTESIAN_POINT('Ctrl Pts',(-5.32172871262061,13.3231372256531,5.));
#4190=CARTESIAN_POINT('Ctrl Pts',(-5.35013802435941,13.3656553865605,0.));
#4191=CARTESIAN_POINT('Ctrl Pts',(-5.35013802435941,13.3656553865605,5.));
#4192=CARTESIAN_POINT('Ctrl Pts',(-5.37893396103471,13.408002748122,0.));
#4193=CARTESIAN_POINT('Ctrl Pts',(-5.37893396103471,13.408002748122,5.));
#4194=CARTESIAN_POINT('Ctrl Pts',(-5.40813322482774,13.4501608220269,0.));
#4195=CARTESIAN_POINT('Ctrl Pts',(-5.40813322482774,13.4501608220269,5.));
#4196=CARTESIAN_POINT('Ctrl Pts',(-5.43786339923143,13.4920564005173,0.));
#4197=CARTESIAN_POINT('Ctrl Pts',(-5.43786339923143,13.4920564005173,5.));
#4198=CARTESIAN_POINT('Ctrl Pts',(-5.46828353559777,13.5336016990853,0.));
#4199=CARTESIAN_POINT('Ctrl Pts',(-5.46828353559777,13.5336016990853,5.));
#4200=CARTESIAN_POINT('Ctrl Pts',(-5.49949649093528,13.5747387420693,0.));
#4201=CARTESIAN_POINT('Ctrl Pts',(-5.49949649093528,13.5747387420693,5.));
#4202=CARTESIAN_POINT('Ctrl Pts',(-5.53149827564782,13.6154648966494,0.));
#4203=CARTESIAN_POINT('Ctrl Pts',(-5.53149827564782,13.6154648966494,5.));
#4204=CARTESIAN_POINT('Ctrl Pts',(-5.56422310743184,13.6558097186746,0.));
#4205=CARTESIAN_POINT('Ctrl Pts',(-5.56422310743184,13.6558097186746,5.));
#4206=CARTESIAN_POINT('Ctrl Pts',(-5.59757076246696,13.695820796235,0.));
#4207=CARTESIAN_POINT('Ctrl Pts',(-5.59757076246696,13.695820796235,5.));
#4208=CARTESIAN_POINT('Ctrl Pts',(-5.63143858229395,13.7355472441521,0.));
#4209=CARTESIAN_POINT('Ctrl Pts',(-5.63143858229395,13.7355472441521,5.));
#4210=CARTESIAN_POINT('Ctrl Pts',(-5.66575705483833,13.7750213360728,0.));
#4211=CARTESIAN_POINT('Ctrl Pts',(-5.66575705483833,13.7750213360728,5.));
#4212=CARTESIAN_POINT('Ctrl Pts',(-5.70050405653275,13.814251141054,0.));
#4213=CARTESIAN_POINT('Ctrl Pts',(-5.70050405653275,13.814251141054,5.));
#4214=CARTESIAN_POINT('Ctrl Pts',(-5.73568519194851,13.8532306255478,0.));
#4215=CARTESIAN_POINT('Ctrl Pts',(-5.73568519194851,13.8532306255478,5.));
#4216=CARTESIAN_POINT('Ctrl Pts',(-5.77132187980766,13.8919457653534,0.));
#4217=CARTESIAN_POINT('Ctrl Pts',(-5.77132187980766,13.8919457653534,5.));
#4218=CARTESIAN_POINT('Ctrl Pts',(-5.807437442325,13.9303816873349,0.));
#4219=CARTESIAN_POINT('Ctrl Pts',(-5.807437442325,13.9303816873349,5.));
#4220=CARTESIAN_POINT('Ctrl Pts',(-5.84404133557968,13.9685307662174,0.));
#4221=CARTESIAN_POINT('Ctrl Pts',(-5.84404133557968,13.9685307662174,5.));
#4222=CARTESIAN_POINT('Ctrl Pts',(-5.88112477266093,14.006394863586,0.));
#4223=CARTESIAN_POINT('Ctrl Pts',(-5.88112477266093,14.006394863586,5.));
#4224=CARTESIAN_POINT('Ctrl Pts',(-5.91866886329326,14.043981130643,0.));
#4225=CARTESIAN_POINT('Ctrl Pts',(-5.91866886329326,14.043981130643,5.));
#4226=CARTESIAN_POINT('Ctrl Pts',(-5.95664955376322,14.0812994565481,0.));
#4227=CARTESIAN_POINT('Ctrl Pts',(-5.95664955376322,14.0812994565481,5.));
#4228=CARTESIAN_POINT('Ctrl Pts',(-5.99504337754933,14.1183595005861,0.));
#4229=CARTESIAN_POINT('Ctrl Pts',(-5.99504337754933,14.1183595005861,5.));
#4230=CARTESIAN_POINT('Ctrl Pts',(-6.03383405030034,14.1551672893169,0.));
#4231=CARTESIAN_POINT('Ctrl Pts',(-6.03383405030034,14.1551672893169,5.));
#4232=CARTESIAN_POINT('Ctrl Pts',(-6.07301363587029,14.1917246102502,0.));
#4233=CARTESIAN_POINT('Ctrl Pts',(-6.07301363587029,14.1917246102502,5.));
#4234=CARTESIAN_POINT('Ctrl Pts',(-6.11257910848578,14.2280307768776,0.));
#4235=CARTESIAN_POINT('Ctrl Pts',(-6.11257910848578,14.2280307768776,5.));
#4236=CARTESIAN_POINT('Ctrl Pts',(-6.1525301592601,14.2640837531135,0.));
#4237=CARTESIAN_POINT('Ctrl Pts',(-6.1525301592601,14.2640837531135,5.));
#4238=CARTESIAN_POINT('Ctrl Pts',(-6.19286670185148,14.2998814331683,0.));
#4239=CARTESIAN_POINT('Ctrl Pts',(-6.19286670185148,14.2998814331683,5.));
#4240=CARTESIAN_POINT('Ctrl Pts',(-6.23358598538912,14.335423123584,0.));
#4241=CARTESIAN_POINT('Ctrl Pts',(-6.23358598538912,14.335423123584,5.));
#4242=CARTESIAN_POINT('Ctrl Pts',(-6.27468220333836,14.3707097419381,0.));
#4243=CARTESIAN_POINT('Ctrl Pts',(-6.27468220333836,14.3707097419381,5.));
#4244=CARTESIAN_POINT('Ctrl Pts',(-6.31614790608494,14.4057430880917,0.));
#4245=CARTESIAN_POINT('Ctrl Pts',(-6.31614790608494,14.4057430880917,5.));
#4246=CARTESIAN_POINT('Ctrl Pts',(-6.3579749079564,14.4405253759541,0.));
#4247=CARTESIAN_POINT('Ctrl Pts',(-6.3579749079564,14.4405253759541,5.));
#4248=CARTESIAN_POINT('Ctrl Pts',(-6.40015531137992,14.4750587050833,0.));
#4249=CARTESIAN_POINT('Ctrl Pts',(-6.40015531137992,14.4750587050833,5.));
#4250=CARTESIAN_POINT('Ctrl Pts',(-6.44268269599981,14.509344448499,0.));
#4251=CARTESIAN_POINT('Ctrl Pts',(-6.44268269599981,14.509344448499,5.));
#4252=CARTESIAN_POINT('Ctrl Pts',(-6.4855522400731,14.5433831871967,0.));
#4253=CARTESIAN_POINT('Ctrl Pts',(-6.4855522400731,14.5433831871967,5.));
#4254=CARTESIAN_POINT('Ctrl Pts',(-6.52876010820248,14.5771750206388,0.));
#4255=CARTESIAN_POINT('Ctrl Pts',(-6.52876010820248,14.5771750206388,5.));
#4256=CARTESIAN_POINT('Ctrl Pts',(-6.57230304244784,14.6107197733969,0.));
#4257=CARTESIAN_POINT('Ctrl Pts',(-6.57230304244784,14.6107197733969,5.));
#4258=CARTESIAN_POINT('Ctrl Pts',(-6.61617790655279,14.6440172265288,0.));
#4259=CARTESIAN_POINT('Ctrl Pts',(-6.61617790655279,14.6440172265288,5.));
#4260=CARTESIAN_POINT('Ctrl Pts',(-6.66038115194094,14.6770673885979,0.));
#4261=CARTESIAN_POINT('Ctrl Pts',(-6.66038115194094,14.6770673885979,5.));
#4262=CARTESIAN_POINT('Ctrl Pts',(-6.70490874436111,14.7098705345915,0.));
#4263=CARTESIAN_POINT('Ctrl Pts',(-6.70490874436111,14.7098705345915,5.));
#4264=CARTESIAN_POINT('Ctrl Pts',(-6.74975642404153,14.7424270764881,0.));
#4265=CARTESIAN_POINT('Ctrl Pts',(-6.74975642404153,14.7424270764881,5.));
#4266=CARTESIAN_POINT('Ctrl Pts',(-6.79491987112085,14.7747374827111,0.));
#4267=CARTESIAN_POINT('Ctrl Pts',(-6.79491987112085,14.7747374827111,5.));
#4268=CARTESIAN_POINT('Ctrl Pts',(-6.84039489131793,14.806802186533,0.));
#4269=CARTESIAN_POINT('Ctrl Pts',(-6.84039489131793,14.806802186533,5.));
#4270=CARTESIAN_POINT('Ctrl Pts',(-6.88617763104894,14.8386214832332,0.));
#4271=CARTESIAN_POINT('Ctrl Pts',(-6.88617763104894,14.8386214832332,5.));
#4272=CARTESIAN_POINT('Ctrl Pts',(-6.93226460795425,14.8701955088218,0.));
#4273=CARTESIAN_POINT('Ctrl Pts',(-6.93226460795425,14.8701955088218,5.));
#4274=CARTESIAN_POINT('Ctrl Pts',(-6.97865258396971,14.9015242895373,0.));
#4275=CARTESIAN_POINT('Ctrl Pts',(-6.97865258396971,14.9015242895373,5.));
#4276=CARTESIAN_POINT('Ctrl Pts',(-7.02533847786691,14.9326077735464,0.));
#4277=CARTESIAN_POINT('Ctrl Pts',(-7.02533847786691,14.9326077735464,5.));
#4278=CARTESIAN_POINT('Ctrl Pts',(-7.07231926891271,14.9634458691181,0.));
#4279=CARTESIAN_POINT('Ctrl Pts',(-7.07231926891271,14.9634458691181,5.));
#4280=CARTESIAN_POINT('Ctrl Pts',(-7.11959187945288,14.9940384879663,0.));
#4281=CARTESIAN_POINT('Ctrl Pts',(-7.11959187945288,14.9940384879663,5.));
#4282=CARTESIAN_POINT('Ctrl Pts',(-7.16715315254888,15.0243855640338,0.));
#4283=CARTESIAN_POINT('Ctrl Pts',(-7.16715315254888,15.0243855640338,5.));
#4284=CARTESIAN_POINT('Ctrl Pts',(-7.21499993314816,15.0544870434844,0.));
#4285=CARTESIAN_POINT('Ctrl Pts',(-7.21499993314816,15.0544870434844,5.));
#4286=CARTESIAN_POINT('Ctrl Pts',(-7.26312912258864,15.0843428848028,0.));
#4287=CARTESIAN_POINT('Ctrl Pts',(-7.26312912258864,15.0843428848028,5.));
#4288=CARTESIAN_POINT('Ctrl Pts',(-7.3115377351532,15.1139530551018,0.));
#4289=CARTESIAN_POINT('Ctrl Pts',(-7.3115377351532,15.1139530551018,5.));
#4290=CARTESIAN_POINT('Ctrl Pts',(-7.36022296819385,15.1433175334631,0.));
#4291=CARTESIAN_POINT('Ctrl Pts',(-7.36022296819385,15.1433175334631,5.));
#4292=CARTESIAN_POINT('Ctrl Pts',(-7.40918220680038,15.1724363006031,0.));
#4293=CARTESIAN_POINT('Ctrl Pts',(-7.40918220680038,15.1724363006031,5.));
#4294=CARTESIAN_POINT('Ctrl Pts',(-7.45841292838025,15.2013093094333,0.));
#4295=CARTESIAN_POINT('Ctrl Pts',(-7.45841292838025,15.2013093094333,5.));
#4296=CARTESIAN_POINT('Ctrl Pts',(-7.50791262542214,15.2299364600841,0.));
#4297=CARTESIAN_POINT('Ctrl Pts',(-7.50791262542214,15.2299364600841,5.));
#4298=CARTESIAN_POINT('Ctrl Pts',(-7.55767872775187,15.2583175782326,0.));
#4299=CARTESIAN_POINT('Ctrl Pts',(-7.55767872775187,15.2583175782326,5.));
#4300=CARTESIAN_POINT('Ctrl Pts',(-7.60770850202161,15.2864523857179,0.));
#4301=CARTESIAN_POINT('Ctrl Pts',(-7.60770850202161,15.2864523857179,5.));
#4302=CARTESIAN_POINT('Ctrl Pts',(-7.65799902621549,15.3143405019761,0.));
#4303=CARTESIAN_POINT('Ctrl Pts',(-7.65799902621549,15.3143405019761,5.));
#4304=CARTESIAN_POINT('Ctrl Pts',(-7.7085473606802,15.341981521441,0.));
#4305=CARTESIAN_POINT('Ctrl Pts',(-7.7085473606802,15.341981521441,5.));
#4306=CARTESIAN_POINT('Ctrl Pts',(-7.7593506816207,15.3693750795526,0.));
#4307=CARTESIAN_POINT('Ctrl Pts',(-7.7593506816207,15.3693750795526,5.));
#4308=CARTESIAN_POINT('Ctrl Pts',(-7.81040642387693,15.3965209216254,0.));
#4309=CARTESIAN_POINT('Ctrl Pts',(-7.81040642387693,15.3965209216254,5.));
#4310=CARTESIAN_POINT('Ctrl Pts',(-7.86171242719676,15.4234189806667,0.));
#4311=CARTESIAN_POINT('Ctrl Pts',(-7.86171242719676,15.4234189806667,5.));
#4312=CARTESIAN_POINT('Ctrl Pts',(-7.91326705276539,15.450069429066,0.));
#4313=CARTESIAN_POINT('Ctrl Pts',(-7.91326705276539,15.450069429066,5.));
#4314=CARTESIAN_POINT('Ctrl Pts',(-7.96506911609312,15.4764725666743,0.));
#4315=CARTESIAN_POINT('Ctrl Pts',(-7.96506911609312,15.4764725666743,5.));
#4316=CARTESIAN_POINT('Ctrl Pts',(-8.00670809611013,15.4973974973529,0.));
#4317=CARTESIAN_POINT('Ctrl Pts',(-8.00670809611013,15.4973974973529,5.));
#4318=CARTESIAN_POINT('Ctrl Pts',(-8.0380481385147,15.5129801811666,0.));
#4319=CARTESIAN_POINT('Ctrl Pts',(-8.0380481385147,15.5129801811666,5.));
#4320=CARTESIAN_POINT('Ctrl Pts',(-8.05899073151217,15.5233193138114,0.));
#4321=CARTESIAN_POINT('Ctrl Pts',(-8.05899073151217,15.5233193138114,5.));
#4322=CARTESIAN_POINT('Ctrl Pts',(-8.06947433585829,15.5284765493246,0.));
#4323=CARTESIAN_POINT('Ctrl Pts',(-8.06947433585829,15.5284765493246,5.));
#4324=CARTESIAN_POINT('Ctrl Pts',(-0.775868504622459,17.4827923417152,0.));
#4325=CARTESIAN_POINT('Ctrl Pts',(-0.775868504622459,17.4827923417152,5.));
#4326=CARTESIAN_POINT('Ctrl Pts',(-0.782368954552815,17.4730842425744,0.));
#4327=CARTESIAN_POINT('Ctrl Pts',(-0.782368954552815,17.4730842425744,5.));
#4328=CARTESIAN_POINT('Ctrl Pts',(-0.79533620578736,17.4536589945522,0.));
#4329=CARTESIAN_POINT('Ctrl Pts',(-0.79533620578736,17.4536589945522,5.));
#4330=CARTESIAN_POINT('Ctrl Pts',(-0.814686136758527,17.424493973308,0.));
#4331=CARTESIAN_POINT('Ctrl Pts',(-0.814686136758527,17.424493973308,5.));
#4332=CARTESIAN_POINT('Ctrl Pts',(-0.840284085901618,17.3855529617594,0.));
#4333=CARTESIAN_POINT('Ctrl Pts',(-0.840284085901618,17.3855529617594,5.));
#4334=CARTESIAN_POINT('Ctrl Pts',(-0.87194441990777,17.3367861421872,0.));
#4335=CARTESIAN_POINT('Ctrl Pts',(-0.87194441990777,17.3367861421872,5.));
#4336=CARTESIAN_POINT('Ctrl Pts',(-0.903266811133132,17.2879288640668,0.));
#4337=CARTESIAN_POINT('Ctrl Pts',(-0.903266811133132,17.2879288640668,5.));
#4338=CARTESIAN_POINT('Ctrl Pts',(-0.934250083854095,17.2389814599646,0.));
#4339=CARTESIAN_POINT('Ctrl Pts',(-0.934250083854095,17.2389814599646,5.));
#4340=CARTESIAN_POINT('Ctrl Pts',(-0.964892732620671,17.1899445999944,0.));
#4341=CARTESIAN_POINT('Ctrl Pts',(-0.964892732620671,17.1899445999944,5.));
#4342=CARTESIAN_POINT('Ctrl Pts',(-0.995192920095964,17.1408194222995,0.));
#4343=CARTESIAN_POINT('Ctrl Pts',(-0.995192920095964,17.1408194222995,5.));
#4344=CARTESIAN_POINT('Ctrl Pts',(-1.02514855212895,17.091607430024,0.));
#4345=CARTESIAN_POINT('Ctrl Pts',(-1.02514855212895,17.091607430024,5.));
#4346=CARTESIAN_POINT('Ctrl Pts',(-1.05475736552138,17.0423103507837,0.));
#4347=CARTESIAN_POINT('Ctrl Pts',(-1.05475736552138,17.0423103507837,5.));
#4348=CARTESIAN_POINT('Ctrl Pts',(-1.0840170172419,16.992930005636,0.));
#4349=CARTESIAN_POINT('Ctrl Pts',(-1.0840170172419,16.992930005636,5.));
#4350=CARTESIAN_POINT('Ctrl Pts',(-1.11292516703255,16.9434681851668,0.));
#4351=CARTESIAN_POINT('Ctrl Pts',(-1.11292516703255,16.9434681851668,5.));
#4352=CARTESIAN_POINT('Ctrl Pts',(-1.14147958682507,16.8939264969443,0.));
#4353=CARTESIAN_POINT('Ctrl Pts',(-1.14147958682507,16.8939264969443,5.));
#4354=CARTESIAN_POINT('Ctrl Pts',(-1.16967813794478,16.8443063770237,0.));
#4355=CARTESIAN_POINT('Ctrl Pts',(-1.16967813794478,16.8443063770237,5.));
#4356=CARTESIAN_POINT('Ctrl Pts',(-1.19751869875797,16.7946091656503,0.));
#4357=CARTESIAN_POINT('Ctrl Pts',(-1.19751869875797,16.7946091656503,5.));
#4358=CARTESIAN_POINT('Ctrl Pts',(-1.22499910817967,16.7448361649002,0.));
#4359=CARTESIAN_POINT('Ctrl Pts',(-1.22499910817967,16.7448361649002,5.));
#4360=CARTESIAN_POINT('Ctrl Pts',(-1.25211711127305,16.6949886989286,0.));
#4361=CARTESIAN_POINT('Ctrl Pts',(-1.25211711127305,16.6949886989286,5.));
#4362=CARTESIAN_POINT('Ctrl Pts',(-1.27887029133288,16.6450681871753,0.));
#4363=CARTESIAN_POINT('Ctrl Pts',(-1.27887029133288,16.6450681871753,5.));
#4364=CARTESIAN_POINT('Ctrl Pts',(-1.30525607909584,16.5950761509799,0.));
#4365=CARTESIAN_POINT('Ctrl Pts',(-1.30525607909584,16.5950761509799,5.));
#4366=CARTESIAN_POINT('Ctrl Pts',(-1.33127181179954,16.5450141756268,0.));
#4367=CARTESIAN_POINT('Ctrl Pts',(-1.33127181179954,16.5450141756268,5.));
#4368=CARTESIAN_POINT('Ctrl Pts',(-1.35691478400646,16.494883885266,0.));
#4369=CARTESIAN_POINT('Ctrl Pts',(-1.35691478400646,16.494883885266,5.));
#4370=CARTESIAN_POINT('Ctrl Pts',(-1.38218229475614,16.4446869155736,0.));
#4371=CARTESIAN_POINT('Ctrl Pts',(-1.38218229475614,16.4446869155736,5.));
#4372=CARTESIAN_POINT('Ctrl Pts',(-1.40707172286495,16.394424881835,0.));
#4373=CARTESIAN_POINT('Ctrl Pts',(-1.40707172286495,16.394424881835,5.));
#4374=CARTESIAN_POINT('Ctrl Pts',(-1.43158049816676,16.3440993738581,0.));
#4375=CARTESIAN_POINT('Ctrl Pts',(-1.43158049816676,16.3440993738581,5.));
#4376=CARTESIAN_POINT('Ctrl Pts',(-1.45570597815608,16.293711977146,0.));
#4377=CARTESIAN_POINT('Ctrl Pts',(-1.45570597815608,16.293711977146,5.));
#4378=CARTESIAN_POINT('Ctrl Pts',(-1.47944534546785,16.2432642880075,0.));
#4379=CARTESIAN_POINT('Ctrl Pts',(-1.47944534546785,16.2432642880075,5.));
#4380=CARTESIAN_POINT('Ctrl Pts',(-1.50279551628519,16.1927579298344,0.));
#4381=CARTESIAN_POINT('Ctrl Pts',(-1.50279551628519,16.1927579298344,5.));
#4382=CARTESIAN_POINT('Ctrl Pts',(-1.52575300566689,16.142194573699,0.));
#4383=CARTESIAN_POINT('Ctrl Pts',(-1.52575300566689,16.142194573699,5.));
#4384=CARTESIAN_POINT('Ctrl Pts',(-1.54831396462259,16.091575941517,0.));
#4385=CARTESIAN_POINT('Ctrl Pts',(-1.54831396462259,16.091575941517,5.));
#4386=CARTESIAN_POINT('Ctrl Pts',(-1.57047441783103,16.0409037875524,0.));
#4387=CARTESIAN_POINT('Ctrl Pts',(-1.57047441783103,16.0409037875524,5.));
#4388=CARTESIAN_POINT('Ctrl Pts',(-1.59223047023234,15.9901798849073,0.));
#4389=CARTESIAN_POINT('Ctrl Pts',(-1.59223047023234,15.9901798849073,5.));
#4390=CARTESIAN_POINT('Ctrl Pts',(-1.61357849056887,15.9394060125613,0.));
#4391=CARTESIAN_POINT('Ctrl Pts',(-1.61357849056887,15.9394060125613,5.));
#4392=CARTESIAN_POINT('Ctrl Pts',(-1.63451540140161,15.8885839373864,0.));
#4393=CARTESIAN_POINT('Ctrl Pts',(-1.63451540140161,15.8885839373864,5.));
#4394=CARTESIAN_POINT('Ctrl Pts',(-1.65503859612397,15.8377154171204,0.));
#4395=CARTESIAN_POINT('Ctrl Pts',(-1.65503859612397,15.8377154171204,5.));
#4396=CARTESIAN_POINT('Ctrl Pts',(-1.67514534099124,15.7868022326587,0.));
#4397=CARTESIAN_POINT('Ctrl Pts',(-1.67514534099124,15.7868022326587,5.));
#4398=CARTESIAN_POINT('Ctrl Pts',(-1.69483226472071,15.7358462155631,0.));
#4399=CARTESIAN_POINT('Ctrl Pts',(-1.69483226472071,15.7358462155631,5.));
#4400=CARTESIAN_POINT('Ctrl Pts',(-1.71409490106277,15.6848492735483,0.));
#4401=CARTESIAN_POINT('Ctrl Pts',(-1.71409490106277,15.6848492735483,5.));
#4402=CARTESIAN_POINT('Ctrl Pts',(-1.73292700331638,15.6338134277219,0.));
#4403=CARTESIAN_POINT('Ctrl Pts',(-1.73292700331638,15.6338134277219,5.));
#4404=CARTESIAN_POINT('Ctrl Pts',(-1.75132068220392,15.5827408086001,0.));
#4405=CARTESIAN_POINT('Ctrl Pts',(-1.75132068220392,15.5827408086001,5.));
#4406=CARTESIAN_POINT('Ctrl Pts',(-1.76926774177037,15.5316335917172,0.));
#4407=CARTESIAN_POINT('Ctrl Pts',(-1.76926774177037,15.5316335917172,5.));
#4408=CARTESIAN_POINT('Ctrl Pts',(-1.78676083053,15.4804939431549,0.));
#4409=CARTESIAN_POINT('Ctrl Pts',(-1.78676083053,15.4804939431549,5.));
#4410=CARTESIAN_POINT('Ctrl Pts',(-1.80379446108758,15.4293239715352,0.));
#4411=CARTESIAN_POINT('Ctrl Pts',(-1.80379446108758,15.4293239715352,5.));
#4412=CARTESIAN_POINT('Ctrl Pts',(-1.82036659784808,15.3781256528457,0.));
#4413=CARTESIAN_POINT('Ctrl Pts',(-1.82036659784808,15.3781256528457,5.));
#4414=CARTESIAN_POINT('Ctrl Pts',(-1.83647821893213,15.3269008539246,0.));
#4415=CARTESIAN_POINT('Ctrl Pts',(-1.83647821893213,15.3269008539246,5.));
#4416=CARTESIAN_POINT('Ctrl Pts',(-1.8521300748788,15.2756514925171,0.));
#4417=CARTESIAN_POINT('Ctrl Pts',(-1.8521300748788,15.2756514925171,5.));
#4418=CARTESIAN_POINT('Ctrl Pts',(-1.86731988854564,15.2243796760436,0.));
#4419=CARTESIAN_POINT('Ctrl Pts',(-1.86731988854564,15.2243796760436,5.));
#4420=CARTESIAN_POINT('Ctrl Pts',(-1.88203989327388,15.1730878245483,0.));
#4421=CARTESIAN_POINT('Ctrl Pts',(-1.88203989327388,15.1730878245483,5.));
#4422=CARTESIAN_POINT('Ctrl Pts',(-1.89627297312156,15.1217788610528,0.));
#4423=CARTESIAN_POINT('Ctrl Pts',(-1.89627297312156,15.1217788610528,5.));
#4424=CARTESIAN_POINT('Ctrl Pts',(-1.90999397584266,15.0704561536318,0.));
#4425=CARTESIAN_POINT('Ctrl Pts',(-1.90999397584266,15.0704561536318,5.));
#4426=CARTESIAN_POINT('Ctrl Pts',(-1.92317712573035,15.0191231648786,0.));
#4427=CARTESIAN_POINT('Ctrl Pts',(-1.92317712573035,15.0191231648786,5.));
#4428=CARTESIAN_POINT('Ctrl Pts',(-1.93580248772505,14.967783146808,0.));
#4429=CARTESIAN_POINT('Ctrl Pts',(-1.93580248772505,14.967783146808,5.));
#4430=CARTESIAN_POINT('Ctrl Pts',(-1.94786152134632,14.9164388806956,0.));
#4431=CARTESIAN_POINT('Ctrl Pts',(-1.94786152134632,14.9164388806956,5.));
#4432=CARTESIAN_POINT('Ctrl Pts',(-1.95936622843625,14.8650922421832,0.));
#4433=CARTESIAN_POINT('Ctrl Pts',(-1.95936622843625,14.8650922421832,5.));
#4434=CARTESIAN_POINT('Ctrl Pts',(-1.97034424319341,14.8137444506773,0.));
#4435=CARTESIAN_POINT('Ctrl Pts',(-1.97034424319341,14.8137444506773,5.));
#4436=CARTESIAN_POINT('Ctrl Pts',(-1.98082112687549,14.7623969421309,0.));
#4437=CARTESIAN_POINT('Ctrl Pts',(-1.98082112687549,14.7623969421309,5.));
#4438=CARTESIAN_POINT('Ctrl Pts',(-1.99080474995765,14.711052139464,0.));
#4439=CARTESIAN_POINT('Ctrl Pts',(-1.99080474995765,14.711052139464,5.));
#4440=CARTESIAN_POINT('Ctrl Pts',(-2.00027191834009,14.6597141164522,0.));
#4441=CARTESIAN_POINT('Ctrl Pts',(-2.00027191834009,14.6597141164522,5.));
#4442=CARTESIAN_POINT('Ctrl Pts',(-2.00914629597693,14.6083896793345,0.));
#4443=CARTESIAN_POINT('Ctrl Pts',(-2.00914629597693,14.6083896793345,5.));
#4444=CARTESIAN_POINT('Ctrl Pts',(-2.01731442062386,14.5570876226576,0.));
#4445=CARTESIAN_POINT('Ctrl Pts',(-2.01731442062386,14.5570876226576,5.));
#4446=CARTESIAN_POINT('Ctrl Pts',(-2.0246657018613,14.5058168458364,0.));
#4447=CARTESIAN_POINT('Ctrl Pts',(-2.0246657018613,14.5058168458364,5.));
#4448=CARTESIAN_POINT('Ctrl Pts',(-2.03112839261881,14.454584643907,0.));
#4449=CARTESIAN_POINT('Ctrl Pts',(-2.03112839261881,14.454584643907,5.));
#4450=CARTESIAN_POINT('Ctrl Pts',(-2.03670035421462,14.4033952917561,0.));
#4451=CARTESIAN_POINT('Ctrl Pts',(-2.03670035421462,14.4033952917561,5.));
#4452=CARTESIAN_POINT('Ctrl Pts',(-2.04149965126194,14.3522475692753,0.));
#4453=CARTESIAN_POINT('Ctrl Pts',(-2.04149965126194,14.3522475692753,5.));
#4454=CARTESIAN_POINT('Ctrl Pts',(-2.0457079185261,14.3011379744026,0.));
#4455=CARTESIAN_POINT('Ctrl Pts',(-2.0457079185261,14.3011379744026,5.));
#4456=CARTESIAN_POINT('Ctrl Pts',(-2.04947225043192,14.2500661151694,0.));
#4457=CARTESIAN_POINT('Ctrl Pts',(-2.04947225043192,14.2500661151694,5.));
#4458=CARTESIAN_POINT('Ctrl Pts',(-2.05281635564806,14.199039651832,0.));
#4459=CARTESIAN_POINT('Ctrl Pts',(-2.05281635564806,14.199039651832,5.));
#4460=CARTESIAN_POINT('Ctrl Pts',(-2.0555570530445,14.1480788662636,0.));
#4461=CARTESIAN_POINT('Ctrl Pts',(-2.0555570530445,14.1480788662636,5.));
#4462=CARTESIAN_POINT('Ctrl Pts',(-2.05719374853789,14.0972228990995,0.));
#4463=CARTESIAN_POINT('Ctrl Pts',(-2.05719374853789,14.0972228990995,5.));
#4464=CARTESIAN_POINT('Ctrl Pts',(-2.057039212566,14.0465212645082,0.));
#4465=CARTESIAN_POINT('Ctrl Pts',(-2.057039212566,14.0465212645082,5.));
#4466=CARTESIAN_POINT('Ctrl Pts',(-2.05492331707166,14.0061224013745,0.));
#4467=CARTESIAN_POINT('Ctrl Pts',(-2.05492331707166,14.0061224013745,5.));
#4468=CARTESIAN_POINT('Ctrl Pts',(-2.05196744376108,13.975931600121,0.));
#4469=CARTESIAN_POINT('Ctrl Pts',(-2.05196744376108,13.975931600121,5.));
#4470=CARTESIAN_POINT('Ctrl Pts',(-2.04935667478723,13.9558546936855,0.));
#4471=CARTESIAN_POINT('Ctrl Pts',(-2.04935667478723,13.9558546936855,5.));
#4472=CARTESIAN_POINT('Ctrl Pts',(-2.0478912410813,13.9458288142221,0.));
#4473=CARTESIAN_POINT('Ctrl Pts',(-2.0478912410813,13.9458288142221,5.));
#4474=CARTESIAN_POINT('',(-0.775868504622459,17.4827923417152,0.));
#4475=CARTESIAN_POINT('Origin',(1.57772181044202E-29,1.79856129989275E-13,
0.));
#4476=CARTESIAN_POINT('',(0.775868504622461,17.4827923417152,0.));
#4477=CARTESIAN_POINT('Ctrl Pts',(2.0478912410813,13.9458288142221,0.));
#4478=CARTESIAN_POINT('Ctrl Pts',(2.0478912410813,13.9458288142221,5.));
#4479=CARTESIAN_POINT('Ctrl Pts',(2.04935667478723,13.9558546936855,0.));
#4480=CARTESIAN_POINT('Ctrl Pts',(2.04935667478723,13.9558546936855,5.));
#4481=CARTESIAN_POINT('Ctrl Pts',(2.05196744376108,13.975931600121,0.));
#4482=CARTESIAN_POINT('Ctrl Pts',(2.05196744376108,13.975931600121,5.));
#4483=CARTESIAN_POINT('Ctrl Pts',(2.05492331707166,14.0061224013745,0.));
#4484=CARTESIAN_POINT('Ctrl Pts',(2.05492331707166,14.0061224013745,5.));
#4485=CARTESIAN_POINT('Ctrl Pts',(2.057039212566,14.0465212645082,0.));
#4486=CARTESIAN_POINT('Ctrl Pts',(2.057039212566,14.0465212645082,5.));
#4487=CARTESIAN_POINT('Ctrl Pts',(2.05719374853789,14.0972228990995,0.));
#4488=CARTESIAN_POINT('Ctrl Pts',(2.05719374853789,14.0972228990995,5.));
#4489=CARTESIAN_POINT('Ctrl Pts',(2.05555705304451,14.1480788662636,0.));
#4490=CARTESIAN_POINT('Ctrl Pts',(2.05555705304451,14.1480788662636,5.));
#4491=CARTESIAN_POINT('Ctrl Pts',(2.05281635564806,14.199039651832,0.));
#4492=CARTESIAN_POINT('Ctrl Pts',(2.05281635564806,14.199039651832,5.));
#4493=CARTESIAN_POINT('Ctrl Pts',(2.04947225043193,14.2500661151694,0.));
#4494=CARTESIAN_POINT('Ctrl Pts',(2.04947225043193,14.2500661151694,5.));
#4495=CARTESIAN_POINT('Ctrl Pts',(2.0457079185261,14.3011379744026,0.));
#4496=CARTESIAN_POINT('Ctrl Pts',(2.0457079185261,14.3011379744026,5.));
#4497=CARTESIAN_POINT('Ctrl Pts',(2.04149965126194,14.3522475692753,0.));
#4498=CARTESIAN_POINT('Ctrl Pts',(2.04149965126194,14.3522475692753,5.));
#4499=CARTESIAN_POINT('Ctrl Pts',(2.03670035421462,14.4033952917561,0.));
#4500=CARTESIAN_POINT('Ctrl Pts',(2.03670035421462,14.4033952917561,5.));
#4501=CARTESIAN_POINT('Ctrl Pts',(2.03112839261881,14.454584643907,0.));
#4502=CARTESIAN_POINT('Ctrl Pts',(2.03112839261881,14.454584643907,5.));
#4503=CARTESIAN_POINT('Ctrl Pts',(2.0246657018613,14.5058168458364,0.));
#4504=CARTESIAN_POINT('Ctrl Pts',(2.0246657018613,14.5058168458364,5.));
#4505=CARTESIAN_POINT('Ctrl Pts',(2.01731442062386,14.5570876226576,0.));
#4506=CARTESIAN_POINT('Ctrl Pts',(2.01731442062386,14.5570876226576,5.));
#4507=CARTESIAN_POINT('Ctrl Pts',(2.00914629597694,14.6083896793345,0.));
#4508=CARTESIAN_POINT('Ctrl Pts',(2.00914629597694,14.6083896793345,5.));
#4509=CARTESIAN_POINT('Ctrl Pts',(2.0002719183401,14.6597141164522,0.));
#4510=CARTESIAN_POINT('Ctrl Pts',(2.0002719183401,14.6597141164522,5.));
#4511=CARTESIAN_POINT('Ctrl Pts',(1.99080474995765,14.711052139464,0.));
#4512=CARTESIAN_POINT('Ctrl Pts',(1.99080474995765,14.711052139464,5.));
#4513=CARTESIAN_POINT('Ctrl Pts',(1.98082112687549,14.7623969421309,0.));
#4514=CARTESIAN_POINT('Ctrl Pts',(1.98082112687549,14.7623969421309,5.));
#4515=CARTESIAN_POINT('Ctrl Pts',(1.97034424319341,14.8137444506773,0.));
#4516=CARTESIAN_POINT('Ctrl Pts',(1.97034424319341,14.8137444506773,5.));
#4517=CARTESIAN_POINT('Ctrl Pts',(1.95936622843625,14.8650922421832,0.));
#4518=CARTESIAN_POINT('Ctrl Pts',(1.95936622843625,14.8650922421832,5.));
#4519=CARTESIAN_POINT('Ctrl Pts',(1.94786152134633,14.9164388806956,0.));
#4520=CARTESIAN_POINT('Ctrl Pts',(1.94786152134633,14.9164388806956,5.));
#4521=CARTESIAN_POINT('Ctrl Pts',(1.93580248772505,14.967783146808,0.));
#4522=CARTESIAN_POINT('Ctrl Pts',(1.93580248772505,14.967783146808,5.));
#4523=CARTESIAN_POINT('Ctrl Pts',(1.92317712573035,15.0191231648786,0.));
#4524=CARTESIAN_POINT('Ctrl Pts',(1.92317712573035,15.0191231648786,5.));
#4525=CARTESIAN_POINT('Ctrl Pts',(1.90999397584267,15.0704561536318,0.));
#4526=CARTESIAN_POINT('Ctrl Pts',(1.90999397584267,15.0704561536318,5.));
#4527=CARTESIAN_POINT('Ctrl Pts',(1.89627297312156,15.1217788610528,0.));
#4528=CARTESIAN_POINT('Ctrl Pts',(1.89627297312156,15.1217788610528,5.));
#4529=CARTESIAN_POINT('Ctrl Pts',(1.88203989327388,15.1730878245483,0.));
#4530=CARTESIAN_POINT('Ctrl Pts',(1.88203989327388,15.1730878245483,5.));
#4531=CARTESIAN_POINT('Ctrl Pts',(1.86731988854564,15.2243796760436,0.));
#4532=CARTESIAN_POINT('Ctrl Pts',(1.86731988854564,15.2243796760436,5.));
#4533=CARTESIAN_POINT('Ctrl Pts',(1.8521300748788,15.2756514925171,0.));
#4534=CARTESIAN_POINT('Ctrl Pts',(1.8521300748788,15.2756514925171,5.));
#4535=CARTESIAN_POINT('Ctrl Pts',(1.83647821893213,15.3269008539246,0.));
#4536=CARTESIAN_POINT('Ctrl Pts',(1.83647821893213,15.3269008539246,5.));
#4537=CARTESIAN_POINT('Ctrl Pts',(1.82036659784808,15.3781256528457,0.));
#4538=CARTESIAN_POINT('Ctrl Pts',(1.82036659784808,15.3781256528457,5.));
#4539=CARTESIAN_POINT('Ctrl Pts',(1.80379446108758,15.4293239715352,0.));
#4540=CARTESIAN_POINT('Ctrl Pts',(1.80379446108758,15.4293239715352,5.));
#4541=CARTESIAN_POINT('Ctrl Pts',(1.78676083053,15.4804939431549,0.));
#4542=CARTESIAN_POINT('Ctrl Pts',(1.78676083053,15.4804939431549,5.));
#4543=CARTESIAN_POINT('Ctrl Pts',(1.76926774177037,15.5316335917172,0.));
#4544=CARTESIAN_POINT('Ctrl Pts',(1.76926774177037,15.5316335917172,5.));
#4545=CARTESIAN_POINT('Ctrl Pts',(1.75132068220392,15.5827408086001,0.));
#4546=CARTESIAN_POINT('Ctrl Pts',(1.75132068220392,15.5827408086001,5.));
#4547=CARTESIAN_POINT('Ctrl Pts',(1.73292700331638,15.6338134277219,0.));
#4548=CARTESIAN_POINT('Ctrl Pts',(1.73292700331638,15.6338134277219,5.));
#4549=CARTESIAN_POINT('Ctrl Pts',(1.71409490106277,15.6848492735483,0.));
#4550=CARTESIAN_POINT('Ctrl Pts',(1.71409490106277,15.6848492735483,5.));
#4551=CARTESIAN_POINT('Ctrl Pts',(1.69483226472071,15.7358462155631,0.));
#4552=CARTESIAN_POINT('Ctrl Pts',(1.69483226472071,15.7358462155631,5.));
#4553=CARTESIAN_POINT('Ctrl Pts',(1.67514534099124,15.7868022326587,0.));
#4554=CARTESIAN_POINT('Ctrl Pts',(1.67514534099124,15.7868022326587,5.));
#4555=CARTESIAN_POINT('Ctrl Pts',(1.65503859612398,15.8377154171204,0.));
#4556=CARTESIAN_POINT('Ctrl Pts',(1.65503859612398,15.8377154171204,5.));
#4557=CARTESIAN_POINT('Ctrl Pts',(1.63451540140161,15.8885839373864,0.));
#4558=CARTESIAN_POINT('Ctrl Pts',(1.63451540140161,15.8885839373864,5.));
#4559=CARTESIAN_POINT('Ctrl Pts',(1.61357849056887,15.9394060125613,0.));
#4560=CARTESIAN_POINT('Ctrl Pts',(1.61357849056887,15.9394060125613,5.));
#4561=CARTESIAN_POINT('Ctrl Pts',(1.59223047023234,15.9901798849073,0.));
#4562=CARTESIAN_POINT('Ctrl Pts',(1.59223047023234,15.9901798849073,5.));
#4563=CARTESIAN_POINT('Ctrl Pts',(1.57047441783103,16.0409037875524,0.));
#4564=CARTESIAN_POINT('Ctrl Pts',(1.57047441783103,16.0409037875524,5.));
#4565=CARTESIAN_POINT('Ctrl Pts',(1.54831396462259,16.091575941517,0.));
#4566=CARTESIAN_POINT('Ctrl Pts',(1.54831396462259,16.091575941517,5.));
#4567=CARTESIAN_POINT('Ctrl Pts',(1.52575300566689,16.142194573699,0.));
#4568=CARTESIAN_POINT('Ctrl Pts',(1.52575300566689,16.142194573699,5.));
#4569=CARTESIAN_POINT('Ctrl Pts',(1.50279551628519,16.1927579298344,0.));
#4570=CARTESIAN_POINT('Ctrl Pts',(1.50279551628519,16.1927579298344,5.));
#4571=CARTESIAN_POINT('Ctrl Pts',(1.47944534546785,16.2432642880075,0.));
#4572=CARTESIAN_POINT('Ctrl Pts',(1.47944534546785,16.2432642880075,5.));
#4573=CARTESIAN_POINT('Ctrl Pts',(1.45570597815609,16.293711977146,0.));
#4574=CARTESIAN_POINT('Ctrl Pts',(1.45570597815609,16.293711977146,5.));
#4575=CARTESIAN_POINT('Ctrl Pts',(1.43158049816676,16.3440993738581,0.));
#4576=CARTESIAN_POINT('Ctrl Pts',(1.43158049816676,16.3440993738581,5.));
#4577=CARTESIAN_POINT('Ctrl Pts',(1.40707172286495,16.394424881835,0.));
#4578=CARTESIAN_POINT('Ctrl Pts',(1.40707172286495,16.394424881835,5.));
#4579=CARTESIAN_POINT('Ctrl Pts',(1.38218229475614,16.4446869155736,0.));
#4580=CARTESIAN_POINT('Ctrl Pts',(1.38218229475614,16.4446869155736,5.));
#4581=CARTESIAN_POINT('Ctrl Pts',(1.35691478400647,16.494883885266,0.));
#4582=CARTESIAN_POINT('Ctrl Pts',(1.35691478400647,16.494883885266,5.));
#4583=CARTESIAN_POINT('Ctrl Pts',(1.33127181179954,16.5450141756268,0.));
#4584=CARTESIAN_POINT('Ctrl Pts',(1.33127181179954,16.5450141756268,5.));
#4585=CARTESIAN_POINT('Ctrl Pts',(1.30525607909584,16.5950761509799,0.));
#4586=CARTESIAN_POINT('Ctrl Pts',(1.30525607909584,16.5950761509799,5.));
#4587=CARTESIAN_POINT('Ctrl Pts',(1.27887029133288,16.6450681871753,0.));
#4588=CARTESIAN_POINT('Ctrl Pts',(1.27887029133288,16.6450681871753,5.));
#4589=CARTESIAN_POINT('Ctrl Pts',(1.25211711127305,16.6949886989286,0.));
#4590=CARTESIAN_POINT('Ctrl Pts',(1.25211711127305,16.6949886989286,5.));
#4591=CARTESIAN_POINT('Ctrl Pts',(1.22499910817967,16.7448361649002,0.));
#4592=CARTESIAN_POINT('Ctrl Pts',(1.22499910817967,16.7448361649002,5.));
#4593=CARTESIAN_POINT('Ctrl Pts',(1.19751869875797,16.7946091656503,0.));
#4594=CARTESIAN_POINT('Ctrl Pts',(1.19751869875797,16.7946091656503,5.));
#4595=CARTESIAN_POINT('Ctrl Pts',(1.16967813794478,16.8443063770237,0.));
#4596=CARTESIAN_POINT('Ctrl Pts',(1.16967813794478,16.8443063770237,5.));
#4597=CARTESIAN_POINT('Ctrl Pts',(1.14147958682507,16.8939264969443,0.));
#4598=CARTESIAN_POINT('Ctrl Pts',(1.14147958682507,16.8939264969443,5.));
#4599=CARTESIAN_POINT('Ctrl Pts',(1.11292516703255,16.9434681851668,0.));
#4600=CARTESIAN_POINT('Ctrl Pts',(1.11292516703255,16.9434681851668,5.));
#4601=CARTESIAN_POINT('Ctrl Pts',(1.0840170172419,16.992930005636,0.));
#4602=CARTESIAN_POINT('Ctrl Pts',(1.0840170172419,16.992930005636,5.));
#4603=CARTESIAN_POINT('Ctrl Pts',(1.05475736552138,17.0423103507837,0.));
#4604=CARTESIAN_POINT('Ctrl Pts',(1.05475736552138,17.0423103507837,5.));
#4605=CARTESIAN_POINT('Ctrl Pts',(1.02514855212895,17.091607430024,0.));
#4606=CARTESIAN_POINT('Ctrl Pts',(1.02514855212895,17.091607430024,5.));
#4607=CARTESIAN_POINT('Ctrl Pts',(0.995192920095965,17.1408194222995,0.));
#4608=CARTESIAN_POINT('Ctrl Pts',(0.995192920095965,17.1408194222995,5.));
#4609=CARTESIAN_POINT('Ctrl Pts',(0.964892732620675,17.1899445999944,0.));
#4610=CARTESIAN_POINT('Ctrl Pts',(0.964892732620675,17.1899445999944,5.));
#4611=CARTESIAN_POINT('Ctrl Pts',(0.934250083854098,17.2389814599646,0.));
#4612=CARTESIAN_POINT('Ctrl Pts',(0.934250083854098,17.2389814599646,5.));
#4613=CARTESIAN_POINT('Ctrl Pts',(0.903266811133134,17.2879288640668,0.));
#4614=CARTESIAN_POINT('Ctrl Pts',(0.903266811133134,17.2879288640668,5.));
#4615=CARTESIAN_POINT('Ctrl Pts',(0.871944419907772,17.3367861421872,0.));
#4616=CARTESIAN_POINT('Ctrl Pts',(0.871944419907772,17.3367861421872,5.));
#4617=CARTESIAN_POINT('Ctrl Pts',(0.840284085901619,17.3855529617594,0.));
#4618=CARTESIAN_POINT('Ctrl Pts',(0.840284085901619,17.3855529617594,5.));
#4619=CARTESIAN_POINT('Ctrl Pts',(0.814686136758528,17.424493973308,0.));
#4620=CARTESIAN_POINT('Ctrl Pts',(0.814686136758528,17.424493973308,5.));
#4621=CARTESIAN_POINT('Ctrl Pts',(0.795336205787363,17.4536589945522,0.));
#4622=CARTESIAN_POINT('Ctrl Pts',(0.795336205787363,17.4536589945522,5.));
#4623=CARTESIAN_POINT('Ctrl Pts',(0.782368954552817,17.4730842425744,0.));
#4624=CARTESIAN_POINT('Ctrl Pts',(0.782368954552817,17.4730842425744,5.));
#4625=CARTESIAN_POINT('Ctrl Pts',(0.775868504622462,17.4827923417152,0.));
#4626=CARTESIAN_POINT('Ctrl Pts',(0.775868504622462,17.4827923417152,5.));
#4627=CARTESIAN_POINT('Ctrl Pts',(8.0694743358583,15.5284765493246,0.));
#4628=CARTESIAN_POINT('Ctrl Pts',(8.0694743358583,15.5284765493246,5.));
#4629=CARTESIAN_POINT('Ctrl Pts',(8.05899073151217,15.5233193138114,0.));
#4630=CARTESIAN_POINT('Ctrl Pts',(8.05899073151217,15.5233193138114,5.));
#4631=CARTESIAN_POINT('Ctrl Pts',(8.03804813851471,15.5129801811666,0.));
#4632=CARTESIAN_POINT('Ctrl Pts',(8.03804813851471,15.5129801811666,5.));
#4633=CARTESIAN_POINT('Ctrl Pts',(8.00670809611014,15.4973974973529,0.));
#4634=CARTESIAN_POINT('Ctrl Pts',(8.00670809611014,15.4973974973529,5.));
#4635=CARTESIAN_POINT('Ctrl Pts',(7.96506911609313,15.4764725666743,0.));
#4636=CARTESIAN_POINT('Ctrl Pts',(7.96506911609313,15.4764725666743,5.));
#4637=CARTESIAN_POINT('Ctrl Pts',(7.9132670527654,15.450069429066,0.));
#4638=CARTESIAN_POINT('Ctrl Pts',(7.9132670527654,15.450069429066,5.));
#4639=CARTESIAN_POINT('Ctrl Pts',(7.86171242719677,15.4234189806667,0.));
#4640=CARTESIAN_POINT('Ctrl Pts',(7.86171242719677,15.4234189806667,5.));
#4641=CARTESIAN_POINT('Ctrl Pts',(7.81040642387693,15.3965209216254,0.));
#4642=CARTESIAN_POINT('Ctrl Pts',(7.81040642387693,15.3965209216254,5.));
#4643=CARTESIAN_POINT('Ctrl Pts',(7.75935068162071,15.3693750795526,0.));
#4644=CARTESIAN_POINT('Ctrl Pts',(7.75935068162071,15.3693750795526,5.));
#4645=CARTESIAN_POINT('Ctrl Pts',(7.70854736068021,15.341981521441,0.));
#4646=CARTESIAN_POINT('Ctrl Pts',(7.70854736068021,15.341981521441,5.));
#4647=CARTESIAN_POINT('Ctrl Pts',(7.65799902621549,15.3143405019761,0.));
#4648=CARTESIAN_POINT('Ctrl Pts',(7.65799902621549,15.3143405019761,5.));
#4649=CARTESIAN_POINT('Ctrl Pts',(7.60770850202161,15.2864523857179,0.));
#4650=CARTESIAN_POINT('Ctrl Pts',(7.60770850202161,15.2864523857179,5.));
#4651=CARTESIAN_POINT('Ctrl Pts',(7.55767872775187,15.2583175782325,0.));
#4652=CARTESIAN_POINT('Ctrl Pts',(7.55767872775187,15.2583175782325,5.));
#4653=CARTESIAN_POINT('Ctrl Pts',(7.50791262542215,15.2299364600841,0.));
#4654=CARTESIAN_POINT('Ctrl Pts',(7.50791262542215,15.2299364600841,5.));
#4655=CARTESIAN_POINT('Ctrl Pts',(7.45841292838025,15.2013093094333,0.));
#4656=CARTESIAN_POINT('Ctrl Pts',(7.45841292838025,15.2013093094333,5.));
#4657=CARTESIAN_POINT('Ctrl Pts',(7.40918220680039,15.1724363006031,0.));
#4658=CARTESIAN_POINT('Ctrl Pts',(7.40918220680039,15.1724363006031,5.));
#4659=CARTESIAN_POINT('Ctrl Pts',(7.36022296819386,15.1433175334631,0.));
#4660=CARTESIAN_POINT('Ctrl Pts',(7.36022296819386,15.1433175334631,5.));
#4661=CARTESIAN_POINT('Ctrl Pts',(7.3115377351532,15.1139530551018,0.));
#4662=CARTESIAN_POINT('Ctrl Pts',(7.3115377351532,15.1139530551018,5.));
#4663=CARTESIAN_POINT('Ctrl Pts',(7.26312912258864,15.0843428848028,0.));
#4664=CARTESIAN_POINT('Ctrl Pts',(7.26312912258864,15.0843428848028,5.));
#4665=CARTESIAN_POINT('Ctrl Pts',(7.21499993314817,15.0544870434844,0.));
#4666=CARTESIAN_POINT('Ctrl Pts',(7.21499993314817,15.0544870434844,5.));
#4667=CARTESIAN_POINT('Ctrl Pts',(7.16715315254888,15.0243855640338,0.));
#4668=CARTESIAN_POINT('Ctrl Pts',(7.16715315254888,15.0243855640338,5.));
#4669=CARTESIAN_POINT('Ctrl Pts',(7.11959187945289,14.9940384879663,0.));
#4670=CARTESIAN_POINT('Ctrl Pts',(7.11959187945289,14.9940384879663,5.));
#4671=CARTESIAN_POINT('Ctrl Pts',(7.07231926891271,14.9634458691181,0.));
#4672=CARTESIAN_POINT('Ctrl Pts',(7.07231926891271,14.9634458691181,5.));
#4673=CARTESIAN_POINT('Ctrl Pts',(7.02533847786691,14.9326077735464,0.));
#4674=CARTESIAN_POINT('Ctrl Pts',(7.02533847786691,14.9326077735464,5.));
#4675=CARTESIAN_POINT('Ctrl Pts',(6.97865258396972,14.9015242895373,0.));
#4676=CARTESIAN_POINT('Ctrl Pts',(6.97865258396972,14.9015242895373,5.));
#4677=CARTESIAN_POINT('Ctrl Pts',(6.93226460795425,14.8701955088218,0.));
#4678=CARTESIAN_POINT('Ctrl Pts',(6.93226460795425,14.8701955088218,5.));
#4679=CARTESIAN_POINT('Ctrl Pts',(6.88617763104895,14.8386214832332,0.));
#4680=CARTESIAN_POINT('Ctrl Pts',(6.88617763104895,14.8386214832332,5.));
#4681=CARTESIAN_POINT('Ctrl Pts',(6.84039489131794,14.806802186533,0.));
#4682=CARTESIAN_POINT('Ctrl Pts',(6.84039489131794,14.806802186533,5.));
#4683=CARTESIAN_POINT('Ctrl Pts',(6.79491987112085,14.7747374827111,0.));
#4684=CARTESIAN_POINT('Ctrl Pts',(6.79491987112085,14.7747374827111,5.));
#4685=CARTESIAN_POINT('Ctrl Pts',(6.74975642404153,14.7424270764881,0.));
#4686=CARTESIAN_POINT('Ctrl Pts',(6.74975642404153,14.7424270764881,5.));
#4687=CARTESIAN_POINT('Ctrl Pts',(6.70490874436112,14.7098705345915,0.));
#4688=CARTESIAN_POINT('Ctrl Pts',(6.70490874436112,14.7098705345915,5.));
#4689=CARTESIAN_POINT('Ctrl Pts',(6.66038115194095,14.6770673885979,0.));
#4690=CARTESIAN_POINT('Ctrl Pts',(6.66038115194095,14.6770673885979,5.));
#4691=CARTESIAN_POINT('Ctrl Pts',(6.6161779065528,14.6440172265288,0.));
#4692=CARTESIAN_POINT('Ctrl Pts',(6.6161779065528,14.6440172265288,5.));
#4693=CARTESIAN_POINT('Ctrl Pts',(6.57230304244785,14.6107197733969,0.));
#4694=CARTESIAN_POINT('Ctrl Pts',(6.57230304244785,14.6107197733969,5.));
#4695=CARTESIAN_POINT('Ctrl Pts',(6.52876010820249,14.5771750206388,0.));
#4696=CARTESIAN_POINT('Ctrl Pts',(6.52876010820249,14.5771750206388,5.));
#4697=CARTESIAN_POINT('Ctrl Pts',(6.48555224007311,14.5433831871967,0.));
#4698=CARTESIAN_POINT('Ctrl Pts',(6.48555224007311,14.5433831871967,5.));
#4699=CARTESIAN_POINT('Ctrl Pts',(6.44268269599981,14.509344448499,0.));
#4700=CARTESIAN_POINT('Ctrl Pts',(6.44268269599981,14.509344448499,5.));
#4701=CARTESIAN_POINT('Ctrl Pts',(6.40015531137992,14.4750587050833,0.));
#4702=CARTESIAN_POINT('Ctrl Pts',(6.40015531137992,14.4750587050833,5.));
#4703=CARTESIAN_POINT('Ctrl Pts',(6.35797490795641,14.4405253759541,0.));
#4704=CARTESIAN_POINT('Ctrl Pts',(6.35797490795641,14.4405253759541,5.));
#4705=CARTESIAN_POINT('Ctrl Pts',(6.31614790608495,14.4057430880917,0.));
#4706=CARTESIAN_POINT('Ctrl Pts',(6.31614790608495,14.4057430880917,5.));
#4707=CARTESIAN_POINT('Ctrl Pts',(6.27468220333836,14.3707097419381,0.));
#4708=CARTESIAN_POINT('Ctrl Pts',(6.27468220333836,14.3707097419381,5.));
#4709=CARTESIAN_POINT('Ctrl Pts',(6.23358598538912,14.335423123584,0.));
#4710=CARTESIAN_POINT('Ctrl Pts',(6.23358598538912,14.335423123584,5.));
#4711=CARTESIAN_POINT('Ctrl Pts',(6.19286670185148,14.2998814331683,0.));
#4712=CARTESIAN_POINT('Ctrl Pts',(6.19286670185148,14.2998814331683,5.));
#4713=CARTESIAN_POINT('Ctrl Pts',(6.15253015926011,14.2640837531135,0.));
#4714=CARTESIAN_POINT('Ctrl Pts',(6.15253015926011,14.2640837531135,5.));
#4715=CARTESIAN_POINT('Ctrl Pts',(6.11257910848578,14.2280307768776,0.));
#4716=CARTESIAN_POINT('Ctrl Pts',(6.11257910848578,14.2280307768776,5.));
#4717=CARTESIAN_POINT('Ctrl Pts',(6.0730136358703,14.1917246102502,0.));
#4718=CARTESIAN_POINT('Ctrl Pts',(6.0730136358703,14.1917246102502,5.));
#4719=CARTESIAN_POINT('Ctrl Pts',(6.03383405030034,14.1551672893169,0.));
#4720=CARTESIAN_POINT('Ctrl Pts',(6.03383405030034,14.1551672893169,5.));
#4721=CARTESIAN_POINT('Ctrl Pts',(5.99504337754933,14.118359500586,0.));
#4722=CARTESIAN_POINT('Ctrl Pts',(5.99504337754933,14.118359500586,5.));
#4723=CARTESIAN_POINT('Ctrl Pts',(5.95664955376322,14.0812994565481,0.));
#4724=CARTESIAN_POINT('Ctrl Pts',(5.95664955376322,14.0812994565481,5.));
#4725=CARTESIAN_POINT('Ctrl Pts',(5.91866886329326,14.043981130643,0.));
#4726=CARTESIAN_POINT('Ctrl Pts',(5.91866886329326,14.043981130643,5.));
#4727=CARTESIAN_POINT('Ctrl Pts',(5.88112477266093,14.006394863586,0.));
#4728=CARTESIAN_POINT('Ctrl Pts',(5.88112477266093,14.006394863586,5.));
#4729=CARTESIAN_POINT('Ctrl Pts',(5.84404133557969,13.9685307662174,0.));
#4730=CARTESIAN_POINT('Ctrl Pts',(5.84404133557969,13.9685307662174,5.));
#4731=CARTESIAN_POINT('Ctrl Pts',(5.80743744232501,13.9303816873349,0.));
#4732=CARTESIAN_POINT('Ctrl Pts',(5.80743744232501,13.9303816873349,5.));
#4733=CARTESIAN_POINT('Ctrl Pts',(5.77132187980766,13.8919457653534,0.));
#4734=CARTESIAN_POINT('Ctrl Pts',(5.77132187980766,13.8919457653534,5.));
#4735=CARTESIAN_POINT('Ctrl Pts',(5.73568519194851,13.8532306255478,0.));
#4736=CARTESIAN_POINT('Ctrl Pts',(5.73568519194851,13.8532306255478,5.));
#4737=CARTESIAN_POINT('Ctrl Pts',(5.70050405653275,13.814251141054,0.));
#4738=CARTESIAN_POINT('Ctrl Pts',(5.70050405653275,13.814251141054,5.));
#4739=CARTESIAN_POINT('Ctrl Pts',(5.66575705483834,13.7750213360728,0.));
#4740=CARTESIAN_POINT('Ctrl Pts',(5.66575705483834,13.7750213360728,5.));
#4741=CARTESIAN_POINT('Ctrl Pts',(5.63143858229395,13.7355472441521,0.));
#4742=CARTESIAN_POINT('Ctrl Pts',(5.63143858229395,13.7355472441521,5.));
#4743=CARTESIAN_POINT('Ctrl Pts',(5.59757076246697,13.695820796235,0.));
#4744=CARTESIAN_POINT('Ctrl Pts',(5.59757076246697,13.695820796235,5.));
#4745=CARTESIAN_POINT('Ctrl Pts',(5.56422310743184,13.6558097186746,0.));
#4746=CARTESIAN_POINT('Ctrl Pts',(5.56422310743184,13.6558097186746,5.));
#4747=CARTESIAN_POINT('Ctrl Pts',(5.53149827564783,13.6154648966494,0.));
#4748=CARTESIAN_POINT('Ctrl Pts',(5.53149827564783,13.6154648966494,5.));
#4749=CARTESIAN_POINT('Ctrl Pts',(5.49949649093528,13.5747387420693,0.));
#4750=CARTESIAN_POINT('Ctrl Pts',(5.49949649093528,13.5747387420693,5.));
#4751=CARTESIAN_POINT('Ctrl Pts',(5.46828353559778,13.5336016990853,0.));
#4752=CARTESIAN_POINT('Ctrl Pts',(5.46828353559778,13.5336016990853,5.));
#4753=CARTESIAN_POINT('Ctrl Pts',(5.43786339923144,13.4920564005173,0.));
#4754=CARTESIAN_POINT('Ctrl Pts',(5.43786339923144,13.4920564005173,5.));
#4755=CARTESIAN_POINT('Ctrl Pts',(5.40813322482775,13.4501608220269,0.));
#4756=CARTESIAN_POINT('Ctrl Pts',(5.40813322482775,13.4501608220269,5.));
#4757=CARTESIAN_POINT('Ctrl Pts',(5.37893396103472,13.408002748122,0.));
#4758=CARTESIAN_POINT('Ctrl Pts',(5.37893396103472,13.408002748122,5.));
#4759=CARTESIAN_POINT('Ctrl Pts',(5.35013802435942,13.3656553865605,0.));
#4760=CARTESIAN_POINT('Ctrl Pts',(5.35013802435942,13.3656553865605,5.));
#4761=CARTESIAN_POINT('Ctrl Pts',(5.32172871262061,13.3231372256531,0.));
#4762=CARTESIAN_POINT('Ctrl Pts',(5.32172871262061,13.3231372256531,5.));
#4763=CARTESIAN_POINT('Ctrl Pts',(5.293874806267,13.2803742394523,0.));
#4764=CARTESIAN_POINT('Ctrl Pts',(5.293874806267,13.2803742394523,5.));
#4765=CARTESIAN_POINT('Ctrl Pts',(5.26702940280938,13.2371500277008,0.));
#4766=CARTESIAN_POINT('Ctrl Pts',(5.26702940280938,13.2371500277008,5.));
#4767=CARTESIAN_POINT('Ctrl Pts',(5.24181241759123,13.1931638561454,0.));
#4768=CARTESIAN_POINT('Ctrl Pts',(5.24181241759123,13.1931638561454,5.));
#4769=CARTESIAN_POINT('Ctrl Pts',(5.22344540527423,13.1571194666405,0.));
#4770=CARTESIAN_POINT('Ctrl Pts',(5.22344540527423,13.1571194666405,5.));
#4771=CARTESIAN_POINT('Ctrl Pts',(5.21090986602477,13.129495529139,0.));
#4772=CARTESIAN_POINT('Ctrl Pts',(5.21090986602477,13.129495529139,5.));
#4773=CARTESIAN_POINT('Ctrl Pts',(5.20313240506179,13.1108030336495,0.));
#4774=CARTESIAN_POINT('Ctrl Pts',(5.20313240506179,13.1108030336495,5.));
#4775=CARTESIAN_POINT('Ctrl Pts',(5.19938856814701,13.101387650486,0.));
#4776=CARTESIAN_POINT('Ctrl Pts',(5.19938856814701,13.101387650486,5.));
#4777=CARTESIAN_POINT('',(8.0694743358583,15.5284765493246,0.));
#4778=CARTESIAN_POINT('Origin',(8.99280649946377E-14,1.55759977597069E-13,
0.));
#4779=CARTESIAN_POINT('',(9.41331800585689,14.7526080447021,0.));
#4780=CARTESIAN_POINT('Ctrl Pts',(8.7464402460751,11.0534964094047,0.));
#4781=CARTESIAN_POINT('Ctrl Pts',(8.7464402460751,11.0534964094047,5.));
#4782=CARTESIAN_POINT('Ctrl Pts',(8.75272228862367,11.0614463588623,0.));
#4783=CARTESIAN_POINT('Ctrl Pts',(8.75272228862367,11.0614463588623,5.));
#4784=CARTESIAN_POINT('Ctrl Pts',(8.76502173409619,11.0775280853779,0.));
#4785=CARTESIAN_POINT('Ctrl Pts',(8.76502173409619,11.0775280853779,5.));
#4786=CARTESIAN_POINT('Ctrl Pts',(8.78267699610031,11.1021961495688,0.));
#4787=CARTESIAN_POINT('Ctrl Pts',(8.78267699610031,11.1021961495688,5.));
#4788=CARTESIAN_POINT('Ctrl Pts',(8.80470884691701,11.1361246435795,0.));
#4789=CARTESIAN_POINT('Ctrl Pts',(8.80470884691701,11.1361246435795,5.));
#4790=CARTESIAN_POINT('Ctrl Pts',(8.83019349629008,11.1799562791629,0.));
#4791=CARTESIAN_POINT('Ctrl Pts',(8.83019349629008,11.1799562791629,5.));
#4792=CARTESIAN_POINT('Ctrl Pts',(8.85420405999663,11.2248171864078,0.));
#4793=CARTESIAN_POINT('Ctrl Pts',(8.85420405999663,11.2248171864078,5.));
#4794=CARTESIAN_POINT('Ctrl Pts',(8.87731093921144,11.2703208700051,0.));
#4795=CARTESIAN_POINT('Ctrl Pts',(8.87731093921144,11.2703208700051,5.));
#4796=CARTESIAN_POINT('Ctrl Pts',(8.89992809081003,11.3161831361286,0.));
#4797=CARTESIAN_POINT('Ctrl Pts',(8.89992809081003,11.3161831361286,5.));
#4798=CARTESIAN_POINT('Ctrl Pts',(8.92220401336789,11.3622948295959,0.));
#4799=CARTESIAN_POINT('Ctrl Pts',(8.92220401336789,11.3622948295959,5.));
#4800=CARTESIAN_POINT('Ctrl Pts',(8.94411434444757,11.4086611707649,0.));
#4801=CARTESIAN_POINT('Ctrl Pts',(8.94411434444757,11.4086611707649,5.));
#4802=CARTESIAN_POINT('Ctrl Pts',(8.96553189252468,11.4553560463027,0.));
#4803=CARTESIAN_POINT('Ctrl Pts',(8.96553189252468,11.4553560463027,5.));
#4804=CARTESIAN_POINT('Ctrl Pts',(8.98630110830926,11.5024733064665,0.));
#4805=CARTESIAN_POINT('Ctrl Pts',(8.98630110830926,11.5024733064665,5.));
#4806=CARTESIAN_POINT('Ctrl Pts',(9.00632035490116,11.550073040208,0.));
#4807=CARTESIAN_POINT('Ctrl Pts',(9.00632035490116,11.550073040208,5.));
#4808=CARTESIAN_POINT('Ctrl Pts',(9.02558934700973,11.5981504760255,0.));
#4809=CARTESIAN_POINT('Ctrl Pts',(9.02558934700973,11.5981504760255,5.));
#4810=CARTESIAN_POINT('Ctrl Pts',(9.04416657190271,11.6466634226977,0.));
#4811=CARTESIAN_POINT('Ctrl Pts',(9.04416657190271,11.6466634226977,5.));
#4812=CARTESIAN_POINT('Ctrl Pts',(9.06214335398528,11.6955488778949,0.));
#4813=CARTESIAN_POINT('Ctrl Pts',(9.06214335398528,11.6955488778949,5.));
#4814=CARTESIAN_POINT('Ctrl Pts',(9.07961355717006,11.7447424941944,0.));
#4815=CARTESIAN_POINT('Ctrl Pts',(9.07961355717006,11.7447424941944,5.));
#4816=CARTESIAN_POINT('Ctrl Pts',(9.09663988729252,11.7942002091973,0.));
#4817=CARTESIAN_POINT('Ctrl Pts',(9.09663988729252,11.7942002091973,5.));
#4818=CARTESIAN_POINT('Ctrl Pts',(9.11324039414459,11.8439068978606,0.));
#4819=CARTESIAN_POINT('Ctrl Pts',(9.11324039414459,11.8439068978606,5.));
#4820=CARTESIAN_POINT('Ctrl Pts',(9.12940705023471,11.8938643971115,0.));
#4821=CARTESIAN_POINT('Ctrl Pts',(9.12940705023471,11.8938643971115,5.));
#4822=CARTESIAN_POINT('Ctrl Pts',(9.14511700088791,11.9440842440071,0.));
#4823=CARTESIAN_POINT('Ctrl Pts',(9.14511700088791,11.9440842440071,5.));
#4824=CARTESIAN_POINT('Ctrl Pts',(9.16034570448302,11.9945791996098,0.));
#4825=CARTESIAN_POINT('Ctrl Pts',(9.16034570448302,11.9945791996098,5.));
#4826=CARTESIAN_POINT('Ctrl Pts',(9.17508182929893,12.045353640487,0.));
#4827=CARTESIAN_POINT('Ctrl Pts',(9.17508182929893,12.045353640487,5.));
#4828=CARTESIAN_POINT('Ctrl Pts',(9.18933138097091,12.0964008877434,0.));
#4829=CARTESIAN_POINT('Ctrl Pts',(9.18933138097091,12.0964008877434,5.));
#4830=CARTESIAN_POINT('Ctrl Pts',(9.2031099977595,12.1477081575214,0.));
#4831=CARTESIAN_POINT('Ctrl Pts',(9.2031099977595,12.1477081575214,5.));
#4832=CARTESIAN_POINT('Ctrl Pts',(9.21643827078509,12.1992595632743,0.));
#4833=CARTESIAN_POINT('Ctrl Pts',(9.21643827078509,12.1992595632743,5.));
#4834=CARTESIAN_POINT('Ctrl Pts',(9.22933629849424,12.2510396120404,0.));
#4835=CARTESIAN_POINT('Ctrl Pts',(9.22933629849424,12.2510396120404,5.));
#4836=CARTESIAN_POINT('Ctrl Pts',(9.24181744221678,12.3030372144381,0.));
#4837=CARTESIAN_POINT('Ctrl Pts',(9.24181744221678,12.3030372144381,5.));
#4838=CARTESIAN_POINT('Ctrl Pts',(9.25388721805434,12.3552463913181,0.));
#4839=CARTESIAN_POINT('Ctrl Pts',(9.25388721805434,12.3552463913181,5.));
#4840=CARTESIAN_POINT('Ctrl Pts',(9.26554654435996,12.4076641790295,0.));
#4841=CARTESIAN_POINT('Ctrl Pts',(9.26554654435996,12.4076641790295,5.));
#4842=CARTESIAN_POINT('Ctrl Pts',(9.27679381227511,12.4602892920259,0.));
#4843=CARTESIAN_POINT('Ctrl Pts',(9.27679381227511,12.4602892920259,5.));
#4844=CARTESIAN_POINT('Ctrl Pts',(9.2876272413034,12.5131206026383,0.));
#4845=CARTESIAN_POINT('Ctrl Pts',(9.2876272413034,12.5131206026383,5.));
#4846=CARTESIAN_POINT('Ctrl Pts',(9.29804760632805,12.5661553818136,0.));
#4847=CARTESIAN_POINT('Ctrl Pts',(9.29804760632805,12.5661553818136,5.));
#4848=CARTESIAN_POINT('Ctrl Pts',(9.30805860526174,12.6193890597342,0.));
#4849=CARTESIAN_POINT('Ctrl Pts',(9.30805860526174,12.6193890597342,5.));
#4850=CARTESIAN_POINT('Ctrl Pts',(9.317665521637,12.6728160847753,0.));
#4851=CARTESIAN_POINT('Ctrl Pts',(9.317665521637,12.6728160847753,5.));
#4852=CARTESIAN_POINT('Ctrl Pts',(9.32687436559188,12.7264304748913,0.));
#4853=CARTESIAN_POINT('Ctrl Pts',(9.32687436559188,12.7264304748913,5.));
#4854=CARTESIAN_POINT('Ctrl Pts',(9.33569090418322,12.7802264403625,0.));
#4855=CARTESIAN_POINT('Ctrl Pts',(9.33569090418322,12.7802264403625,5.));
#4856=CARTESIAN_POINT('Ctrl Pts',(9.34411953665894,12.8341991075077,0.));
#4857=CARTESIAN_POINT('Ctrl Pts',(9.34411953665894,12.8341991075077,5.));
#4858=CARTESIAN_POINT('Ctrl Pts',(9.3521631770473,12.8883445910727,0.));
#4859=CARTESIAN_POINT('Ctrl Pts',(9.3521631770473,12.8883445910727,5.));
#4860=CARTESIAN_POINT('Ctrl Pts',(9.35982382918392,12.9426596192372,0.));
#4861=CARTESIAN_POINT('Ctrl Pts',(9.35982382918392,12.9426596192372,5.));
#4862=CARTESIAN_POINT('Ctrl Pts',(9.36710297011343,12.997141282828,0.));
#4863=CARTESIAN_POINT('Ctrl Pts',(9.36710297011343,12.997141282828,5.));
#4864=CARTESIAN_POINT('Ctrl Pts',(9.3740019783545,13.0517867562965,0.));
#4865=CARTESIAN_POINT('Ctrl Pts',(9.3740019783545,13.0517867562965,5.));
#4866=CARTESIAN_POINT('Ctrl Pts',(9.38052263561145,13.1065929707669,0.));
#4867=CARTESIAN_POINT('Ctrl Pts',(9.38052263561145,13.1065929707669,5.));
#4868=CARTESIAN_POINT('Ctrl Pts',(9.38666719715584,13.1615565699689,0.));
#4869=CARTESIAN_POINT('Ctrl Pts',(9.38666719715584,13.1615565699689,5.));
#4870=CARTESIAN_POINT('Ctrl Pts',(9.39243814965751,13.2166740708212,0.));
#4871=CARTESIAN_POINT('Ctrl Pts',(9.39243814965751,13.2166740708212,5.));
#4872=CARTESIAN_POINT('Ctrl Pts',(9.39783805871351,13.2719419664259,0.));
#4873=CARTESIAN_POINT('Ctrl Pts',(9.39783805871351,13.2719419664259,5.));
#4874=CARTESIAN_POINT('Ctrl Pts',(9.40286939668954,13.3273568410651,0.));
#4875=CARTESIAN_POINT('Ctrl Pts',(9.40286939668954,13.3273568410651,5.));
#4876=CARTESIAN_POINT('Ctrl Pts',(9.40753434609704,13.3829155050772,0.));
#4877=CARTESIAN_POINT('Ctrl Pts',(9.40753434609704,13.3829155050772,5.));
#4878=CARTESIAN_POINT('Ctrl Pts',(9.41183476590384,13.4386150106551,0.));
#4879=CARTESIAN_POINT('Ctrl Pts',(9.41183476590384,13.4386150106551,5.));
#4880=CARTESIAN_POINT('Ctrl Pts',(9.41577229786528,13.4944525666723,0.));
#4881=CARTESIAN_POINT('Ctrl Pts',(9.41577229786528,13.4944525666723,5.));
#4882=CARTESIAN_POINT('Ctrl Pts',(9.41934843770669,13.5504254787902,0.));
#4883=CARTESIAN_POINT('Ctrl Pts',(9.41934843770669,13.5504254787902,5.));
#4884=CARTESIAN_POINT('Ctrl Pts',(9.42256461635325,13.6065310851117,0.));
#4885=CARTESIAN_POINT('Ctrl Pts',(9.42256461635325,13.6065310851117,5.));
#4886=CARTESIAN_POINT('Ctrl Pts',(9.42542229617396,13.6627666761667,0.));
#4887=CARTESIAN_POINT('Ctrl Pts',(9.42542229617396,13.6627666761667,5.));
#4888=CARTESIAN_POINT('Ctrl Pts',(9.42792299843102,13.719129484938,0.));
#4889=CARTESIAN_POINT('Ctrl Pts',(9.42792299843102,13.719129484938,5.));
#4890=CARTESIAN_POINT('Ctrl Pts',(9.43006825402713,13.7756167521516,0.));
#4891=CARTESIAN_POINT('Ctrl Pts',(9.43006825402713,13.7756167521516,5.));
#4892=CARTESIAN_POINT('Ctrl Pts',(9.43185957633994,13.8322257735297,0.));
#4893=CARTESIAN_POINT('Ctrl Pts',(9.43185957633994,13.8322257735297,5.));
#4894=CARTESIAN_POINT('Ctrl Pts',(9.43329842974696,13.8889539469221,0.));
#4895=CARTESIAN_POINT('Ctrl Pts',(9.43329842974696,13.8889539469221,5.));
#4896=CARTESIAN_POINT('Ctrl Pts',(9.43438619745643,13.9457988347051,0.));
#4897=CARTESIAN_POINT('Ctrl Pts',(9.43438619745643,13.9457988347051,5.));
#4898=CARTESIAN_POINT('Ctrl Pts',(9.43512417022331,14.0027581626583,0.));
#4899=CARTESIAN_POINT('Ctrl Pts',(9.43512417022331,14.0027581626583,5.));
#4900=CARTESIAN_POINT('Ctrl Pts',(9.43551356856401,14.0598297226082,0.));
#4901=CARTESIAN_POINT('Ctrl Pts',(9.43551356856401,14.0598297226082,5.));
#4902=CARTESIAN_POINT('Ctrl Pts',(9.43555555974461,14.1170112930516,0.));
#4903=CARTESIAN_POINT('Ctrl Pts',(9.43555555974461,14.1170112930516,5.));
#4904=CARTESIAN_POINT('Ctrl Pts',(9.43525127788411,14.1743005609906,0.));
#4905=CARTESIAN_POINT('Ctrl Pts',(9.43525127788411,14.1743005609906,5.));
#4906=CARTESIAN_POINT('Ctrl Pts',(9.43460184876214,14.2316950201965,0.));
#4907=CARTESIAN_POINT('Ctrl Pts',(9.43460184876214,14.2316950201965,5.));
#4908=CARTESIAN_POINT('Ctrl Pts',(9.43360840380851,14.2891919498472,0.));
#4909=CARTESIAN_POINT('Ctrl Pts',(9.43360840380851,14.2891919498472,5.));
#4910=CARTESIAN_POINT('Ctrl Pts',(9.43227206161925,14.346788601345,0.));
#4911=CARTESIAN_POINT('Ctrl Pts',(9.43227206161925,14.346788601345,5.));
#4912=CARTESIAN_POINT('Ctrl Pts',(9.43059391837368,14.4044823469319,0.));
#4913=CARTESIAN_POINT('Ctrl Pts',(9.43059391837368,14.4044823469319,5.));
#4914=CARTESIAN_POINT('Ctrl Pts',(9.42857503608771,14.4622708377713,0.));
#4915=CARTESIAN_POINT('Ctrl Pts',(9.42857503608771,14.4622708377713,5.));
#4916=CARTESIAN_POINT('Ctrl Pts',(9.42621643687007,14.5201521695336,0.));
#4917=CARTESIAN_POINT('Ctrl Pts',(9.42621643687007,14.5201521695336,5.));
#4918=CARTESIAN_POINT('Ctrl Pts',(9.42351908942183,14.5781250091583,0.));
#4919=CARTESIAN_POINT('Ctrl Pts',(9.42351908942183,14.5781250091583,5.));
#4920=CARTESIAN_POINT('Ctrl Pts',(9.4204838456663,14.6361884807726,0.));
#4921=CARTESIAN_POINT('Ctrl Pts',(9.4204838456663,14.6361884807726,5.));
#4922=CARTESIAN_POINT('Ctrl Pts',(9.41778587719791,14.6827113605944,0.));
#4923=CARTESIAN_POINT('Ctrl Pts',(9.41778587719791,14.6827113605944,5.));
#4924=CARTESIAN_POINT('Ctrl Pts',(9.41561085603747,14.7176439753793,0.));
#4925=CARTESIAN_POINT('Ctrl Pts',(9.41561085603747,14.7176439753793,5.));
#4926=CARTESIAN_POINT('Ctrl Pts',(9.4140935110622,14.7409503592586,0.));
#4927=CARTESIAN_POINT('Ctrl Pts',(9.4140935110622,14.7409503592586,5.));
#4928=CARTESIAN_POINT('Ctrl Pts',(9.41331800585689,14.7526080447022,0.));
#4929=CARTESIAN_POINT('Ctrl Pts',(9.41331800585689,14.7526080447022,5.));
#4930=CARTESIAN_POINT('Ctrl Pts',(14.7526080447022,9.41331800585688,0.));
#4931=CARTESIAN_POINT('Ctrl Pts',(14.7526080447022,9.41331800585688,5.));
#4932=CARTESIAN_POINT('Ctrl Pts',(14.7409503592586,9.41409351106219,0.));
#4933=CARTESIAN_POINT('Ctrl Pts',(14.7409503592586,9.41409351106219,5.));
#4934=CARTESIAN_POINT('Ctrl Pts',(14.7176439753793,9.41561085603747,0.));
#4935=CARTESIAN_POINT('Ctrl Pts',(14.7176439753793,9.41561085603747,5.));
#4936=CARTESIAN_POINT('Ctrl Pts',(14.6827113605944,9.41778587719791,0.));
#4937=CARTESIAN_POINT('Ctrl Pts',(14.6827113605944,9.41778587719791,5.));
#4938=CARTESIAN_POINT('Ctrl Pts',(14.6361884807726,9.4204838456663,0.));
#4939=CARTESIAN_POINT('Ctrl Pts',(14.6361884807726,9.4204838456663,5.));
#4940=CARTESIAN_POINT('Ctrl Pts',(14.5781250091583,9.42351908942182,0.));
#4941=CARTESIAN_POINT('Ctrl Pts',(14.5781250091583,9.42351908942182,5.));
#4942=CARTESIAN_POINT('Ctrl Pts',(14.5201521695336,9.42621643687007,0.));
#4943=CARTESIAN_POINT('Ctrl Pts',(14.5201521695336,9.42621643687007,5.));
#4944=CARTESIAN_POINT('Ctrl Pts',(14.4622708377713,9.42857503608771,0.));
#4945=CARTESIAN_POINT('Ctrl Pts',(14.4622708377713,9.42857503608771,5.));
#4946=CARTESIAN_POINT('Ctrl Pts',(14.4044823469319,9.43059391837368,0.));
#4947=CARTESIAN_POINT('Ctrl Pts',(14.4044823469319,9.43059391837368,5.));
#4948=CARTESIAN_POINT('Ctrl Pts',(14.3467886013451,9.43227206161925,0.));
#4949=CARTESIAN_POINT('Ctrl Pts',(14.3467886013451,9.43227206161925,5.));
#4950=CARTESIAN_POINT('Ctrl Pts',(14.2891919498472,9.43360840380851,0.));
#4951=CARTESIAN_POINT('Ctrl Pts',(14.2891919498472,9.43360840380851,5.));
#4952=CARTESIAN_POINT('Ctrl Pts',(14.2316950201965,9.43460184876214,0.));
#4953=CARTESIAN_POINT('Ctrl Pts',(14.2316950201965,9.43460184876214,5.));
#4954=CARTESIAN_POINT('Ctrl Pts',(14.1743005609907,9.43525127788411,0.));
#4955=CARTESIAN_POINT('Ctrl Pts',(14.1743005609907,9.43525127788411,5.));
#4956=CARTESIAN_POINT('Ctrl Pts',(14.1170112930516,9.4355555597446,0.));
#4957=CARTESIAN_POINT('Ctrl Pts',(14.1170112930516,9.4355555597446,5.));
#4958=CARTESIAN_POINT('Ctrl Pts',(14.0598297226082,9.43551356856401,0.));
#4959=CARTESIAN_POINT('Ctrl Pts',(14.0598297226082,9.43551356856401,5.));
#4960=CARTESIAN_POINT('Ctrl Pts',(14.0027581626583,9.4351241702233,0.));
#4961=CARTESIAN_POINT('Ctrl Pts',(14.0027581626583,9.4351241702233,5.));
#4962=CARTESIAN_POINT('Ctrl Pts',(13.9457988347051,9.43438619745643,0.));
#4963=CARTESIAN_POINT('Ctrl Pts',(13.9457988347051,9.43438619745643,5.));
#4964=CARTESIAN_POINT('Ctrl Pts',(13.8889539469221,9.43329842974695,0.));
#4965=CARTESIAN_POINT('Ctrl Pts',(13.8889539469221,9.43329842974695,5.));
#4966=CARTESIAN_POINT('Ctrl Pts',(13.8322257735297,9.43185957633994,0.));
#4967=CARTESIAN_POINT('Ctrl Pts',(13.8322257735297,9.43185957633994,5.));
#4968=CARTESIAN_POINT('Ctrl Pts',(13.7756167521516,9.43006825402712,0.));
#4969=CARTESIAN_POINT('Ctrl Pts',(13.7756167521516,9.43006825402712,5.));
#4970=CARTESIAN_POINT('Ctrl Pts',(13.719129484938,9.42792299843101,0.));
#4971=CARTESIAN_POINT('Ctrl Pts',(13.719129484938,9.42792299843101,5.));
#4972=CARTESIAN_POINT('Ctrl Pts',(13.6627666761667,9.42542229617396,0.));
#4973=CARTESIAN_POINT('Ctrl Pts',(13.6627666761667,9.42542229617396,5.));
#4974=CARTESIAN_POINT('Ctrl Pts',(13.6065310851117,9.42256461635325,0.));
#4975=CARTESIAN_POINT('Ctrl Pts',(13.6065310851117,9.42256461635325,5.));
#4976=CARTESIAN_POINT('Ctrl Pts',(13.5504254787902,9.41934843770668,0.));
#4977=CARTESIAN_POINT('Ctrl Pts',(13.5504254787902,9.41934843770668,5.));
#4978=CARTESIAN_POINT('Ctrl Pts',(13.4944525666723,9.41577229786528,0.));
#4979=CARTESIAN_POINT('Ctrl Pts',(13.4944525666723,9.41577229786528,5.));
#4980=CARTESIAN_POINT('Ctrl Pts',(13.4386150106551,9.41183476590384,0.));
#4981=CARTESIAN_POINT('Ctrl Pts',(13.4386150106551,9.41183476590384,5.));
#4982=CARTESIAN_POINT('Ctrl Pts',(13.3829155050772,9.40753434609704,0.));
#4983=CARTESIAN_POINT('Ctrl Pts',(13.3829155050772,9.40753434609704,5.));
#4984=CARTESIAN_POINT('Ctrl Pts',(13.3273568410651,9.40286939668954,0.));
#4985=CARTESIAN_POINT('Ctrl Pts',(13.3273568410651,9.40286939668954,5.));
#4986=CARTESIAN_POINT('Ctrl Pts',(13.2719419664259,9.39783805871351,0.));
#4987=CARTESIAN_POINT('Ctrl Pts',(13.2719419664259,9.39783805871351,5.));
#4988=CARTESIAN_POINT('Ctrl Pts',(13.2166740708212,9.39243814965751,0.));
#4989=CARTESIAN_POINT('Ctrl Pts',(13.2166740708212,9.39243814965751,5.));
#4990=CARTESIAN_POINT('Ctrl Pts',(13.1615565699689,9.38666719715584,0.));
#4991=CARTESIAN_POINT('Ctrl Pts',(13.1615565699689,9.38666719715584,5.));
#4992=CARTESIAN_POINT('Ctrl Pts',(13.1065929707669,9.38052263561145,0.));
#4993=CARTESIAN_POINT('Ctrl Pts',(13.1065929707669,9.38052263561145,5.));
#4994=CARTESIAN_POINT('Ctrl Pts',(13.0517867562965,9.37400197835449,0.));
#4995=CARTESIAN_POINT('Ctrl Pts',(13.0517867562965,9.37400197835449,5.));
#4996=CARTESIAN_POINT('Ctrl Pts',(12.997141282828,9.36710297011342,0.));
#4997=CARTESIAN_POINT('Ctrl Pts',(12.997141282828,9.36710297011342,5.));
#4998=CARTESIAN_POINT('Ctrl Pts',(12.9426596192372,9.35982382918391,0.));
#4999=CARTESIAN_POINT('Ctrl Pts',(12.9426596192372,9.35982382918391,5.));
#5000=CARTESIAN_POINT('Ctrl Pts',(12.8883445910727,9.3521631770473,0.));
#5001=CARTESIAN_POINT('Ctrl Pts',(12.8883445910727,9.3521631770473,5.));
#5002=CARTESIAN_POINT('Ctrl Pts',(12.8341991075077,9.34411953665893,0.));
#5003=CARTESIAN_POINT('Ctrl Pts',(12.8341991075077,9.34411953665893,5.));
#5004=CARTESIAN_POINT('Ctrl Pts',(12.7802264403625,9.33569090418321,0.));
#5005=CARTESIAN_POINT('Ctrl Pts',(12.7802264403625,9.33569090418321,5.));
#5006=CARTESIAN_POINT('Ctrl Pts',(12.7264304748913,9.32687436559187,0.));
#5007=CARTESIAN_POINT('Ctrl Pts',(12.7264304748913,9.32687436559187,5.));
#5008=CARTESIAN_POINT('Ctrl Pts',(12.6728160847753,9.31766552163699,0.));
#5009=CARTESIAN_POINT('Ctrl Pts',(12.6728160847753,9.31766552163699,5.));
#5010=CARTESIAN_POINT('Ctrl Pts',(12.6193890597342,9.30805860526173,0.));
#5011=CARTESIAN_POINT('Ctrl Pts',(12.6193890597342,9.30805860526173,5.));
#5012=CARTESIAN_POINT('Ctrl Pts',(12.5661553818136,9.29804760632805,0.));
#5013=CARTESIAN_POINT('Ctrl Pts',(12.5661553818136,9.29804760632805,5.));
#5014=CARTESIAN_POINT('Ctrl Pts',(12.5131206026383,9.2876272413034,0.));
#5015=CARTESIAN_POINT('Ctrl Pts',(12.5131206026383,9.2876272413034,5.));
#5016=CARTESIAN_POINT('Ctrl Pts',(12.4602892920259,9.27679381227511,0.));
#5017=CARTESIAN_POINT('Ctrl Pts',(12.4602892920259,9.27679381227511,5.));
#5018=CARTESIAN_POINT('Ctrl Pts',(12.4076641790295,9.26554654435996,0.));
#5019=CARTESIAN_POINT('Ctrl Pts',(12.4076641790295,9.26554654435996,5.));
#5020=CARTESIAN_POINT('Ctrl Pts',(12.3552463913181,9.25388721805434,0.));
#5021=CARTESIAN_POINT('Ctrl Pts',(12.3552463913181,9.25388721805434,5.));
#5022=CARTESIAN_POINT('Ctrl Pts',(12.3030372144381,9.24181744221677,0.));
#5023=CARTESIAN_POINT('Ctrl Pts',(12.3030372144381,9.24181744221677,5.));
#5024=CARTESIAN_POINT('Ctrl Pts',(12.2510396120404,9.22933629849423,0.));
#5025=CARTESIAN_POINT('Ctrl Pts',(12.2510396120404,9.22933629849423,5.));
#5026=CARTESIAN_POINT('Ctrl Pts',(12.1992595632743,9.21643827078509,0.));
#5027=CARTESIAN_POINT('Ctrl Pts',(12.1992595632743,9.21643827078509,5.));
#5028=CARTESIAN_POINT('Ctrl Pts',(12.1477081575214,9.20310999775949,0.));
#5029=CARTESIAN_POINT('Ctrl Pts',(12.1477081575214,9.20310999775949,5.));
#5030=CARTESIAN_POINT('Ctrl Pts',(12.0964008877434,9.18933138097091,0.));
#5031=CARTESIAN_POINT('Ctrl Pts',(12.0964008877434,9.18933138097091,5.));
#5032=CARTESIAN_POINT('Ctrl Pts',(12.045353640487,9.17508182929893,0.));
#5033=CARTESIAN_POINT('Ctrl Pts',(12.045353640487,9.17508182929893,5.));
#5034=CARTESIAN_POINT('Ctrl Pts',(11.9945791996098,9.16034570448301,0.));
#5035=CARTESIAN_POINT('Ctrl Pts',(11.9945791996098,9.16034570448301,5.));
#5036=CARTESIAN_POINT('Ctrl Pts',(11.9440842440071,9.14511700088791,0.));
#5037=CARTESIAN_POINT('Ctrl Pts',(11.9440842440071,9.14511700088791,5.));
#5038=CARTESIAN_POINT('Ctrl Pts',(11.8938643971115,9.12940705023471,0.));
#5039=CARTESIAN_POINT('Ctrl Pts',(11.8938643971115,9.12940705023471,5.));
#5040=CARTESIAN_POINT('Ctrl Pts',(11.8439068978606,9.11324039414459,0.));
#5041=CARTESIAN_POINT('Ctrl Pts',(11.8439068978606,9.11324039414459,5.));
#5042=CARTESIAN_POINT('Ctrl Pts',(11.7942002091973,9.09663988729252,0.));
#5043=CARTESIAN_POINT('Ctrl Pts',(11.7942002091973,9.09663988729252,5.));
#5044=CARTESIAN_POINT('Ctrl Pts',(11.7447424941944,9.07961355717006,0.));
#5045=CARTESIAN_POINT('Ctrl Pts',(11.7447424941944,9.07961355717006,5.));
#5046=CARTESIAN_POINT('Ctrl Pts',(11.6955488778949,9.06214335398527,0.));
#5047=CARTESIAN_POINT('Ctrl Pts',(11.6955488778949,9.06214335398527,5.));
#5048=CARTESIAN_POINT('Ctrl Pts',(11.6466634226977,9.04416657190271,0.));
#5049=CARTESIAN_POINT('Ctrl Pts',(11.6466634226977,9.04416657190271,5.));
#5050=CARTESIAN_POINT('Ctrl Pts',(11.5981504760255,9.02558934700972,0.));
#5051=CARTESIAN_POINT('Ctrl Pts',(11.5981504760255,9.02558934700972,5.));
#5052=CARTESIAN_POINT('Ctrl Pts',(11.550073040208,9.00632035490115,0.));
#5053=CARTESIAN_POINT('Ctrl Pts',(11.550073040208,9.00632035490115,5.));
#5054=CARTESIAN_POINT('Ctrl Pts',(11.5024733064665,8.98630110830925,0.));
#5055=CARTESIAN_POINT('Ctrl Pts',(11.5024733064665,8.98630110830925,5.));
#5056=CARTESIAN_POINT('Ctrl Pts',(11.4553560463027,8.96553189252468,0.));
#5057=CARTESIAN_POINT('Ctrl Pts',(11.4553560463027,8.96553189252468,5.));
#5058=CARTESIAN_POINT('Ctrl Pts',(11.4086611707649,8.94411434444757,0.));
#5059=CARTESIAN_POINT('Ctrl Pts',(11.4086611707649,8.94411434444757,5.));
#5060=CARTESIAN_POINT('Ctrl Pts',(11.3622948295959,8.92220401336789,0.));
#5061=CARTESIAN_POINT('Ctrl Pts',(11.3622948295959,8.92220401336789,5.));
#5062=CARTESIAN_POINT('Ctrl Pts',(11.3161831361286,8.89992809081003,0.));
#5063=CARTESIAN_POINT('Ctrl Pts',(11.3161831361286,8.89992809081003,5.));
#5064=CARTESIAN_POINT('Ctrl Pts',(11.2703208700051,8.87731093921143,0.));
#5065=CARTESIAN_POINT('Ctrl Pts',(11.2703208700051,8.87731093921143,5.));
#5066=CARTESIAN_POINT('Ctrl Pts',(11.2248171864078,8.85420405999663,0.));
#5067=CARTESIAN_POINT('Ctrl Pts',(11.2248171864078,8.85420405999663,5.));
#5068=CARTESIAN_POINT('Ctrl Pts',(11.1799562791629,8.83019349629008,0.));
#5069=CARTESIAN_POINT('Ctrl Pts',(11.1799562791629,8.83019349629008,5.));
#5070=CARTESIAN_POINT('Ctrl Pts',(11.1361246435795,8.80470884691701,0.));
#5071=CARTESIAN_POINT('Ctrl Pts',(11.1361246435795,8.80470884691701,5.));
#5072=CARTESIAN_POINT('Ctrl Pts',(11.1021961495688,8.78267699610031,0.));
#5073=CARTESIAN_POINT('Ctrl Pts',(11.1021961495688,8.78267699610031,5.));
#5074=CARTESIAN_POINT('Ctrl Pts',(11.0775280853779,8.76502173409619,0.));
#5075=CARTESIAN_POINT('Ctrl Pts',(11.0775280853779,8.76502173409619,5.));
#5076=CARTESIAN_POINT('Ctrl Pts',(11.0614463588623,8.75272228862367,0.));
#5077=CARTESIAN_POINT('Ctrl Pts',(11.0614463588623,8.75272228862367,5.));
#5078=CARTESIAN_POINT('Ctrl Pts',(11.0534964094047,8.7464402460751,0.));
#5079=CARTESIAN_POINT('Ctrl Pts',(11.0534964094047,8.7464402460751,5.));
#5080=CARTESIAN_POINT('',(14.7526080447021,9.41331800585688,0.));
#5081=CARTESIAN_POINT('Origin',(1.55759977597069E-13,8.99280649946377E-14,
0.));
#5082=CARTESIAN_POINT('',(15.5284765493246,8.06947433585829,0.));
#5083=CARTESIAN_POINT('Ctrl Pts',(13.101387650486,5.199388568147,0.));
#5084=CARTESIAN_POINT('Ctrl Pts',(13.101387650486,5.199388568147,5.));
#5085=CARTESIAN_POINT('Ctrl Pts',(13.1108030336495,5.20313240506178,0.));
#5086=CARTESIAN_POINT('Ctrl Pts',(13.1108030336495,5.20313240506178,5.));
#5087=CARTESIAN_POINT('Ctrl Pts',(13.129495529139,5.21090986602477,0.));
#5088=CARTESIAN_POINT('Ctrl Pts',(13.129495529139,5.21090986602477,5.));
#5089=CARTESIAN_POINT('Ctrl Pts',(13.1571194666405,5.22344540527423,0.));
#5090=CARTESIAN_POINT('Ctrl Pts',(13.1571194666405,5.22344540527423,5.));
#5091=CARTESIAN_POINT('Ctrl Pts',(13.1931638561455,5.24181241759123,0.));
#5092=CARTESIAN_POINT('Ctrl Pts',(13.1931638561455,5.24181241759123,5.));
#5093=CARTESIAN_POINT('Ctrl Pts',(13.2371500277008,5.26702940280938,0.));
#5094=CARTESIAN_POINT('Ctrl Pts',(13.2371500277008,5.26702940280938,5.));
#5095=CARTESIAN_POINT('Ctrl Pts',(13.2803742394523,5.29387480626699,0.));
#5096=CARTESIAN_POINT('Ctrl Pts',(13.2803742394523,5.29387480626699,5.));
#5097=CARTESIAN_POINT('Ctrl Pts',(13.3231372256531,5.32172871262061,0.));
#5098=CARTESIAN_POINT('Ctrl Pts',(13.3231372256531,5.32172871262061,5.));
#5099=CARTESIAN_POINT('Ctrl Pts',(13.3656553865605,5.35013802435941,0.));
#5100=CARTESIAN_POINT('Ctrl Pts',(13.3656553865605,5.35013802435941,5.));
#5101=CARTESIAN_POINT('Ctrl Pts',(13.408002748122,5.37893396103472,0.));
#5102=CARTESIAN_POINT('Ctrl Pts',(13.408002748122,5.37893396103472,5.));
#5103=CARTESIAN_POINT('Ctrl Pts',(13.4501608220269,5.40813322482774,0.));
#5104=CARTESIAN_POINT('Ctrl Pts',(13.4501608220269,5.40813322482774,5.));
#5105=CARTESIAN_POINT('Ctrl Pts',(13.4920564005173,5.43786339923144,0.));
#5106=CARTESIAN_POINT('Ctrl Pts',(13.4920564005173,5.43786339923144,5.));
#5107=CARTESIAN_POINT('Ctrl Pts',(13.5336016990853,5.46828353559777,0.));
#5108=CARTESIAN_POINT('Ctrl Pts',(13.5336016990853,5.46828353559777,5.));
#5109=CARTESIAN_POINT('Ctrl Pts',(13.5747387420693,5.49949649093528,0.));
#5110=CARTESIAN_POINT('Ctrl Pts',(13.5747387420693,5.49949649093528,5.));
#5111=CARTESIAN_POINT('Ctrl Pts',(13.6154648966494,5.53149827564783,0.));
#5112=CARTESIAN_POINT('Ctrl Pts',(13.6154648966494,5.53149827564783,5.));
#5113=CARTESIAN_POINT('Ctrl Pts',(13.6558097186746,5.56422310743184,0.));
#5114=CARTESIAN_POINT('Ctrl Pts',(13.6558097186746,5.56422310743184,5.));
#5115=CARTESIAN_POINT('Ctrl Pts',(13.695820796235,5.59757076246696,0.));
#5116=CARTESIAN_POINT('Ctrl Pts',(13.695820796235,5.59757076246696,5.));
#5117=CARTESIAN_POINT('Ctrl Pts',(13.7355472441521,5.63143858229395,0.));
#5118=CARTESIAN_POINT('Ctrl Pts',(13.7355472441521,5.63143858229395,5.));
#5119=CARTESIAN_POINT('Ctrl Pts',(13.7750213360728,5.66575705483833,0.));
#5120=CARTESIAN_POINT('Ctrl Pts',(13.7750213360728,5.66575705483833,5.));
#5121=CARTESIAN_POINT('Ctrl Pts',(13.814251141054,5.70050405653275,0.));
#5122=CARTESIAN_POINT('Ctrl Pts',(13.814251141054,5.70050405653275,5.));
#5123=CARTESIAN_POINT('Ctrl Pts',(13.8532306255478,5.73568519194851,0.));
#5124=CARTESIAN_POINT('Ctrl Pts',(13.8532306255478,5.73568519194851,5.));
#5125=CARTESIAN_POINT('Ctrl Pts',(13.8919457653534,5.77132187980766,0.));
#5126=CARTESIAN_POINT('Ctrl Pts',(13.8919457653534,5.77132187980766,5.));
#5127=CARTESIAN_POINT('Ctrl Pts',(13.9303816873349,5.807437442325,0.));
#5128=CARTESIAN_POINT('Ctrl Pts',(13.9303816873349,5.807437442325,5.));
#5129=CARTESIAN_POINT('Ctrl Pts',(13.9685307662174,5.84404133557968,0.));
#5130=CARTESIAN_POINT('Ctrl Pts',(13.9685307662174,5.84404133557968,5.));
#5131=CARTESIAN_POINT('Ctrl Pts',(14.006394863586,5.88112477266093,0.));
#5132=CARTESIAN_POINT('Ctrl Pts',(14.006394863586,5.88112477266093,5.));
#5133=CARTESIAN_POINT('Ctrl Pts',(14.043981130643,5.91866886329326,0.));
#5134=CARTESIAN_POINT('Ctrl Pts',(14.043981130643,5.91866886329326,5.));
#5135=CARTESIAN_POINT('Ctrl Pts',(14.0812994565481,5.95664955376322,0.));
#5136=CARTESIAN_POINT('Ctrl Pts',(14.0812994565481,5.95664955376322,5.));
#5137=CARTESIAN_POINT('Ctrl Pts',(14.118359500586,5.99504337754933,0.));
#5138=CARTESIAN_POINT('Ctrl Pts',(14.118359500586,5.99504337754933,5.));
#5139=CARTESIAN_POINT('Ctrl Pts',(14.1551672893169,6.03383405030034,0.));
#5140=CARTESIAN_POINT('Ctrl Pts',(14.1551672893169,6.03383405030034,5.));
#5141=CARTESIAN_POINT('Ctrl Pts',(14.1917246102502,6.07301363587029,0.));
#5142=CARTESIAN_POINT('Ctrl Pts',(14.1917246102502,6.07301363587029,5.));
#5143=CARTESIAN_POINT('Ctrl Pts',(14.2280307768776,6.11257910848578,0.));
#5144=CARTESIAN_POINT('Ctrl Pts',(14.2280307768776,6.11257910848578,5.));
#5145=CARTESIAN_POINT('Ctrl Pts',(14.2640837531135,6.1525301592601,0.));
#5146=CARTESIAN_POINT('Ctrl Pts',(14.2640837531135,6.1525301592601,5.));
#5147=CARTESIAN_POINT('Ctrl Pts',(14.2998814331683,6.19286670185148,0.));
#5148=CARTESIAN_POINT('Ctrl Pts',(14.2998814331683,6.19286670185148,5.));
#5149=CARTESIAN_POINT('Ctrl Pts',(14.335423123584,6.23358598538912,0.));
#5150=CARTESIAN_POINT('Ctrl Pts',(14.335423123584,6.23358598538912,5.));
#5151=CARTESIAN_POINT('Ctrl Pts',(14.3707097419381,6.27468220333836,0.));
#5152=CARTESIAN_POINT('Ctrl Pts',(14.3707097419381,6.27468220333836,5.));
#5153=CARTESIAN_POINT('Ctrl Pts',(14.4057430880917,6.31614790608495,0.));
#5154=CARTESIAN_POINT('Ctrl Pts',(14.4057430880917,6.31614790608495,5.));
#5155=CARTESIAN_POINT('Ctrl Pts',(14.4405253759541,6.3579749079564,0.));
#5156=CARTESIAN_POINT('Ctrl Pts',(14.4405253759541,6.3579749079564,5.));
#5157=CARTESIAN_POINT('Ctrl Pts',(14.4750587050833,6.40015531137992,0.));
#5158=CARTESIAN_POINT('Ctrl Pts',(14.4750587050833,6.40015531137992,5.));
#5159=CARTESIAN_POINT('Ctrl Pts',(14.509344448499,6.44268269599981,0.));
#5160=CARTESIAN_POINT('Ctrl Pts',(14.509344448499,6.44268269599981,5.));
#5161=CARTESIAN_POINT('Ctrl Pts',(14.5433831871967,6.4855522400731,0.));
#5162=CARTESIAN_POINT('Ctrl Pts',(14.5433831871967,6.4855522400731,5.));
#5163=CARTESIAN_POINT('Ctrl Pts',(14.5771750206388,6.52876010820249,0.));
#5164=CARTESIAN_POINT('Ctrl Pts',(14.5771750206388,6.52876010820249,5.));
#5165=CARTESIAN_POINT('Ctrl Pts',(14.6107197733969,6.57230304244784,0.));
#5166=CARTESIAN_POINT('Ctrl Pts',(14.6107197733969,6.57230304244784,5.));
#5167=CARTESIAN_POINT('Ctrl Pts',(14.6440172265288,6.61617790655279,0.));
#5168=CARTESIAN_POINT('Ctrl Pts',(14.6440172265288,6.61617790655279,5.));
#5169=CARTESIAN_POINT('Ctrl Pts',(14.6770673885979,6.66038115194095,0.));
#5170=CARTESIAN_POINT('Ctrl Pts',(14.6770673885979,6.66038115194095,5.));
#5171=CARTESIAN_POINT('Ctrl Pts',(14.7098705345915,6.70490874436112,0.));
#5172=CARTESIAN_POINT('Ctrl Pts',(14.7098705345915,6.70490874436112,5.));
#5173=CARTESIAN_POINT('Ctrl Pts',(14.7424270764881,6.74975642404153,0.));
#5174=CARTESIAN_POINT('Ctrl Pts',(14.7424270764881,6.74975642404153,5.));
#5175=CARTESIAN_POINT('Ctrl Pts',(14.7747374827111,6.79491987112085,0.));
#5176=CARTESIAN_POINT('Ctrl Pts',(14.7747374827111,6.79491987112085,5.));
#5177=CARTESIAN_POINT('Ctrl Pts',(14.806802186533,6.84039489131793,0.));
#5178=CARTESIAN_POINT('Ctrl Pts',(14.806802186533,6.84039489131793,5.));
#5179=CARTESIAN_POINT('Ctrl Pts',(14.8386214832332,6.88617763104895,0.));
#5180=CARTESIAN_POINT('Ctrl Pts',(14.8386214832332,6.88617763104895,5.));
#5181=CARTESIAN_POINT('Ctrl Pts',(14.8701955088218,6.93226460795425,0.));
#5182=CARTESIAN_POINT('Ctrl Pts',(14.8701955088218,6.93226460795425,5.));
#5183=CARTESIAN_POINT('Ctrl Pts',(14.9015242895373,6.97865258396972,0.));
#5184=CARTESIAN_POINT('Ctrl Pts',(14.9015242895373,6.97865258396972,5.));
#5185=CARTESIAN_POINT('Ctrl Pts',(14.9326077735464,7.02533847786691,0.));
#5186=CARTESIAN_POINT('Ctrl Pts',(14.9326077735464,7.02533847786691,5.));
#5187=CARTESIAN_POINT('Ctrl Pts',(14.9634458691181,7.07231926891271,0.));
#5188=CARTESIAN_POINT('Ctrl Pts',(14.9634458691181,7.07231926891271,5.));
#5189=CARTESIAN_POINT('Ctrl Pts',(14.9940384879663,7.11959187945288,0.));
#5190=CARTESIAN_POINT('Ctrl Pts',(14.9940384879663,7.11959187945288,5.));
#5191=CARTESIAN_POINT('Ctrl Pts',(15.0243855640338,7.16715315254888,0.));
#5192=CARTESIAN_POINT('Ctrl Pts',(15.0243855640338,7.16715315254888,5.));
#5193=CARTESIAN_POINT('Ctrl Pts',(15.0544870434844,7.21499993314816,0.));
#5194=CARTESIAN_POINT('Ctrl Pts',(15.0544870434844,7.21499993314816,5.));
#5195=CARTESIAN_POINT('Ctrl Pts',(15.0843428848028,7.26312912258864,0.));
#5196=CARTESIAN_POINT('Ctrl Pts',(15.0843428848028,7.26312912258864,5.));
#5197=CARTESIAN_POINT('Ctrl Pts',(15.1139530551018,7.3115377351532,0.));
#5198=CARTESIAN_POINT('Ctrl Pts',(15.1139530551018,7.3115377351532,5.));
#5199=CARTESIAN_POINT('Ctrl Pts',(15.1433175334631,7.36022296819385,0.));
#5200=CARTESIAN_POINT('Ctrl Pts',(15.1433175334631,7.36022296819385,5.));
#5201=CARTESIAN_POINT('Ctrl Pts',(15.1724363006031,7.40918220680038,0.));
#5202=CARTESIAN_POINT('Ctrl Pts',(15.1724363006031,7.40918220680038,5.));
#5203=CARTESIAN_POINT('Ctrl Pts',(15.2013093094333,7.45841292838025,0.));
#5204=CARTESIAN_POINT('Ctrl Pts',(15.2013093094333,7.45841292838025,5.));
#5205=CARTESIAN_POINT('Ctrl Pts',(15.2299364600841,7.50791262542215,0.));
#5206=CARTESIAN_POINT('Ctrl Pts',(15.2299364600841,7.50791262542215,5.));
#5207=CARTESIAN_POINT('Ctrl Pts',(15.2583175782325,7.55767872775187,0.));
#5208=CARTESIAN_POINT('Ctrl Pts',(15.2583175782325,7.55767872775187,5.));
#5209=CARTESIAN_POINT('Ctrl Pts',(15.2864523857179,7.60770850202161,0.));
#5210=CARTESIAN_POINT('Ctrl Pts',(15.2864523857179,7.60770850202161,5.));
#5211=CARTESIAN_POINT('Ctrl Pts',(15.3143405019761,7.65799902621549,0.));
#5212=CARTESIAN_POINT('Ctrl Pts',(15.3143405019761,7.65799902621549,5.));
#5213=CARTESIAN_POINT('Ctrl Pts',(15.341981521441,7.7085473606802,0.));
#5214=CARTESIAN_POINT('Ctrl Pts',(15.341981521441,7.7085473606802,5.));
#5215=CARTESIAN_POINT('Ctrl Pts',(15.3693750795526,7.75935068162071,0.));
#5216=CARTESIAN_POINT('Ctrl Pts',(15.3693750795526,7.75935068162071,5.));
#5217=CARTESIAN_POINT('Ctrl Pts',(15.3965209216254,7.81040642387693,0.));
#5218=CARTESIAN_POINT('Ctrl Pts',(15.3965209216254,7.81040642387693,5.));
#5219=CARTESIAN_POINT('Ctrl Pts',(15.4234189806667,7.86171242719676,0.));
#5220=CARTESIAN_POINT('Ctrl Pts',(15.4234189806667,7.86171242719676,5.));
#5221=CARTESIAN_POINT('Ctrl Pts',(15.450069429066,7.91326705276539,0.));
#5222=CARTESIAN_POINT('Ctrl Pts',(15.450069429066,7.91326705276539,5.));
#5223=CARTESIAN_POINT('Ctrl Pts',(15.4764725666743,7.96506911609312,0.));
#5224=CARTESIAN_POINT('Ctrl Pts',(15.4764725666743,7.96506911609312,5.));
#5225=CARTESIAN_POINT('Ctrl Pts',(15.4973974973529,8.00670809611013,0.));
#5226=CARTESIAN_POINT('Ctrl Pts',(15.4973974973529,8.00670809611013,5.));
#5227=CARTESIAN_POINT('Ctrl Pts',(15.5129801811666,8.0380481385147,0.));
#5228=CARTESIAN_POINT('Ctrl Pts',(15.5129801811666,8.0380481385147,5.));
#5229=CARTESIAN_POINT('Ctrl Pts',(15.5233193138114,8.05899073151217,0.));
#5230=CARTESIAN_POINT('Ctrl Pts',(15.5233193138114,8.05899073151217,5.));
#5231=CARTESIAN_POINT('Ctrl Pts',(15.5284765493246,8.0694743358583,0.));
#5232=CARTESIAN_POINT('Ctrl Pts',(15.5284765493246,8.0694743358583,5.));
#5233=CARTESIAN_POINT('Origin',(0.,0.,0.));
#5234=CARTESIAN_POINT('',(11.6528765829279,2.64458843358489,0.));
#5235=CARTESIAN_POINT('Origin',(0.,0.,0.));
#5236=CARTESIAN_POINT('Origin',(0.,0.,0.));
#5237=CARTESIAN_POINT('Origin',(0.,0.,0.));
#5238=CARTESIAN_POINT('Origin',(0.,0.,0.));
#5239=CARTESIAN_POINT('Origin',(12.6280779841035,2.86590772136858,0.));
#5240=CARTESIAN_POINT('',(12.7727063148734,1.87642166995668,0.));
#5241=CARTESIAN_POINT('Origin',(13.9458288142221,2.0478912410813,0.));
#5242=CARTESIAN_POINT('',(13.9458288142221,2.0478912410813,0.));
#5243=CARTESIAN_POINT('Origin',(12.6280779841035,-2.86590772136858,0.));
#5244=CARTESIAN_POINT('',(12.7727063148734,-1.87642166995668,0.));
#5245=CARTESIAN_POINT('Origin',(11.8125179585857,-1.73607563981668,0.));
#5246=CARTESIAN_POINT('',(13.9458288142221,-2.0478912410813,0.));
#5247=CARTESIAN_POINT('Ctrl Pts',(17.4827923417152,0.77586850462246,0.));
#5248=CARTESIAN_POINT('Ctrl Pts',(17.4827923417152,0.77586850462246,5.));
#5249=CARTESIAN_POINT('Ctrl Pts',(17.4730842425744,0.782368954552816,0.));
#5250=CARTESIAN_POINT('Ctrl Pts',(17.4730842425744,0.782368954552816,5.));
#5251=CARTESIAN_POINT('Ctrl Pts',(17.4536589945522,0.795336205787362,0.));
#5252=CARTESIAN_POINT('Ctrl Pts',(17.4536589945522,0.795336205787362,5.));
#5253=CARTESIAN_POINT('Ctrl Pts',(17.424493973308,0.814686136758527,0.));
#5254=CARTESIAN_POINT('Ctrl Pts',(17.424493973308,0.814686136758527,5.));
#5255=CARTESIAN_POINT('Ctrl Pts',(17.3855529617594,0.840284085901618,0.));
#5256=CARTESIAN_POINT('Ctrl Pts',(17.3855529617594,0.840284085901618,5.));
#5257=CARTESIAN_POINT('Ctrl Pts',(17.3367861421872,0.871944419907771,0.));
#5258=CARTESIAN_POINT('Ctrl Pts',(17.3367861421872,0.871944419907771,5.));
#5259=CARTESIAN_POINT('Ctrl Pts',(17.2879288640668,0.903266811133132,0.));
#5260=CARTESIAN_POINT('Ctrl Pts',(17.2879288640668,0.903266811133132,5.));
#5261=CARTESIAN_POINT('Ctrl Pts',(17.2389814599646,0.934250083854097,0.));
#5262=CARTESIAN_POINT('Ctrl Pts',(17.2389814599646,0.934250083854097,5.));
#5263=CARTESIAN_POINT('Ctrl Pts',(17.1899445999944,0.964892732620673,0.));
#5264=CARTESIAN_POINT('Ctrl Pts',(17.1899445999944,0.964892732620673,5.));
#5265=CARTESIAN_POINT('Ctrl Pts',(17.1408194222995,0.995192920095965,0.));
#5266=CARTESIAN_POINT('Ctrl Pts',(17.1408194222995,0.995192920095965,5.));
#5267=CARTESIAN_POINT('Ctrl Pts',(17.091607430024,1.02514855212895,0.));
#5268=CARTESIAN_POINT('Ctrl Pts',(17.091607430024,1.02514855212895,5.));
#5269=CARTESIAN_POINT('Ctrl Pts',(17.0423103507837,1.05475736552138,0.));
#5270=CARTESIAN_POINT('Ctrl Pts',(17.0423103507837,1.05475736552138,5.));
#5271=CARTESIAN_POINT('Ctrl Pts',(16.992930005636,1.0840170172419,0.));
#5272=CARTESIAN_POINT('Ctrl Pts',(16.992930005636,1.0840170172419,5.));
#5273=CARTESIAN_POINT('Ctrl Pts',(16.9434681851668,1.11292516703255,0.));
#5274=CARTESIAN_POINT('Ctrl Pts',(16.9434681851668,1.11292516703255,5.));
#5275=CARTESIAN_POINT('Ctrl Pts',(16.8939264969443,1.14147958682507,0.));
#5276=CARTESIAN_POINT('Ctrl Pts',(16.8939264969443,1.14147958682507,5.));
#5277=CARTESIAN_POINT('Ctrl Pts',(16.8443063770237,1.16967813794478,0.));
#5278=CARTESIAN_POINT('Ctrl Pts',(16.8443063770237,1.16967813794478,5.));
#5279=CARTESIAN_POINT('Ctrl Pts',(16.7946091656503,1.19751869875797,0.));
#5280=CARTESIAN_POINT('Ctrl Pts',(16.7946091656503,1.19751869875797,5.));
#5281=CARTESIAN_POINT('Ctrl Pts',(16.7448361649002,1.22499910817967,0.));
#5282=CARTESIAN_POINT('Ctrl Pts',(16.7448361649002,1.22499910817967,5.));
#5283=CARTESIAN_POINT('Ctrl Pts',(16.6949886989286,1.25211711127305,0.));
#5284=CARTESIAN_POINT('Ctrl Pts',(16.6949886989286,1.25211711127305,5.));
#5285=CARTESIAN_POINT('Ctrl Pts',(16.6450681871753,1.27887029133288,0.));
#5286=CARTESIAN_POINT('Ctrl Pts',(16.6450681871753,1.27887029133288,5.));
#5287=CARTESIAN_POINT('Ctrl Pts',(16.5950761509799,1.30525607909584,0.));
#5288=CARTESIAN_POINT('Ctrl Pts',(16.5950761509799,1.30525607909584,5.));
#5289=CARTESIAN_POINT('Ctrl Pts',(16.5450141756268,1.33127181179954,0.));
#5290=CARTESIAN_POINT('Ctrl Pts',(16.5450141756268,1.33127181179954,5.));
#5291=CARTESIAN_POINT('Ctrl Pts',(16.494883885266,1.35691478400646,0.));
#5292=CARTESIAN_POINT('Ctrl Pts',(16.494883885266,1.35691478400646,5.));
#5293=CARTESIAN_POINT('Ctrl Pts',(16.4446869155736,1.38218229475614,0.));
#5294=CARTESIAN_POINT('Ctrl Pts',(16.4446869155736,1.38218229475614,5.));
#5295=CARTESIAN_POINT('Ctrl Pts',(16.394424881835,1.40707172286495,0.));
#5296=CARTESIAN_POINT('Ctrl Pts',(16.394424881835,1.40707172286495,5.));
#5297=CARTESIAN_POINT('Ctrl Pts',(16.3440993738581,1.43158049816676,0.));
#5298=CARTESIAN_POINT('Ctrl Pts',(16.3440993738581,1.43158049816676,5.));
#5299=CARTESIAN_POINT('Ctrl Pts',(16.293711977146,1.45570597815609,0.));
#5300=CARTESIAN_POINT('Ctrl Pts',(16.293711977146,1.45570597815609,5.));
#5301=CARTESIAN_POINT('Ctrl Pts',(16.2432642880075,1.47944534546785,0.));
#5302=CARTESIAN_POINT('Ctrl Pts',(16.2432642880075,1.47944534546785,5.));
#5303=CARTESIAN_POINT('Ctrl Pts',(16.1927579298344,1.50279551628519,0.));
#5304=CARTESIAN_POINT('Ctrl Pts',(16.1927579298344,1.50279551628519,5.));
#5305=CARTESIAN_POINT('Ctrl Pts',(16.142194573699,1.52575300566689,0.));
#5306=CARTESIAN_POINT('Ctrl Pts',(16.142194573699,1.52575300566689,5.));
#5307=CARTESIAN_POINT('Ctrl Pts',(16.091575941517,1.54831396462259,0.));
#5308=CARTESIAN_POINT('Ctrl Pts',(16.091575941517,1.54831396462259,5.));
#5309=CARTESIAN_POINT('Ctrl Pts',(16.0409037875524,1.57047441783103,0.));
#5310=CARTESIAN_POINT('Ctrl Pts',(16.0409037875524,1.57047441783103,5.));
#5311=CARTESIAN_POINT('Ctrl Pts',(15.9901798849073,1.59223047023234,0.));
#5312=CARTESIAN_POINT('Ctrl Pts',(15.9901798849073,1.59223047023234,5.));
#5313=CARTESIAN_POINT('Ctrl Pts',(15.9394060125613,1.61357849056887,0.));
#5314=CARTESIAN_POINT('Ctrl Pts',(15.9394060125613,1.61357849056887,5.));
#5315=CARTESIAN_POINT('Ctrl Pts',(15.8885839373864,1.63451540140161,0.));
#5316=CARTESIAN_POINT('Ctrl Pts',(15.8885839373864,1.63451540140161,5.));
#5317=CARTESIAN_POINT('Ctrl Pts',(15.8377154171204,1.65503859612397,0.));
#5318=CARTESIAN_POINT('Ctrl Pts',(15.8377154171204,1.65503859612397,5.));
#5319=CARTESIAN_POINT('Ctrl Pts',(15.7868022326587,1.67514534099124,0.));
#5320=CARTESIAN_POINT('Ctrl Pts',(15.7868022326587,1.67514534099124,5.));
#5321=CARTESIAN_POINT('Ctrl Pts',(15.7358462155631,1.69483226472071,0.));
#5322=CARTESIAN_POINT('Ctrl Pts',(15.7358462155631,1.69483226472071,5.));
#5323=CARTESIAN_POINT('Ctrl Pts',(15.6848492735483,1.71409490106277,0.));
#5324=CARTESIAN_POINT('Ctrl Pts',(15.6848492735483,1.71409490106277,5.));
#5325=CARTESIAN_POINT('Ctrl Pts',(15.6338134277219,1.73292700331638,0.));
#5326=CARTESIAN_POINT('Ctrl Pts',(15.6338134277219,1.73292700331638,5.));
#5327=CARTESIAN_POINT('Ctrl Pts',(15.5827408086001,1.75132068220392,0.));
#5328=CARTESIAN_POINT('Ctrl Pts',(15.5827408086001,1.75132068220392,5.));
#5329=CARTESIAN_POINT('Ctrl Pts',(15.5316335917172,1.76926774177037,0.));
#5330=CARTESIAN_POINT('Ctrl Pts',(15.5316335917172,1.76926774177037,5.));
#5331=CARTESIAN_POINT('Ctrl Pts',(15.4804939431549,1.78676083053,0.));
#5332=CARTESIAN_POINT('Ctrl Pts',(15.4804939431549,1.78676083053,5.));
#5333=CARTESIAN_POINT('Ctrl Pts',(15.4293239715352,1.80379446108758,0.));
#5334=CARTESIAN_POINT('Ctrl Pts',(15.4293239715352,1.80379446108758,5.));
#5335=CARTESIAN_POINT('Ctrl Pts',(15.3781256528457,1.82036659784808,0.));
#5336=CARTESIAN_POINT('Ctrl Pts',(15.3781256528457,1.82036659784808,5.));
#5337=CARTESIAN_POINT('Ctrl Pts',(15.3269008539246,1.83647821893213,0.));
#5338=CARTESIAN_POINT('Ctrl Pts',(15.3269008539246,1.83647821893213,5.));
#5339=CARTESIAN_POINT('Ctrl Pts',(15.2756514925171,1.8521300748788,0.));
#5340=CARTESIAN_POINT('Ctrl Pts',(15.2756514925171,1.8521300748788,5.));
#5341=CARTESIAN_POINT('Ctrl Pts',(15.2243796760436,1.86731988854564,0.));
#5342=CARTESIAN_POINT('Ctrl Pts',(15.2243796760436,1.86731988854564,5.));
#5343=CARTESIAN_POINT('Ctrl Pts',(15.1730878245483,1.88203989327388,0.));
#5344=CARTESIAN_POINT('Ctrl Pts',(15.1730878245483,1.88203989327388,5.));
#5345=CARTESIAN_POINT('Ctrl Pts',(15.1217788610528,1.89627297312156,0.));
#5346=CARTESIAN_POINT('Ctrl Pts',(15.1217788610528,1.89627297312156,5.));
#5347=CARTESIAN_POINT('Ctrl Pts',(15.0704561536318,1.90999397584266,0.));
#5348=CARTESIAN_POINT('Ctrl Pts',(15.0704561536318,1.90999397584266,5.));
#5349=CARTESIAN_POINT('Ctrl Pts',(15.0191231648786,1.92317712573035,0.));
#5350=CARTESIAN_POINT('Ctrl Pts',(15.0191231648786,1.92317712573035,5.));
#5351=CARTESIAN_POINT('Ctrl Pts',(14.967783146808,1.93580248772505,0.));
#5352=CARTESIAN_POINT('Ctrl Pts',(14.967783146808,1.93580248772505,5.));
#5353=CARTESIAN_POINT('Ctrl Pts',(14.9164388806956,1.94786152134633,0.));
#5354=CARTESIAN_POINT('Ctrl Pts',(14.9164388806956,1.94786152134633,5.));
#5355=CARTESIAN_POINT('Ctrl Pts',(14.8650922421832,1.95936622843625,0.));
#5356=CARTESIAN_POINT('Ctrl Pts',(14.8650922421832,1.95936622843625,5.));
#5357=CARTESIAN_POINT('Ctrl Pts',(14.8137444506773,1.97034424319341,0.));
#5358=CARTESIAN_POINT('Ctrl Pts',(14.8137444506773,1.97034424319341,5.));
#5359=CARTESIAN_POINT('Ctrl Pts',(14.7623969421309,1.98082112687549,0.));
#5360=CARTESIAN_POINT('Ctrl Pts',(14.7623969421309,1.98082112687549,5.));
#5361=CARTESIAN_POINT('Ctrl Pts',(14.711052139464,1.99080474995765,0.));
#5362=CARTESIAN_POINT('Ctrl Pts',(14.711052139464,1.99080474995765,5.));
#5363=CARTESIAN_POINT('Ctrl Pts',(14.6597141164522,2.0002719183401,0.));
#5364=CARTESIAN_POINT('Ctrl Pts',(14.6597141164522,2.0002719183401,5.));
#5365=CARTESIAN_POINT('Ctrl Pts',(14.6083896793345,2.00914629597693,0.));
#5366=CARTESIAN_POINT('Ctrl Pts',(14.6083896793345,2.00914629597693,5.));
#5367=CARTESIAN_POINT('Ctrl Pts',(14.5570876226576,2.01731442062386,0.));
#5368=CARTESIAN_POINT('Ctrl Pts',(14.5570876226576,2.01731442062386,5.));
#5369=CARTESIAN_POINT('Ctrl Pts',(14.5058168458364,2.0246657018613,0.));
#5370=CARTESIAN_POINT('Ctrl Pts',(14.5058168458364,2.0246657018613,5.));
#5371=CARTESIAN_POINT('Ctrl Pts',(14.454584643907,2.03112839261881,0.));
#5372=CARTESIAN_POINT('Ctrl Pts',(14.454584643907,2.03112839261881,5.));
#5373=CARTESIAN_POINT('Ctrl Pts',(14.4033952917561,2.03670035421461,0.));
#5374=CARTESIAN_POINT('Ctrl Pts',(14.4033952917561,2.03670035421461,5.));
#5375=CARTESIAN_POINT('Ctrl Pts',(14.3522475692753,2.04149965126194,0.));
#5376=CARTESIAN_POINT('Ctrl Pts',(14.3522475692753,2.04149965126194,5.));
#5377=CARTESIAN_POINT('Ctrl Pts',(14.3011379744026,2.0457079185261,0.));
#5378=CARTESIAN_POINT('Ctrl Pts',(14.3011379744026,2.0457079185261,5.));
#5379=CARTESIAN_POINT('Ctrl Pts',(14.2500661151694,2.04947225043192,0.));
#5380=CARTESIAN_POINT('Ctrl Pts',(14.2500661151694,2.04947225043192,5.));
#5381=CARTESIAN_POINT('Ctrl Pts',(14.199039651832,2.05281635564806,0.));
#5382=CARTESIAN_POINT('Ctrl Pts',(14.199039651832,2.05281635564806,5.));
#5383=CARTESIAN_POINT('Ctrl Pts',(14.1480788662636,2.0555570530445,0.));
#5384=CARTESIAN_POINT('Ctrl Pts',(14.1480788662636,2.0555570530445,5.));
#5385=CARTESIAN_POINT('Ctrl Pts',(14.0972228990995,2.05719374853789,0.));
#5386=CARTESIAN_POINT('Ctrl Pts',(14.0972228990995,2.05719374853789,5.));
#5387=CARTESIAN_POINT('Ctrl Pts',(14.0465212645082,2.057039212566,0.));
#5388=CARTESIAN_POINT('Ctrl Pts',(14.0465212645082,2.057039212566,5.));
#5389=CARTESIAN_POINT('Ctrl Pts',(14.0061224013745,2.05492331707166,0.));
#5390=CARTESIAN_POINT('Ctrl Pts',(14.0061224013745,2.05492331707166,5.));
#5391=CARTESIAN_POINT('Ctrl Pts',(13.975931600121,2.05196744376108,0.));
#5392=CARTESIAN_POINT('Ctrl Pts',(13.975931600121,2.05196744376108,5.));
#5393=CARTESIAN_POINT('Ctrl Pts',(13.9558546936855,2.04935667478723,0.));
#5394=CARTESIAN_POINT('Ctrl Pts',(13.9558546936855,2.04935667478723,5.));
#5395=CARTESIAN_POINT('Ctrl Pts',(13.9458288142221,2.0478912410813,0.));
#5396=CARTESIAN_POINT('Ctrl Pts',(13.9458288142221,2.0478912410813,5.));
#5397=CARTESIAN_POINT('',(17.4827923417152,0.775868504622461,0.));
#5398=CARTESIAN_POINT('Origin',(1.79856129989275E-13,0.,0.));
#5399=CARTESIAN_POINT('',(17.4827923417152,-0.77586850462246,0.));
#5400=CARTESIAN_POINT('Ctrl Pts',(13.9458288142221,-2.0478912410813,0.));
#5401=CARTESIAN_POINT('Ctrl Pts',(13.9458288142221,-2.0478912410813,5.));
#5402=CARTESIAN_POINT('Ctrl Pts',(13.9558546936855,-2.04935667478723,0.));
#5403=CARTESIAN_POINT('Ctrl Pts',(13.9558546936855,-2.04935667478723,5.));
#5404=CARTESIAN_POINT('Ctrl Pts',(13.975931600121,-2.05196744376108,0.));
#5405=CARTESIAN_POINT('Ctrl Pts',(13.975931600121,-2.05196744376108,5.));
#5406=CARTESIAN_POINT('Ctrl Pts',(14.0061224013745,-2.05492331707166,0.));
#5407=CARTESIAN_POINT('Ctrl Pts',(14.0061224013745,-2.05492331707166,5.));
#5408=CARTESIAN_POINT('Ctrl Pts',(14.0465212645082,-2.057039212566,0.));
#5409=CARTESIAN_POINT('Ctrl Pts',(14.0465212645082,-2.057039212566,5.));
#5410=CARTESIAN_POINT('Ctrl Pts',(14.0972228990995,-2.05719374853789,0.));
#5411=CARTESIAN_POINT('Ctrl Pts',(14.0972228990995,-2.05719374853789,5.));
#5412=CARTESIAN_POINT('Ctrl Pts',(14.1480788662636,-2.0555570530445,0.));
#5413=CARTESIAN_POINT('Ctrl Pts',(14.1480788662636,-2.0555570530445,5.));
#5414=CARTESIAN_POINT('Ctrl Pts',(14.199039651832,-2.05281635564806,0.));
#5415=CARTESIAN_POINT('Ctrl Pts',(14.199039651832,-2.05281635564806,5.));
#5416=CARTESIAN_POINT('Ctrl Pts',(14.2500661151694,-2.04947225043192,0.));
#5417=CARTESIAN_POINT('Ctrl Pts',(14.2500661151694,-2.04947225043192,5.));
#5418=CARTESIAN_POINT('Ctrl Pts',(14.3011379744026,-2.0457079185261,0.));
#5419=CARTESIAN_POINT('Ctrl Pts',(14.3011379744026,-2.0457079185261,5.));
#5420=CARTESIAN_POINT('Ctrl Pts',(14.3522475692753,-2.04149965126194,0.));
#5421=CARTESIAN_POINT('Ctrl Pts',(14.3522475692753,-2.04149965126194,5.));
#5422=CARTESIAN_POINT('Ctrl Pts',(14.4033952917561,-2.03670035421461,0.));
#5423=CARTESIAN_POINT('Ctrl Pts',(14.4033952917561,-2.03670035421461,5.));
#5424=CARTESIAN_POINT('Ctrl Pts',(14.454584643907,-2.03112839261881,0.));
#5425=CARTESIAN_POINT('Ctrl Pts',(14.454584643907,-2.03112839261881,5.));
#5426=CARTESIAN_POINT('Ctrl Pts',(14.5058168458364,-2.0246657018613,0.));
#5427=CARTESIAN_POINT('Ctrl Pts',(14.5058168458364,-2.0246657018613,5.));
#5428=CARTESIAN_POINT('Ctrl Pts',(14.5570876226576,-2.01731442062386,0.));
#5429=CARTESIAN_POINT('Ctrl Pts',(14.5570876226576,-2.01731442062386,5.));
#5430=CARTESIAN_POINT('Ctrl Pts',(14.6083896793345,-2.00914629597693,0.));
#5431=CARTESIAN_POINT('Ctrl Pts',(14.6083896793345,-2.00914629597693,5.));
#5432=CARTESIAN_POINT('Ctrl Pts',(14.6597141164522,-2.0002719183401,0.));
#5433=CARTESIAN_POINT('Ctrl Pts',(14.6597141164522,-2.0002719183401,5.));
#5434=CARTESIAN_POINT('Ctrl Pts',(14.711052139464,-1.99080474995765,0.));
#5435=CARTESIAN_POINT('Ctrl Pts',(14.711052139464,-1.99080474995765,5.));
#5436=CARTESIAN_POINT('Ctrl Pts',(14.7623969421309,-1.98082112687549,0.));
#5437=CARTESIAN_POINT('Ctrl Pts',(14.7623969421309,-1.98082112687549,5.));
#5438=CARTESIAN_POINT('Ctrl Pts',(14.8137444506773,-1.97034424319341,0.));
#5439=CARTESIAN_POINT('Ctrl Pts',(14.8137444506773,-1.97034424319341,5.));
#5440=CARTESIAN_POINT('Ctrl Pts',(14.8650922421832,-1.95936622843625,0.));
#5441=CARTESIAN_POINT('Ctrl Pts',(14.8650922421832,-1.95936622843625,5.));
#5442=CARTESIAN_POINT('Ctrl Pts',(14.9164388806956,-1.94786152134633,0.));
#5443=CARTESIAN_POINT('Ctrl Pts',(14.9164388806956,-1.94786152134633,5.));
#5444=CARTESIAN_POINT('Ctrl Pts',(14.967783146808,-1.93580248772505,0.));
#5445=CARTESIAN_POINT('Ctrl Pts',(14.967783146808,-1.93580248772505,5.));
#5446=CARTESIAN_POINT('Ctrl Pts',(15.0191231648786,-1.92317712573035,0.));
#5447=CARTESIAN_POINT('Ctrl Pts',(15.0191231648786,-1.92317712573035,5.));
#5448=CARTESIAN_POINT('Ctrl Pts',(15.0704561536318,-1.90999397584266,0.));
#5449=CARTESIAN_POINT('Ctrl Pts',(15.0704561536318,-1.90999397584266,5.));
#5450=CARTESIAN_POINT('Ctrl Pts',(15.1217788610528,-1.89627297312156,0.));
#5451=CARTESIAN_POINT('Ctrl Pts',(15.1217788610528,-1.89627297312156,5.));
#5452=CARTESIAN_POINT('Ctrl Pts',(15.1730878245483,-1.88203989327388,0.));
#5453=CARTESIAN_POINT('Ctrl Pts',(15.1730878245483,-1.88203989327388,5.));
#5454=CARTESIAN_POINT('Ctrl Pts',(15.2243796760436,-1.86731988854564,0.));
#5455=CARTESIAN_POINT('Ctrl Pts',(15.2243796760436,-1.86731988854564,5.));
#5456=CARTESIAN_POINT('Ctrl Pts',(15.2756514925171,-1.8521300748788,0.));
#5457=CARTESIAN_POINT('Ctrl Pts',(15.2756514925171,-1.8521300748788,5.));
#5458=CARTESIAN_POINT('Ctrl Pts',(15.3269008539246,-1.83647821893213,0.));
#5459=CARTESIAN_POINT('Ctrl Pts',(15.3269008539246,-1.83647821893213,5.));
#5460=CARTESIAN_POINT('Ctrl Pts',(15.3781256528457,-1.82036659784808,0.));
#5461=CARTESIAN_POINT('Ctrl Pts',(15.3781256528457,-1.82036659784808,5.));
#5462=CARTESIAN_POINT('Ctrl Pts',(15.4293239715352,-1.80379446108758,0.));
#5463=CARTESIAN_POINT('Ctrl Pts',(15.4293239715352,-1.80379446108758,5.));
#5464=CARTESIAN_POINT('Ctrl Pts',(15.4804939431549,-1.78676083053,0.));
#5465=CARTESIAN_POINT('Ctrl Pts',(15.4804939431549,-1.78676083053,5.));
#5466=CARTESIAN_POINT('Ctrl Pts',(15.5316335917172,-1.76926774177037,0.));
#5467=CARTESIAN_POINT('Ctrl Pts',(15.5316335917172,-1.76926774177037,5.));
#5468=CARTESIAN_POINT('Ctrl Pts',(15.5827408086001,-1.75132068220392,0.));
#5469=CARTESIAN_POINT('Ctrl Pts',(15.5827408086001,-1.75132068220392,5.));
#5470=CARTESIAN_POINT('Ctrl Pts',(15.6338134277219,-1.73292700331638,0.));
#5471=CARTESIAN_POINT('Ctrl Pts',(15.6338134277219,-1.73292700331638,5.));
#5472=CARTESIAN_POINT('Ctrl Pts',(15.6848492735483,-1.71409490106277,0.));
#5473=CARTESIAN_POINT('Ctrl Pts',(15.6848492735483,-1.71409490106277,5.));
#5474=CARTESIAN_POINT('Ctrl Pts',(15.7358462155631,-1.69483226472071,0.));
#5475=CARTESIAN_POINT('Ctrl Pts',(15.7358462155631,-1.69483226472071,5.));
#5476=CARTESIAN_POINT('Ctrl Pts',(15.7868022326587,-1.67514534099124,0.));
#5477=CARTESIAN_POINT('Ctrl Pts',(15.7868022326587,-1.67514534099124,5.));
#5478=CARTESIAN_POINT('Ctrl Pts',(15.8377154171204,-1.65503859612397,0.));
#5479=CARTESIAN_POINT('Ctrl Pts',(15.8377154171204,-1.65503859612397,5.));
#5480=CARTESIAN_POINT('Ctrl Pts',(15.8885839373864,-1.63451540140161,0.));
#5481=CARTESIAN_POINT('Ctrl Pts',(15.8885839373864,-1.63451540140161,5.));
#5482=CARTESIAN_POINT('Ctrl Pts',(15.9394060125613,-1.61357849056887,0.));
#5483=CARTESIAN_POINT('Ctrl Pts',(15.9394060125613,-1.61357849056887,5.));
#5484=CARTESIAN_POINT('Ctrl Pts',(15.9901798849073,-1.59223047023234,0.));
#5485=CARTESIAN_POINT('Ctrl Pts',(15.9901798849073,-1.59223047023234,5.));
#5486=CARTESIAN_POINT('Ctrl Pts',(16.0409037875524,-1.57047441783103,0.));
#5487=CARTESIAN_POINT('Ctrl Pts',(16.0409037875524,-1.57047441783103,5.));
#5488=CARTESIAN_POINT('Ctrl Pts',(16.091575941517,-1.54831396462259,0.));
#5489=CARTESIAN_POINT('Ctrl Pts',(16.091575941517,-1.54831396462259,5.));
#5490=CARTESIAN_POINT('Ctrl Pts',(16.142194573699,-1.52575300566689,0.));
#5491=CARTESIAN_POINT('Ctrl Pts',(16.142194573699,-1.52575300566689,5.));
#5492=CARTESIAN_POINT('Ctrl Pts',(16.1927579298344,-1.50279551628519,0.));
#5493=CARTESIAN_POINT('Ctrl Pts',(16.1927579298344,-1.50279551628519,5.));
#5494=CARTESIAN_POINT('Ctrl Pts',(16.2432642880075,-1.47944534546785,0.));
#5495=CARTESIAN_POINT('Ctrl Pts',(16.2432642880075,-1.47944534546785,5.));
#5496=CARTESIAN_POINT('Ctrl Pts',(16.293711977146,-1.45570597815609,0.));
#5497=CARTESIAN_POINT('Ctrl Pts',(16.293711977146,-1.45570597815609,5.));
#5498=CARTESIAN_POINT('Ctrl Pts',(16.3440993738581,-1.43158049816676,0.));
#5499=CARTESIAN_POINT('Ctrl Pts',(16.3440993738581,-1.43158049816676,5.));
#5500=CARTESIAN_POINT('Ctrl Pts',(16.394424881835,-1.40707172286495,0.));
#5501=CARTESIAN_POINT('Ctrl Pts',(16.394424881835,-1.40707172286495,5.));
#5502=CARTESIAN_POINT('Ctrl Pts',(16.4446869155736,-1.38218229475614,0.));
#5503=CARTESIAN_POINT('Ctrl Pts',(16.4446869155736,-1.38218229475614,5.));
#5504=CARTESIAN_POINT('Ctrl Pts',(16.494883885266,-1.35691478400646,0.));
#5505=CARTESIAN_POINT('Ctrl Pts',(16.494883885266,-1.35691478400646,5.));
#5506=CARTESIAN_POINT('Ctrl Pts',(16.5450141756268,-1.33127181179954,0.));
#5507=CARTESIAN_POINT('Ctrl Pts',(16.5450141756268,-1.33127181179954,5.));
#5508=CARTESIAN_POINT('Ctrl Pts',(16.5950761509799,-1.30525607909584,0.));
#5509=CARTESIAN_POINT('Ctrl Pts',(16.5950761509799,-1.30525607909584,5.));
#5510=CARTESIAN_POINT('Ctrl Pts',(16.6450681871753,-1.27887029133288,0.));
#5511=CARTESIAN_POINT('Ctrl Pts',(16.6450681871753,-1.27887029133288,5.));
#5512=CARTESIAN_POINT('Ctrl Pts',(16.6949886989286,-1.25211711127305,0.));
#5513=CARTESIAN_POINT('Ctrl Pts',(16.6949886989286,-1.25211711127305,5.));
#5514=CARTESIAN_POINT('Ctrl Pts',(16.7448361649002,-1.22499910817967,0.));
#5515=CARTESIAN_POINT('Ctrl Pts',(16.7448361649002,-1.22499910817967,5.));
#5516=CARTESIAN_POINT('Ctrl Pts',(16.7946091656503,-1.19751869875797,0.));
#5517=CARTESIAN_POINT('Ctrl Pts',(16.7946091656503,-1.19751869875797,5.));
#5518=CARTESIAN_POINT('Ctrl Pts',(16.8443063770237,-1.16967813794478,0.));
#5519=CARTESIAN_POINT('Ctrl Pts',(16.8443063770237,-1.16967813794478,5.));
#5520=CARTESIAN_POINT('Ctrl Pts',(16.8939264969443,-1.14147958682507,0.));
#5521=CARTESIAN_POINT('Ctrl Pts',(16.8939264969443,-1.14147958682507,5.));
#5522=CARTESIAN_POINT('Ctrl Pts',(16.9434681851668,-1.11292516703255,0.));
#5523=CARTESIAN_POINT('Ctrl Pts',(16.9434681851668,-1.11292516703255,5.));
#5524=CARTESIAN_POINT('Ctrl Pts',(16.992930005636,-1.0840170172419,0.));
#5525=CARTESIAN_POINT('Ctrl Pts',(16.992930005636,-1.0840170172419,5.));
#5526=CARTESIAN_POINT('Ctrl Pts',(17.0423103507837,-1.05475736552138,0.));
#5527=CARTESIAN_POINT('Ctrl Pts',(17.0423103507837,-1.05475736552138,5.));
#5528=CARTESIAN_POINT('Ctrl Pts',(17.091607430024,-1.02514855212895,0.));
#5529=CARTESIAN_POINT('Ctrl Pts',(17.091607430024,-1.02514855212895,5.));
#5530=CARTESIAN_POINT('Ctrl Pts',(17.1408194222995,-0.995192920095965,0.));
#5531=CARTESIAN_POINT('Ctrl Pts',(17.1408194222995,-0.995192920095965,5.));
#5532=CARTESIAN_POINT('Ctrl Pts',(17.1899445999944,-0.964892732620673,0.));
#5533=CARTESIAN_POINT('Ctrl Pts',(17.1899445999944,-0.964892732620673,5.));
#5534=CARTESIAN_POINT('Ctrl Pts',(17.2389814599646,-0.934250083854097,0.));
#5535=CARTESIAN_POINT('Ctrl Pts',(17.2389814599646,-0.934250083854097,5.));
#5536=CARTESIAN_POINT('Ctrl Pts',(17.2879288640668,-0.903266811133132,0.));
#5537=CARTESIAN_POINT('Ctrl Pts',(17.2879288640668,-0.903266811133132,5.));
#5538=CARTESIAN_POINT('Ctrl Pts',(17.3367861421872,-0.871944419907771,0.));
#5539=CARTESIAN_POINT('Ctrl Pts',(17.3367861421872,-0.871944419907771,5.));
#5540=CARTESIAN_POINT('Ctrl Pts',(17.3855529617594,-0.840284085901618,0.));
#5541=CARTESIAN_POINT('Ctrl Pts',(17.3855529617594,-0.840284085901618,5.));
#5542=CARTESIAN_POINT('Ctrl Pts',(17.424493973308,-0.814686136758527,0.));
#5543=CARTESIAN_POINT('Ctrl Pts',(17.424493973308,-0.814686136758527,5.));
#5544=CARTESIAN_POINT('Ctrl Pts',(17.4536589945522,-0.795336205787362,0.));
#5545=CARTESIAN_POINT('Ctrl Pts',(17.4536589945522,-0.795336205787362,5.));
#5546=CARTESIAN_POINT('Ctrl Pts',(17.4730842425744,-0.782368954552816,0.));
#5547=CARTESIAN_POINT('Ctrl Pts',(17.4730842425744,-0.782368954552816,5.));
#5548=CARTESIAN_POINT('Ctrl Pts',(17.4827923417152,-0.77586850462246,0.));
#5549=CARTESIAN_POINT('Ctrl Pts',(17.4827923417152,-0.77586850462246,5.));
#5550=CARTESIAN_POINT('Origin',(0.,0.,0.));
#5551=CARTESIAN_POINT('',(-2.5,-3.06161699786838E-16,0.));
#5552=CARTESIAN_POINT('',(0.,0.,0.));
#5553=CARTESIAN_POINT('',(0.,0.,0.));
#5554=UNCERTAINTY_MEASURE_WITH_UNIT(LENGTH_MEASURE(0.01),#5562,
'DISTANCE_ACCURACY_VALUE',
'Maximum model space distance between geometric entities at asserted c
onnectivities');
#5555=UNCERTAINTY_MEASURE_WITH_UNIT(LENGTH_MEASURE(0.01),#5562,
'DISTANCE_ACCURACY_VALUE',
'Maximum model space distance between geometric entities at asserted c
onnectivities');
#5556=UNCERTAINTY_MEASURE_WITH_UNIT(LENGTH_MEASURE(0.01),#5562,
'DISTANCE_ACCURACY_VALUE',
'Maximum model space distance between geometric entities at asserted c
onnectivities');
#5557=UNCERTAINTY_MEASURE_WITH_UNIT(LENGTH_MEASURE(0.01),#5562,
'DISTANCE_ACCURACY_VALUE',
'Maximum model space distance between geometric entities at asserted c
onnectivities');
#5558=(
GEOMETRIC_REPRESENTATION_CONTEXT(3)
GLOBAL_UNCERTAINTY_ASSIGNED_CONTEXT((#5554))
GLOBAL_UNIT_ASSIGNED_CONTEXT((#5562,#5564,#5565))
REPRESENTATION_CONTEXT('','3D')
);
#5559=(
GEOMETRIC_REPRESENTATION_CONTEXT(3)
GLOBAL_UNCERTAINTY_ASSIGNED_CONTEXT((#5555))
GLOBAL_UNIT_ASSIGNED_CONTEXT((#5562,#5564,#5565))
REPRESENTATION_CONTEXT('','3D')
);
#5560=(
GEOMETRIC_REPRESENTATION_CONTEXT(3)
GLOBAL_UNCERTAINTY_ASSIGNED_CONTEXT((#5556))
GLOBAL_UNIT_ASSIGNED_CONTEXT((#5562,#5564,#5565))
REPRESENTATION_CONTEXT('','3D')
);
#5561=(
GEOMETRIC_REPRESENTATION_CONTEXT(3)
GLOBAL_UNCERTAINTY_ASSIGNED_CONTEXT((#5557))
GLOBAL_UNIT_ASSIGNED_CONTEXT((#5562,#5564,#5565))
REPRESENTATION_CONTEXT('','3D')
);
#5562=(
LENGTH_UNIT()
NAMED_UNIT(*)
SI_UNIT(.MILLI.,.METRE.)
);
#5563=(
LENGTH_UNIT()
NAMED_UNIT(*)
SI_UNIT($,.METRE.)
);
#5564=(
NAMED_UNIT(*)
PLANE_ANGLE_UNIT()
SI_UNIT($,.RADIAN.)
);
#5565=(
NAMED_UNIT(*)
SI_UNIT($,.STERADIAN.)
SOLID_ANGLE_UNIT()
);
#5566=SHAPE_DEFINITION_REPRESENTATION(#5569,#5574);
#5567=SHAPE_DEFINITION_REPRESENTATION(#5570,#5575);
#5568=SHAPE_DEFINITION_REPRESENTATION(#5571,#5576);
#5569=PRODUCT_DEFINITION_SHAPE('',$,#5578);
#5570=PRODUCT_DEFINITION_SHAPE('',$,#5579);
#5571=PRODUCT_DEFINITION_SHAPE('',$,#5580);
#5572=PRODUCT_DEFINITION_SHAPE($,$,#17);
#5573=PRODUCT_DEFINITION_SHAPE($,$,#18);
#5574=SHAPE_REPRESENTATION('',(#1204,#1314,#1315),#5558);
#5575=SHAPE_REPRESENTATION('',(#1205),#5559);
#5576=SHAPE_REPRESENTATION('',(#1206),#5560);
#5577=PRODUCT_DEFINITION_CONTEXT('part definition',#5588,'design');
#5578=PRODUCT_DEFINITION('(\X2\C800C7A5B418C9C0\X0\ \X2\C54AC74C\X0\)',
'(\X2\C800C7A5B418C9C0\X0\ \X2\C54AC74C\X0\)',#5581,#5577);
#5579=PRODUCT_DEFINITION('Spur Gear (12 teeth)','Spur Gear (12 teeth)',
#5582,#5577);
#5580=PRODUCT_DEFINITION('Spur Gear (12 teeth) (1)',
'Spur Gear (12 teeth) (1)',#5583,#5577);
#5581=PRODUCT_DEFINITION_FORMATION('',$,#5590);
#5582=PRODUCT_DEFINITION_FORMATION('',$,#5591);
#5583=PRODUCT_DEFINITION_FORMATION('',$,#5592);
#5584=PRODUCT_RELATED_PRODUCT_CATEGORY('(\X2\C800C7A5B418C9C0\X0\ \X2\C54AC74C\X0\)',
'(\X2\C800C7A5B418C9C0\X0\ \X2\C54AC74C\X0\)',(#5590));
#5585=PRODUCT_RELATED_PRODUCT_CATEGORY('Spur Gear (12 teeth)',
'Spur Gear (12 teeth)',(#5591));
#5586=PRODUCT_RELATED_PRODUCT_CATEGORY('Spur Gear (12 teeth) (1)',
'Spur Gear (12 teeth) (1)',(#5592));
#5587=APPLICATION_PROTOCOL_DEFINITION('international standard',
'automotive_design',2009,#5588);
#5588=APPLICATION_CONTEXT(
'Core Data for Automotive Mechanical Design Process');
#5589=PRODUCT_CONTEXT('part definition',#5588,'mechanical');
#5590=PRODUCT('(\X2\C800C7A5B418C9C0\X0\ \X2\C54AC74C\X0\)',
'(\X2\C800C7A5B418C9C0\X0\ \X2\C54AC74C\X0\)',$,(#5589));
#5591=PRODUCT('Spur Gear (12 teeth)','Spur Gear (12 teeth)',
'Spur Gear; Module: 2.5; Num Teeth: 12; Pressure Angle: 20.0; Backlash
: 0.00 mm',(#5589));
#5592=PRODUCT('Spur Gear (12 teeth) (1)','Spur Gear (12 teeth) (1)',
'Spur Gear; Module: 2.5; Num Teeth: 12; Pressure Angle: 20.0; Backlash
: 0.00 mm',(#5589));
#5593=PRESENTATION_STYLE_ASSIGNMENT((#5594));
#5594=SURFACE_STYLE_USAGE(.BOTH.,#5595);
#5595=SURFACE_SIDE_STYLE('',(#5596));
#5596=SURFACE_STYLE_FILL_AREA(#5597);
#5597=FILL_AREA_STYLE('\X2\AC15CCA0\X0\ - \X2\C0C8D2F4\X0\',(#5598));
#5598=FILL_AREA_STYLE_COLOUR('\X2\AC15CCA0\X0\ - \X2\C0C8D2F4\X0\',#5599);
#5599=COLOUR_RGB('\X2\AC15CCA0\X0\ - \X2\C0C8D2F4\X0\',0.627450980392157,
0.627450980392157,0.627450980392157);
ENDSEC;
END-ISO-10303-21;
