ISO-10303-21;
HEADER;
/* Generated by software containing ST-Developer
 * from STEP Tools, Inc. (www.steptools.com) 
 */

FILE_DESCRIPTION(
/* description */ (''),
/* implementation_level */ '2;1');

FILE_NAME(
/* name */ 'TRGRIP01_Grip_Right_50x15.step',
/* time_stamp */ '2026-06-11T09:11:20+09:00',
/* author */ (''),
/* organization */ (''),
/* preprocessor_version */ 'ST-DEVELOPER v20.1',
/* originating_system */ 'Autodesk Translation Framework v15.8.0.0',
/* authorisation */ '');

FILE_SCHEMA (('AUTOMOTIVE_DESIGN { 1 0 10303 214 3 1 1 }'));
ENDSEC;

DATA;
#10=MECHANICAL_DESIGN_GEOMETRIC_PRESENTATION_REPRESENTATION('',(#21),#5416);
#11=ITEM_DEFINED_TRANSFORMATION($,$,#1294,#1412);
#12=ITEM_DEFINED_TRANSFORMATION($,$,#1295,#1413);
#13=(
REPRESENTATION_RELATIONSHIP($,$,#5430,#5429)
REPRESENTATION_RELATIONSHIP_WITH_TRANSFORMATION(#11)
SHAPE_REPRESENTATION_RELATIONSHIP()
);
#14=(
REPRESENTATION_RELATIONSHIP($,$,#5431,#5429)
REPRESENTATION_RELATIONSHIP_WITH_TRANSFORMATION(#12)
SHAPE_REPRESENTATION_RELATIONSHIP()
);
#15=CONTEXT_DEPENDENT_SHAPE_REPRESENTATION(#13,#5427);
#16=CONTEXT_DEPENDENT_SHAPE_REPRESENTATION(#14,#5428);
#17=NEXT_ASSEMBLY_USAGE_OCCURRENCE('Spur Gear (12 teeth):1',
'Spur Gear (12 teeth):1','Spur Gear (12 teeth):1',#5433,#5434,
'Spur Gear (12 teeth):1');
#18=NEXT_ASSEMBLY_USAGE_OCCURRENCE('Spur Gear (12 teeth) (1):2',
'Spur Gear (12 teeth) (1):2','Spur Gear (12 teeth) (1):2',#5433,#5435,
'Spur Gear (12 teeth) (1):2');
#19=SHAPE_REPRESENTATION_RELATIONSHIP('SRR','None',#5431,#20);
#20=ADVANCED_BREP_SHAPE_REPRESENTATION('',(#22),#5415);
#21=STYLED_ITEM('',(#5448),#22);
#22=MANIFOLD_SOLID_BREP('\X2\BCF8CCB4\X0\1',#1269);
#23=(
BOUNDED_SURFACE()
B_SPLINE_SURFACE(5,1,((#3729,#3730),(#3731,#3732),(#3733,#3734),(#3735,
#3736),(#3737,#3738),(#3739,#3740),(#3741,#3742),(#3743,#3744),(#3745,#3746),
(#3747,#3748),(#3749,#3750),(#3751,#3752),(#3753,#3754),(#3755,#3756),(#3757,
#3758),(#3759,#3760),(#3761,#3762),(#3763,#3764),(#3765,#3766),(#3767,#3768),
(#3769,#3770),(#3771,#3772),(#3773,#3774),(#3775,#3776),(#3777,#3778),(#3779,
#3780),(#3781,#3782),(#3783,#3784),(#3785,#3786),(#3787,#3788),(#3789,#3790),
(#3791,#3792),(#3793,#3794),(#3795,#3796),(#3797,#3798),(#3799,#3800),(#3801,
#3802),(#3803,#3804),(#3805,#3806),(#3807,#3808),(#3809,#3810),(#3811,#3812),
(#3813,#3814),(#3815,#3816),(#3817,#3818),(#3819,#3820),(#3821,#3822),(#3823,
#3824),(#3825,#3826),(#3827,#3828),(#3829,#3830),(#3831,#3832),(#3833,#3834),
(#3835,#3836),(#3837,#3838),(#3839,#3840),(#3841,#3842),(#3843,#3844),(#3845,
#3846),(#3847,#3848),(#3849,#3850),(#3851,#3852),(#3853,#3854),(#3855,#3856),
(#3857,#3858),(#3859,#3860),(#3861,#3862),(#3863,#3864),(#3865,#3866),(#3867,
#3868),(#3869,#3870),(#3871,#3872),(#3873,#3874),(#3875,#3876),(#3877,#3878)),
 .UNSPECIFIED.,.F.,.F.,.F.)
B_SPLINE_SURFACE_WITH_KNOTS((6,1,1,1,1,1,1,1,1,1,1,1,1,1,1,1,1,1,1,1,1,
1,1,1,1,1,1,1,1,1,1,1,1,1,1,1,1,1,1,1,1,1,1,1,1,1,1,1,1,1,1,1,1,1,1,1,1,
1,1,1,1,1,1,1,1,1,1,1,1,1,6),(2,2),(-1.,-0.985714285714284,-0.97142857142857,
-0.957142857142856,-0.942857142857141,-0.928571428571427,-0.914285714285713,
-0.899999999999999,-0.885714285714284,-0.87142857142857,-0.857142857142856,
-0.842857142857142,-0.828571428571428,-0.814285714285713,-0.799999999999999,
-0.785714285714285,-0.771428571428571,-0.757142857142856,-0.742857142857142,
-0.728571428571428,-0.714285714285714,-0.699999999999999,-0.685714285714285,
-0.671428571428571,-0.657142857142857,-0.642857142857142,-0.628571428571428,
-0.614285714285714,-0.6,-0.585714285714286,-0.571428571428571,-0.557142857142857,
-0.542857142857143,-0.528571428571429,-0.514285714285714,-0.5,-0.485714285714286,
-0.471428571428572,-0.457142857142857,-0.442857142857143,-0.428571428571429,
-0.414285714285714,-0.4,-0.385714285714286,-0.371428571428571,-0.357142857142857,
-0.342857142857143,-0.328571428571429,-0.314285714285714,-0.3,-0.285714285714286,
-0.271428571428571,-0.257142857142857,-0.242857142857143,-0.228571428571429,
-0.214285714285714,-0.2,-0.185714285714286,-0.171428571428571,-0.157142857142857,
-0.142857142857143,-0.128571428571429,-0.114285714285714,-0.1,-0.0857142857142857,
-0.0714285714285714,-0.0571428571428571,-0.0428571428571429,-0.0285714285714286,
-0.0142857142857143,0.),(0.,0.5),.UNSPECIFIED.)
GEOMETRIC_REPRESENTATION_ITEM()
RATIONAL_B_SPLINE_SURFACE(((1.,1.),(1.,1.),(1.,1.),(1.,1.),(1.,1.),(1.,
1.),(1.,1.),(1.,1.),(1.,1.),(1.,1.),(1.,1.),(1.,1.),(1.,1.),(1.,1.),(1.,
1.),(1.,1.),(1.,1.),(1.,1.),(1.,1.),(1.,1.),(1.,1.),(1.,1.),(1.,1.),(1.,
1.),(1.,1.),(1.,1.),(1.,1.),(1.,1.),(1.,1.),(1.,1.),(1.,1.),(1.,1.),(1.,
1.),(1.,1.),(1.,1.),(1.,1.),(1.,1.),(1.,1.),(1.,1.),(1.,1.),(1.,1.),(1.,
1.),(1.,1.),(1.,1.),(1.,1.),(1.,1.),(1.,1.),(1.,1.),(1.,1.),(1.,1.),(1.,
1.),(1.,1.),(1.,1.),(1.,1.),(1.,1.),(1.,1.),(1.,1.),(1.,1.),(1.,1.),(1.,
1.),(1.,1.),(1.,1.),(1.,1.),(1.,1.),(1.,1.),(1.,1.),(1.,1.),(1.,1.),(1.,
1.),(1.,1.),(1.,1.),(1.,1.),(1.,1.),(1.,1.),(1.,1.)))
REPRESENTATION_ITEM('')
SURFACE()
);
#24=(
BOUNDED_SURFACE()
B_SPLINE_SURFACE(5,1,((#3882,#3883),(#3884,#3885),(#3886,#3887),(#3888,
#3889),(#3890,#3891),(#3892,#3893),(#3894,#3895),(#3896,#3897),(#3898,#3899),
(#3900,#3901),(#3902,#3903),(#3904,#3905),(#3906,#3907),(#3908,#3909),(#3910,
#3911),(#3912,#3913),(#3914,#3915),(#3916,#3917),(#3918,#3919),(#3920,#3921),
(#3922,#3923),(#3924,#3925),(#3926,#3927),(#3928,#3929),(#3930,#3931),(#3932,
#3933),(#3934,#3935),(#3936,#3937),(#3938,#3939),(#3940,#3941),(#3942,#3943),
(#3944,#3945),(#3946,#3947),(#3948,#3949),(#3950,#3951),(#3952,#3953),(#3954,
#3955),(#3956,#3957),(#3958,#3959),(#3960,#3961),(#3962,#3963),(#3964,#3965),
(#3966,#3967),(#3968,#3969),(#3970,#3971),(#3972,#3973),(#3974,#3975),(#3976,
#3977),(#3978,#3979),(#3980,#3981),(#3982,#3983),(#3984,#3985),(#3986,#3987),
(#3988,#3989),(#3990,#3991),(#3992,#3993),(#3994,#3995),(#3996,#3997),(#3998,
#3999),(#4000,#4001),(#4002,#4003),(#4004,#4005),(#4006,#4007),(#4008,#4009),
(#4010,#4011),(#4012,#4013),(#4014,#4015),(#4016,#4017),(#4018,#4019),(#4020,
#4021),(#4022,#4023),(#4024,#4025),(#4026,#4027),(#4028,#4029),(#4030,#4031)),
 .UNSPECIFIED.,.F.,.F.,.F.)
B_SPLINE_SURFACE_WITH_KNOTS((6,1,1,1,1,1,1,1,1,1,1,1,1,1,1,1,1,1,1,1,1,
1,1,1,1,1,1,1,1,1,1,1,1,1,1,1,1,1,1,1,1,1,1,1,1,1,1,1,1,1,1,1,1,1,1,1,1,
1,1,1,1,1,1,1,1,1,1,1,1,1,6),(2,2),(0.,0.0142857142857143,0.0285714285714286,
0.0428571428571429,0.0571428571428571,0.0714285714285714,0.0857142857142857,
0.1,0.114285714285714,0.128571428571429,0.142857142857143,0.157142857142857,
0.171428571428571,0.185714285714286,0.2,0.214285714285714,0.228571428571429,
0.242857142857143,0.257142857142857,0.271428571428571,0.285714285714286,
0.3,0.314285714285714,0.328571428571429,0.342857142857143,0.357142857142857,
0.371428571428571,0.385714285714286,0.4,0.414285714285714,0.428571428571429,
0.442857142857143,0.457142857142857,0.471428571428572,0.485714285714286,
0.5,0.514285714285714,0.528571428571429,0.542857142857143,0.557142857142857,
0.571428571428571,0.585714285714286,0.6,0.614285714285714,0.628571428571428,
0.642857142857142,0.657142857142857,0.671428571428571,0.685714285714285,
0.699999999999999,0.714285714285714,0.728571428571428,0.742857142857142,
0.757142857142856,0.771428571428571,0.785714285714285,0.799999999999999,
0.814285714285713,0.828571428571428,0.842857142857142,0.857142857142856,
0.87142857142857,0.885714285714284,0.899999999999999,0.914285714285713,
0.928571428571427,0.942857142857141,0.957142857142856,0.97142857142857,
0.985714285714284,1.),(0.,0.5),.UNSPECIFIED.)
GEOMETRIC_REPRESENTATION_ITEM()
RATIONAL_B_SPLINE_SURFACE(((1.,1.),(1.,1.),(1.,1.),(1.,1.),(1.,1.),(1.,
1.),(1.,1.),(1.,1.),(1.,1.),(1.,1.),(1.,1.),(1.,1.),(1.,1.),(1.,1.),(1.,
1.),(1.,1.),(1.,1.),(1.,1.),(1.,1.),(1.,1.),(1.,1.),(1.,1.),(1.,1.),(1.,
1.),(1.,1.),(1.,1.),(1.,1.),(1.,1.),(1.,1.),(1.,1.),(1.,1.),(1.,1.),(1.,
1.),(1.,1.),(1.,1.),(1.,1.),(1.,1.),(1.,1.),(1.,1.),(1.,1.),(1.,1.),(1.,
1.),(1.,1.),(1.,1.),(1.,1.),(1.,1.),(1.,1.),(1.,1.),(1.,1.),(1.,1.),(1.,
1.),(1.,1.),(1.,1.),(1.,1.),(1.,1.),(1.,1.),(1.,1.),(1.,1.),(1.,1.),(1.,
1.),(1.,1.),(1.,1.),(1.,1.),(1.,1.),(1.,1.),(1.,1.),(1.,1.),(1.,1.),(1.,
1.),(1.,1.),(1.,1.),(1.,1.),(1.,1.),(1.,1.),(1.,1.)))
REPRESENTATION_ITEM('')
SURFACE()
);
#25=(
BOUNDED_SURFACE()
B_SPLINE_SURFACE(5,1,((#4032,#4033),(#4034,#4035),(#4036,#4037),(#4038,
#4039),(#4040,#4041),(#4042,#4043),(#4044,#4045),(#4046,#4047),(#4048,#4049),
(#4050,#4051),(#4052,#4053),(#4054,#4055),(#4056,#4057),(#4058,#4059),(#4060,
#4061),(#4062,#4063),(#4064,#4065),(#4066,#4067),(#4068,#4069),(#4070,#4071),
(#4072,#4073),(#4074,#4075),(#4076,#4077),(#4078,#4079),(#4080,#4081),(#4082,
#4083),(#4084,#4085),(#4086,#4087),(#4088,#4089),(#4090,#4091),(#4092,#4093),
(#4094,#4095),(#4096,#4097),(#4098,#4099),(#4100,#4101),(#4102,#4103),(#4104,
#4105),(#4106,#4107),(#4108,#4109),(#4110,#4111),(#4112,#4113),(#4114,#4115),
(#4116,#4117),(#4118,#4119),(#4120,#4121),(#4122,#4123),(#4124,#4125),(#4126,
#4127),(#4128,#4129),(#4130,#4131),(#4132,#4133),(#4134,#4135),(#4136,#4137),
(#4138,#4139),(#4140,#4141),(#4142,#4143),(#4144,#4145),(#4146,#4147),(#4148,
#4149),(#4150,#4151),(#4152,#4153),(#4154,#4155),(#4156,#4157),(#4158,#4159),
(#4160,#4161),(#4162,#4163),(#4164,#4165),(#4166,#4167),(#4168,#4169),(#4170,
#4171),(#4172,#4173),(#4174,#4175),(#4176,#4177),(#4178,#4179),(#4180,#4181)),
 .UNSPECIFIED.,.F.,.F.,.F.)
B_SPLINE_SURFACE_WITH_KNOTS((6,1,1,1,1,1,1,1,1,1,1,1,1,1,1,1,1,1,1,1,1,
1,1,1,1,1,1,1,1,1,1,1,1,1,1,1,1,1,1,1,1,1,1,1,1,1,1,1,1,1,1,1,1,1,1,1,1,
1,1,1,1,1,1,1,1,1,1,1,1,1,6),(2,2),(-1.,-0.985714285714284,-0.97142857142857,
-0.957142857142856,-0.942857142857141,-0.928571428571427,-0.914285714285713,
-0.899999999999999,-0.885714285714284,-0.87142857142857,-0.857142857142856,
-0.842857142857142,-0.828571428571428,-0.814285714285713,-0.799999999999999,
-0.785714285714285,-0.771428571428571,-0.757142857142856,-0.742857142857142,
-0.728571428571428,-0.714285714285714,-0.699999999999999,-0.685714285714285,
-0.671428571428571,-0.657142857142857,-0.642857142857142,-0.628571428571428,
-0.614285714285714,-0.6,-0.585714285714286,-0.571428571428571,-0.557142857142857,
-0.542857142857143,-0.528571428571429,-0.514285714285714,-0.5,-0.485714285714286,
-0.471428571428572,-0.457142857142857,-0.442857142857143,-0.428571428571429,
-0.414285714285714,-0.4,-0.385714285714286,-0.371428571428571,-0.357142857142857,
-0.342857142857143,-0.328571428571429,-0.314285714285714,-0.3,-0.285714285714286,
-0.271428571428571,-0.257142857142857,-0.242857142857143,-0.228571428571429,
-0.214285714285714,-0.2,-0.185714285714286,-0.171428571428571,-0.157142857142857,
-0.142857142857143,-0.128571428571429,-0.114285714285714,-0.1,-0.0857142857142857,
-0.0714285714285714,-0.0571428571428571,-0.0428571428571429,-0.0285714285714286,
-0.0142857142857143,0.),(0.,0.5),.UNSPECIFIED.)
GEOMETRIC_REPRESENTATION_ITEM()
RATIONAL_B_SPLINE_SURFACE(((1.,1.),(1.,1.),(1.,1.),(1.,1.),(1.,1.),(1.,
1.),(1.,1.),(1.,1.),(1.,1.),(1.,1.),(1.,1.),(1.,1.),(1.,1.),(1.,1.),(1.,
1.),(1.,1.),(1.,1.),(1.,1.),(1.,1.),(1.,1.),(1.,1.),(1.,1.),(1.,1.),(1.,
1.),(1.,1.),(1.,1.),(1.,1.),(1.,1.),(1.,1.),(1.,1.),(1.,1.),(1.,1.),(1.,
1.),(1.,1.),(1.,1.),(1.,1.),(1.,1.),(1.,1.),(1.,1.),(1.,1.),(1.,1.),(1.,
1.),(1.,1.),(1.,1.),(1.,1.),(1.,1.),(1.,1.),(1.,1.),(1.,1.),(1.,1.),(1.,
1.),(1.,1.),(1.,1.),(1.,1.),(1.,1.),(1.,1.),(1.,1.),(1.,1.),(1.,1.),(1.,
1.),(1.,1.),(1.,1.),(1.,1.),(1.,1.),(1.,1.),(1.,1.),(1.,1.),(1.,1.),(1.,
1.),(1.,1.),(1.,1.),(1.,1.),(1.,1.),(1.,1.),(1.,1.)))
REPRESENTATION_ITEM('')
SURFACE()
);
#26=(
BOUNDED_SURFACE()
B_SPLINE_SURFACE(5,1,((#4185,#4186),(#4187,#4188),(#4189,#4190),(#4191,
#4192),(#4193,#4194),(#4195,#4196),(#4197,#4198),(#4199,#4200),(#4201,#4202),
(#4203,#4204),(#4205,#4206),(#4207,#4208),(#4209,#4210),(#4211,#4212),(#4213,
#4214),(#4215,#4216),(#4217,#4218),(#4219,#4220),(#4221,#4222),(#4223,#4224),
(#4225,#4226),(#4227,#4228),(#4229,#4230),(#4231,#4232),(#4233,#4234),(#4235,
#4236),(#4237,#4238),(#4239,#4240),(#4241,#4242),(#4243,#4244),(#4245,#4246),
(#4247,#4248),(#4249,#4250),(#4251,#4252),(#4253,#4254),(#4255,#4256),(#4257,
#4258),(#4259,#4260),(#4261,#4262),(#4263,#4264),(#4265,#4266),(#4267,#4268),
(#4269,#4270),(#4271,#4272),(#4273,#4274),(#4275,#4276),(#4277,#4278),(#4279,
#4280),(#4281,#4282),(#4283,#4284),(#4285,#4286),(#4287,#4288),(#4289,#4290),
(#4291,#4292),(#4293,#4294),(#4295,#4296),(#4297,#4298),(#4299,#4300),(#4301,
#4302),(#4303,#4304),(#4305,#4306),(#4307,#4308),(#4309,#4310),(#4311,#4312),
(#4313,#4314),(#4315,#4316),(#4317,#4318),(#4319,#4320),(#4321,#4322),(#4323,
#4324),(#4325,#4326),(#4327,#4328),(#4329,#4330),(#4331,#4332),(#4333,#4334)),
 .UNSPECIFIED.,.F.,.F.,.F.)
B_SPLINE_SURFACE_WITH_KNOTS((6,1,1,1,1,1,1,1,1,1,1,1,1,1,1,1,1,1,1,1,1,
1,1,1,1,1,1,1,1,1,1,1,1,1,1,1,1,1,1,1,1,1,1,1,1,1,1,1,1,1,1,1,1,1,1,1,1,
1,1,1,1,1,1,1,1,1,1,1,1,1,6),(2,2),(0.,0.0142857142857143,0.0285714285714286,
0.0428571428571429,0.0571428571428571,0.0714285714285714,0.0857142857142857,
0.1,0.114285714285714,0.128571428571429,0.142857142857143,0.157142857142857,
0.171428571428571,0.185714285714286,0.2,0.214285714285714,0.228571428571429,
0.242857142857143,0.257142857142857,0.271428571428571,0.285714285714286,
0.3,0.314285714285714,0.328571428571429,0.342857142857143,0.357142857142857,
0.371428571428571,0.385714285714286,0.4,0.414285714285714,0.428571428571429,
0.442857142857143,0.457142857142857,0.471428571428572,0.485714285714286,
0.5,0.514285714285714,0.528571428571429,0.542857142857143,0.557142857142857,
0.571428571428571,0.585714285714286,0.6,0.614285714285714,0.628571428571428,
0.642857142857142,0.657142857142857,0.671428571428571,0.685714285714285,
0.699999999999999,0.714285714285714,0.728571428571428,0.742857142857142,
0.757142857142856,0.771428571428571,0.785714285714285,0.799999999999999,
0.814285714285713,0.828571428571428,0.842857142857142,0.857142857142856,
0.87142857142857,0.885714285714284,0.899999999999999,0.914285714285713,
0.928571428571427,0.942857142857141,0.957142857142856,0.97142857142857,
0.985714285714284,1.),(0.,0.5),.UNSPECIFIED.)
GEOMETRIC_REPRESENTATION_ITEM()
RATIONAL_B_SPLINE_SURFACE(((1.,1.),(1.,1.),(1.,1.),(1.,1.),(1.,1.),(1.,
1.),(1.,1.),(1.,1.),(1.,1.),(1.,1.),(1.,1.),(1.,1.),(1.,1.),(1.,1.),(1.,
1.),(1.,1.),(1.,1.),(1.,1.),(1.,1.),(1.,1.),(1.,1.),(1.,1.),(1.,1.),(1.,
1.),(1.,1.),(1.,1.),(1.,1.),(1.,1.),(1.,1.),(1.,1.),(1.,1.),(1.,1.),(1.,
1.),(1.,1.),(1.,1.),(1.,1.),(1.,1.),(1.,1.),(1.,1.),(1.,1.),(1.,1.),(1.,
1.),(1.,1.),(1.,1.),(1.,1.),(1.,1.),(1.,1.),(1.,1.),(1.,1.),(1.,1.),(1.,
1.),(1.,1.),(1.,1.),(1.,1.),(1.,1.),(1.,1.),(1.,1.),(1.,1.),(1.,1.),(1.,
1.),(1.,1.),(1.,1.),(1.,1.),(1.,1.),(1.,1.),(1.,1.),(1.,1.),(1.,1.),(1.,
1.),(1.,1.),(1.,1.),(1.,1.),(1.,1.),(1.,1.),(1.,1.)))
REPRESENTATION_ITEM('')
SURFACE()
);
#27=(
BOUNDED_SURFACE()
B_SPLINE_SURFACE(5,1,((#4335,#4336),(#4337,#4338),(#4339,#4340),(#4341,
#4342),(#4343,#4344),(#4345,#4346),(#4347,#4348),(#4349,#4350),(#4351,#4352),
(#4353,#4354),(#4355,#4356),(#4357,#4358),(#4359,#4360),(#4361,#4362),(#4363,
#4364),(#4365,#4366),(#4367,#4368),(#4369,#4370),(#4371,#4372),(#4373,#4374),
(#4375,#4376),(#4377,#4378),(#4379,#4380),(#4381,#4382),(#4383,#4384),(#4385,
#4386),(#4387,#4388),(#4389,#4390),(#4391,#4392),(#4393,#4394),(#4395,#4396),
(#4397,#4398),(#4399,#4400),(#4401,#4402),(#4403,#4404),(#4405,#4406),(#4407,
#4408),(#4409,#4410),(#4411,#4412),(#4413,#4414),(#4415,#4416),(#4417,#4418),
(#4419,#4420),(#4421,#4422),(#4423,#4424),(#4425,#4426),(#4427,#4428),(#4429,
#4430),(#4431,#4432),(#4433,#4434),(#4435,#4436),(#4437,#4438),(#4439,#4440),
(#4441,#4442),(#4443,#4444),(#4445,#4446),(#4447,#4448),(#4449,#4450),(#4451,
#4452),(#4453,#4454),(#4455,#4456),(#4457,#4458),(#4459,#4460),(#4461,#4462),
(#4463,#4464),(#4465,#4466),(#4467,#4468),(#4469,#4470),(#4471,#4472),(#4473,
#4474),(#4475,#4476),(#4477,#4478),(#4479,#4480),(#4481,#4482),(#4483,#4484)),
 .UNSPECIFIED.,.F.,.F.,.F.)
B_SPLINE_SURFACE_WITH_KNOTS((6,1,1,1,1,1,1,1,1,1,1,1,1,1,1,1,1,1,1,1,1,
1,1,1,1,1,1,1,1,1,1,1,1,1,1,1,1,1,1,1,1,1,1,1,1,1,1,1,1,1,1,1,1,1,1,1,1,
1,1,1,1,1,1,1,1,1,1,1,1,1,6),(2,2),(-1.,-0.985714285714284,-0.97142857142857,
-0.957142857142856,-0.942857142857141,-0.928571428571427,-0.914285714285713,
-0.899999999999999,-0.885714285714284,-0.87142857142857,-0.857142857142856,
-0.842857142857142,-0.828571428571428,-0.814285714285713,-0.799999999999999,
-0.785714285714285,-0.771428571428571,-0.757142857142856,-0.742857142857142,
-0.728571428571428,-0.714285714285714,-0.699999999999999,-0.685714285714285,
-0.671428571428571,-0.657142857142857,-0.642857142857142,-0.628571428571428,
-0.614285714285714,-0.6,-0.585714285714286,-0.571428571428571,-0.557142857142857,
-0.542857142857143,-0.528571428571429,-0.514285714285714,-0.5,-0.485714285714286,
-0.471428571428572,-0.457142857142857,-0.442857142857143,-0.428571428571429,
-0.414285714285714,-0.4,-0.385714285714286,-0.371428571428571,-0.357142857142857,
-0.342857142857143,-0.328571428571429,-0.314285714285714,-0.3,-0.285714285714286,
-0.271428571428571,-0.257142857142857,-0.242857142857143,-0.228571428571429,
-0.214285714285714,-0.2,-0.185714285714286,-0.171428571428571,-0.157142857142857,
-0.142857142857143,-0.128571428571429,-0.114285714285714,-0.1,-0.0857142857142857,
-0.0714285714285714,-0.0571428571428571,-0.0428571428571429,-0.0285714285714286,
-0.0142857142857143,0.),(0.,0.5),.UNSPECIFIED.)
GEOMETRIC_REPRESENTATION_ITEM()
RATIONAL_B_SPLINE_SURFACE(((1.,1.),(1.,1.),(1.,1.),(1.,1.),(1.,1.),(1.,
1.),(1.,1.),(1.,1.),(1.,1.),(1.,1.),(1.,1.),(1.,1.),(1.,1.),(1.,1.),(1.,
1.),(1.,1.),(1.,1.),(1.,1.),(1.,1.),(1.,1.),(1.,1.),(1.,1.),(1.,1.),(1.,
1.),(1.,1.),(1.,1.),(1.,1.),(1.,1.),(1.,1.),(1.,1.),(1.,1.),(1.,1.),(1.,
1.),(1.,1.),(1.,1.),(1.,1.),(1.,1.),(1.,1.),(1.,1.),(1.,1.),(1.,1.),(1.,
1.),(1.,1.),(1.,1.),(1.,1.),(1.,1.),(1.,1.),(1.,1.),(1.,1.),(1.,1.),(1.,
1.),(1.,1.),(1.,1.),(1.,1.),(1.,1.),(1.,1.),(1.,1.),(1.,1.),(1.,1.),(1.,
1.),(1.,1.),(1.,1.),(1.,1.),(1.,1.),(1.,1.),(1.,1.),(1.,1.),(1.,1.),(1.,
1.),(1.,1.),(1.,1.),(1.,1.),(1.,1.),(1.,1.),(1.,1.)))
REPRESENTATION_ITEM('')
SURFACE()
);
#28=(
BOUNDED_SURFACE()
B_SPLINE_SURFACE(5,1,((#4488,#4489),(#4490,#4491),(#4492,#4493),(#4494,
#4495),(#4496,#4497),(#4498,#4499),(#4500,#4501),(#4502,#4503),(#4504,#4505),
(#4506,#4507),(#4508,#4509),(#4510,#4511),(#4512,#4513),(#4514,#4515),(#4516,
#4517),(#4518,#4519),(#4520,#4521),(#4522,#4523),(#4524,#4525),(#4526,#4527),
(#4528,#4529),(#4530,#4531),(#4532,#4533),(#4534,#4535),(#4536,#4537),(#4538,
#4539),(#4540,#4541),(#4542,#4543),(#4544,#4545),(#4546,#4547),(#4548,#4549),
(#4550,#4551),(#4552,#4553),(#4554,#4555),(#4556,#4557),(#4558,#4559),(#4560,
#4561),(#4562,#4563),(#4564,#4565),(#4566,#4567),(#4568,#4569),(#4570,#4571),
(#4572,#4573),(#4574,#4575),(#4576,#4577),(#4578,#4579),(#4580,#4581),(#4582,
#4583),(#4584,#4585),(#4586,#4587),(#4588,#4589),(#4590,#4591),(#4592,#4593),
(#4594,#4595),(#4596,#4597),(#4598,#4599),(#4600,#4601),(#4602,#4603),(#4604,
#4605),(#4606,#4607),(#4608,#4609),(#4610,#4611),(#4612,#4613),(#4614,#4615),
(#4616,#4617),(#4618,#4619),(#4620,#4621),(#4622,#4623),(#4624,#4625),(#4626,
#4627),(#4628,#4629),(#4630,#4631),(#4632,#4633),(#4634,#4635),(#4636,#4637)),
 .UNSPECIFIED.,.F.,.F.,.F.)
B_SPLINE_SURFACE_WITH_KNOTS((6,1,1,1,1,1,1,1,1,1,1,1,1,1,1,1,1,1,1,1,1,
1,1,1,1,1,1,1,1,1,1,1,1,1,1,1,1,1,1,1,1,1,1,1,1,1,1,1,1,1,1,1,1,1,1,1,1,
1,1,1,1,1,1,1,1,1,1,1,1,1,6),(2,2),(0.,0.0142857142857143,0.0285714285714286,
0.0428571428571429,0.0571428571428571,0.0714285714285714,0.0857142857142857,
0.1,0.114285714285714,0.128571428571429,0.142857142857143,0.157142857142857,
0.171428571428571,0.185714285714286,0.2,0.214285714285714,0.228571428571429,
0.242857142857143,0.257142857142857,0.271428571428571,0.285714285714286,
0.3,0.314285714285714,0.328571428571429,0.342857142857143,0.357142857142857,
0.371428571428571,0.385714285714286,0.4,0.414285714285714,0.428571428571429,
0.442857142857143,0.457142857142857,0.471428571428572,0.485714285714286,
0.5,0.514285714285714,0.528571428571429,0.542857142857143,0.557142857142857,
0.571428571428571,0.585714285714286,0.6,0.614285714285714,0.628571428571428,
0.642857142857142,0.657142857142857,0.671428571428571,0.685714285714285,
0.699999999999999,0.714285714285714,0.728571428571428,0.742857142857142,
0.757142857142856,0.771428571428571,0.785714285714285,0.799999999999999,
0.814285714285713,0.828571428571428,0.842857142857142,0.857142857142856,
0.87142857142857,0.885714285714284,0.899999999999999,0.914285714285713,
0.928571428571427,0.942857142857141,0.957142857142856,0.97142857142857,
0.985714285714284,1.),(0.,0.5),.UNSPECIFIED.)
GEOMETRIC_REPRESENTATION_ITEM()
RATIONAL_B_SPLINE_SURFACE(((1.,1.),(1.,1.),(1.,1.),(1.,1.),(1.,1.),(1.,
1.),(1.,1.),(1.,1.),(1.,1.),(1.,1.),(1.,1.),(1.,1.),(1.,1.),(1.,1.),(1.,
1.),(1.,1.),(1.,1.),(1.,1.),(1.,1.),(1.,1.),(1.,1.),(1.,1.),(1.,1.),(1.,
1.),(1.,1.),(1.,1.),(1.,1.),(1.,1.),(1.,1.),(1.,1.),(1.,1.),(1.,1.),(1.,
1.),(1.,1.),(1.,1.),(1.,1.),(1.,1.),(1.,1.),(1.,1.),(1.,1.),(1.,1.),(1.,
1.),(1.,1.),(1.,1.),(1.,1.),(1.,1.),(1.,1.),(1.,1.),(1.,1.),(1.,1.),(1.,
1.),(1.,1.),(1.,1.),(1.,1.),(1.,1.),(1.,1.),(1.,1.),(1.,1.),(1.,1.),(1.,
1.),(1.,1.),(1.,1.),(1.,1.),(1.,1.),(1.,1.),(1.,1.),(1.,1.),(1.,1.),(1.,
1.),(1.,1.),(1.,1.),(1.,1.),(1.,1.),(1.,1.),(1.,1.)))
REPRESENTATION_ITEM('')
SURFACE()
);
#29=(
BOUNDED_SURFACE()
B_SPLINE_SURFACE(5,1,((#4638,#4639),(#4640,#4641),(#4642,#4643),(#4644,
#4645),(#4646,#4647),(#4648,#4649),(#4650,#4651),(#4652,#4653),(#4654,#4655),
(#4656,#4657),(#4658,#4659),(#4660,#4661),(#4662,#4663),(#4664,#4665),(#4666,
#4667),(#4668,#4669),(#4670,#4671),(#4672,#4673),(#4674,#4675),(#4676,#4677),
(#4678,#4679),(#4680,#4681),(#4682,#4683),(#4684,#4685),(#4686,#4687),(#4688,
#4689),(#4690,#4691),(#4692,#4693),(#4694,#4695),(#4696,#4697),(#4698,#4699),
(#4700,#4701),(#4702,#4703),(#4704,#4705),(#4706,#4707),(#4708,#4709),(#4710,
#4711),(#4712,#4713),(#4714,#4715),(#4716,#4717),(#4718,#4719),(#4720,#4721),
(#4722,#4723),(#4724,#4725),(#4726,#4727),(#4728,#4729),(#4730,#4731),(#4732,
#4733),(#4734,#4735),(#4736,#4737),(#4738,#4739),(#4740,#4741),(#4742,#4743),
(#4744,#4745),(#4746,#4747),(#4748,#4749),(#4750,#4751),(#4752,#4753),(#4754,
#4755),(#4756,#4757),(#4758,#4759),(#4760,#4761),(#4762,#4763),(#4764,#4765),
(#4766,#4767),(#4768,#4769),(#4770,#4771),(#4772,#4773),(#4774,#4775),(#4776,
#4777),(#4778,#4779),(#4780,#4781),(#4782,#4783),(#4784,#4785),(#4786,#4787)),
 .UNSPECIFIED.,.F.,.F.,.F.)
B_SPLINE_SURFACE_WITH_KNOTS((6,1,1,1,1,1,1,1,1,1,1,1,1,1,1,1,1,1,1,1,1,
1,1,1,1,1,1,1,1,1,1,1,1,1,1,1,1,1,1,1,1,1,1,1,1,1,1,1,1,1,1,1,1,1,1,1,1,
1,1,1,1,1,1,1,1,1,1,1,1,1,6),(2,2),(-1.,-0.985714285714284,-0.97142857142857,
-0.957142857142856,-0.942857142857141,-0.928571428571427,-0.914285714285713,
-0.899999999999999,-0.885714285714284,-0.87142857142857,-0.857142857142856,
-0.842857142857142,-0.828571428571428,-0.814285714285713,-0.799999999999999,
-0.785714285714285,-0.771428571428571,-0.757142857142856,-0.742857142857142,
-0.728571428571428,-0.714285714285714,-0.699999999999999,-0.685714285714285,
-0.671428571428571,-0.657142857142857,-0.642857142857142,-0.628571428571428,
-0.614285714285714,-0.6,-0.585714285714286,-0.571428571428571,-0.557142857142857,
-0.542857142857143,-0.528571428571429,-0.514285714285714,-0.5,-0.485714285714286,
-0.471428571428572,-0.457142857142857,-0.442857142857143,-0.428571428571429,
-0.414285714285714,-0.4,-0.385714285714286,-0.371428571428571,-0.357142857142857,
-0.342857142857143,-0.328571428571429,-0.314285714285714,-0.3,-0.285714285714286,
-0.271428571428571,-0.257142857142857,-0.242857142857143,-0.228571428571429,
-0.214285714285714,-0.2,-0.185714285714286,-0.171428571428571,-0.157142857142857,
-0.142857142857143,-0.128571428571429,-0.114285714285714,-0.1,-0.0857142857142857,
-0.0714285714285714,-0.0571428571428571,-0.0428571428571429,-0.0285714285714286,
-0.0142857142857143,0.),(0.,0.5),.UNSPECIFIED.)
GEOMETRIC_REPRESENTATION_ITEM()
RATIONAL_B_SPLINE_SURFACE(((1.,1.),(1.,1.),(1.,1.),(1.,1.),(1.,1.),(1.,
1.),(1.,1.),(1.,1.),(1.,1.),(1.,1.),(1.,1.),(1.,1.),(1.,1.),(1.,1.),(1.,
1.),(1.,1.),(1.,1.),(1.,1.),(1.,1.),(1.,1.),(1.,1.),(1.,1.),(1.,1.),(1.,
1.),(1.,1.),(1.,1.),(1.,1.),(1.,1.),(1.,1.),(1.,1.),(1.,1.),(1.,1.),(1.,
1.),(1.,1.),(1.,1.),(1.,1.),(1.,1.),(1.,1.),(1.,1.),(1.,1.),(1.,1.),(1.,
1.),(1.,1.),(1.,1.),(1.,1.),(1.,1.),(1.,1.),(1.,1.),(1.,1.),(1.,1.),(1.,
1.),(1.,1.),(1.,1.),(1.,1.),(1.,1.),(1.,1.),(1.,1.),(1.,1.),(1.,1.),(1.,
1.),(1.,1.),(1.,1.),(1.,1.),(1.,1.),(1.,1.),(1.,1.),(1.,1.),(1.,1.),(1.,
1.),(1.,1.),(1.,1.),(1.,1.),(1.,1.),(1.,1.),(1.,1.)))
REPRESENTATION_ITEM('')
SURFACE()
);
#30=(
BOUNDED_SURFACE()
B_SPLINE_SURFACE(5,1,((#4791,#4792),(#4793,#4794),(#4795,#4796),(#4797,
#4798),(#4799,#4800),(#4801,#4802),(#4803,#4804),(#4805,#4806),(#4807,#4808),
(#4809,#4810),(#4811,#4812),(#4813,#4814),(#4815,#4816),(#4817,#4818),(#4819,
#4820),(#4821,#4822),(#4823,#4824),(#4825,#4826),(#4827,#4828),(#4829,#4830),
(#4831,#4832),(#4833,#4834),(#4835,#4836),(#4837,#4838),(#4839,#4840),(#4841,
#4842),(#4843,#4844),(#4845,#4846),(#4847,#4848),(#4849,#4850),(#4851,#4852),
(#4853,#4854),(#4855,#4856),(#4857,#4858),(#4859,#4860),(#4861,#4862),(#4863,
#4864),(#4865,#4866),(#4867,#4868),(#4869,#4870),(#4871,#4872),(#4873,#4874),
(#4875,#4876),(#4877,#4878),(#4879,#4880),(#4881,#4882),(#4883,#4884),(#4885,
#4886),(#4887,#4888),(#4889,#4890),(#4891,#4892),(#4893,#4894),(#4895,#4896),
(#4897,#4898),(#4899,#4900),(#4901,#4902),(#4903,#4904),(#4905,#4906),(#4907,
#4908),(#4909,#4910),(#4911,#4912),(#4913,#4914),(#4915,#4916),(#4917,#4918),
(#4919,#4920),(#4921,#4922),(#4923,#4924),(#4925,#4926),(#4927,#4928),(#4929,
#4930),(#4931,#4932),(#4933,#4934),(#4935,#4936),(#4937,#4938),(#4939,#4940)),
 .UNSPECIFIED.,.F.,.F.,.F.)
B_SPLINE_SURFACE_WITH_KNOTS((6,1,1,1,1,1,1,1,1,1,1,1,1,1,1,1,1,1,1,1,1,
1,1,1,1,1,1,1,1,1,1,1,1,1,1,1,1,1,1,1,1,1,1,1,1,1,1,1,1,1,1,1,1,1,1,1,1,
1,1,1,1,1,1,1,1,1,1,1,1,1,6),(2,2),(0.,0.0142857142857143,0.0285714285714286,
0.0428571428571429,0.0571428571428571,0.0714285714285714,0.0857142857142857,
0.1,0.114285714285714,0.128571428571429,0.142857142857143,0.157142857142857,
0.171428571428571,0.185714285714286,0.2,0.214285714285714,0.228571428571429,
0.242857142857143,0.257142857142857,0.271428571428571,0.285714285714286,
0.3,0.314285714285714,0.328571428571429,0.342857142857143,0.357142857142857,
0.371428571428571,0.385714285714286,0.4,0.414285714285714,0.428571428571429,
0.442857142857143,0.457142857142857,0.471428571428572,0.485714285714286,
0.5,0.514285714285714,0.528571428571429,0.542857142857143,0.557142857142857,
0.571428571428571,0.585714285714286,0.6,0.614285714285714,0.628571428571428,
0.642857142857142,0.657142857142857,0.671428571428571,0.685714285714285,
0.699999999999999,0.714285714285714,0.728571428571428,0.742857142857142,
0.757142857142856,0.771428571428571,0.785714285714285,0.799999999999999,
0.814285714285713,0.828571428571428,0.842857142857142,0.857142857142856,
0.87142857142857,0.885714285714284,0.899999999999999,0.914285714285713,
0.928571428571427,0.942857142857141,0.957142857142856,0.97142857142857,
0.985714285714284,1.),(0.,0.5),.UNSPECIFIED.)
GEOMETRIC_REPRESENTATION_ITEM()
RATIONAL_B_SPLINE_SURFACE(((1.,1.),(1.,1.),(1.,1.),(1.,1.),(1.,1.),(1.,
1.),(1.,1.),(1.,1.),(1.,1.),(1.,1.),(1.,1.),(1.,1.),(1.,1.),(1.,1.),(1.,
1.),(1.,1.),(1.,1.),(1.,1.),(1.,1.),(1.,1.),(1.,1.),(1.,1.),(1.,1.),(1.,
1.),(1.,1.),(1.,1.),(1.,1.),(1.,1.),(1.,1.),(1.,1.),(1.,1.),(1.,1.),(1.,
1.),(1.,1.),(1.,1.),(1.,1.),(1.,1.),(1.,1.),(1.,1.),(1.,1.),(1.,1.),(1.,
1.),(1.,1.),(1.,1.),(1.,1.),(1.,1.),(1.,1.),(1.,1.),(1.,1.),(1.,1.),(1.,
1.),(1.,1.),(1.,1.),(1.,1.),(1.,1.),(1.,1.),(1.,1.),(1.,1.),(1.,1.),(1.,
1.),(1.,1.),(1.,1.),(1.,1.),(1.,1.),(1.,1.),(1.,1.),(1.,1.),(1.,1.),(1.,
1.),(1.,1.),(1.,1.),(1.,1.),(1.,1.),(1.,1.),(1.,1.)))
REPRESENTATION_ITEM('')
SURFACE()
);
#31=(
BOUNDED_SURFACE()
B_SPLINE_SURFACE(5,1,((#4941,#4942),(#4943,#4944),(#4945,#4946),(#4947,
#4948),(#4949,#4950),(#4951,#4952),(#4953,#4954),(#4955,#4956),(#4957,#4958),
(#4959,#4960),(#4961,#4962),(#4963,#4964),(#4965,#4966),(#4967,#4968),(#4969,
#4970),(#4971,#4972),(#4973,#4974),(#4975,#4976),(#4977,#4978),(#4979,#4980),
(#4981,#4982),(#4983,#4984),(#4985,#4986),(#4987,#4988),(#4989,#4990),(#4991,
#4992),(#4993,#4994),(#4995,#4996),(#4997,#4998),(#4999,#5000),(#5001,#5002),
(#5003,#5004),(#5005,#5006),(#5007,#5008),(#5009,#5010),(#5011,#5012),(#5013,
#5014),(#5015,#5016),(#5017,#5018),(#5019,#5020),(#5021,#5022),(#5023,#5024),
(#5025,#5026),(#5027,#5028),(#5029,#5030),(#5031,#5032),(#5033,#5034),(#5035,
#5036),(#5037,#5038),(#5039,#5040),(#5041,#5042),(#5043,#5044),(#5045,#5046),
(#5047,#5048),(#5049,#5050),(#5051,#5052),(#5053,#5054),(#5055,#5056),(#5057,
#5058),(#5059,#5060),(#5061,#5062),(#5063,#5064),(#5065,#5066),(#5067,#5068),
(#5069,#5070),(#5071,#5072),(#5073,#5074),(#5075,#5076),(#5077,#5078),(#5079,
#5080),(#5081,#5082),(#5083,#5084),(#5085,#5086),(#5087,#5088),(#5089,#5090)),
 .UNSPECIFIED.,.F.,.F.,.F.)
B_SPLINE_SURFACE_WITH_KNOTS((6,1,1,1,1,1,1,1,1,1,1,1,1,1,1,1,1,1,1,1,1,
1,1,1,1,1,1,1,1,1,1,1,1,1,1,1,1,1,1,1,1,1,1,1,1,1,1,1,1,1,1,1,1,1,1,1,1,
1,1,1,1,1,1,1,1,1,1,1,1,1,6),(2,2),(-1.,-0.985714285714284,-0.97142857142857,
-0.957142857142856,-0.942857142857141,-0.928571428571427,-0.914285714285713,
-0.899999999999999,-0.885714285714284,-0.87142857142857,-0.857142857142856,
-0.842857142857142,-0.828571428571428,-0.814285714285713,-0.799999999999999,
-0.785714285714285,-0.771428571428571,-0.757142857142856,-0.742857142857142,
-0.728571428571428,-0.714285714285714,-0.699999999999999,-0.685714285714285,
-0.671428571428571,-0.657142857142857,-0.642857142857142,-0.628571428571428,
-0.614285714285714,-0.6,-0.585714285714286,-0.571428571428571,-0.557142857142857,
-0.542857142857143,-0.528571428571429,-0.514285714285714,-0.5,-0.485714285714286,
-0.471428571428572,-0.457142857142857,-0.442857142857143,-0.428571428571429,
-0.414285714285714,-0.4,-0.385714285714286,-0.371428571428571,-0.357142857142857,
-0.342857142857143,-0.328571428571429,-0.314285714285714,-0.3,-0.285714285714286,
-0.271428571428571,-0.257142857142857,-0.242857142857143,-0.228571428571429,
-0.214285714285714,-0.2,-0.185714285714286,-0.171428571428571,-0.157142857142857,
-0.142857142857143,-0.128571428571429,-0.114285714285714,-0.1,-0.0857142857142857,
-0.0714285714285714,-0.0571428571428571,-0.0428571428571429,-0.0285714285714286,
-0.0142857142857143,0.),(0.,0.5),.UNSPECIFIED.)
GEOMETRIC_REPRESENTATION_ITEM()
RATIONAL_B_SPLINE_SURFACE(((1.,1.),(1.,1.),(1.,1.),(1.,1.),(1.,1.),(1.,
1.),(1.,1.),(1.,1.),(1.,1.),(1.,1.),(1.,1.),(1.,1.),(1.,1.),(1.,1.),(1.,
1.),(1.,1.),(1.,1.),(1.,1.),(1.,1.),(1.,1.),(1.,1.),(1.,1.),(1.,1.),(1.,
1.),(1.,1.),(1.,1.),(1.,1.),(1.,1.),(1.,1.),(1.,1.),(1.,1.),(1.,1.),(1.,
1.),(1.,1.),(1.,1.),(1.,1.),(1.,1.),(1.,1.),(1.,1.),(1.,1.),(1.,1.),(1.,
1.),(1.,1.),(1.,1.),(1.,1.),(1.,1.),(1.,1.),(1.,1.),(1.,1.),(1.,1.),(1.,
1.),(1.,1.),(1.,1.),(1.,1.),(1.,1.),(1.,1.),(1.,1.),(1.,1.),(1.,1.),(1.,
1.),(1.,1.),(1.,1.),(1.,1.),(1.,1.),(1.,1.),(1.,1.),(1.,1.),(1.,1.),(1.,
1.),(1.,1.),(1.,1.),(1.,1.),(1.,1.),(1.,1.),(1.,1.)))
REPRESENTATION_ITEM('')
SURFACE()
);
#32=(
BOUNDED_SURFACE()
B_SPLINE_SURFACE(5,1,((#5094,#5095),(#5096,#5097),(#5098,#5099),(#5100,
#5101),(#5102,#5103),(#5104,#5105),(#5106,#5107),(#5108,#5109),(#5110,#5111),
(#5112,#5113),(#5114,#5115),(#5116,#5117),(#5118,#5119),(#5120,#5121),(#5122,
#5123),(#5124,#5125),(#5126,#5127),(#5128,#5129),(#5130,#5131),(#5132,#5133),
(#5134,#5135),(#5136,#5137),(#5138,#5139),(#5140,#5141),(#5142,#5143),(#5144,
#5145),(#5146,#5147),(#5148,#5149),(#5150,#5151),(#5152,#5153),(#5154,#5155),
(#5156,#5157),(#5158,#5159),(#5160,#5161),(#5162,#5163),(#5164,#5165),(#5166,
#5167),(#5168,#5169),(#5170,#5171),(#5172,#5173),(#5174,#5175),(#5176,#5177),
(#5178,#5179),(#5180,#5181),(#5182,#5183),(#5184,#5185),(#5186,#5187),(#5188,
#5189),(#5190,#5191),(#5192,#5193),(#5194,#5195),(#5196,#5197),(#5198,#5199),
(#5200,#5201),(#5202,#5203),(#5204,#5205),(#5206,#5207),(#5208,#5209),(#5210,
#5211),(#5212,#5213),(#5214,#5215),(#5216,#5217),(#5218,#5219),(#5220,#5221),
(#5222,#5223),(#5224,#5225),(#5226,#5227),(#5228,#5229),(#5230,#5231),(#5232,
#5233),(#5234,#5235),(#5236,#5237),(#5238,#5239),(#5240,#5241),(#5242,#5243)),
 .UNSPECIFIED.,.F.,.F.,.F.)
B_SPLINE_SURFACE_WITH_KNOTS((6,1,1,1,1,1,1,1,1,1,1,1,1,1,1,1,1,1,1,1,1,
1,1,1,1,1,1,1,1,1,1,1,1,1,1,1,1,1,1,1,1,1,1,1,1,1,1,1,1,1,1,1,1,1,1,1,1,
1,1,1,1,1,1,1,1,1,1,1,1,1,6),(2,2),(0.,0.0142857142857143,0.0285714285714286,
0.0428571428571429,0.0571428571428571,0.0714285714285714,0.0857142857142857,
0.1,0.114285714285714,0.128571428571429,0.142857142857143,0.157142857142857,
0.171428571428571,0.185714285714286,0.2,0.214285714285714,0.228571428571429,
0.242857142857143,0.257142857142857,0.271428571428571,0.285714285714286,
0.3,0.314285714285714,0.328571428571429,0.342857142857143,0.357142857142857,
0.371428571428571,0.385714285714286,0.4,0.414285714285714,0.428571428571429,
0.442857142857143,0.457142857142857,0.471428571428572,0.485714285714286,
0.5,0.514285714285714,0.528571428571429,0.542857142857143,0.557142857142857,
0.571428571428571,0.585714285714286,0.6,0.614285714285714,0.628571428571428,
0.642857142857142,0.657142857142857,0.671428571428571,0.685714285714285,
0.699999999999999,0.714285714285714,0.728571428571428,0.742857142857142,
0.757142857142856,0.771428571428571,0.785714285714285,0.799999999999999,
0.814285714285713,0.828571428571428,0.842857142857142,0.857142857142856,
0.87142857142857,0.885714285714284,0.899999999999999,0.914285714285713,
0.928571428571427,0.942857142857141,0.957142857142856,0.97142857142857,
0.985714285714284,1.),(0.,0.5),.UNSPECIFIED.)
GEOMETRIC_REPRESENTATION_ITEM()
RATIONAL_B_SPLINE_SURFACE(((1.,1.),(1.,1.),(1.,1.),(1.,1.),(1.,1.),(1.,
1.),(1.,1.),(1.,1.),(1.,1.),(1.,1.),(1.,1.),(1.,1.),(1.,1.),(1.,1.),(1.,
1.),(1.,1.),(1.,1.),(1.,1.),(1.,1.),(1.,1.),(1.,1.),(1.,1.),(1.,1.),(1.,
1.),(1.,1.),(1.,1.),(1.,1.),(1.,1.),(1.,1.),(1.,1.),(1.,1.),(1.,1.),(1.,
1.),(1.,1.),(1.,1.),(1.,1.),(1.,1.),(1.,1.),(1.,1.),(1.,1.),(1.,1.),(1.,
1.),(1.,1.),(1.,1.),(1.,1.),(1.,1.),(1.,1.),(1.,1.),(1.,1.),(1.,1.),(1.,
1.),(1.,1.),(1.,1.),(1.,1.),(1.,1.),(1.,1.),(1.,1.),(1.,1.),(1.,1.),(1.,
1.),(1.,1.),(1.,1.),(1.,1.),(1.,1.),(1.,1.),(1.,1.),(1.,1.),(1.,1.),(1.,
1.),(1.,1.),(1.,1.),(1.,1.),(1.,1.),(1.,1.),(1.,1.)))
REPRESENTATION_ITEM('')
SURFACE()
);
#33=(
BOUNDED_SURFACE()
B_SPLINE_SURFACE(5,1,((#5254,#5255),(#5256,#5257),(#5258,#5259),(#5260,
#5261),(#5262,#5263),(#5264,#5265),(#5266,#5267),(#5268,#5269),(#5270,#5271),
(#5272,#5273),(#5274,#5275),(#5276,#5277),(#5278,#5279),(#5280,#5281),(#5282,
#5283),(#5284,#5285),(#5286,#5287),(#5288,#5289),(#5290,#5291),(#5292,#5293),
(#5294,#5295),(#5296,#5297),(#5298,#5299),(#5300,#5301),(#5302,#5303),(#5304,
#5305),(#5306,#5307),(#5308,#5309),(#5310,#5311),(#5312,#5313),(#5314,#5315),
(#5316,#5317),(#5318,#5319),(#5320,#5321),(#5322,#5323),(#5324,#5325),(#5326,
#5327),(#5328,#5329),(#5330,#5331),(#5332,#5333),(#5334,#5335),(#5336,#5337),
(#5338,#5339),(#5340,#5341),(#5342,#5343),(#5344,#5345),(#5346,#5347),(#5348,
#5349),(#5350,#5351),(#5352,#5353),(#5354,#5355),(#5356,#5357),(#5358,#5359),
(#5360,#5361),(#5362,#5363),(#5364,#5365),(#5366,#5367),(#5368,#5369),(#5370,
#5371),(#5372,#5373),(#5374,#5375),(#5376,#5377),(#5378,#5379),(#5380,#5381),
(#5382,#5383),(#5384,#5385),(#5386,#5387),(#5388,#5389),(#5390,#5391),(#5392,
#5393),(#5394,#5395),(#5396,#5397),(#5398,#5399),(#5400,#5401),(#5402,#5403)),
 .UNSPECIFIED.,.F.,.F.,.F.)
B_SPLINE_SURFACE_WITH_KNOTS((6,1,1,1,1,1,1,1,1,1,1,1,1,1,1,1,1,1,1,1,1,
1,1,1,1,1,1,1,1,1,1,1,1,1,1,1,1,1,1,1,1,1,1,1,1,1,1,1,1,1,1,1,1,1,1,1,1,
1,1,1,1,1,1,1,1,1,1,1,1,1,6),(2,2),(-1.,-0.985714285714284,-0.97142857142857,
-0.957142857142856,-0.942857142857141,-0.928571428571427,-0.914285714285713,
-0.899999999999999,-0.885714285714284,-0.87142857142857,-0.857142857142856,
-0.842857142857142,-0.828571428571428,-0.814285714285713,-0.799999999999999,
-0.785714285714285,-0.771428571428571,-0.757142857142856,-0.742857142857142,
-0.728571428571428,-0.714285714285714,-0.699999999999999,-0.685714285714285,
-0.671428571428571,-0.657142857142857,-0.642857142857142,-0.628571428571428,
-0.614285714285714,-0.6,-0.585714285714286,-0.571428571428571,-0.557142857142857,
-0.542857142857143,-0.528571428571429,-0.514285714285714,-0.5,-0.485714285714286,
-0.471428571428572,-0.457142857142857,-0.442857142857143,-0.428571428571429,
-0.414285714285714,-0.4,-0.385714285714286,-0.371428571428571,-0.357142857142857,
-0.342857142857143,-0.328571428571429,-0.314285714285714,-0.3,-0.285714285714286,
-0.271428571428571,-0.257142857142857,-0.242857142857143,-0.228571428571429,
-0.214285714285714,-0.2,-0.185714285714286,-0.171428571428571,-0.157142857142857,
-0.142857142857143,-0.128571428571429,-0.114285714285714,-0.1,-0.0857142857142857,
-0.0714285714285714,-0.0571428571428571,-0.0428571428571429,-0.0285714285714286,
-0.0142857142857143,0.),(0.,0.5),.UNSPECIFIED.)
GEOMETRIC_REPRESENTATION_ITEM()
RATIONAL_B_SPLINE_SURFACE(((1.,1.),(1.,1.),(1.,1.),(1.,1.),(1.,1.),(1.,
1.),(1.,1.),(1.,1.),(1.,1.),(1.,1.),(1.,1.),(1.,1.),(1.,1.),(1.,1.),(1.,
1.),(1.,1.),(1.,1.),(1.,1.),(1.,1.),(1.,1.),(1.,1.),(1.,1.),(1.,1.),(1.,
1.),(1.,1.),(1.,1.),(1.,1.),(1.,1.),(1.,1.),(1.,1.),(1.,1.),(1.,1.),(1.,
1.),(1.,1.),(1.,1.),(1.,1.),(1.,1.),(1.,1.),(1.,1.),(1.,1.),(1.,1.),(1.,
1.),(1.,1.),(1.,1.),(1.,1.),(1.,1.),(1.,1.),(1.,1.),(1.,1.),(1.,1.),(1.,
1.),(1.,1.),(1.,1.),(1.,1.),(1.,1.),(1.,1.),(1.,1.),(1.,1.),(1.,1.),(1.,
1.),(1.,1.),(1.,1.),(1.,1.),(1.,1.),(1.,1.),(1.,1.),(1.,1.),(1.,1.),(1.,
1.),(1.,1.),(1.,1.),(1.,1.),(1.,1.),(1.,1.),(1.,1.)))
REPRESENTATION_ITEM('')
SURFACE()
);
#34=FACE_BOUND('',#154,.T.);
#35=FACE_BOUND('',#160,.T.);
#36=FACE_BOUND('',#165,.T.);
#37=(
BOUNDED_CURVE()
B_SPLINE_CURVE(5,(#1806,#1807,#1808,#1809,#1810,#1811,#1812,#1813,#1814,
#1815,#1816,#1817,#1818,#1819,#1820,#1821,#1822,#1823,#1824,#1825,#1826,
#1827,#1828,#1829,#1830,#1831,#1832,#1833,#1834,#1835,#1836,#1837,#1838,
#1839,#1840,#1841,#1842,#1843,#1844,#1845,#1846,#1847,#1848,#1849,#1850,
#1851,#1852,#1853,#1854,#1855,#1856,#1857,#1858,#1859,#1860,#1861,#1862,
#1863,#1864,#1865,#1866,#1867,#1868,#1869,#1870,#1871,#1872,#1873,#1874,
#1875,#1876,#1877,#1878,#1879,#1880),.UNSPECIFIED.,.F.,.F.)
B_SPLINE_CURVE_WITH_KNOTS((6,1,1,1,1,1,1,1,1,1,1,1,1,1,1,1,1,1,1,1,1,1,
1,1,1,1,1,1,1,1,1,1,1,1,1,1,1,1,1,1,1,1,1,1,1,1,1,1,1,1,1,1,1,1,1,1,1,1,
1,1,1,1,1,1,1,1,1,1,1,1,6),(0.,0.0142857142857143,0.0285714285714286,0.0428571428571429,
0.0571428571428571,0.0714285714285714,0.0857142857142857,0.1,0.114285714285714,
0.128571428571429,0.142857142857143,0.157142857142857,0.171428571428571,
0.185714285714286,0.2,0.214285714285714,0.228571428571429,0.242857142857143,
0.257142857142857,0.271428571428571,0.285714285714286,0.3,0.314285714285714,
0.328571428571429,0.342857142857143,0.357142857142857,0.371428571428571,
0.385714285714286,0.4,0.414285714285714,0.428571428571429,0.442857142857143,
0.457142857142857,0.471428571428572,0.485714285714286,0.5,0.514285714285714,
0.528571428571429,0.542857142857143,0.557142857142857,0.571428571428571,
0.585714285714286,0.6,0.614285714285714,0.628571428571428,0.642857142857142,
0.657142857142857,0.671428571428571,0.685714285714285,0.699999999999999,
0.714285714285714,0.728571428571428,0.742857142857142,0.757142857142856,
0.771428571428571,0.785714285714285,0.799999999999999,0.814285714285713,
0.828571428571428,0.842857142857142,0.857142857142856,0.87142857142857,
0.885714285714284,0.899999999999999,0.914285714285713,0.928571428571427,
0.942857142857141,0.957142857142856,0.97142857142857,0.985714285714284,
1.),.UNSPECIFIED.)
CURVE()
GEOMETRIC_REPRESENTATION_ITEM()
RATIONAL_B_SPLINE_CURVE((1.,1.,1.,1.,1.,1.,1.,1.,1.,1.,1.,1.,1.,1.,1.,1.,
1.,1.,1.,1.,1.,1.,1.,1.,1.,1.,1.,1.,1.,1.,1.,1.,1.,1.,1.,1.,1.,1.,1.,1.,
1.,1.,1.,1.,1.,1.,1.,1.,1.,1.,1.,1.,1.,1.,1.,1.,1.,1.,1.,1.,1.,1.,1.,1.,
1.,1.,1.,1.,1.,1.,1.,1.,1.,1.,1.))
REPRESENTATION_ITEM('')
);
#38=(
BOUNDED_CURVE()
B_SPLINE_CURVE(5,(#1884,#1885,#1886,#1887,#1888,#1889,#1890,#1891,#1892,
#1893,#1894,#1895,#1896,#1897,#1898,#1899,#1900,#1901,#1902,#1903,#1904,
#1905,#1906,#1907,#1908,#1909,#1910,#1911,#1912,#1913,#1914,#1915,#1916,
#1917,#1918,#1919,#1920,#1921,#1922,#1923,#1924,#1925,#1926,#1927,#1928,
#1929,#1930,#1931,#1932,#1933,#1934,#1935,#1936,#1937,#1938,#1939,#1940,
#1941,#1942,#1943,#1944,#1945,#1946,#1947,#1948,#1949,#1950,#1951,#1952,
#1953,#1954,#1955,#1956,#1957,#1958),.UNSPECIFIED.,.F.,.F.)
B_SPLINE_CURVE_WITH_KNOTS((6,1,1,1,1,1,1,1,1,1,1,1,1,1,1,1,1,1,1,1,1,1,
1,1,1,1,1,1,1,1,1,1,1,1,1,1,1,1,1,1,1,1,1,1,1,1,1,1,1,1,1,1,1,1,1,1,1,1,
1,1,1,1,1,1,1,1,1,1,1,1,6),(0.,0.0142857142857143,0.0285714285714286,0.0428571428571429,
0.0571428571428571,0.0714285714285714,0.0857142857142857,0.1,0.114285714285714,
0.128571428571429,0.142857142857143,0.157142857142857,0.171428571428571,
0.185714285714286,0.2,0.214285714285714,0.228571428571429,0.242857142857143,
0.257142857142857,0.271428571428571,0.285714285714286,0.3,0.314285714285714,
0.328571428571429,0.342857142857143,0.357142857142857,0.371428571428571,
0.385714285714286,0.4,0.414285714285714,0.428571428571429,0.442857142857143,
0.457142857142857,0.471428571428572,0.485714285714286,0.5,0.514285714285714,
0.528571428571429,0.542857142857143,0.557142857142857,0.571428571428571,
0.585714285714286,0.6,0.614285714285714,0.628571428571428,0.642857142857142,
0.657142857142857,0.671428571428571,0.685714285714285,0.699999999999999,
0.714285714285714,0.728571428571428,0.742857142857142,0.757142857142856,
0.771428571428571,0.785714285714285,0.799999999999999,0.814285714285713,
0.828571428571428,0.842857142857142,0.857142857142856,0.87142857142857,
0.885714285714284,0.899999999999999,0.914285714285713,0.928571428571427,
0.942857142857141,0.957142857142856,0.97142857142857,0.985714285714284,
1.),.UNSPECIFIED.)
CURVE()
GEOMETRIC_REPRESENTATION_ITEM()
RATIONAL_B_SPLINE_CURVE((1.,1.,1.,1.,1.,1.,1.,1.,1.,1.,1.,1.,1.,1.,1.,1.,
1.,1.,1.,1.,1.,1.,1.,1.,1.,1.,1.,1.,1.,1.,1.,1.,1.,1.,1.,1.,1.,1.,1.,1.,
1.,1.,1.,1.,1.,1.,1.,1.,1.,1.,1.,1.,1.,1.,1.,1.,1.,1.,1.,1.,1.,1.,1.,1.,
1.,1.,1.,1.,1.,1.,1.,1.,1.,1.,1.))
REPRESENTATION_ITEM('')
);
#39=(
BOUNDED_CURVE()
B_SPLINE_CURVE(5,(#1970,#1971,#1972,#1973,#1974,#1975,#1976,#1977,#1978,
#1979,#1980,#1981,#1982,#1983,#1984,#1985,#1986,#1987,#1988,#1989,#1990,
#1991,#1992,#1993,#1994,#1995,#1996,#1997,#1998,#1999,#2000,#2001,#2002,
#2003,#2004,#2005,#2006,#2007,#2008,#2009,#2010,#2011,#2012,#2013,#2014,
#2015,#2016,#2017,#2018,#2019,#2020,#2021,#2022,#2023,#2024,#2025,#2026,
#2027,#2028,#2029,#2030,#2031,#2032,#2033,#2034,#2035,#2036,#2037,#2038,
#2039,#2040,#2041,#2042,#2043,#2044),.UNSPECIFIED.,.F.,.F.)
B_SPLINE_CURVE_WITH_KNOTS((6,1,1,1,1,1,1,1,1,1,1,1,1,1,1,1,1,1,1,1,1,1,
1,1,1,1,1,1,1,1,1,1,1,1,1,1,1,1,1,1,1,1,1,1,1,1,1,1,1,1,1,1,1,1,1,1,1,1,
1,1,1,1,1,1,1,1,1,1,1,1,6),(0.,0.0142857142857143,0.0285714285714286,0.0428571428571429,
0.0571428571428571,0.0714285714285714,0.0857142857142857,0.1,0.114285714285714,
0.128571428571429,0.142857142857143,0.157142857142857,0.171428571428571,
0.185714285714286,0.2,0.214285714285714,0.228571428571429,0.242857142857143,
0.257142857142857,0.271428571428571,0.285714285714286,0.3,0.314285714285714,
0.328571428571429,0.342857142857143,0.357142857142857,0.371428571428571,
0.385714285714286,0.4,0.414285714285714,0.428571428571429,0.442857142857143,
0.457142857142857,0.471428571428572,0.485714285714286,0.5,0.514285714285714,
0.528571428571429,0.542857142857143,0.557142857142857,0.571428571428571,
0.585714285714286,0.6,0.614285714285714,0.628571428571428,0.642857142857142,
0.657142857142857,0.671428571428571,0.685714285714285,0.699999999999999,
0.714285714285714,0.728571428571428,0.742857142857142,0.757142857142856,
0.771428571428571,0.785714285714285,0.799999999999999,0.814285714285713,
0.828571428571428,0.842857142857142,0.857142857142856,0.87142857142857,
0.885714285714284,0.899999999999999,0.914285714285713,0.928571428571427,
0.942857142857141,0.957142857142856,0.97142857142857,0.985714285714284,
1.),.UNSPECIFIED.)
CURVE()
GEOMETRIC_REPRESENTATION_ITEM()
RATIONAL_B_SPLINE_CURVE((1.,1.,1.,1.,1.,1.,1.,1.,1.,1.,1.,1.,1.,1.,1.,1.,
1.,1.,1.,1.,1.,1.,1.,1.,1.,1.,1.,1.,1.,1.,1.,1.,1.,1.,1.,1.,1.,1.,1.,1.,
1.,1.,1.,1.,1.,1.,1.,1.,1.,1.,1.,1.,1.,1.,1.,1.,1.,1.,1.,1.,1.,1.,1.,1.,
1.,1.,1.,1.,1.,1.,1.,1.,1.,1.,1.))
REPRESENTATION_ITEM('')
);
#40=(
BOUNDED_CURVE()
B_SPLINE_CURVE(5,(#2048,#2049,#2050,#2051,#2052,#2053,#2054,#2055,#2056,
#2057,#2058,#2059,#2060,#2061,#2062,#2063,#2064,#2065,#2066,#2067,#2068,
#2069,#2070,#2071,#2072,#2073,#2074,#2075,#2076,#2077,#2078,#2079,#2080,
#2081,#2082,#2083,#2084,#2085,#2086,#2087,#2088,#2089,#2090,#2091,#2092,
#2093,#2094,#2095,#2096,#2097,#2098,#2099,#2100,#2101,#2102,#2103,#2104,
#2105,#2106,#2107,#2108,#2109,#2110,#2111,#2112,#2113,#2114,#2115,#2116,
#2117,#2118,#2119,#2120,#2121,#2122),.UNSPECIFIED.,.F.,.F.)
B_SPLINE_CURVE_WITH_KNOTS((6,1,1,1,1,1,1,1,1,1,1,1,1,1,1,1,1,1,1,1,1,1,
1,1,1,1,1,1,1,1,1,1,1,1,1,1,1,1,1,1,1,1,1,1,1,1,1,1,1,1,1,1,1,1,1,1,1,1,
1,1,1,1,1,1,1,1,1,1,1,1,6),(0.,0.0142857142857143,0.0285714285714286,0.0428571428571429,
0.0571428571428571,0.0714285714285714,0.0857142857142857,0.1,0.114285714285714,
0.128571428571429,0.142857142857143,0.157142857142857,0.171428571428571,
0.185714285714286,0.2,0.214285714285714,0.228571428571429,0.242857142857143,
0.257142857142857,0.271428571428571,0.285714285714286,0.3,0.314285714285714,
0.328571428571429,0.342857142857143,0.357142857142857,0.371428571428571,
0.385714285714286,0.4,0.414285714285714,0.428571428571429,0.442857142857143,
0.457142857142857,0.471428571428572,0.485714285714286,0.5,0.514285714285714,
0.528571428571429,0.542857142857143,0.557142857142857,0.571428571428571,
0.585714285714286,0.6,0.614285714285714,0.628571428571428,0.642857142857142,
0.657142857142857,0.671428571428571,0.685714285714285,0.699999999999999,
0.714285714285714,0.728571428571428,0.742857142857142,0.757142857142856,
0.771428571428571,0.785714285714285,0.799999999999999,0.814285714285713,
0.828571428571428,0.842857142857142,0.857142857142856,0.87142857142857,
0.885714285714284,0.899999999999999,0.914285714285713,0.928571428571427,
0.942857142857141,0.957142857142856,0.97142857142857,0.985714285714284,
1.),.UNSPECIFIED.)
CURVE()
GEOMETRIC_REPRESENTATION_ITEM()
RATIONAL_B_SPLINE_CURVE((1.,1.,1.,1.,1.,1.,1.,1.,1.,1.,1.,1.,1.,1.,1.,1.,
1.,1.,1.,1.,1.,1.,1.,1.,1.,1.,1.,1.,1.,1.,1.,1.,1.,1.,1.,1.,1.,1.,1.,1.,
1.,1.,1.,1.,1.,1.,1.,1.,1.,1.,1.,1.,1.,1.,1.,1.,1.,1.,1.,1.,1.,1.,1.,1.,
1.,1.,1.,1.,1.,1.,1.,1.,1.,1.,1.))
REPRESENTATION_ITEM('')
);
#41=(
BOUNDED_CURVE()
B_SPLINE_CURVE(5,(#2134,#2135,#2136,#2137,#2138,#2139,#2140,#2141,#2142,
#2143,#2144,#2145,#2146,#2147,#2148,#2149,#2150,#2151,#2152,#2153,#2154,
#2155,#2156,#2157,#2158,#2159,#2160,#2161,#2162,#2163,#2164,#2165,#2166,
#2167,#2168,#2169,#2170,#2171,#2172,#2173,#2174,#2175,#2176,#2177,#2178,
#2179,#2180,#2181,#2182,#2183,#2184,#2185,#2186,#2187,#2188,#2189,#2190,
#2191,#2192,#2193,#2194,#2195,#2196,#2197,#2198,#2199,#2200,#2201,#2202,
#2203,#2204,#2205,#2206,#2207,#2208),.UNSPECIFIED.,.F.,.F.)
B_SPLINE_CURVE_WITH_KNOTS((6,1,1,1,1,1,1,1,1,1,1,1,1,1,1,1,1,1,1,1,1,1,
1,1,1,1,1,1,1,1,1,1,1,1,1,1,1,1,1,1,1,1,1,1,1,1,1,1,1,1,1,1,1,1,1,1,1,1,
1,1,1,1,1,1,1,1,1,1,1,1,6),(0.,0.0142857142857143,0.0285714285714286,0.0428571428571429,
0.0571428571428571,0.0714285714285714,0.0857142857142857,0.1,0.114285714285714,
0.128571428571429,0.142857142857143,0.157142857142857,0.171428571428571,
0.185714285714286,0.2,0.214285714285714,0.228571428571429,0.242857142857143,
0.257142857142857,0.271428571428571,0.285714285714286,0.3,0.314285714285714,
0.328571428571429,0.342857142857143,0.357142857142857,0.371428571428571,
0.385714285714286,0.4,0.414285714285714,0.428571428571429,0.442857142857143,
0.457142857142857,0.471428571428572,0.485714285714286,0.5,0.514285714285714,
0.528571428571429,0.542857142857143,0.557142857142857,0.571428571428571,
0.585714285714286,0.6,0.614285714285714,0.628571428571428,0.642857142857142,
0.657142857142857,0.671428571428571,0.685714285714285,0.699999999999999,
0.714285714285714,0.728571428571428,0.742857142857142,0.757142857142856,
0.771428571428571,0.785714285714285,0.799999999999999,0.814285714285713,
0.828571428571428,0.842857142857142,0.857142857142856,0.87142857142857,
0.885714285714284,0.899999999999999,0.914285714285713,0.928571428571427,
0.942857142857141,0.957142857142856,0.97142857142857,0.985714285714284,
1.),.UNSPECIFIED.)
CURVE()
GEOMETRIC_REPRESENTATION_ITEM()
RATIONAL_B_SPLINE_CURVE((1.,1.,1.,1.,1.,1.,1.,1.,1.,1.,1.,1.,1.,1.,1.,1.,
1.,1.,1.,1.,1.,1.,1.,1.,1.,1.,1.,1.,1.,1.,1.,1.,1.,1.,1.,1.,1.,1.,1.,1.,
1.,1.,1.,1.,1.,1.,1.,1.,1.,1.,1.,1.,1.,1.,1.,1.,1.,1.,1.,1.,1.,1.,1.,1.,
1.,1.,1.,1.,1.,1.,1.,1.,1.,1.,1.))
REPRESENTATION_ITEM('')
);
#42=(
BOUNDED_CURVE()
B_SPLINE_CURVE(5,(#2212,#2213,#2214,#2215,#2216,#2217,#2218,#2219,#2220,
#2221,#2222,#2223,#2224,#2225,#2226,#2227,#2228,#2229,#2230,#2231,#2232,
#2233,#2234,#2235,#2236,#2237,#2238,#2239,#2240,#2241,#2242,#2243,#2244,
#2245,#2246,#2247,#2248,#2249,#2250,#2251,#2252,#2253,#2254,#2255,#2256,
#2257,#2258,#2259,#2260,#2261,#2262,#2263,#2264,#2265,#2266,#2267,#2268,
#2269,#2270,#2271,#2272,#2273,#2274,#2275,#2276,#2277,#2278,#2279,#2280,
#2281,#2282,#2283,#2284,#2285,#2286),.UNSPECIFIED.,.F.,.F.)
B_SPLINE_CURVE_WITH_KNOTS((6,1,1,1,1,1,1,1,1,1,1,1,1,1,1,1,1,1,1,1,1,1,
1,1,1,1,1,1,1,1,1,1,1,1,1,1,1,1,1,1,1,1,1,1,1,1,1,1,1,1,1,1,1,1,1,1,1,1,
1,1,1,1,1,1,1,1,1,1,1,1,6),(0.,0.0142857142857143,0.0285714285714286,0.0428571428571429,
0.0571428571428571,0.0714285714285714,0.0857142857142857,0.1,0.114285714285714,
0.128571428571429,0.142857142857143,0.157142857142857,0.171428571428571,
0.185714285714286,0.2,0.214285714285714,0.228571428571429,0.242857142857143,
0.257142857142857,0.271428571428571,0.285714285714286,0.3,0.314285714285714,
0.328571428571429,0.342857142857143,0.357142857142857,0.371428571428571,
0.385714285714286,0.4,0.414285714285714,0.428571428571429,0.442857142857143,
0.457142857142857,0.471428571428572,0.485714285714286,0.5,0.514285714285714,
0.528571428571429,0.542857142857143,0.557142857142857,0.571428571428571,
0.585714285714286,0.6,0.614285714285714,0.628571428571428,0.642857142857142,
0.657142857142857,0.671428571428571,0.685714285714285,0.699999999999999,
0.714285714285714,0.728571428571428,0.742857142857142,0.757142857142856,
0.771428571428571,0.785714285714285,0.799999999999999,0.814285714285713,
0.828571428571428,0.842857142857142,0.857142857142856,0.87142857142857,
0.885714285714284,0.899999999999999,0.914285714285713,0.928571428571427,
0.942857142857141,0.957142857142856,0.97142857142857,0.985714285714284,
1.),.UNSPECIFIED.)
CURVE()
GEOMETRIC_REPRESENTATION_ITEM()
RATIONAL_B_SPLINE_CURVE((1.,1.,1.,1.,1.,1.,1.,1.,1.,1.,1.,1.,1.,1.,1.,1.,
1.,1.,1.,1.,1.,1.,1.,1.,1.,1.,1.,1.,1.,1.,1.,1.,1.,1.,1.,1.,1.,1.,1.,1.,
1.,1.,1.,1.,1.,1.,1.,1.,1.,1.,1.,1.,1.,1.,1.,1.,1.,1.,1.,1.,1.,1.,1.,1.,
1.,1.,1.,1.,1.,1.,1.,1.,1.,1.,1.))
REPRESENTATION_ITEM('')
);
#43=(
BOUNDED_CURVE()
B_SPLINE_CURVE(5,(#2298,#2299,#2300,#2301,#2302,#2303,#2304,#2305,#2306,
#2307,#2308,#2309,#2310,#2311,#2312,#2313,#2314,#2315,#2316,#2317,#2318,
#2319,#2320,#2321,#2322,#2323,#2324,#2325,#2326,#2327,#2328,#2329,#2330,
#2331,#2332,#2333,#2334,#2335,#2336,#2337,#2338,#2339,#2340,#2341,#2342,
#2343,#2344,#2345,#2346,#2347,#2348,#2349,#2350,#2351,#2352,#2353,#2354,
#2355,#2356,#2357,#2358,#2359,#2360,#2361,#2362,#2363,#2364,#2365,#2366,
#2367,#2368,#2369,#2370,#2371,#2372),.UNSPECIFIED.,.F.,.F.)
B_SPLINE_CURVE_WITH_KNOTS((6,1,1,1,1,1,1,1,1,1,1,1,1,1,1,1,1,1,1,1,1,1,
1,1,1,1,1,1,1,1,1,1,1,1,1,1,1,1,1,1,1,1,1,1,1,1,1,1,1,1,1,1,1,1,1,1,1,1,
1,1,1,1,1,1,1,1,1,1,1,1,6),(0.,0.0142857142857143,0.0285714285714286,0.0428571428571429,
0.0571428571428571,0.0714285714285714,0.0857142857142857,0.1,0.114285714285714,
0.128571428571429,0.142857142857143,0.157142857142857,0.171428571428571,
0.185714285714286,0.2,0.214285714285714,0.228571428571429,0.242857142857143,
0.257142857142857,0.271428571428571,0.285714285714286,0.3,0.314285714285714,
0.328571428571429,0.342857142857143,0.357142857142857,0.371428571428571,
0.385714285714286,0.4,0.414285714285714,0.428571428571429,0.442857142857143,
0.457142857142857,0.471428571428572,0.485714285714286,0.5,0.514285714285714,
0.528571428571429,0.542857142857143,0.557142857142857,0.571428571428571,
0.585714285714286,0.6,0.614285714285714,0.628571428571428,0.642857142857142,
0.657142857142857,0.671428571428571,0.685714285714285,0.699999999999999,
0.714285714285714,0.728571428571428,0.742857142857142,0.757142857142856,
0.771428571428571,0.785714285714285,0.799999999999999,0.814285714285713,
0.828571428571428,0.842857142857142,0.857142857142856,0.87142857142857,
0.885714285714284,0.899999999999999,0.914285714285713,0.928571428571427,
0.942857142857141,0.957142857142856,0.97142857142857,0.985714285714284,
1.),.UNSPECIFIED.)
CURVE()
GEOMETRIC_REPRESENTATION_ITEM()
RATIONAL_B_SPLINE_CURVE((1.,1.,1.,1.,1.,1.,1.,1.,1.,1.,1.,1.,1.,1.,1.,1.,
1.,1.,1.,1.,1.,1.,1.,1.,1.,1.,1.,1.,1.,1.,1.,1.,1.,1.,1.,1.,1.,1.,1.,1.,
1.,1.,1.,1.,1.,1.,1.,1.,1.,1.,1.,1.,1.,1.,1.,1.,1.,1.,1.,1.,1.,1.,1.,1.,
1.,1.,1.,1.,1.,1.,1.,1.,1.,1.,1.))
REPRESENTATION_ITEM('')
);
#44=(
BOUNDED_CURVE()
B_SPLINE_CURVE(5,(#2376,#2377,#2378,#2379,#2380,#2381,#2382,#2383,#2384,
#2385,#2386,#2387,#2388,#2389,#2390,#2391,#2392,#2393,#2394,#2395,#2396,
#2397,#2398,#2399,#2400,#2401,#2402,#2403,#2404,#2405,#2406,#2407,#2408,
#2409,#2410,#2411,#2412,#2413,#2414,#2415,#2416,#2417,#2418,#2419,#2420,
#2421,#2422,#2423,#2424,#2425,#2426,#2427,#2428,#2429,#2430,#2431,#2432,
#2433,#2434,#2435,#2436,#2437,#2438,#2439,#2440,#2441,#2442,#2443,#2444,
#2445,#2446,#2447,#2448,#2449,#2450),.UNSPECIFIED.,.F.,.F.)
B_SPLINE_CURVE_WITH_KNOTS((6,1,1,1,1,1,1,1,1,1,1,1,1,1,1,1,1,1,1,1,1,1,
1,1,1,1,1,1,1,1,1,1,1,1,1,1,1,1,1,1,1,1,1,1,1,1,1,1,1,1,1,1,1,1,1,1,1,1,
1,1,1,1,1,1,1,1,1,1,1,1,6),(0.,0.0142857142857143,0.0285714285714286,0.0428571428571429,
0.0571428571428571,0.0714285714285714,0.0857142857142857,0.1,0.114285714285714,
0.128571428571429,0.142857142857143,0.157142857142857,0.171428571428571,
0.185714285714286,0.2,0.214285714285714,0.228571428571429,0.242857142857143,
0.257142857142857,0.271428571428571,0.285714285714286,0.3,0.314285714285714,
0.328571428571429,0.342857142857143,0.357142857142857,0.371428571428571,
0.385714285714286,0.4,0.414285714285714,0.428571428571429,0.442857142857143,
0.457142857142857,0.471428571428572,0.485714285714286,0.5,0.514285714285714,
0.528571428571429,0.542857142857143,0.557142857142857,0.571428571428571,
0.585714285714286,0.6,0.614285714285714,0.628571428571428,0.642857142857142,
0.657142857142857,0.671428571428571,0.685714285714285,0.699999999999999,
0.714285714285714,0.728571428571428,0.742857142857142,0.757142857142856,
0.771428571428571,0.785714285714285,0.799999999999999,0.814285714285713,
0.828571428571428,0.842857142857142,0.857142857142856,0.87142857142857,
0.885714285714284,0.899999999999999,0.914285714285713,0.928571428571427,
0.942857142857141,0.957142857142856,0.97142857142857,0.985714285714284,
1.),.UNSPECIFIED.)
CURVE()
GEOMETRIC_REPRESENTATION_ITEM()
RATIONAL_B_SPLINE_CURVE((1.,1.,1.,1.,1.,1.,1.,1.,1.,1.,1.,1.,1.,1.,1.,1.,
1.,1.,1.,1.,1.,1.,1.,1.,1.,1.,1.,1.,1.,1.,1.,1.,1.,1.,1.,1.,1.,1.,1.,1.,
1.,1.,1.,1.,1.,1.,1.,1.,1.,1.,1.,1.,1.,1.,1.,1.,1.,1.,1.,1.,1.,1.,1.,1.,
1.,1.,1.,1.,1.,1.,1.,1.,1.,1.,1.))
REPRESENTATION_ITEM('')
);
#45=(
BOUNDED_CURVE()
B_SPLINE_CURVE(5,(#2462,#2463,#2464,#2465,#2466,#2467,#2468,#2469,#2470,
#2471,#2472,#2473,#2474,#2475,#2476,#2477,#2478,#2479,#2480,#2481,#2482,
#2483,#2484,#2485,#2486,#2487,#2488,#2489,#2490,#2491,#2492,#2493,#2494,
#2495,#2496,#2497,#2498,#2499,#2500,#2501,#2502,#2503,#2504,#2505,#2506,
#2507,#2508,#2509,#2510,#2511,#2512,#2513,#2514,#2515,#2516,#2517,#2518,
#2519,#2520,#2521,#2522,#2523,#2524,#2525,#2526,#2527,#2528,#2529,#2530,
#2531,#2532,#2533,#2534,#2535,#2536),.UNSPECIFIED.,.F.,.F.)
B_SPLINE_CURVE_WITH_KNOTS((6,1,1,1,1,1,1,1,1,1,1,1,1,1,1,1,1,1,1,1,1,1,
1,1,1,1,1,1,1,1,1,1,1,1,1,1,1,1,1,1,1,1,1,1,1,1,1,1,1,1,1,1,1,1,1,1,1,1,
1,1,1,1,1,1,1,1,1,1,1,1,6),(0.,0.0142857142857143,0.0285714285714286,0.0428571428571429,
0.0571428571428571,0.0714285714285714,0.0857142857142857,0.1,0.114285714285714,
0.128571428571429,0.142857142857143,0.157142857142857,0.171428571428571,
0.185714285714286,0.2,0.214285714285714,0.228571428571429,0.242857142857143,
0.257142857142857,0.271428571428571,0.285714285714286,0.3,0.314285714285714,
0.328571428571429,0.342857142857143,0.357142857142857,0.371428571428571,
0.385714285714286,0.4,0.414285714285714,0.428571428571429,0.442857142857143,
0.457142857142857,0.471428571428572,0.485714285714286,0.5,0.514285714285714,
0.528571428571429,0.542857142857143,0.557142857142857,0.571428571428571,
0.585714285714286,0.6,0.614285714285714,0.628571428571428,0.642857142857142,
0.657142857142857,0.671428571428571,0.685714285714285,0.699999999999999,
0.714285714285714,0.728571428571428,0.742857142857142,0.757142857142856,
0.771428571428571,0.785714285714285,0.799999999999999,0.814285714285713,
0.828571428571428,0.842857142857142,0.857142857142856,0.87142857142857,
0.885714285714284,0.899999999999999,0.914285714285713,0.928571428571427,
0.942857142857141,0.957142857142856,0.97142857142857,0.985714285714284,
1.),.UNSPECIFIED.)
CURVE()
GEOMETRIC_REPRESENTATION_ITEM()
RATIONAL_B_SPLINE_CURVE((1.,1.,1.,1.,1.,1.,1.,1.,1.,1.,1.,1.,1.,1.,1.,1.,
1.,1.,1.,1.,1.,1.,1.,1.,1.,1.,1.,1.,1.,1.,1.,1.,1.,1.,1.,1.,1.,1.,1.,1.,
1.,1.,1.,1.,1.,1.,1.,1.,1.,1.,1.,1.,1.,1.,1.,1.,1.,1.,1.,1.,1.,1.,1.,1.,
1.,1.,1.,1.,1.,1.,1.,1.,1.,1.,1.))
REPRESENTATION_ITEM('')
);
#46=(
BOUNDED_CURVE()
B_SPLINE_CURVE(5,(#2540,#2541,#2542,#2543,#2544,#2545,#2546,#2547,#2548,
#2549,#2550,#2551,#2552,#2553,#2554,#2555,#2556,#2557,#2558,#2559,#2560,
#2561,#2562,#2563,#2564,#2565,#2566,#2567,#2568,#2569,#2570,#2571,#2572,
#2573,#2574,#2575,#2576,#2577,#2578,#2579,#2580,#2581,#2582,#2583,#2584,
#2585,#2586,#2587,#2588,#2589,#2590,#2591,#2592,#2593,#2594,#2595,#2596,
#2597,#2598,#2599,#2600,#2601,#2602,#2603,#2604,#2605,#2606,#2607,#2608,
#2609,#2610,#2611,#2612,#2613,#2614),.UNSPECIFIED.,.F.,.F.)
B_SPLINE_CURVE_WITH_KNOTS((6,1,1,1,1,1,1,1,1,1,1,1,1,1,1,1,1,1,1,1,1,1,
1,1,1,1,1,1,1,1,1,1,1,1,1,1,1,1,1,1,1,1,1,1,1,1,1,1,1,1,1,1,1,1,1,1,1,1,
1,1,1,1,1,1,1,1,1,1,1,1,6),(0.,0.0142857142857143,0.0285714285714286,0.0428571428571429,
0.0571428571428571,0.0714285714285714,0.0857142857142857,0.1,0.114285714285714,
0.128571428571429,0.142857142857143,0.157142857142857,0.171428571428571,
0.185714285714286,0.2,0.214285714285714,0.228571428571429,0.242857142857143,
0.257142857142857,0.271428571428571,0.285714285714286,0.3,0.314285714285714,
0.328571428571429,0.342857142857143,0.357142857142857,0.371428571428571,
0.385714285714286,0.4,0.414285714285714,0.428571428571429,0.442857142857143,
0.457142857142857,0.471428571428572,0.485714285714286,0.5,0.514285714285714,
0.528571428571429,0.542857142857143,0.557142857142857,0.571428571428571,
0.585714285714286,0.6,0.614285714285714,0.628571428571428,0.642857142857142,
0.657142857142857,0.671428571428571,0.685714285714285,0.699999999999999,
0.714285714285714,0.728571428571428,0.742857142857142,0.757142857142856,
0.771428571428571,0.785714285714285,0.799999999999999,0.814285714285713,
0.828571428571428,0.842857142857142,0.857142857142856,0.87142857142857,
0.885714285714284,0.899999999999999,0.914285714285713,0.928571428571427,
0.942857142857141,0.957142857142856,0.97142857142857,0.985714285714284,
1.),.UNSPECIFIED.)
CURVE()
GEOMETRIC_REPRESENTATION_ITEM()
RATIONAL_B_SPLINE_CURVE((1.,1.,1.,1.,1.,1.,1.,1.,1.,1.,1.,1.,1.,1.,1.,1.,
1.,1.,1.,1.,1.,1.,1.,1.,1.,1.,1.,1.,1.,1.,1.,1.,1.,1.,1.,1.,1.,1.,1.,1.,
1.,1.,1.,1.,1.,1.,1.,1.,1.,1.,1.,1.,1.,1.,1.,1.,1.,1.,1.,1.,1.,1.,1.,1.,
1.,1.,1.,1.,1.,1.,1.,1.,1.,1.,1.))
REPRESENTATION_ITEM('')
);
#47=(
BOUNDED_CURVE()
B_SPLINE_CURVE(5,(#2626,#2627,#2628,#2629,#2630,#2631,#2632,#2633,#2634,
#2635,#2636,#2637,#2638,#2639,#2640,#2641,#2642,#2643,#2644,#2645,#2646,
#2647,#2648,#2649,#2650,#2651,#2652,#2653,#2654,#2655,#2656,#2657,#2658,
#2659,#2660,#2661,#2662,#2663,#2664,#2665,#2666,#2667,#2668,#2669,#2670,
#2671,#2672,#2673,#2674,#2675,#2676,#2677,#2678,#2679,#2680,#2681,#2682,
#2683,#2684,#2685,#2686,#2687,#2688,#2689,#2690,#2691,#2692,#2693,#2694,
#2695,#2696,#2697,#2698,#2699,#2700),.UNSPECIFIED.,.F.,.F.)
B_SPLINE_CURVE_WITH_KNOTS((6,1,1,1,1,1,1,1,1,1,1,1,1,1,1,1,1,1,1,1,1,1,
1,1,1,1,1,1,1,1,1,1,1,1,1,1,1,1,1,1,1,1,1,1,1,1,1,1,1,1,1,1,1,1,1,1,1,1,
1,1,1,1,1,1,1,1,1,1,1,1,6),(0.,0.0142857142857143,0.0285714285714286,0.0428571428571429,
0.0571428571428571,0.0714285714285714,0.0857142857142857,0.1,0.114285714285714,
0.128571428571429,0.142857142857143,0.157142857142857,0.171428571428571,
0.185714285714286,0.2,0.214285714285714,0.228571428571429,0.242857142857143,
0.257142857142857,0.271428571428571,0.285714285714286,0.3,0.314285714285714,
0.328571428571429,0.342857142857143,0.357142857142857,0.371428571428571,
0.385714285714286,0.4,0.414285714285714,0.428571428571429,0.442857142857143,
0.457142857142857,0.471428571428572,0.485714285714286,0.5,0.514285714285714,
0.528571428571429,0.542857142857143,0.557142857142857,0.571428571428571,
0.585714285714286,0.6,0.614285714285714,0.628571428571428,0.642857142857142,
0.657142857142857,0.671428571428571,0.685714285714285,0.699999999999999,
0.714285714285714,0.728571428571428,0.742857142857142,0.757142857142856,
0.771428571428571,0.785714285714285,0.799999999999999,0.814285714285713,
0.828571428571428,0.842857142857142,0.857142857142856,0.87142857142857,
0.885714285714284,0.899999999999999,0.914285714285713,0.928571428571427,
0.942857142857141,0.957142857142856,0.97142857142857,0.985714285714284,
1.),.UNSPECIFIED.)
CURVE()
GEOMETRIC_REPRESENTATION_ITEM()
RATIONAL_B_SPLINE_CURVE((1.,1.,1.,1.,1.,1.,1.,1.,1.,1.,1.,1.,1.,1.,1.,1.,
1.,1.,1.,1.,1.,1.,1.,1.,1.,1.,1.,1.,1.,1.,1.,1.,1.,1.,1.,1.,1.,1.,1.,1.,
1.,1.,1.,1.,1.,1.,1.,1.,1.,1.,1.,1.,1.,1.,1.,1.,1.,1.,1.,1.,1.,1.,1.,1.,
1.,1.,1.,1.,1.,1.,1.,1.,1.,1.,1.))
REPRESENTATION_ITEM('')
);
#48=(
BOUNDED_CURVE()
B_SPLINE_CURVE(5,(#2731,#2732,#2733,#2734,#2735,#2736,#2737,#2738,#2739,
#2740,#2741,#2742,#2743,#2744,#2745,#2746,#2747,#2748,#2749,#2750,#2751,
#2752,#2753,#2754,#2755,#2756,#2757,#2758,#2759,#2760,#2761,#2762,#2763,
#2764,#2765,#2766,#2767,#2768,#2769,#2770,#2771,#2772,#2773,#2774,#2775,
#2776,#2777,#2778,#2779,#2780,#2781,#2782,#2783,#2784,#2785,#2786,#2787,
#2788,#2789,#2790,#2791,#2792,#2793,#2794,#2795,#2796,#2797,#2798,#2799,
#2800,#2801,#2802,#2803,#2804,#2805),.UNSPECIFIED.,.F.,.F.)
B_SPLINE_CURVE_WITH_KNOTS((6,1,1,1,1,1,1,1,1,1,1,1,1,1,1,1,1,1,1,1,1,1,
1,1,1,1,1,1,1,1,1,1,1,1,1,1,1,1,1,1,1,1,1,1,1,1,1,1,1,1,1,1,1,1,1,1,1,1,
1,1,1,1,1,1,1,1,1,1,1,1,6),(-1.,-0.985714285714284,-0.97142857142857,-0.957142857142856,
-0.942857142857141,-0.928571428571427,-0.914285714285713,-0.899999999999999,
-0.885714285714284,-0.87142857142857,-0.857142857142856,-0.842857142857142,
-0.828571428571428,-0.814285714285713,-0.799999999999999,-0.785714285714285,
-0.771428571428571,-0.757142857142856,-0.742857142857142,-0.728571428571428,
-0.714285714285714,-0.699999999999999,-0.685714285714285,-0.671428571428571,
-0.657142857142857,-0.642857142857142,-0.628571428571428,-0.614285714285714,
-0.6,-0.585714285714286,-0.571428571428571,-0.557142857142857,-0.542857142857143,
-0.528571428571429,-0.514285714285714,-0.5,-0.485714285714286,-0.471428571428572,
-0.457142857142857,-0.442857142857143,-0.428571428571429,-0.414285714285714,
-0.4,-0.385714285714286,-0.371428571428571,-0.357142857142857,-0.342857142857143,
-0.328571428571429,-0.314285714285714,-0.3,-0.285714285714286,-0.271428571428571,
-0.257142857142857,-0.242857142857143,-0.228571428571429,-0.214285714285714,
-0.2,-0.185714285714286,-0.171428571428571,-0.157142857142857,-0.142857142857143,
-0.128571428571429,-0.114285714285714,-0.1,-0.0857142857142857,-0.0714285714285714,
-0.0571428571428571,-0.0428571428571429,-0.0285714285714286,-0.0142857142857143,
0.),.UNSPECIFIED.)
CURVE()
GEOMETRIC_REPRESENTATION_ITEM()
RATIONAL_B_SPLINE_CURVE((1.,1.,1.,1.,1.,1.,1.,1.,1.,1.,1.,1.,1.,1.,1.,1.,
1.,1.,1.,1.,1.,1.,1.,1.,1.,1.,1.,1.,1.,1.,1.,1.,1.,1.,1.,1.,1.,1.,1.,1.,
1.,1.,1.,1.,1.,1.,1.,1.,1.,1.,1.,1.,1.,1.,1.,1.,1.,1.,1.,1.,1.,1.,1.,1.,
1.,1.,1.,1.,1.,1.,1.,1.,1.,1.,1.))
REPRESENTATION_ITEM('')
);
#49=(
BOUNDED_CURVE()
B_SPLINE_CURVE(5,(#2817,#2818,#2819,#2820,#2821,#2822,#2823,#2824,#2825,
#2826,#2827,#2828,#2829,#2830,#2831,#2832,#2833,#2834,#2835,#2836,#2837,
#2838,#2839,#2840,#2841,#2842,#2843,#2844,#2845,#2846,#2847,#2848,#2849,
#2850,#2851,#2852,#2853,#2854,#2855,#2856,#2857,#2858,#2859,#2860,#2861,
#2862,#2863,#2864,#2865,#2866,#2867,#2868,#2869,#2870,#2871,#2872,#2873,
#2874,#2875,#2876,#2877,#2878,#2879,#2880,#2881,#2882,#2883,#2884,#2885,
#2886,#2887,#2888,#2889,#2890,#2891),.UNSPECIFIED.,.F.,.F.)
B_SPLINE_CURVE_WITH_KNOTS((6,1,1,1,1,1,1,1,1,1,1,1,1,1,1,1,1,1,1,1,1,1,
1,1,1,1,1,1,1,1,1,1,1,1,1,1,1,1,1,1,1,1,1,1,1,1,1,1,1,1,1,1,1,1,1,1,1,1,
1,1,1,1,1,1,1,1,1,1,1,1,6),(0.,0.0142857142857143,0.0285714285714286,0.0428571428571429,
0.0571428571428571,0.0714285714285714,0.0857142857142857,0.1,0.114285714285714,
0.128571428571429,0.142857142857143,0.157142857142857,0.171428571428571,
0.185714285714286,0.2,0.214285714285714,0.228571428571429,0.242857142857143,
0.257142857142857,0.271428571428571,0.285714285714286,0.3,0.314285714285714,
0.328571428571429,0.342857142857143,0.357142857142857,0.371428571428571,
0.385714285714286,0.4,0.414285714285714,0.428571428571429,0.442857142857143,
0.457142857142857,0.471428571428572,0.485714285714286,0.5,0.514285714285714,
0.528571428571429,0.542857142857143,0.557142857142857,0.571428571428571,
0.585714285714286,0.6,0.614285714285714,0.628571428571428,0.642857142857142,
0.657142857142857,0.671428571428571,0.685714285714285,0.699999999999999,
0.714285714285714,0.728571428571428,0.742857142857142,0.757142857142856,
0.771428571428571,0.785714285714285,0.799999999999999,0.814285714285713,
0.828571428571428,0.842857142857142,0.857142857142856,0.87142857142857,
0.885714285714284,0.899999999999999,0.914285714285713,0.928571428571427,
0.942857142857141,0.957142857142856,0.97142857142857,0.985714285714284,
1.),.UNSPECIFIED.)
CURVE()
GEOMETRIC_REPRESENTATION_ITEM()
RATIONAL_B_SPLINE_CURVE((1.,1.,1.,1.,1.,1.,1.,1.,1.,1.,1.,1.,1.,1.,1.,1.,
1.,1.,1.,1.,1.,1.,1.,1.,1.,1.,1.,1.,1.,1.,1.,1.,1.,1.,1.,1.,1.,1.,1.,1.,
1.,1.,1.,1.,1.,1.,1.,1.,1.,1.,1.,1.,1.,1.,1.,1.,1.,1.,1.,1.,1.,1.,1.,1.,
1.,1.,1.,1.,1.,1.,1.,1.,1.,1.,1.))
REPRESENTATION_ITEM('')
);
#50=(
BOUNDED_CURVE()
B_SPLINE_CURVE(5,(#2895,#2896,#2897,#2898,#2899,#2900,#2901,#2902,#2903,
#2904,#2905,#2906,#2907,#2908,#2909,#2910,#2911,#2912,#2913,#2914,#2915,
#2916,#2917,#2918,#2919,#2920,#2921,#2922,#2923,#2924,#2925,#2926,#2927,
#2928,#2929,#2930,#2931,#2932,#2933,#2934,#2935,#2936,#2937,#2938,#2939,
#2940,#2941,#2942,#2943,#2944,#2945,#2946,#2947,#2948,#2949,#2950,#2951,
#2952,#2953,#2954,#2955,#2956,#2957,#2958,#2959,#2960,#2961,#2962,#2963,
#2964,#2965,#2966,#2967,#2968,#2969),.UNSPECIFIED.,.F.,.F.)
B_SPLINE_CURVE_WITH_KNOTS((6,1,1,1,1,1,1,1,1,1,1,1,1,1,1,1,1,1,1,1,1,1,
1,1,1,1,1,1,1,1,1,1,1,1,1,1,1,1,1,1,1,1,1,1,1,1,1,1,1,1,1,1,1,1,1,1,1,1,
1,1,1,1,1,1,1,1,1,1,1,1,6),(-1.,-0.985714285714284,-0.97142857142857,-0.957142857142856,
-0.942857142857141,-0.928571428571427,-0.914285714285713,-0.899999999999999,
-0.885714285714284,-0.87142857142857,-0.857142857142856,-0.842857142857142,
-0.828571428571428,-0.814285714285713,-0.799999999999999,-0.785714285714285,
-0.771428571428571,-0.757142857142856,-0.742857142857142,-0.728571428571428,
-0.714285714285714,-0.699999999999999,-0.685714285714285,-0.671428571428571,
-0.657142857142857,-0.642857142857142,-0.628571428571428,-0.614285714285714,
-0.6,-0.585714285714286,-0.571428571428571,-0.557142857142857,-0.542857142857143,
-0.528571428571429,-0.514285714285714,-0.5,-0.485714285714286,-0.471428571428572,
-0.457142857142857,-0.442857142857143,-0.428571428571429,-0.414285714285714,
-0.4,-0.385714285714286,-0.371428571428571,-0.357142857142857,-0.342857142857143,
-0.328571428571429,-0.314285714285714,-0.3,-0.285714285714286,-0.271428571428571,
-0.257142857142857,-0.242857142857143,-0.228571428571429,-0.214285714285714,
-0.2,-0.185714285714286,-0.171428571428571,-0.157142857142857,-0.142857142857143,
-0.128571428571429,-0.114285714285714,-0.1,-0.0857142857142857,-0.0714285714285714,
-0.0571428571428571,-0.0428571428571429,-0.0285714285714286,-0.0142857142857143,
0.),.UNSPECIFIED.)
CURVE()
GEOMETRIC_REPRESENTATION_ITEM()
RATIONAL_B_SPLINE_CURVE((1.,1.,1.,1.,1.,1.,1.,1.,1.,1.,1.,1.,1.,1.,1.,1.,
1.,1.,1.,1.,1.,1.,1.,1.,1.,1.,1.,1.,1.,1.,1.,1.,1.,1.,1.,1.,1.,1.,1.,1.,
1.,1.,1.,1.,1.,1.,1.,1.,1.,1.,1.,1.,1.,1.,1.,1.,1.,1.,1.,1.,1.,1.,1.,1.,
1.,1.,1.,1.,1.,1.,1.,1.,1.,1.,1.))
REPRESENTATION_ITEM('')
);
#51=(
BOUNDED_CURVE()
B_SPLINE_CURVE(5,(#2981,#2982,#2983,#2984,#2985,#2986,#2987,#2988,#2989,
#2990,#2991,#2992,#2993,#2994,#2995,#2996,#2997,#2998,#2999,#3000,#3001,
#3002,#3003,#3004,#3005,#3006,#3007,#3008,#3009,#3010,#3011,#3012,#3013,
#3014,#3015,#3016,#3017,#3018,#3019,#3020,#3021,#3022,#3023,#3024,#3025,
#3026,#3027,#3028,#3029,#3030,#3031,#3032,#3033,#3034,#3035,#3036,#3037,
#3038,#3039,#3040,#3041,#3042,#3043,#3044,#3045,#3046,#3047,#3048,#3049,
#3050,#3051,#3052,#3053,#3054,#3055),.UNSPECIFIED.,.F.,.F.)
B_SPLINE_CURVE_WITH_KNOTS((6,1,1,1,1,1,1,1,1,1,1,1,1,1,1,1,1,1,1,1,1,1,
1,1,1,1,1,1,1,1,1,1,1,1,1,1,1,1,1,1,1,1,1,1,1,1,1,1,1,1,1,1,1,1,1,1,1,1,
1,1,1,1,1,1,1,1,1,1,1,1,6),(0.,0.0142857142857143,0.0285714285714286,0.0428571428571429,
0.0571428571428571,0.0714285714285714,0.0857142857142857,0.1,0.114285714285714,
0.128571428571429,0.142857142857143,0.157142857142857,0.171428571428571,
0.185714285714286,0.2,0.214285714285714,0.228571428571429,0.242857142857143,
0.257142857142857,0.271428571428571,0.285714285714286,0.3,0.314285714285714,
0.328571428571429,0.342857142857143,0.357142857142857,0.371428571428571,
0.385714285714286,0.4,0.414285714285714,0.428571428571429,0.442857142857143,
0.457142857142857,0.471428571428572,0.485714285714286,0.5,0.514285714285714,
0.528571428571429,0.542857142857143,0.557142857142857,0.571428571428571,
0.585714285714286,0.6,0.614285714285714,0.628571428571428,0.642857142857142,
0.657142857142857,0.671428571428571,0.685714285714285,0.699999999999999,
0.714285714285714,0.728571428571428,0.742857142857142,0.757142857142856,
0.771428571428571,0.785714285714285,0.799999999999999,0.814285714285713,
0.828571428571428,0.842857142857142,0.857142857142856,0.87142857142857,
0.885714285714284,0.899999999999999,0.914285714285713,0.928571428571427,
0.942857142857141,0.957142857142856,0.97142857142857,0.985714285714284,
1.),.UNSPECIFIED.)
CURVE()
GEOMETRIC_REPRESENTATION_ITEM()
RATIONAL_B_SPLINE_CURVE((1.,1.,1.,1.,1.,1.,1.,1.,1.,1.,1.,1.,1.,1.,1.,1.,
1.,1.,1.,1.,1.,1.,1.,1.,1.,1.,1.,1.,1.,1.,1.,1.,1.,1.,1.,1.,1.,1.,1.,1.,
1.,1.,1.,1.,1.,1.,1.,1.,1.,1.,1.,1.,1.,1.,1.,1.,1.,1.,1.,1.,1.,1.,1.,1.,
1.,1.,1.,1.,1.,1.,1.,1.,1.,1.,1.))
REPRESENTATION_ITEM('')
);
#52=(
BOUNDED_CURVE()
B_SPLINE_CURVE(5,(#3059,#3060,#3061,#3062,#3063,#3064,#3065,#3066,#3067,
#3068,#3069,#3070,#3071,#3072,#3073,#3074,#3075,#3076,#3077,#3078,#3079,
#3080,#3081,#3082,#3083,#3084,#3085,#3086,#3087,#3088,#3089,#3090,#3091,
#3092,#3093,#3094,#3095,#3096,#3097,#3098,#3099,#3100,#3101,#3102,#3103,
#3104,#3105,#3106,#3107,#3108,#3109,#3110,#3111,#3112,#3113,#3114,#3115,
#3116,#3117,#3118,#3119,#3120,#3121,#3122,#3123,#3124,#3125,#3126,#3127,
#3128,#3129,#3130,#3131,#3132,#3133),.UNSPECIFIED.,.F.,.F.)
B_SPLINE_CURVE_WITH_KNOTS((6,1,1,1,1,1,1,1,1,1,1,1,1,1,1,1,1,1,1,1,1,1,
1,1,1,1,1,1,1,1,1,1,1,1,1,1,1,1,1,1,1,1,1,1,1,1,1,1,1,1,1,1,1,1,1,1,1,1,
1,1,1,1,1,1,1,1,1,1,1,1,6),(-1.,-0.985714285714284,-0.97142857142857,-0.957142857142856,
-0.942857142857141,-0.928571428571427,-0.914285714285713,-0.899999999999999,
-0.885714285714284,-0.87142857142857,-0.857142857142856,-0.842857142857142,
-0.828571428571428,-0.814285714285713,-0.799999999999999,-0.785714285714285,
-0.771428571428571,-0.757142857142856,-0.742857142857142,-0.728571428571428,
-0.714285714285714,-0.699999999999999,-0.685714285714285,-0.671428571428571,
-0.657142857142857,-0.642857142857142,-0.628571428571428,-0.614285714285714,
-0.6,-0.585714285714286,-0.571428571428571,-0.557142857142857,-0.542857142857143,
-0.528571428571429,-0.514285714285714,-0.5,-0.485714285714286,-0.471428571428572,
-0.457142857142857,-0.442857142857143,-0.428571428571429,-0.414285714285714,
-0.4,-0.385714285714286,-0.371428571428571,-0.357142857142857,-0.342857142857143,
-0.328571428571429,-0.314285714285714,-0.3,-0.285714285714286,-0.271428571428571,
-0.257142857142857,-0.242857142857143,-0.228571428571429,-0.214285714285714,
-0.2,-0.185714285714286,-0.171428571428571,-0.157142857142857,-0.142857142857143,
-0.128571428571429,-0.114285714285714,-0.1,-0.0857142857142857,-0.0714285714285714,
-0.0571428571428571,-0.0428571428571429,-0.0285714285714286,-0.0142857142857143,
0.),.UNSPECIFIED.)
CURVE()
GEOMETRIC_REPRESENTATION_ITEM()
RATIONAL_B_SPLINE_CURVE((1.,1.,1.,1.,1.,1.,1.,1.,1.,1.,1.,1.,1.,1.,1.,1.,
1.,1.,1.,1.,1.,1.,1.,1.,1.,1.,1.,1.,1.,1.,1.,1.,1.,1.,1.,1.,1.,1.,1.,1.,
1.,1.,1.,1.,1.,1.,1.,1.,1.,1.,1.,1.,1.,1.,1.,1.,1.,1.,1.,1.,1.,1.,1.,1.,
1.,1.,1.,1.,1.,1.,1.,1.,1.,1.,1.))
REPRESENTATION_ITEM('')
);
#53=(
BOUNDED_CURVE()
B_SPLINE_CURVE(5,(#3145,#3146,#3147,#3148,#3149,#3150,#3151,#3152,#3153,
#3154,#3155,#3156,#3157,#3158,#3159,#3160,#3161,#3162,#3163,#3164,#3165,
#3166,#3167,#3168,#3169,#3170,#3171,#3172,#3173,#3174,#3175,#3176,#3177,
#3178,#3179,#3180,#3181,#3182,#3183,#3184,#3185,#3186,#3187,#3188,#3189,
#3190,#3191,#3192,#3193,#3194,#3195,#3196,#3197,#3198,#3199,#3200,#3201,
#3202,#3203,#3204,#3205,#3206,#3207,#3208,#3209,#3210,#3211,#3212,#3213,
#3214,#3215,#3216,#3217,#3218,#3219),.UNSPECIFIED.,.F.,.F.)
B_SPLINE_CURVE_WITH_KNOTS((6,1,1,1,1,1,1,1,1,1,1,1,1,1,1,1,1,1,1,1,1,1,
1,1,1,1,1,1,1,1,1,1,1,1,1,1,1,1,1,1,1,1,1,1,1,1,1,1,1,1,1,1,1,1,1,1,1,1,
1,1,1,1,1,1,1,1,1,1,1,1,6),(0.,0.0142857142857143,0.0285714285714286,0.0428571428571429,
0.0571428571428571,0.0714285714285714,0.0857142857142857,0.1,0.114285714285714,
0.128571428571429,0.142857142857143,0.157142857142857,0.171428571428571,
0.185714285714286,0.2,0.214285714285714,0.228571428571429,0.242857142857143,
0.257142857142857,0.271428571428571,0.285714285714286,0.3,0.314285714285714,
0.328571428571429,0.342857142857143,0.357142857142857,0.371428571428571,
0.385714285714286,0.4,0.414285714285714,0.428571428571429,0.442857142857143,
0.457142857142857,0.471428571428572,0.485714285714286,0.5,0.514285714285714,
0.528571428571429,0.542857142857143,0.557142857142857,0.571428571428571,
0.585714285714286,0.6,0.614285714285714,0.628571428571428,0.642857142857142,
0.657142857142857,0.671428571428571,0.685714285714285,0.699999999999999,
0.714285714285714,0.728571428571428,0.742857142857142,0.757142857142856,
0.771428571428571,0.785714285714285,0.799999999999999,0.814285714285713,
0.828571428571428,0.842857142857142,0.857142857142856,0.87142857142857,
0.885714285714284,0.899999999999999,0.914285714285713,0.928571428571427,
0.942857142857141,0.957142857142856,0.97142857142857,0.985714285714284,
1.),.UNSPECIFIED.)
CURVE()
GEOMETRIC_REPRESENTATION_ITEM()
RATIONAL_B_SPLINE_CURVE((1.,1.,1.,1.,1.,1.,1.,1.,1.,1.,1.,1.,1.,1.,1.,1.,
1.,1.,1.,1.,1.,1.,1.,1.,1.,1.,1.,1.,1.,1.,1.,1.,1.,1.,1.,1.,1.,1.,1.,1.,
1.,1.,1.,1.,1.,1.,1.,1.,1.,1.,1.,1.,1.,1.,1.,1.,1.,1.,1.,1.,1.,1.,1.,1.,
1.,1.,1.,1.,1.,1.,1.,1.,1.,1.,1.))
REPRESENTATION_ITEM('')
);
#54=(
BOUNDED_CURVE()
B_SPLINE_CURVE(5,(#3223,#3224,#3225,#3226,#3227,#3228,#3229,#3230,#3231,
#3232,#3233,#3234,#3235,#3236,#3237,#3238,#3239,#3240,#3241,#3242,#3243,
#3244,#3245,#3246,#3247,#3248,#3249,#3250,#3251,#3252,#3253,#3254,#3255,
#3256,#3257,#3258,#3259,#3260,#3261,#3262,#3263,#3264,#3265,#3266,#3267,
#3268,#3269,#3270,#3271,#3272,#3273,#3274,#3275,#3276,#3277,#3278,#3279,
#3280,#3281,#3282,#3283,#3284,#3285,#3286,#3287,#3288,#3289,#3290,#3291,
#3292,#3293,#3294,#3295,#3296,#3297),.UNSPECIFIED.,.F.,.F.)
B_SPLINE_CURVE_WITH_KNOTS((6,1,1,1,1,1,1,1,1,1,1,1,1,1,1,1,1,1,1,1,1,1,
1,1,1,1,1,1,1,1,1,1,1,1,1,1,1,1,1,1,1,1,1,1,1,1,1,1,1,1,1,1,1,1,1,1,1,1,
1,1,1,1,1,1,1,1,1,1,1,1,6),(-1.,-0.985714285714284,-0.97142857142857,-0.957142857142856,
-0.942857142857141,-0.928571428571427,-0.914285714285713,-0.899999999999999,
-0.885714285714284,-0.87142857142857,-0.857142857142856,-0.842857142857142,
-0.828571428571428,-0.814285714285713,-0.799999999999999,-0.785714285714285,
-0.771428571428571,-0.757142857142856,-0.742857142857142,-0.728571428571428,
-0.714285714285714,-0.699999999999999,-0.685714285714285,-0.671428571428571,
-0.657142857142857,-0.642857142857142,-0.628571428571428,-0.614285714285714,
-0.6,-0.585714285714286,-0.571428571428571,-0.557142857142857,-0.542857142857143,
-0.528571428571429,-0.514285714285714,-0.5,-0.485714285714286,-0.471428571428572,
-0.457142857142857,-0.442857142857143,-0.428571428571429,-0.414285714285714,
-0.4,-0.385714285714286,-0.371428571428571,-0.357142857142857,-0.342857142857143,
-0.328571428571429,-0.314285714285714,-0.3,-0.285714285714286,-0.271428571428571,
-0.257142857142857,-0.242857142857143,-0.228571428571429,-0.214285714285714,
-0.2,-0.185714285714286,-0.171428571428571,-0.157142857142857,-0.142857142857143,
-0.128571428571429,-0.114285714285714,-0.1,-0.0857142857142857,-0.0714285714285714,
-0.0571428571428571,-0.0428571428571429,-0.0285714285714286,-0.0142857142857143,
0.),.UNSPECIFIED.)
CURVE()
GEOMETRIC_REPRESENTATION_ITEM()
RATIONAL_B_SPLINE_CURVE((1.,1.,1.,1.,1.,1.,1.,1.,1.,1.,1.,1.,1.,1.,1.,1.,
1.,1.,1.,1.,1.,1.,1.,1.,1.,1.,1.,1.,1.,1.,1.,1.,1.,1.,1.,1.,1.,1.,1.,1.,
1.,1.,1.,1.,1.,1.,1.,1.,1.,1.,1.,1.,1.,1.,1.,1.,1.,1.,1.,1.,1.,1.,1.,1.,
1.,1.,1.,1.,1.,1.,1.,1.,1.,1.,1.))
REPRESENTATION_ITEM('')
);
#55=(
BOUNDED_CURVE()
B_SPLINE_CURVE(5,(#3309,#3310,#3311,#3312,#3313,#3314,#3315,#3316,#3317,
#3318,#3319,#3320,#3321,#3322,#3323,#3324,#3325,#3326,#3327,#3328,#3329,
#3330,#3331,#3332,#3333,#3334,#3335,#3336,#3337,#3338,#3339,#3340,#3341,
#3342,#3343,#3344,#3345,#3346,#3347,#3348,#3349,#3350,#3351,#3352,#3353,
#3354,#3355,#3356,#3357,#3358,#3359,#3360,#3361,#3362,#3363,#3364,#3365,
#3366,#3367,#3368,#3369,#3370,#3371,#3372,#3373,#3374,#3375,#3376,#3377,
#3378,#3379,#3380,#3381,#3382,#3383),.UNSPECIFIED.,.F.,.F.)
B_SPLINE_CURVE_WITH_KNOTS((6,1,1,1,1,1,1,1,1,1,1,1,1,1,1,1,1,1,1,1,1,1,
1,1,1,1,1,1,1,1,1,1,1,1,1,1,1,1,1,1,1,1,1,1,1,1,1,1,1,1,1,1,1,1,1,1,1,1,
1,1,1,1,1,1,1,1,1,1,1,1,6),(0.,0.0142857142857143,0.0285714285714286,0.0428571428571429,
0.0571428571428571,0.0714285714285714,0.0857142857142857,0.1,0.114285714285714,
0.128571428571429,0.142857142857143,0.157142857142857,0.171428571428571,
0.185714285714286,0.2,0.214285714285714,0.228571428571429,0.242857142857143,
0.257142857142857,0.271428571428571,0.285714285714286,0.3,0.314285714285714,
0.328571428571429,0.342857142857143,0.357142857142857,0.371428571428571,
0.385714285714286,0.4,0.414285714285714,0.428571428571429,0.442857142857143,
0.457142857142857,0.471428571428572,0.485714285714286,0.5,0.514285714285714,
0.528571428571429,0.542857142857143,0.557142857142857,0.571428571428571,
0.585714285714286,0.6,0.614285714285714,0.628571428571428,0.642857142857142,
0.657142857142857,0.671428571428571,0.685714285714285,0.699999999999999,
0.714285714285714,0.728571428571428,0.742857142857142,0.757142857142856,
0.771428571428571,0.785714285714285,0.799999999999999,0.814285714285713,
0.828571428571428,0.842857142857142,0.857142857142856,0.87142857142857,
0.885714285714284,0.899999999999999,0.914285714285713,0.928571428571427,
0.942857142857141,0.957142857142856,0.97142857142857,0.985714285714284,
1.),.UNSPECIFIED.)
CURVE()
GEOMETRIC_REPRESENTATION_ITEM()
RATIONAL_B_SPLINE_CURVE((1.,1.,1.,1.,1.,1.,1.,1.,1.,1.,1.,1.,1.,1.,1.,1.,
1.,1.,1.,1.,1.,1.,1.,1.,1.,1.,1.,1.,1.,1.,1.,1.,1.,1.,1.,1.,1.,1.,1.,1.,
1.,1.,1.,1.,1.,1.,1.,1.,1.,1.,1.,1.,1.,1.,1.,1.,1.,1.,1.,1.,1.,1.,1.,1.,
1.,1.,1.,1.,1.,1.,1.,1.,1.,1.,1.))
REPRESENTATION_ITEM('')
);
#56=(
BOUNDED_CURVE()
B_SPLINE_CURVE(5,(#3387,#3388,#3389,#3390,#3391,#3392,#3393,#3394,#3395,
#3396,#3397,#3398,#3399,#3400,#3401,#3402,#3403,#3404,#3405,#3406,#3407,
#3408,#3409,#3410,#3411,#3412,#3413,#3414,#3415,#3416,#3417,#3418,#3419,
#3420,#3421,#3422,#3423,#3424,#3425,#3426,#3427,#3428,#3429,#3430,#3431,
#3432,#3433,#3434,#3435,#3436,#3437,#3438,#3439,#3440,#3441,#3442,#3443,
#3444,#3445,#3446,#3447,#3448,#3449,#3450,#3451,#3452,#3453,#3454,#3455,
#3456,#3457,#3458,#3459,#3460,#3461),.UNSPECIFIED.,.F.,.F.)
B_SPLINE_CURVE_WITH_KNOTS((6,1,1,1,1,1,1,1,1,1,1,1,1,1,1,1,1,1,1,1,1,1,
1,1,1,1,1,1,1,1,1,1,1,1,1,1,1,1,1,1,1,1,1,1,1,1,1,1,1,1,1,1,1,1,1,1,1,1,
1,1,1,1,1,1,1,1,1,1,1,1,6),(-1.,-0.985714285714284,-0.97142857142857,-0.957142857142856,
-0.942857142857141,-0.928571428571427,-0.914285714285713,-0.899999999999999,
-0.885714285714284,-0.87142857142857,-0.857142857142856,-0.842857142857142,
-0.828571428571428,-0.814285714285713,-0.799999999999999,-0.785714285714285,
-0.771428571428571,-0.757142857142856,-0.742857142857142,-0.728571428571428,
-0.714285714285714,-0.699999999999999,-0.685714285714285,-0.671428571428571,
-0.657142857142857,-0.642857142857142,-0.628571428571428,-0.614285714285714,
-0.6,-0.585714285714286,-0.571428571428571,-0.557142857142857,-0.542857142857143,
-0.528571428571429,-0.514285714285714,-0.5,-0.485714285714286,-0.471428571428572,
-0.457142857142857,-0.442857142857143,-0.428571428571429,-0.414285714285714,
-0.4,-0.385714285714286,-0.371428571428571,-0.357142857142857,-0.342857142857143,
-0.328571428571429,-0.314285714285714,-0.3,-0.285714285714286,-0.271428571428571,
-0.257142857142857,-0.242857142857143,-0.228571428571429,-0.214285714285714,
-0.2,-0.185714285714286,-0.171428571428571,-0.157142857142857,-0.142857142857143,
-0.128571428571429,-0.114285714285714,-0.1,-0.0857142857142857,-0.0714285714285714,
-0.0571428571428571,-0.0428571428571429,-0.0285714285714286,-0.0142857142857143,
0.),.UNSPECIFIED.)
CURVE()
GEOMETRIC_REPRESENTATION_ITEM()
RATIONAL_B_SPLINE_CURVE((1.,1.,1.,1.,1.,1.,1.,1.,1.,1.,1.,1.,1.,1.,1.,1.,
1.,1.,1.,1.,1.,1.,1.,1.,1.,1.,1.,1.,1.,1.,1.,1.,1.,1.,1.,1.,1.,1.,1.,1.,
1.,1.,1.,1.,1.,1.,1.,1.,1.,1.,1.,1.,1.,1.,1.,1.,1.,1.,1.,1.,1.,1.,1.,1.,
1.,1.,1.,1.,1.,1.,1.,1.,1.,1.,1.))
REPRESENTATION_ITEM('')
);
#57=(
BOUNDED_CURVE()
B_SPLINE_CURVE(5,(#3473,#3474,#3475,#3476,#3477,#3478,#3479,#3480,#3481,
#3482,#3483,#3484,#3485,#3486,#3487,#3488,#3489,#3490,#3491,#3492,#3493,
#3494,#3495,#3496,#3497,#3498,#3499,#3500,#3501,#3502,#3503,#3504,#3505,
#3506,#3507,#3508,#3509,#3510,#3511,#3512,#3513,#3514,#3515,#3516,#3517,
#3518,#3519,#3520,#3521,#3522,#3523,#3524,#3525,#3526,#3527,#3528,#3529,
#3530,#3531,#3532,#3533,#3534,#3535,#3536,#3537,#3538,#3539,#3540,#3541,
#3542,#3543,#3544,#3545,#3546,#3547),.UNSPECIFIED.,.F.,.F.)
B_SPLINE_CURVE_WITH_KNOTS((6,1,1,1,1,1,1,1,1,1,1,1,1,1,1,1,1,1,1,1,1,1,
1,1,1,1,1,1,1,1,1,1,1,1,1,1,1,1,1,1,1,1,1,1,1,1,1,1,1,1,1,1,1,1,1,1,1,1,
1,1,1,1,1,1,1,1,1,1,1,1,6),(0.,0.0142857142857143,0.0285714285714286,0.0428571428571429,
0.0571428571428571,0.0714285714285714,0.0857142857142857,0.1,0.114285714285714,
0.128571428571429,0.142857142857143,0.157142857142857,0.171428571428571,
0.185714285714286,0.2,0.214285714285714,0.228571428571429,0.242857142857143,
0.257142857142857,0.271428571428571,0.285714285714286,0.3,0.314285714285714,
0.328571428571429,0.342857142857143,0.357142857142857,0.371428571428571,
0.385714285714286,0.4,0.414285714285714,0.428571428571429,0.442857142857143,
0.457142857142857,0.471428571428572,0.485714285714286,0.5,0.514285714285714,
0.528571428571429,0.542857142857143,0.557142857142857,0.571428571428571,
0.585714285714286,0.6,0.614285714285714,0.628571428571428,0.642857142857142,
0.657142857142857,0.671428571428571,0.685714285714285,0.699999999999999,
0.714285714285714,0.728571428571428,0.742857142857142,0.757142857142856,
0.771428571428571,0.785714285714285,0.799999999999999,0.814285714285713,
0.828571428571428,0.842857142857142,0.857142857142856,0.87142857142857,
0.885714285714284,0.899999999999999,0.914285714285713,0.928571428571427,
0.942857142857141,0.957142857142856,0.97142857142857,0.985714285714284,
1.),.UNSPECIFIED.)
CURVE()
GEOMETRIC_REPRESENTATION_ITEM()
RATIONAL_B_SPLINE_CURVE((1.,1.,1.,1.,1.,1.,1.,1.,1.,1.,1.,1.,1.,1.,1.,1.,
1.,1.,1.,1.,1.,1.,1.,1.,1.,1.,1.,1.,1.,1.,1.,1.,1.,1.,1.,1.,1.,1.,1.,1.,
1.,1.,1.,1.,1.,1.,1.,1.,1.,1.,1.,1.,1.,1.,1.,1.,1.,1.,1.,1.,1.,1.,1.,1.,
1.,1.,1.,1.,1.,1.,1.,1.,1.,1.,1.))
REPRESENTATION_ITEM('')
);
#58=(
BOUNDED_CURVE()
B_SPLINE_CURVE(5,(#3551,#3552,#3553,#3554,#3555,#3556,#3557,#3558,#3559,
#3560,#3561,#3562,#3563,#3564,#3565,#3566,#3567,#3568,#3569,#3570,#3571,
#3572,#3573,#3574,#3575,#3576,#3577,#3578,#3579,#3580,#3581,#3582,#3583,
#3584,#3585,#3586,#3587,#3588,#3589,#3590,#3591,#3592,#3593,#3594,#3595,
#3596,#3597,#3598,#3599,#3600,#3601,#3602,#3603,#3604,#3605,#3606,#3607,
#3608,#3609,#3610,#3611,#3612,#3613,#3614,#3615,#3616,#3617,#3618,#3619,
#3620,#3621,#3622,#3623,#3624,#3625),.UNSPECIFIED.,.F.,.F.)
B_SPLINE_CURVE_WITH_KNOTS((6,1,1,1,1,1,1,1,1,1,1,1,1,1,1,1,1,1,1,1,1,1,
1,1,1,1,1,1,1,1,1,1,1,1,1,1,1,1,1,1,1,1,1,1,1,1,1,1,1,1,1,1,1,1,1,1,1,1,
1,1,1,1,1,1,1,1,1,1,1,1,6),(-1.,-0.985714285714284,-0.97142857142857,-0.957142857142856,
-0.942857142857141,-0.928571428571427,-0.914285714285713,-0.899999999999999,
-0.885714285714284,-0.87142857142857,-0.857142857142856,-0.842857142857142,
-0.828571428571428,-0.814285714285713,-0.799999999999999,-0.785714285714285,
-0.771428571428571,-0.757142857142856,-0.742857142857142,-0.728571428571428,
-0.714285714285714,-0.699999999999999,-0.685714285714285,-0.671428571428571,
-0.657142857142857,-0.642857142857142,-0.628571428571428,-0.614285714285714,
-0.6,-0.585714285714286,-0.571428571428571,-0.557142857142857,-0.542857142857143,
-0.528571428571429,-0.514285714285714,-0.5,-0.485714285714286,-0.471428571428572,
-0.457142857142857,-0.442857142857143,-0.428571428571429,-0.414285714285714,
-0.4,-0.385714285714286,-0.371428571428571,-0.357142857142857,-0.342857142857143,
-0.328571428571429,-0.314285714285714,-0.3,-0.285714285714286,-0.271428571428571,
-0.257142857142857,-0.242857142857143,-0.228571428571429,-0.214285714285714,
-0.2,-0.185714285714286,-0.171428571428571,-0.157142857142857,-0.142857142857143,
-0.128571428571429,-0.114285714285714,-0.1,-0.0857142857142857,-0.0714285714285714,
-0.0571428571428571,-0.0428571428571429,-0.0285714285714286,-0.0142857142857143,
0.),.UNSPECIFIED.)
CURVE()
GEOMETRIC_REPRESENTATION_ITEM()
RATIONAL_B_SPLINE_CURVE((1.,1.,1.,1.,1.,1.,1.,1.,1.,1.,1.,1.,1.,1.,1.,1.,
1.,1.,1.,1.,1.,1.,1.,1.,1.,1.,1.,1.,1.,1.,1.,1.,1.,1.,1.,1.,1.,1.,1.,1.,
1.,1.,1.,1.,1.,1.,1.,1.,1.,1.,1.,1.,1.,1.,1.,1.,1.,1.,1.,1.,1.,1.,1.,1.,
1.,1.,1.,1.,1.,1.,1.,1.,1.,1.,1.))
REPRESENTATION_ITEM('')
);
#59=PLANE('',#1305);
#60=PLANE('',#1331);
#61=PLANE('',#1332);
#62=PLANE('',#1333);
#63=PLANE('',#1336);
#64=PLANE('',#1362);
#65=PLANE('',#1363);
#66=PLANE('',#1367);
#67=PLANE('',#1369);
#68=PLANE('',#1370);
#69=PLANE('',#1372);
#70=PLANE('',#1373);
#71=PLANE('',#1374);
#72=PLANE('',#1375);
#73=PLANE('',#1376);
#74=PLANE('',#1379);
#75=PLANE('',#1381);
#76=PLANE('',#1383);
#77=PLANE('',#1385);
#78=PLANE('',#1387);
#79=PLANE('',#1389);
#80=PLANE('',#1391);
#81=PLANE('',#1393);
#82=PLANE('',#1395);
#83=PLANE('',#1397);
#84=PLANE('',#1409);
#85=FACE_OUTER_BOUND('',#151,.T.);
#86=FACE_OUTER_BOUND('',#152,.T.);
#87=FACE_OUTER_BOUND('',#153,.T.);
#88=FACE_OUTER_BOUND('',#155,.T.);
#89=FACE_OUTER_BOUND('',#156,.T.);
#90=FACE_OUTER_BOUND('',#157,.T.);
#91=FACE_OUTER_BOUND('',#158,.T.);
#92=FACE_OUTER_BOUND('',#159,.T.);
#93=FACE_OUTER_BOUND('',#161,.T.);
#94=FACE_OUTER_BOUND('',#162,.T.);
#95=FACE_OUTER_BOUND('',#163,.T.);
#96=FACE_OUTER_BOUND('',#164,.T.);
#97=FACE_OUTER_BOUND('',#166,.T.);
#98=FACE_OUTER_BOUND('',#167,.T.);
#99=FACE_OUTER_BOUND('',#168,.T.);
#100=FACE_OUTER_BOUND('',#169,.T.);
#101=FACE_OUTER_BOUND('',#170,.T.);
#102=FACE_OUTER_BOUND('',#171,.T.);
#103=FACE_OUTER_BOUND('',#172,.T.);
#104=FACE_OUTER_BOUND('',#173,.T.);
#105=FACE_OUTER_BOUND('',#174,.T.);
#106=FACE_OUTER_BOUND('',#175,.T.);
#107=FACE_OUTER_BOUND('',#176,.T.);
#108=FACE_OUTER_BOUND('',#177,.T.);
#109=FACE_OUTER_BOUND('',#178,.T.);
#110=FACE_OUTER_BOUND('',#179,.T.);
#111=FACE_OUTER_BOUND('',#180,.T.);
#112=FACE_OUTER_BOUND('',#181,.T.);
#113=FACE_OUTER_BOUND('',#182,.T.);
#114=FACE_OUTER_BOUND('',#183,.T.);
#115=FACE_OUTER_BOUND('',#184,.T.);
#116=FACE_OUTER_BOUND('',#185,.T.);
#117=FACE_OUTER_BOUND('',#186,.T.);
#118=FACE_OUTER_BOUND('',#187,.T.);
#119=FACE_OUTER_BOUND('',#188,.T.);
#120=FACE_OUTER_BOUND('',#189,.T.);
#121=FACE_OUTER_BOUND('',#190,.T.);
#122=FACE_OUTER_BOUND('',#191,.T.);
#123=FACE_OUTER_BOUND('',#192,.T.);
#124=FACE_OUTER_BOUND('',#193,.T.);
#125=FACE_OUTER_BOUND('',#194,.T.);
#126=FACE_OUTER_BOUND('',#195,.T.);
#127=FACE_OUTER_BOUND('',#196,.T.);
#128=FACE_OUTER_BOUND('',#197,.T.);
#129=FACE_OUTER_BOUND('',#198,.T.);
#130=FACE_OUTER_BOUND('',#199,.T.);
#131=FACE_OUTER_BOUND('',#200,.T.);
#132=FACE_OUTER_BOUND('',#201,.T.);
#133=FACE_OUTER_BOUND('',#202,.T.);
#134=FACE_OUTER_BOUND('',#203,.T.);
#135=FACE_OUTER_BOUND('',#204,.T.);
#136=FACE_OUTER_BOUND('',#205,.T.);
#137=FACE_OUTER_BOUND('',#206,.T.);
#138=FACE_OUTER_BOUND('',#207,.T.);
#139=FACE_OUTER_BOUND('',#208,.T.);
#140=FACE_OUTER_BOUND('',#209,.T.);
#141=FACE_OUTER_BOUND('',#210,.T.);
#142=FACE_OUTER_BOUND('',#211,.T.);
#143=FACE_OUTER_BOUND('',#212,.T.);
#144=FACE_OUTER_BOUND('',#213,.T.);
#145=FACE_OUTER_BOUND('',#214,.T.);
#146=FACE_OUTER_BOUND('',#215,.T.);
#147=FACE_OUTER_BOUND('',#216,.T.);
#148=FACE_OUTER_BOUND('',#217,.T.);
#149=FACE_OUTER_BOUND('',#218,.T.);
#150=FACE_OUTER_BOUND('',#219,.T.);
#151=EDGE_LOOP('',(#800,#801,#802,#803,#804,#805));
#152=EDGE_LOOP('',(#806,#807,#808,#809,#810,#811,#812));
#153=EDGE_LOOP('',(#813,#814,#815,#816,#817,#818,#819,#820,#821,#822,#823,
#824,#825,#826,#827,#828,#829,#830,#831,#832,#833,#834,#835,#836,#837,#838,
#839,#840,#841,#842,#843,#844,#845,#846,#847,#848,#849,#850,#851,#852,#853,
#854,#855,#856,#857,#858,#859,#860,#861,#862,#863,#864));
#154=EDGE_LOOP('',(#865));
#155=EDGE_LOOP('',(#866,#867,#868,#869,#870));
#156=EDGE_LOOP('',(#871,#872,#873));
#157=EDGE_LOOP('',(#874,#875,#876,#877,#878,#879));
#158=EDGE_LOOP('',(#880,#881,#882,#883));
#159=EDGE_LOOP('',(#884,#885,#886,#887,#888,#889,#890,#891,#892,#893,#894,
#895,#896,#897,#898,#899,#900,#901,#902,#903,#904,#905,#906,#907,#908,#909,
#910,#911,#912,#913,#914,#915,#916,#917,#918,#919,#920,#921,#922,#923,#924,
#925,#926,#927,#928,#929,#930,#931,#932));
#160=EDGE_LOOP('',(#933,#934,#935,#936));
#161=EDGE_LOOP('',(#937,#938,#939,#940));
#162=EDGE_LOOP('',(#941,#942,#943,#944));
#163=EDGE_LOOP('',(#945,#946,#947,#948));
#164=EDGE_LOOP('',(#949,#950,#951,#952));
#165=EDGE_LOOP('',(#953));
#166=EDGE_LOOP('',(#954,#955,#956,#957,#958,#959));
#167=EDGE_LOOP('',(#960,#961,#962,#963,#964,#965));
#168=EDGE_LOOP('',(#966,#967,#968,#969));
#169=EDGE_LOOP('',(#970,#971,#972,#973));
#170=EDGE_LOOP('',(#974,#975,#976,#977));
#171=EDGE_LOOP('',(#978,#979,#980,#981));
#172=EDGE_LOOP('',(#982,#983,#984,#985));
#173=EDGE_LOOP('',(#986,#987,#988,#989));
#174=EDGE_LOOP('',(#990,#991,#992,#993));
#175=EDGE_LOOP('',(#994,#995,#996,#997));
#176=EDGE_LOOP('',(#998,#999,#1000,#1001));
#177=EDGE_LOOP('',(#1002,#1003,#1004,#1005));
#178=EDGE_LOOP('',(#1006,#1007,#1008,#1009));
#179=EDGE_LOOP('',(#1010,#1011,#1012,#1013));
#180=EDGE_LOOP('',(#1014,#1015,#1016,#1017));
#181=EDGE_LOOP('',(#1018,#1019,#1020,#1021));
#182=EDGE_LOOP('',(#1022,#1023,#1024,#1025));
#183=EDGE_LOOP('',(#1026,#1027,#1028,#1029));
#184=EDGE_LOOP('',(#1030,#1031,#1032,#1033));
#185=EDGE_LOOP('',(#1034,#1035,#1036,#1037));
#186=EDGE_LOOP('',(#1038,#1039,#1040,#1041));
#187=EDGE_LOOP('',(#1042,#1043,#1044,#1045));
#188=EDGE_LOOP('',(#1046,#1047,#1048,#1049));
#189=EDGE_LOOP('',(#1050,#1051,#1052,#1053));
#190=EDGE_LOOP('',(#1054,#1055,#1056,#1057));
#191=EDGE_LOOP('',(#1058,#1059,#1060,#1061));
#192=EDGE_LOOP('',(#1062,#1063,#1064,#1065));
#193=EDGE_LOOP('',(#1066,#1067,#1068,#1069));
#194=EDGE_LOOP('',(#1070,#1071,#1072,#1073));
#195=EDGE_LOOP('',(#1074,#1075,#1076,#1077));
#196=EDGE_LOOP('',(#1078,#1079,#1080,#1081));
#197=EDGE_LOOP('',(#1082,#1083,#1084,#1085));
#198=EDGE_LOOP('',(#1086,#1087,#1088,#1089));
#199=EDGE_LOOP('',(#1090,#1091,#1092,#1093));
#200=EDGE_LOOP('',(#1094,#1095,#1096,#1097));
#201=EDGE_LOOP('',(#1098,#1099,#1100,#1101));
#202=EDGE_LOOP('',(#1102,#1103,#1104,#1105));
#203=EDGE_LOOP('',(#1106,#1107,#1108,#1109));
#204=EDGE_LOOP('',(#1110,#1111,#1112,#1113));
#205=EDGE_LOOP('',(#1114,#1115,#1116,#1117));
#206=EDGE_LOOP('',(#1118,#1119,#1120,#1121));
#207=EDGE_LOOP('',(#1122,#1123,#1124,#1125));
#208=EDGE_LOOP('',(#1126,#1127,#1128,#1129));
#209=EDGE_LOOP('',(#1130,#1131,#1132,#1133));
#210=EDGE_LOOP('',(#1134,#1135,#1136,#1137));
#211=EDGE_LOOP('',(#1138,#1139,#1140,#1141));
#212=EDGE_LOOP('',(#1142,#1143,#1144,#1145));
#213=EDGE_LOOP('',(#1146,#1147,#1148,#1149));
#214=EDGE_LOOP('',(#1150,#1151,#1152,#1153));
#215=EDGE_LOOP('',(#1154,#1155,#1156,#1157));
#216=EDGE_LOOP('',(#1158,#1159,#1160,#1161));
#217=EDGE_LOOP('',(#1162,#1163,#1164,#1165));
#218=EDGE_LOOP('',(#1166,#1167,#1168,#1169));
#219=EDGE_LOOP('',(#1170,#1171,#1172,#1173));
#220=CIRCLE('',#1298,46.);
#221=CIRCLE('',#1299,46.);
#222=CIRCLE('',#1302,53.9999999580926);
#223=CIRCLE('',#1303,53.9999999580926);
#224=CIRCLE('',#1306,26.5100618576468);
#225=CIRCLE('',#1307,11.9492);
#226=CIRCLE('',#1308,1.);
#227=CIRCLE('',#1309,17.4999999999998);
#228=CIRCLE('',#1310,1.);
#229=CIRCLE('',#1311,11.9492);
#230=CIRCLE('',#1312,1.);
#231=CIRCLE('',#1313,17.4999999999998);
#232=CIRCLE('',#1314,1.);
#233=CIRCLE('',#1315,11.9492);
#234=CIRCLE('',#1316,1.);
#235=CIRCLE('',#1317,17.4999999999998);
#236=CIRCLE('',#1318,1.);
#237=CIRCLE('',#1319,11.9492);
#238=CIRCLE('',#1320,1.);
#239=CIRCLE('',#1321,17.4999999999998);
#240=CIRCLE('',#1322,1.);
#241=CIRCLE('',#1323,11.9492);
#242=CIRCLE('',#1324,1.);
#243=CIRCLE('',#1325,17.4999999999998);
#244=CIRCLE('',#1326,1.);
#245=CIRCLE('',#1327,11.9492);
#246=CIRCLE('',#1328,1.);
#247=CIRCLE('',#1329,17.4999999999998);
#248=CIRCLE('',#1330,2.5);
#249=CIRCLE('',#1335,26.5100618576468);
#250=CIRCLE('',#1337,17.4999999999998);
#251=CIRCLE('',#1338,1.);
#252=CIRCLE('',#1339,11.9492);
#253=CIRCLE('',#1340,1.);
#254=CIRCLE('',#1341,17.4999999999998);
#255=CIRCLE('',#1342,1.);
#256=CIRCLE('',#1343,11.9492);
#257=CIRCLE('',#1344,1.);
#258=CIRCLE('',#1345,17.4999999999998);
#259=CIRCLE('',#1346,1.);
#260=CIRCLE('',#1347,11.9492);
#261=CIRCLE('',#1348,1.);
#262=CIRCLE('',#1349,17.4999999999998);
#263=CIRCLE('',#1350,1.);
#264=CIRCLE('',#1351,11.9492);
#265=CIRCLE('',#1352,1.);
#266=CIRCLE('',#1353,17.4999999999998);
#267=CIRCLE('',#1354,1.);
#268=CIRCLE('',#1355,11.9492);
#269=CIRCLE('',#1356,1.);
#270=CIRCLE('',#1357,17.4999999999998);
#271=CIRCLE('',#1358,1.);
#272=CIRCLE('',#1359,11.9492);
#273=CIRCLE('',#1360,2.4);
#274=CIRCLE('',#1361,3.70000000000175);
#275=CIRCLE('',#1364,2.4);
#276=CIRCLE('',#1366,3.70000000000175);
#277=CIRCLE('',#1368,2.5);
#278=LINE('',#1768,#382);
#279=LINE('',#1772,#383);
#280=LINE('',#1774,#384);
#281=LINE('',#1783,#385);
#282=LINE('',#1785,#386);
#283=LINE('',#1789,#387);
#284=LINE('',#1793,#388);
#285=LINE('',#1794,#389);
#286=LINE('',#1796,#390);
#287=LINE('',#1804,#391);
#288=LINE('',#1960,#392);
#289=LINE('',#1968,#393);
#290=LINE('',#2124,#394);
#291=LINE('',#2132,#395);
#292=LINE('',#2288,#396);
#293=LINE('',#2296,#397);
#294=LINE('',#2452,#398);
#295=LINE('',#2460,#399);
#296=LINE('',#2616,#400);
#297=LINE('',#2624,#401);
#298=LINE('',#2703,#402);
#299=LINE('',#2707,#403);
#300=LINE('',#2709,#404);
#301=LINE('',#2710,#405);
#302=LINE('',#2712,#406);
#303=LINE('',#2715,#407);
#304=LINE('',#2716,#408);
#305=LINE('',#2721,#409);
#306=LINE('',#2722,#410);
#307=LINE('',#2724,#411);
#308=LINE('',#2725,#412);
#309=LINE('',#2727,#413);
#310=LINE('',#2807,#414);
#311=LINE('',#2815,#415);
#312=LINE('',#2971,#416);
#313=LINE('',#2979,#417);
#314=LINE('',#3135,#418);
#315=LINE('',#3143,#419);
#316=LINE('',#3299,#420);
#317=LINE('',#3307,#421);
#318=LINE('',#3463,#422);
#319=LINE('',#3471,#423);
#320=LINE('',#3627,#424);
#321=LINE('',#3633,#425);
#322=LINE('',#3637,#426);
#323=LINE('',#3642,#427);
#324=LINE('',#3644,#428);
#325=LINE('',#3646,#429);
#326=LINE('',#3647,#430);
#327=LINE('',#3650,#431);
#328=LINE('',#3653,#432);
#329=LINE('',#3656,#433);
#330=LINE('',#3659,#434);
#331=LINE('',#3661,#435);
#332=LINE('',#3662,#436);
#333=LINE('',#3666,#437);
#334=LINE('',#3668,#438);
#335=LINE('',#3672,#439);
#336=LINE('',#3676,#440);
#337=LINE('',#3678,#441);
#338=LINE('',#3680,#442);
#339=LINE('',#3681,#443);
#340=LINE('',#3683,#444);
#341=LINE('',#3685,#445);
#342=LINE('',#3686,#446);
#343=LINE('',#3688,#447);
#344=LINE('',#3690,#448);
#345=LINE('',#3691,#449);
#346=LINE('',#3693,#450);
#347=LINE('',#3695,#451);
#348=LINE('',#3696,#452);
#349=LINE('',#3698,#453);
#350=LINE('',#3700,#454);
#351=LINE('',#3701,#455);
#352=LINE('',#3703,#456);
#353=LINE('',#3705,#457);
#354=LINE('',#3706,#458);
#355=LINE('',#3708,#459);
#356=LINE('',#3710,#460);
#357=LINE('',#3711,#461);
#358=LINE('',#3713,#462);
#359=LINE('',#3715,#463);
#360=LINE('',#3716,#464);
#361=LINE('',#3718,#465);
#362=LINE('',#3720,#466);
#363=LINE('',#3721,#467);
#364=LINE('',#3723,#468);
#365=LINE('',#3725,#469);
#366=LINE('',#3726,#470);
#367=LINE('',#3728,#471);
#368=LINE('',#3879,#472);
#369=LINE('',#3881,#473);
#370=LINE('',#4182,#474);
#371=LINE('',#4184,#475);
#372=LINE('',#4485,#476);
#373=LINE('',#4487,#477);
#374=LINE('',#4788,#478);
#375=LINE('',#4790,#479);
#376=LINE('',#5091,#480);
#377=LINE('',#5093,#481);
#378=LINE('',#5245,#482);
#379=LINE('',#5251,#483);
#380=LINE('',#5253,#484);
#381=LINE('',#5405,#485);
#382=VECTOR('',#1424,10.);
#383=VECTOR('',#1427,10.);
#384=VECTOR('',#1428,10.);
#385=VECTOR('',#1437,10.);
#386=VECTOR('',#1438,10.);
#387=VECTOR('',#1441,10.);
#388=VECTOR('',#1446,10.);
#389=VECTOR('',#1447,10.);
#390=VECTOR('',#1448,10.);
#391=VECTOR('',#1455,10.);
#392=VECTOR('',#1458,10.);
#393=VECTOR('',#1465,10.);
#394=VECTOR('',#1468,10.);
#395=VECTOR('',#1475,10.);
#396=VECTOR('',#1478,10.);
#397=VECTOR('',#1485,10.);
#398=VECTOR('',#1488,10.);
#399=VECTOR('',#1495,10.);
#400=VECTOR('',#1498,10.);
#401=VECTOR('',#1505,10.);
#402=VECTOR('',#1508,10.);
#403=VECTOR('',#1513,10.);
#404=VECTOR('',#1514,10.);
#405=VECTOR('',#1515,10.);
#406=VECTOR('',#1518,10.);
#407=VECTOR('',#1521,10.);
#408=VECTOR('',#1522,10.);
#409=VECTOR('',#1527,10.);
#410=VECTOR('',#1528,10.);
#411=VECTOR('',#1531,10.);
#412=VECTOR('',#1532,10.);
#413=VECTOR('',#1533,10.);
#414=VECTOR('',#1536,10.);
#415=VECTOR('',#1543,10.);
#416=VECTOR('',#1546,10.);
#417=VECTOR('',#1553,10.);
#418=VECTOR('',#1556,10.);
#419=VECTOR('',#1563,10.);
#420=VECTOR('',#1566,10.);
#421=VECTOR('',#1573,10.);
#422=VECTOR('',#1576,10.);
#423=VECTOR('',#1583,10.);
#424=VECTOR('',#1586,10.);
#425=VECTOR('',#1591,10.);
#426=VECTOR('',#1594,10.);
#427=VECTOR('',#1599,10.);
#428=VECTOR('',#1600,10.);
#429=VECTOR('',#1601,10.);
#430=VECTOR('',#1602,10.);
#431=VECTOR('',#1605,10.);
#432=VECTOR('',#1608,10.);
#433=VECTOR('',#1611,10.);
#434=VECTOR('',#1614,10.);
#435=VECTOR('',#1617,10.);
#436=VECTOR('',#1618,10.);
#437=VECTOR('',#1623,10.);
#438=VECTOR('',#1626,10.);
#439=VECTOR('',#1633,10.);
#440=VECTOR('',#1640,10.);
#441=VECTOR('',#1643,10.);
#442=VECTOR('',#1646,10.);
#443=VECTOR('',#1647,10.);
#444=VECTOR('',#1650,10.);
#445=VECTOR('',#1653,10.);
#446=VECTOR('',#1654,10.);
#447=VECTOR('',#1657,10.);
#448=VECTOR('',#1660,10.);
#449=VECTOR('',#1661,10.);
#450=VECTOR('',#1664,10.);
#451=VECTOR('',#1667,10.);
#452=VECTOR('',#1668,10.);
#453=VECTOR('',#1671,10.);
#454=VECTOR('',#1674,10.);
#455=VECTOR('',#1675,10.);
#456=VECTOR('',#1678,10.);
#457=VECTOR('',#1681,10.);
#458=VECTOR('',#1682,10.);
#459=VECTOR('',#1685,10.);
#460=VECTOR('',#1688,10.);
#461=VECTOR('',#1689,10.);
#462=VECTOR('',#1692,10.);
#463=VECTOR('',#1695,10.);
#464=VECTOR('',#1696,10.);
#465=VECTOR('',#1699,10.);
#466=VECTOR('',#1702,10.);
#467=VECTOR('',#1703,10.);
#468=VECTOR('',#1706,10.);
#469=VECTOR('',#1709,10.);
#470=VECTOR('',#1710,10.);
#471=VECTOR('',#1713,10.);
#472=VECTOR('',#1714,10.);
#473=VECTOR('',#1717,10.);
#474=VECTOR('',#1718,10.);
#475=VECTOR('',#1721,10.);
#476=VECTOR('',#1722,10.);
#477=VECTOR('',#1725,10.);
#478=VECTOR('',#1726,10.);
#479=VECTOR('',#1729,10.);
#480=VECTOR('',#1730,10.);
#481=VECTOR('',#1733,10.);
#482=VECTOR('',#1736,10.);
#483=VECTOR('',#1747,10.);
#484=VECTOR('',#1750,10.);
#485=VECTOR('',#1753,2.5);
#486=ELLIPSE('',#1297,65.0538238691623,46.);
#487=ELLIPSE('',#1301,76.3675323088811,53.9999999580926);
#488=ELLIPSE('',#1304,76.3675323088811,53.9999999580926);
#489=VERTEX_POINT('',#1764);
#490=VERTEX_POINT('',#1765);
#491=VERTEX_POINT('',#1767);
#492=VERTEX_POINT('',#1769);
#493=VERTEX_POINT('',#1771);
#494=VERTEX_POINT('',#1773);
#495=VERTEX_POINT('',#1777);
#496=VERTEX_POINT('',#1778);
#497=VERTEX_POINT('',#1780);
#498=VERTEX_POINT('',#1782);
#499=VERTEX_POINT('',#1784);
#500=VERTEX_POINT('',#1786);
#501=VERTEX_POINT('',#1788);
#502=VERTEX_POINT('',#1792);
#503=VERTEX_POINT('',#1795);
#504=VERTEX_POINT('',#1797);
#505=VERTEX_POINT('',#1799);
#506=VERTEX_POINT('',#1801);
#507=VERTEX_POINT('',#1803);
#508=VERTEX_POINT('',#1805);
#509=VERTEX_POINT('',#1881);
#510=VERTEX_POINT('',#1883);
#511=VERTEX_POINT('',#1959);
#512=VERTEX_POINT('',#1961);
#513=VERTEX_POINT('',#1963);
#514=VERTEX_POINT('',#1965);
#515=VERTEX_POINT('',#1967);
#516=VERTEX_POINT('',#1969);
#517=VERTEX_POINT('',#2045);
#518=VERTEX_POINT('',#2047);
#519=VERTEX_POINT('',#2123);
#520=VERTEX_POINT('',#2125);
#521=VERTEX_POINT('',#2127);
#522=VERTEX_POINT('',#2129);
#523=VERTEX_POINT('',#2131);
#524=VERTEX_POINT('',#2133);
#525=VERTEX_POINT('',#2209);
#526=VERTEX_POINT('',#2211);
#527=VERTEX_POINT('',#2287);
#528=VERTEX_POINT('',#2289);
#529=VERTEX_POINT('',#2291);
#530=VERTEX_POINT('',#2293);
#531=VERTEX_POINT('',#2295);
#532=VERTEX_POINT('',#2297);
#533=VERTEX_POINT('',#2373);
#534=VERTEX_POINT('',#2375);
#535=VERTEX_POINT('',#2451);
#536=VERTEX_POINT('',#2453);
#537=VERTEX_POINT('',#2455);
#538=VERTEX_POINT('',#2457);
#539=VERTEX_POINT('',#2459);
#540=VERTEX_POINT('',#2461);
#541=VERTEX_POINT('',#2537);
#542=VERTEX_POINT('',#2539);
#543=VERTEX_POINT('',#2615);
#544=VERTEX_POINT('',#2617);
#545=VERTEX_POINT('',#2619);
#546=VERTEX_POINT('',#2621);
#547=VERTEX_POINT('',#2623);
#548=VERTEX_POINT('',#2625);
#549=VERTEX_POINT('',#2701);
#550=VERTEX_POINT('',#2704);
#551=VERTEX_POINT('',#2708);
#552=VERTEX_POINT('',#2714);
#553=VERTEX_POINT('',#2718);
#554=VERTEX_POINT('',#2719);
#555=VERTEX_POINT('',#2726);
#556=VERTEX_POINT('',#2728);
#557=VERTEX_POINT('',#2730);
#558=VERTEX_POINT('',#2806);
#559=VERTEX_POINT('',#2808);
#560=VERTEX_POINT('',#2810);
#561=VERTEX_POINT('',#2812);
#562=VERTEX_POINT('',#2814);
#563=VERTEX_POINT('',#2816);
#564=VERTEX_POINT('',#2892);
#565=VERTEX_POINT('',#2894);
#566=VERTEX_POINT('',#2970);
#567=VERTEX_POINT('',#2972);
#568=VERTEX_POINT('',#2974);
#569=VERTEX_POINT('',#2976);
#570=VERTEX_POINT('',#2978);
#571=VERTEX_POINT('',#2980);
#572=VERTEX_POINT('',#3056);
#573=VERTEX_POINT('',#3058);
#574=VERTEX_POINT('',#3134);
#575=VERTEX_POINT('',#3136);
#576=VERTEX_POINT('',#3138);
#577=VERTEX_POINT('',#3140);
#578=VERTEX_POINT('',#3142);
#579=VERTEX_POINT('',#3144);
#580=VERTEX_POINT('',#3220);
#581=VERTEX_POINT('',#3222);
#582=VERTEX_POINT('',#3298);
#583=VERTEX_POINT('',#3300);
#584=VERTEX_POINT('',#3302);
#585=VERTEX_POINT('',#3304);
#586=VERTEX_POINT('',#3306);
#587=VERTEX_POINT('',#3308);
#588=VERTEX_POINT('',#3384);
#589=VERTEX_POINT('',#3386);
#590=VERTEX_POINT('',#3462);
#591=VERTEX_POINT('',#3464);
#592=VERTEX_POINT('',#3466);
#593=VERTEX_POINT('',#3468);
#594=VERTEX_POINT('',#3470);
#595=VERTEX_POINT('',#3472);
#596=VERTEX_POINT('',#3548);
#597=VERTEX_POINT('',#3550);
#598=VERTEX_POINT('',#3626);
#599=VERTEX_POINT('',#3628);
#600=VERTEX_POINT('',#3631);
#601=VERTEX_POINT('',#3632);
#602=VERTEX_POINT('',#3634);
#603=VERTEX_POINT('',#3636);
#604=VERTEX_POINT('',#3640);
#605=VERTEX_POINT('',#3641);
#606=VERTEX_POINT('',#3643);
#607=VERTEX_POINT('',#3645);
#608=VERTEX_POINT('',#3649);
#609=VERTEX_POINT('',#3651);
#610=VERTEX_POINT('',#3655);
#611=VERTEX_POINT('',#3657);
#612=VERTEX_POINT('',#3663);
#613=EDGE_CURVE('',#489,#490,#486,.T.);
#614=EDGE_CURVE('',#491,#489,#278,.T.);
#615=EDGE_CURVE('',#492,#491,#220,.T.);
#616=EDGE_CURVE('',#493,#492,#279,.T.);
#617=EDGE_CURVE('',#493,#494,#280,.T.);
#618=EDGE_CURVE('',#490,#494,#221,.T.);
#619=EDGE_CURVE('',#495,#496,#487,.T.);
#620=EDGE_CURVE('',#497,#495,#222,.T.);
#621=EDGE_CURVE('',#497,#498,#281,.T.);
#622=EDGE_CURVE('',#498,#499,#282,.T.);
#623=EDGE_CURVE('',#500,#499,#223,.T.);
#624=EDGE_CURVE('',#501,#500,#283,.T.);
#625=EDGE_CURVE('',#496,#501,#488,.T.);
#626=EDGE_CURVE('',#502,#491,#284,.T.);
#627=EDGE_CURVE('',#500,#502,#285,.T.);
#628=EDGE_CURVE('',#499,#503,#286,.T.);
#629=EDGE_CURVE('',#503,#504,#224,.T.);
#630=EDGE_CURVE('',#505,#504,#225,.T.);
#631=EDGE_CURVE('',#506,#505,#226,.T.);
#632=EDGE_CURVE('',#506,#507,#287,.T.);
#633=EDGE_CURVE('',#507,#508,#37,.T.);
#634=EDGE_CURVE('',#509,#508,#227,.T.);
#635=EDGE_CURVE('',#510,#509,#38,.T.);
#636=EDGE_CURVE('',#511,#510,#288,.T.);
#637=EDGE_CURVE('',#512,#511,#228,.T.);
#638=EDGE_CURVE('',#513,#512,#229,.T.);
#639=EDGE_CURVE('',#514,#513,#230,.T.);
#640=EDGE_CURVE('',#514,#515,#289,.T.);
#641=EDGE_CURVE('',#515,#516,#39,.T.);
#642=EDGE_CURVE('',#517,#516,#231,.T.);
#643=EDGE_CURVE('',#518,#517,#40,.T.);
#644=EDGE_CURVE('',#519,#518,#290,.T.);
#645=EDGE_CURVE('',#520,#519,#232,.T.);
#646=EDGE_CURVE('',#521,#520,#233,.T.);
#647=EDGE_CURVE('',#522,#521,#234,.T.);
#648=EDGE_CURVE('',#522,#523,#291,.T.);
#649=EDGE_CURVE('',#523,#524,#41,.T.);
#650=EDGE_CURVE('',#525,#524,#235,.T.);
#651=EDGE_CURVE('',#526,#525,#42,.T.);
#652=EDGE_CURVE('',#527,#526,#292,.T.);
#653=EDGE_CURVE('',#528,#527,#236,.T.);
#654=EDGE_CURVE('',#529,#528,#237,.T.);
#655=EDGE_CURVE('',#530,#529,#238,.T.);
#656=EDGE_CURVE('',#530,#531,#293,.T.);
#657=EDGE_CURVE('',#531,#532,#43,.T.);
#658=EDGE_CURVE('',#533,#532,#239,.T.);
#659=EDGE_CURVE('',#534,#533,#44,.T.);
#660=EDGE_CURVE('',#535,#534,#294,.T.);
#661=EDGE_CURVE('',#536,#535,#240,.T.);
#662=EDGE_CURVE('',#537,#536,#241,.T.);
#663=EDGE_CURVE('',#538,#537,#242,.T.);
#664=EDGE_CURVE('',#538,#539,#295,.T.);
#665=EDGE_CURVE('',#539,#540,#45,.T.);
#666=EDGE_CURVE('',#541,#540,#243,.T.);
#667=EDGE_CURVE('',#542,#541,#46,.T.);
#668=EDGE_CURVE('',#543,#542,#296,.T.);
#669=EDGE_CURVE('',#544,#543,#244,.T.);
#670=EDGE_CURVE('',#545,#544,#245,.T.);
#671=EDGE_CURVE('',#546,#545,#246,.T.);
#672=EDGE_CURVE('',#546,#547,#297,.T.);
#673=EDGE_CURVE('',#547,#548,#47,.T.);
#674=EDGE_CURVE('',#549,#548,#247,.T.);
#675=EDGE_CURVE('',#549,#492,#298,.T.);
#676=EDGE_CURVE('',#550,#550,#248,.T.);
#677=EDGE_CURVE('',#494,#497,#299,.T.);
#678=EDGE_CURVE('',#551,#495,#300,.T.);
#679=EDGE_CURVE('',#490,#551,#301,.T.);
#680=EDGE_CURVE('',#496,#551,#302,.T.);
#681=EDGE_CURVE('',#501,#552,#303,.T.);
#682=EDGE_CURVE('',#552,#489,#304,.T.);
#683=EDGE_CURVE('',#553,#554,#249,.T.);
#684=EDGE_CURVE('',#504,#553,#305,.T.);
#685=EDGE_CURVE('',#503,#554,#306,.T.);
#686=EDGE_CURVE('',#498,#554,#307,.T.);
#687=EDGE_CURVE('',#498,#493,#308,.T.);
#688=EDGE_CURVE('',#555,#493,#309,.T.);
#689=EDGE_CURVE('',#555,#556,#250,.T.);
#690=EDGE_CURVE('',#556,#557,#48,.T.);
#691=EDGE_CURVE('',#557,#558,#310,.T.);
#692=EDGE_CURVE('',#559,#558,#251,.T.);
#693=EDGE_CURVE('',#559,#560,#252,.T.);
#694=EDGE_CURVE('',#561,#560,#253,.T.);
#695=EDGE_CURVE('',#561,#562,#311,.T.);
#696=EDGE_CURVE('',#562,#563,#49,.T.);
#697=EDGE_CURVE('',#563,#564,#254,.T.);
#698=EDGE_CURVE('',#564,#565,#50,.T.);
#699=EDGE_CURVE('',#565,#566,#312,.T.);
#700=EDGE_CURVE('',#567,#566,#255,.T.);
#701=EDGE_CURVE('',#567,#568,#256,.T.);
#702=EDGE_CURVE('',#569,#568,#257,.T.);
#703=EDGE_CURVE('',#569,#570,#313,.T.);
#704=EDGE_CURVE('',#570,#571,#51,.T.);
#705=EDGE_CURVE('',#571,#572,#258,.T.);
#706=EDGE_CURVE('',#572,#573,#52,.T.);
#707=EDGE_CURVE('',#573,#574,#314,.T.);
#708=EDGE_CURVE('',#575,#574,#259,.T.);
#709=EDGE_CURVE('',#575,#576,#260,.T.);
#710=EDGE_CURVE('',#577,#576,#261,.T.);
#711=EDGE_CURVE('',#577,#578,#315,.T.);
#712=EDGE_CURVE('',#578,#579,#53,.T.);
#713=EDGE_CURVE('',#579,#580,#262,.T.);
#714=EDGE_CURVE('',#580,#581,#54,.T.);
#715=EDGE_CURVE('',#581,#582,#316,.T.);
#716=EDGE_CURVE('',#583,#582,#263,.T.);
#717=EDGE_CURVE('',#583,#584,#264,.T.);
#718=EDGE_CURVE('',#585,#584,#265,.T.);
#719=EDGE_CURVE('',#585,#586,#317,.T.);
#720=EDGE_CURVE('',#586,#587,#55,.T.);
#721=EDGE_CURVE('',#587,#588,#266,.T.);
#722=EDGE_CURVE('',#588,#589,#56,.T.);
#723=EDGE_CURVE('',#589,#590,#318,.T.);
#724=EDGE_CURVE('',#591,#590,#267,.T.);
#725=EDGE_CURVE('',#591,#592,#268,.T.);
#726=EDGE_CURVE('',#593,#592,#269,.T.);
#727=EDGE_CURVE('',#593,#594,#319,.T.);
#728=EDGE_CURVE('',#594,#595,#57,.T.);
#729=EDGE_CURVE('',#595,#596,#270,.T.);
#730=EDGE_CURVE('',#596,#597,#58,.T.);
#731=EDGE_CURVE('',#597,#598,#320,.T.);
#732=EDGE_CURVE('',#599,#598,#271,.T.);
#733=EDGE_CURVE('',#599,#553,#272,.T.);
#734=EDGE_CURVE('',#600,#601,#321,.T.);
#735=EDGE_CURVE('',#601,#602,#273,.T.);
#736=EDGE_CURVE('',#602,#603,#322,.T.);
#737=EDGE_CURVE('',#603,#600,#274,.T.);
#738=EDGE_CURVE('',#604,#605,#323,.F.);
#739=EDGE_CURVE('',#605,#606,#324,.T.);
#740=EDGE_CURVE('',#606,#607,#325,.F.);
#741=EDGE_CURVE('',#607,#604,#326,.T.);
#742=EDGE_CURVE('',#608,#605,#327,.T.);
#743=EDGE_CURVE('',#609,#608,#275,.T.);
#744=EDGE_CURVE('',#606,#609,#328,.T.);
#745=EDGE_CURVE('',#603,#610,#329,.T.);
#746=EDGE_CURVE('',#610,#611,#276,.T.);
#747=EDGE_CURVE('',#600,#611,#330,.T.);
#748=EDGE_CURVE('',#611,#607,#331,.T.);
#749=EDGE_CURVE('',#604,#610,#332,.T.);
#750=EDGE_CURVE('',#612,#612,#277,.T.);
#751=EDGE_CURVE('',#601,#609,#333,.T.);
#752=EDGE_CURVE('',#602,#608,#334,.T.);
#753=EDGE_CURVE('',#552,#502,#335,.T.);
#754=EDGE_CURVE('',#555,#549,#336,.T.);
#755=EDGE_CURVE('',#548,#556,#337,.T.);
#756=EDGE_CURVE('',#598,#506,#338,.T.);
#757=EDGE_CURVE('',#505,#599,#339,.T.);
#758=EDGE_CURVE('',#507,#597,#340,.T.);
#759=EDGE_CURVE('',#511,#593,#341,.T.);
#760=EDGE_CURVE('',#592,#512,#342,.T.);
#761=EDGE_CURVE('',#510,#594,#343,.T.);
#762=EDGE_CURVE('',#590,#514,#344,.T.);
#763=EDGE_CURVE('',#513,#591,#345,.T.);
#764=EDGE_CURVE('',#515,#589,#346,.T.);
#765=EDGE_CURVE('',#519,#585,#347,.T.);
#766=EDGE_CURVE('',#584,#520,#348,.T.);
#767=EDGE_CURVE('',#518,#586,#349,.T.);
#768=EDGE_CURVE('',#582,#522,#350,.T.);
#769=EDGE_CURVE('',#521,#583,#351,.T.);
#770=EDGE_CURVE('',#523,#581,#352,.T.);
#771=EDGE_CURVE('',#527,#577,#353,.T.);
#772=EDGE_CURVE('',#576,#528,#354,.T.);
#773=EDGE_CURVE('',#526,#578,#355,.T.);
#774=EDGE_CURVE('',#574,#530,#356,.T.);
#775=EDGE_CURVE('',#529,#575,#357,.T.);
#776=EDGE_CURVE('',#531,#573,#358,.T.);
#777=EDGE_CURVE('',#535,#569,#359,.T.);
#778=EDGE_CURVE('',#568,#536,#360,.T.);
#779=EDGE_CURVE('',#534,#570,#361,.T.);
#780=EDGE_CURVE('',#566,#538,#362,.T.);
#781=EDGE_CURVE('',#537,#567,#363,.T.);
#782=EDGE_CURVE('',#539,#565,#364,.T.);
#783=EDGE_CURVE('',#543,#561,#365,.T.);
#784=EDGE_CURVE('',#560,#544,#366,.T.);
#785=EDGE_CURVE('',#542,#562,#367,.T.);
#786=EDGE_CURVE('',#508,#596,#368,.T.);
#787=EDGE_CURVE('',#509,#595,#369,.T.);
#788=EDGE_CURVE('',#516,#588,#370,.T.);
#789=EDGE_CURVE('',#517,#587,#371,.T.);
#790=EDGE_CURVE('',#524,#580,#372,.T.);
#791=EDGE_CURVE('',#525,#579,#373,.T.);
#792=EDGE_CURVE('',#532,#572,#374,.T.);
#793=EDGE_CURVE('',#533,#571,#375,.T.);
#794=EDGE_CURVE('',#540,#564,#376,.T.);
#795=EDGE_CURVE('',#541,#563,#377,.T.);
#796=EDGE_CURVE('',#545,#559,#378,.T.);
#797=EDGE_CURVE('',#558,#546,#379,.T.);
#798=EDGE_CURVE('',#547,#557,#380,.T.);
#799=EDGE_CURVE('',#612,#550,#381,.T.);
#800=ORIENTED_EDGE('',*,*,#613,.F.);
#801=ORIENTED_EDGE('',*,*,#614,.F.);
#802=ORIENTED_EDGE('',*,*,#615,.F.);
#803=ORIENTED_EDGE('',*,*,#616,.F.);
#804=ORIENTED_EDGE('',*,*,#617,.T.);
#805=ORIENTED_EDGE('',*,*,#618,.F.);
#806=ORIENTED_EDGE('',*,*,#619,.F.);
#807=ORIENTED_EDGE('',*,*,#620,.F.);
#808=ORIENTED_EDGE('',*,*,#621,.T.);
#809=ORIENTED_EDGE('',*,*,#622,.T.);
#810=ORIENTED_EDGE('',*,*,#623,.F.);
#811=ORIENTED_EDGE('',*,*,#624,.F.);
#812=ORIENTED_EDGE('',*,*,#625,.F.);
#813=ORIENTED_EDGE('',*,*,#615,.T.);
#814=ORIENTED_EDGE('',*,*,#626,.F.);
#815=ORIENTED_EDGE('',*,*,#627,.F.);
#816=ORIENTED_EDGE('',*,*,#623,.T.);
#817=ORIENTED_EDGE('',*,*,#628,.T.);
#818=ORIENTED_EDGE('',*,*,#629,.T.);
#819=ORIENTED_EDGE('',*,*,#630,.F.);
#820=ORIENTED_EDGE('',*,*,#631,.F.);
#821=ORIENTED_EDGE('',*,*,#632,.T.);
#822=ORIENTED_EDGE('',*,*,#633,.T.);
#823=ORIENTED_EDGE('',*,*,#634,.F.);
#824=ORIENTED_EDGE('',*,*,#635,.F.);
#825=ORIENTED_EDGE('',*,*,#636,.F.);
#826=ORIENTED_EDGE('',*,*,#637,.F.);
#827=ORIENTED_EDGE('',*,*,#638,.F.);
#828=ORIENTED_EDGE('',*,*,#639,.F.);
#829=ORIENTED_EDGE('',*,*,#640,.T.);
#830=ORIENTED_EDGE('',*,*,#641,.T.);
#831=ORIENTED_EDGE('',*,*,#642,.F.);
#832=ORIENTED_EDGE('',*,*,#643,.F.);
#833=ORIENTED_EDGE('',*,*,#644,.F.);
#834=ORIENTED_EDGE('',*,*,#645,.F.);
#835=ORIENTED_EDGE('',*,*,#646,.F.);
#836=ORIENTED_EDGE('',*,*,#647,.F.);
#837=ORIENTED_EDGE('',*,*,#648,.T.);
#838=ORIENTED_EDGE('',*,*,#649,.T.);
#839=ORIENTED_EDGE('',*,*,#650,.F.);
#840=ORIENTED_EDGE('',*,*,#651,.F.);
#841=ORIENTED_EDGE('',*,*,#652,.F.);
#842=ORIENTED_EDGE('',*,*,#653,.F.);
#843=ORIENTED_EDGE('',*,*,#654,.F.);
#844=ORIENTED_EDGE('',*,*,#655,.F.);
#845=ORIENTED_EDGE('',*,*,#656,.T.);
#846=ORIENTED_EDGE('',*,*,#657,.T.);
#847=ORIENTED_EDGE('',*,*,#658,.F.);
#848=ORIENTED_EDGE('',*,*,#659,.F.);
#849=ORIENTED_EDGE('',*,*,#660,.F.);
#850=ORIENTED_EDGE('',*,*,#661,.F.);
#851=ORIENTED_EDGE('',*,*,#662,.F.);
#852=ORIENTED_EDGE('',*,*,#663,.F.);
#853=ORIENTED_EDGE('',*,*,#664,.T.);
#854=ORIENTED_EDGE('',*,*,#665,.T.);
#855=ORIENTED_EDGE('',*,*,#666,.F.);
#856=ORIENTED_EDGE('',*,*,#667,.F.);
#857=ORIENTED_EDGE('',*,*,#668,.F.);
#858=ORIENTED_EDGE('',*,*,#669,.F.);
#859=ORIENTED_EDGE('',*,*,#670,.F.);
#860=ORIENTED_EDGE('',*,*,#671,.F.);
#861=ORIENTED_EDGE('',*,*,#672,.T.);
#862=ORIENTED_EDGE('',*,*,#673,.T.);
#863=ORIENTED_EDGE('',*,*,#674,.F.);
#864=ORIENTED_EDGE('',*,*,#675,.T.);
#865=ORIENTED_EDGE('',*,*,#676,.F.);
#866=ORIENTED_EDGE('',*,*,#618,.T.);
#867=ORIENTED_EDGE('',*,*,#677,.T.);
#868=ORIENTED_EDGE('',*,*,#620,.T.);
#869=ORIENTED_EDGE('',*,*,#678,.F.);
#870=ORIENTED_EDGE('',*,*,#679,.F.);
#871=ORIENTED_EDGE('',*,*,#619,.T.);
#872=ORIENTED_EDGE('',*,*,#680,.T.);
#873=ORIENTED_EDGE('',*,*,#678,.T.);
#874=ORIENTED_EDGE('',*,*,#613,.T.);
#875=ORIENTED_EDGE('',*,*,#679,.T.);
#876=ORIENTED_EDGE('',*,*,#680,.F.);
#877=ORIENTED_EDGE('',*,*,#625,.T.);
#878=ORIENTED_EDGE('',*,*,#681,.T.);
#879=ORIENTED_EDGE('',*,*,#682,.T.);
#880=ORIENTED_EDGE('',*,*,#683,.F.);
#881=ORIENTED_EDGE('',*,*,#684,.F.);
#882=ORIENTED_EDGE('',*,*,#629,.F.);
#883=ORIENTED_EDGE('',*,*,#685,.T.);
#884=ORIENTED_EDGE('',*,*,#683,.T.);
#885=ORIENTED_EDGE('',*,*,#686,.F.);
#886=ORIENTED_EDGE('',*,*,#687,.T.);
#887=ORIENTED_EDGE('',*,*,#688,.F.);
#888=ORIENTED_EDGE('',*,*,#689,.T.);
#889=ORIENTED_EDGE('',*,*,#690,.T.);
#890=ORIENTED_EDGE('',*,*,#691,.T.);
#891=ORIENTED_EDGE('',*,*,#692,.F.);
#892=ORIENTED_EDGE('',*,*,#693,.T.);
#893=ORIENTED_EDGE('',*,*,#694,.F.);
#894=ORIENTED_EDGE('',*,*,#695,.T.);
#895=ORIENTED_EDGE('',*,*,#696,.T.);
#896=ORIENTED_EDGE('',*,*,#697,.T.);
#897=ORIENTED_EDGE('',*,*,#698,.T.);
#898=ORIENTED_EDGE('',*,*,#699,.T.);
#899=ORIENTED_EDGE('',*,*,#700,.F.);
#900=ORIENTED_EDGE('',*,*,#701,.T.);
#901=ORIENTED_EDGE('',*,*,#702,.F.);
#902=ORIENTED_EDGE('',*,*,#703,.T.);
#903=ORIENTED_EDGE('',*,*,#704,.T.);
#904=ORIENTED_EDGE('',*,*,#705,.T.);
#905=ORIENTED_EDGE('',*,*,#706,.T.);
#906=ORIENTED_EDGE('',*,*,#707,.T.);
#907=ORIENTED_EDGE('',*,*,#708,.F.);
#908=ORIENTED_EDGE('',*,*,#709,.T.);
#909=ORIENTED_EDGE('',*,*,#710,.F.);
#910=ORIENTED_EDGE('',*,*,#711,.T.);
#911=ORIENTED_EDGE('',*,*,#712,.T.);
#912=ORIENTED_EDGE('',*,*,#713,.T.);
#913=ORIENTED_EDGE('',*,*,#714,.T.);
#914=ORIENTED_EDGE('',*,*,#715,.T.);
#915=ORIENTED_EDGE('',*,*,#716,.F.);
#916=ORIENTED_EDGE('',*,*,#717,.T.);
#917=ORIENTED_EDGE('',*,*,#718,.F.);
#918=ORIENTED_EDGE('',*,*,#719,.T.);
#919=ORIENTED_EDGE('',*,*,#720,.T.);
#920=ORIENTED_EDGE('',*,*,#721,.T.);
#921=ORIENTED_EDGE('',*,*,#722,.T.);
#922=ORIENTED_EDGE('',*,*,#723,.T.);
#923=ORIENTED_EDGE('',*,*,#724,.F.);
#924=ORIENTED_EDGE('',*,*,#725,.T.);
#925=ORIENTED_EDGE('',*,*,#726,.F.);
#926=ORIENTED_EDGE('',*,*,#727,.T.);
#927=ORIENTED_EDGE('',*,*,#728,.T.);
#928=ORIENTED_EDGE('',*,*,#729,.T.);
#929=ORIENTED_EDGE('',*,*,#730,.T.);
#930=ORIENTED_EDGE('',*,*,#731,.T.);
#931=ORIENTED_EDGE('',*,*,#732,.F.);
#932=ORIENTED_EDGE('',*,*,#733,.T.);
#933=ORIENTED_EDGE('',*,*,#734,.T.);
#934=ORIENTED_EDGE('',*,*,#735,.T.);
#935=ORIENTED_EDGE('',*,*,#736,.T.);
#936=ORIENTED_EDGE('',*,*,#737,.T.);
#937=ORIENTED_EDGE('',*,*,#738,.T.);
#938=ORIENTED_EDGE('',*,*,#739,.T.);
#939=ORIENTED_EDGE('',*,*,#740,.T.);
#940=ORIENTED_EDGE('',*,*,#741,.T.);
#941=ORIENTED_EDGE('',*,*,#739,.F.);
#942=ORIENTED_EDGE('',*,*,#742,.F.);
#943=ORIENTED_EDGE('',*,*,#743,.F.);
#944=ORIENTED_EDGE('',*,*,#744,.F.);
#945=ORIENTED_EDGE('',*,*,#737,.F.);
#946=ORIENTED_EDGE('',*,*,#745,.T.);
#947=ORIENTED_EDGE('',*,*,#746,.T.);
#948=ORIENTED_EDGE('',*,*,#747,.F.);
#949=ORIENTED_EDGE('',*,*,#741,.F.);
#950=ORIENTED_EDGE('',*,*,#748,.F.);
#951=ORIENTED_EDGE('',*,*,#746,.F.);
#952=ORIENTED_EDGE('',*,*,#749,.F.);
#953=ORIENTED_EDGE('',*,*,#750,.F.);
#954=ORIENTED_EDGE('',*,*,#734,.F.);
#955=ORIENTED_EDGE('',*,*,#747,.T.);
#956=ORIENTED_EDGE('',*,*,#748,.T.);
#957=ORIENTED_EDGE('',*,*,#740,.F.);
#958=ORIENTED_EDGE('',*,*,#744,.T.);
#959=ORIENTED_EDGE('',*,*,#751,.F.);
#960=ORIENTED_EDGE('',*,*,#736,.F.);
#961=ORIENTED_EDGE('',*,*,#752,.T.);
#962=ORIENTED_EDGE('',*,*,#742,.T.);
#963=ORIENTED_EDGE('',*,*,#738,.F.);
#964=ORIENTED_EDGE('',*,*,#749,.T.);
#965=ORIENTED_EDGE('',*,*,#745,.F.);
#966=ORIENTED_EDGE('',*,*,#735,.F.);
#967=ORIENTED_EDGE('',*,*,#751,.T.);
#968=ORIENTED_EDGE('',*,*,#743,.T.);
#969=ORIENTED_EDGE('',*,*,#752,.F.);
#970=ORIENTED_EDGE('',*,*,#622,.F.);
#971=ORIENTED_EDGE('',*,*,#686,.T.);
#972=ORIENTED_EDGE('',*,*,#685,.F.);
#973=ORIENTED_EDGE('',*,*,#628,.F.);
#974=ORIENTED_EDGE('',*,*,#624,.T.);
#975=ORIENTED_EDGE('',*,*,#627,.T.);
#976=ORIENTED_EDGE('',*,*,#753,.F.);
#977=ORIENTED_EDGE('',*,*,#681,.F.);
#978=ORIENTED_EDGE('',*,*,#614,.T.);
#979=ORIENTED_EDGE('',*,*,#682,.F.);
#980=ORIENTED_EDGE('',*,*,#753,.T.);
#981=ORIENTED_EDGE('',*,*,#626,.T.);
#982=ORIENTED_EDGE('',*,*,#687,.F.);
#983=ORIENTED_EDGE('',*,*,#621,.F.);
#984=ORIENTED_EDGE('',*,*,#677,.F.);
#985=ORIENTED_EDGE('',*,*,#617,.F.);
#986=ORIENTED_EDGE('',*,*,#616,.T.);
#987=ORIENTED_EDGE('',*,*,#675,.F.);
#988=ORIENTED_EDGE('',*,*,#754,.F.);
#989=ORIENTED_EDGE('',*,*,#688,.T.);
#990=ORIENTED_EDGE('',*,*,#754,.T.);
#991=ORIENTED_EDGE('',*,*,#674,.T.);
#992=ORIENTED_EDGE('',*,*,#755,.T.);
#993=ORIENTED_EDGE('',*,*,#689,.F.);
#994=ORIENTED_EDGE('',*,*,#732,.T.);
#995=ORIENTED_EDGE('',*,*,#756,.T.);
#996=ORIENTED_EDGE('',*,*,#631,.T.);
#997=ORIENTED_EDGE('',*,*,#757,.T.);
#998=ORIENTED_EDGE('',*,*,#756,.F.);
#999=ORIENTED_EDGE('',*,*,#731,.F.);
#1000=ORIENTED_EDGE('',*,*,#758,.F.);
#1001=ORIENTED_EDGE('',*,*,#632,.F.);
#1002=ORIENTED_EDGE('',*,*,#637,.T.);
#1003=ORIENTED_EDGE('',*,*,#759,.T.);
#1004=ORIENTED_EDGE('',*,*,#726,.T.);
#1005=ORIENTED_EDGE('',*,*,#760,.T.);
#1006=ORIENTED_EDGE('',*,*,#759,.F.);
#1007=ORIENTED_EDGE('',*,*,#636,.T.);
#1008=ORIENTED_EDGE('',*,*,#761,.T.);
#1009=ORIENTED_EDGE('',*,*,#727,.F.);
#1010=ORIENTED_EDGE('',*,*,#724,.T.);
#1011=ORIENTED_EDGE('',*,*,#762,.T.);
#1012=ORIENTED_EDGE('',*,*,#639,.T.);
#1013=ORIENTED_EDGE('',*,*,#763,.T.);
#1014=ORIENTED_EDGE('',*,*,#762,.F.);
#1015=ORIENTED_EDGE('',*,*,#723,.F.);
#1016=ORIENTED_EDGE('',*,*,#764,.F.);
#1017=ORIENTED_EDGE('',*,*,#640,.F.);
#1018=ORIENTED_EDGE('',*,*,#645,.T.);
#1019=ORIENTED_EDGE('',*,*,#765,.T.);
#1020=ORIENTED_EDGE('',*,*,#718,.T.);
#1021=ORIENTED_EDGE('',*,*,#766,.T.);
#1022=ORIENTED_EDGE('',*,*,#765,.F.);
#1023=ORIENTED_EDGE('',*,*,#644,.T.);
#1024=ORIENTED_EDGE('',*,*,#767,.T.);
#1025=ORIENTED_EDGE('',*,*,#719,.F.);
#1026=ORIENTED_EDGE('',*,*,#716,.T.);
#1027=ORIENTED_EDGE('',*,*,#768,.T.);
#1028=ORIENTED_EDGE('',*,*,#647,.T.);
#1029=ORIENTED_EDGE('',*,*,#769,.T.);
#1030=ORIENTED_EDGE('',*,*,#768,.F.);
#1031=ORIENTED_EDGE('',*,*,#715,.F.);
#1032=ORIENTED_EDGE('',*,*,#770,.F.);
#1033=ORIENTED_EDGE('',*,*,#648,.F.);
#1034=ORIENTED_EDGE('',*,*,#653,.T.);
#1035=ORIENTED_EDGE('',*,*,#771,.T.);
#1036=ORIENTED_EDGE('',*,*,#710,.T.);
#1037=ORIENTED_EDGE('',*,*,#772,.T.);
#1038=ORIENTED_EDGE('',*,*,#771,.F.);
#1039=ORIENTED_EDGE('',*,*,#652,.T.);
#1040=ORIENTED_EDGE('',*,*,#773,.T.);
#1041=ORIENTED_EDGE('',*,*,#711,.F.);
#1042=ORIENTED_EDGE('',*,*,#708,.T.);
#1043=ORIENTED_EDGE('',*,*,#774,.T.);
#1044=ORIENTED_EDGE('',*,*,#655,.T.);
#1045=ORIENTED_EDGE('',*,*,#775,.T.);
#1046=ORIENTED_EDGE('',*,*,#774,.F.);
#1047=ORIENTED_EDGE('',*,*,#707,.F.);
#1048=ORIENTED_EDGE('',*,*,#776,.F.);
#1049=ORIENTED_EDGE('',*,*,#656,.F.);
#1050=ORIENTED_EDGE('',*,*,#661,.T.);
#1051=ORIENTED_EDGE('',*,*,#777,.T.);
#1052=ORIENTED_EDGE('',*,*,#702,.T.);
#1053=ORIENTED_EDGE('',*,*,#778,.T.);
#1054=ORIENTED_EDGE('',*,*,#777,.F.);
#1055=ORIENTED_EDGE('',*,*,#660,.T.);
#1056=ORIENTED_EDGE('',*,*,#779,.T.);
#1057=ORIENTED_EDGE('',*,*,#703,.F.);
#1058=ORIENTED_EDGE('',*,*,#700,.T.);
#1059=ORIENTED_EDGE('',*,*,#780,.T.);
#1060=ORIENTED_EDGE('',*,*,#663,.T.);
#1061=ORIENTED_EDGE('',*,*,#781,.T.);
#1062=ORIENTED_EDGE('',*,*,#780,.F.);
#1063=ORIENTED_EDGE('',*,*,#699,.F.);
#1064=ORIENTED_EDGE('',*,*,#782,.F.);
#1065=ORIENTED_EDGE('',*,*,#664,.F.);
#1066=ORIENTED_EDGE('',*,*,#669,.T.);
#1067=ORIENTED_EDGE('',*,*,#783,.T.);
#1068=ORIENTED_EDGE('',*,*,#694,.T.);
#1069=ORIENTED_EDGE('',*,*,#784,.T.);
#1070=ORIENTED_EDGE('',*,*,#783,.F.);
#1071=ORIENTED_EDGE('',*,*,#668,.T.);
#1072=ORIENTED_EDGE('',*,*,#785,.T.);
#1073=ORIENTED_EDGE('',*,*,#695,.F.);
#1074=ORIENTED_EDGE('',*,*,#633,.F.);
#1075=ORIENTED_EDGE('',*,*,#758,.T.);
#1076=ORIENTED_EDGE('',*,*,#730,.F.);
#1077=ORIENTED_EDGE('',*,*,#786,.F.);
#1078=ORIENTED_EDGE('',*,*,#634,.T.);
#1079=ORIENTED_EDGE('',*,*,#786,.T.);
#1080=ORIENTED_EDGE('',*,*,#729,.F.);
#1081=ORIENTED_EDGE('',*,*,#787,.F.);
#1082=ORIENTED_EDGE('',*,*,#635,.T.);
#1083=ORIENTED_EDGE('',*,*,#787,.T.);
#1084=ORIENTED_EDGE('',*,*,#728,.F.);
#1085=ORIENTED_EDGE('',*,*,#761,.F.);
#1086=ORIENTED_EDGE('',*,*,#641,.F.);
#1087=ORIENTED_EDGE('',*,*,#764,.T.);
#1088=ORIENTED_EDGE('',*,*,#722,.F.);
#1089=ORIENTED_EDGE('',*,*,#788,.F.);
#1090=ORIENTED_EDGE('',*,*,#642,.T.);
#1091=ORIENTED_EDGE('',*,*,#788,.T.);
#1092=ORIENTED_EDGE('',*,*,#721,.F.);
#1093=ORIENTED_EDGE('',*,*,#789,.F.);
#1094=ORIENTED_EDGE('',*,*,#643,.T.);
#1095=ORIENTED_EDGE('',*,*,#789,.T.);
#1096=ORIENTED_EDGE('',*,*,#720,.F.);
#1097=ORIENTED_EDGE('',*,*,#767,.F.);
#1098=ORIENTED_EDGE('',*,*,#649,.F.);
#1099=ORIENTED_EDGE('',*,*,#770,.T.);
#1100=ORIENTED_EDGE('',*,*,#714,.F.);
#1101=ORIENTED_EDGE('',*,*,#790,.F.);
#1102=ORIENTED_EDGE('',*,*,#650,.T.);
#1103=ORIENTED_EDGE('',*,*,#790,.T.);
#1104=ORIENTED_EDGE('',*,*,#713,.F.);
#1105=ORIENTED_EDGE('',*,*,#791,.F.);
#1106=ORIENTED_EDGE('',*,*,#651,.T.);
#1107=ORIENTED_EDGE('',*,*,#791,.T.);
#1108=ORIENTED_EDGE('',*,*,#712,.F.);
#1109=ORIENTED_EDGE('',*,*,#773,.F.);
#1110=ORIENTED_EDGE('',*,*,#657,.F.);
#1111=ORIENTED_EDGE('',*,*,#776,.T.);
#1112=ORIENTED_EDGE('',*,*,#706,.F.);
#1113=ORIENTED_EDGE('',*,*,#792,.F.);
#1114=ORIENTED_EDGE('',*,*,#658,.T.);
#1115=ORIENTED_EDGE('',*,*,#792,.T.);
#1116=ORIENTED_EDGE('',*,*,#705,.F.);
#1117=ORIENTED_EDGE('',*,*,#793,.F.);
#1118=ORIENTED_EDGE('',*,*,#659,.T.);
#1119=ORIENTED_EDGE('',*,*,#793,.T.);
#1120=ORIENTED_EDGE('',*,*,#704,.F.);
#1121=ORIENTED_EDGE('',*,*,#779,.F.);
#1122=ORIENTED_EDGE('',*,*,#665,.F.);
#1123=ORIENTED_EDGE('',*,*,#782,.T.);
#1124=ORIENTED_EDGE('',*,*,#698,.F.);
#1125=ORIENTED_EDGE('',*,*,#794,.F.);
#1126=ORIENTED_EDGE('',*,*,#666,.T.);
#1127=ORIENTED_EDGE('',*,*,#794,.T.);
#1128=ORIENTED_EDGE('',*,*,#697,.F.);
#1129=ORIENTED_EDGE('',*,*,#795,.F.);
#1130=ORIENTED_EDGE('',*,*,#667,.T.);
#1131=ORIENTED_EDGE('',*,*,#795,.T.);
#1132=ORIENTED_EDGE('',*,*,#696,.F.);
#1133=ORIENTED_EDGE('',*,*,#785,.F.);
#1134=ORIENTED_EDGE('',*,*,#784,.F.);
#1135=ORIENTED_EDGE('',*,*,#693,.F.);
#1136=ORIENTED_EDGE('',*,*,#796,.F.);
#1137=ORIENTED_EDGE('',*,*,#670,.T.);
#1138=ORIENTED_EDGE('',*,*,#778,.F.);
#1139=ORIENTED_EDGE('',*,*,#701,.F.);
#1140=ORIENTED_EDGE('',*,*,#781,.F.);
#1141=ORIENTED_EDGE('',*,*,#662,.T.);
#1142=ORIENTED_EDGE('',*,*,#772,.F.);
#1143=ORIENTED_EDGE('',*,*,#709,.F.);
#1144=ORIENTED_EDGE('',*,*,#775,.F.);
#1145=ORIENTED_EDGE('',*,*,#654,.T.);
#1146=ORIENTED_EDGE('',*,*,#766,.F.);
#1147=ORIENTED_EDGE('',*,*,#717,.F.);
#1148=ORIENTED_EDGE('',*,*,#769,.F.);
#1149=ORIENTED_EDGE('',*,*,#646,.T.);
#1150=ORIENTED_EDGE('',*,*,#760,.F.);
#1151=ORIENTED_EDGE('',*,*,#725,.F.);
#1152=ORIENTED_EDGE('',*,*,#763,.F.);
#1153=ORIENTED_EDGE('',*,*,#638,.T.);
#1154=ORIENTED_EDGE('',*,*,#692,.T.);
#1155=ORIENTED_EDGE('',*,*,#797,.T.);
#1156=ORIENTED_EDGE('',*,*,#671,.T.);
#1157=ORIENTED_EDGE('',*,*,#796,.T.);
#1158=ORIENTED_EDGE('',*,*,#797,.F.);
#1159=ORIENTED_EDGE('',*,*,#691,.F.);
#1160=ORIENTED_EDGE('',*,*,#798,.F.);
#1161=ORIENTED_EDGE('',*,*,#672,.F.);
#1162=ORIENTED_EDGE('',*,*,#673,.F.);
#1163=ORIENTED_EDGE('',*,*,#798,.T.);
#1164=ORIENTED_EDGE('',*,*,#690,.F.);
#1165=ORIENTED_EDGE('',*,*,#755,.F.);
#1166=ORIENTED_EDGE('',*,*,#750,.T.);
#1167=ORIENTED_EDGE('',*,*,#799,.T.);
#1168=ORIENTED_EDGE('',*,*,#676,.T.);
#1169=ORIENTED_EDGE('',*,*,#799,.F.);
#1170=ORIENTED_EDGE('',*,*,#684,.T.);
#1171=ORIENTED_EDGE('',*,*,#733,.F.);
#1172=ORIENTED_EDGE('',*,*,#757,.F.);
#1173=ORIENTED_EDGE('',*,*,#630,.T.);
#1174=CYLINDRICAL_SURFACE('',#1296,46.);
#1175=CYLINDRICAL_SURFACE('',#1300,53.9999999580926);
#1176=CYLINDRICAL_SURFACE('',#1334,26.5100618576468);
#1177=CYLINDRICAL_SURFACE('',#1365,3.70000000000175);
#1178=CYLINDRICAL_SURFACE('',#1371,2.4);
#1179=CYLINDRICAL_SURFACE('',#1377,17.4999999999998);
#1180=CYLINDRICAL_SURFACE('',#1378,1.);
#1181=CYLINDRICAL_SURFACE('',#1380,1.);
#1182=CYLINDRICAL_SURFACE('',#1382,1.);
#1183=CYLINDRICAL_SURFACE('',#1384,1.);
#1184=CYLINDRICAL_SURFACE('',#1386,1.);
#1185=CYLINDRICAL_SURFACE('',#1388,1.);
#1186=CYLINDRICAL_SURFACE('',#1390,1.);
#1187=CYLINDRICAL_SURFACE('',#1392,1.);
#1188=CYLINDRICAL_SURFACE('',#1394,1.);
#1189=CYLINDRICAL_SURFACE('',#1396,1.);
#1190=CYLINDRICAL_SURFACE('',#1398,17.4999999999998);
#1191=CYLINDRICAL_SURFACE('',#1399,17.4999999999998);
#1192=CYLINDRICAL_SURFACE('',#1400,17.4999999999998);
#1193=CYLINDRICAL_SURFACE('',#1401,17.4999999999998);
#1194=CYLINDRICAL_SURFACE('',#1402,17.4999999999998);
#1195=CYLINDRICAL_SURFACE('',#1403,11.9492);
#1196=CYLINDRICAL_SURFACE('',#1404,11.9492);
#1197=CYLINDRICAL_SURFACE('',#1405,11.9492);
#1198=CYLINDRICAL_SURFACE('',#1406,11.9492);
#1199=CYLINDRICAL_SURFACE('',#1407,11.9492);
#1200=CYLINDRICAL_SURFACE('',#1408,1.);
#1201=CYLINDRICAL_SURFACE('',#1410,2.5);
#1202=CYLINDRICAL_SURFACE('',#1411,11.9492);
#1203=ADVANCED_FACE('',(#85),#1174,.F.);
#1204=ADVANCED_FACE('',(#86),#1175,.T.);
#1205=ADVANCED_FACE('',(#87,#34),#59,.F.);
#1206=ADVANCED_FACE('',(#88),#60,.T.);
#1207=ADVANCED_FACE('',(#89),#61,.T.);
#1208=ADVANCED_FACE('',(#90),#62,.T.);
#1209=ADVANCED_FACE('',(#91),#1176,.T.);
#1210=ADVANCED_FACE('',(#92,#35),#63,.T.);
#1211=ADVANCED_FACE('',(#93),#64,.T.);
#1212=ADVANCED_FACE('',(#94),#65,.T.);
#1213=ADVANCED_FACE('',(#95),#1177,.F.);
#1214=ADVANCED_FACE('',(#96,#36),#66,.T.);
#1215=ADVANCED_FACE('',(#97),#67,.F.);
#1216=ADVANCED_FACE('',(#98),#68,.F.);
#1217=ADVANCED_FACE('',(#99),#1178,.F.);
#1218=ADVANCED_FACE('',(#100),#69,.T.);
#1219=ADVANCED_FACE('',(#101),#70,.T.);
#1220=ADVANCED_FACE('',(#102),#71,.T.);
#1221=ADVANCED_FACE('',(#103),#72,.F.);
#1222=ADVANCED_FACE('',(#104),#73,.T.);
#1223=ADVANCED_FACE('',(#105),#1179,.T.);
#1224=ADVANCED_FACE('',(#106),#1180,.F.);
#1225=ADVANCED_FACE('',(#107),#74,.T.);
#1226=ADVANCED_FACE('',(#108),#1181,.F.);
#1227=ADVANCED_FACE('',(#109),#75,.T.);
#1228=ADVANCED_FACE('',(#110),#1182,.F.);
#1229=ADVANCED_FACE('',(#111),#76,.T.);
#1230=ADVANCED_FACE('',(#112),#1183,.F.);
#1231=ADVANCED_FACE('',(#113),#77,.T.);
#1232=ADVANCED_FACE('',(#114),#1184,.F.);
#1233=ADVANCED_FACE('',(#115),#78,.T.);
#1234=ADVANCED_FACE('',(#116),#1185,.F.);
#1235=ADVANCED_FACE('',(#117),#79,.T.);
#1236=ADVANCED_FACE('',(#118),#1186,.F.);
#1237=ADVANCED_FACE('',(#119),#80,.T.);
#1238=ADVANCED_FACE('',(#120),#1187,.F.);
#1239=ADVANCED_FACE('',(#121),#81,.T.);
#1240=ADVANCED_FACE('',(#122),#1188,.F.);
#1241=ADVANCED_FACE('',(#123),#82,.T.);
#1242=ADVANCED_FACE('',(#124),#1189,.F.);
#1243=ADVANCED_FACE('',(#125),#83,.T.);
#1244=ADVANCED_FACE('',(#126),#23,.T.);
#1245=ADVANCED_FACE('',(#127),#1190,.T.);
#1246=ADVANCED_FACE('',(#128),#24,.T.);
#1247=ADVANCED_FACE('',(#129),#25,.T.);
#1248=ADVANCED_FACE('',(#130),#1191,.T.);
#1249=ADVANCED_FACE('',(#131),#26,.T.);
#1250=ADVANCED_FACE('',(#132),#27,.T.);
#1251=ADVANCED_FACE('',(#133),#1192,.T.);
#1252=ADVANCED_FACE('',(#134),#28,.T.);
#1253=ADVANCED_FACE('',(#135),#29,.T.);
#1254=ADVANCED_FACE('',(#136),#1193,.T.);
#1255=ADVANCED_FACE('',(#137),#30,.T.);
#1256=ADVANCED_FACE('',(#138),#31,.T.);
#1257=ADVANCED_FACE('',(#139),#1194,.T.);
#1258=ADVANCED_FACE('',(#140),#32,.T.);
#1259=ADVANCED_FACE('',(#141),#1195,.T.);
#1260=ADVANCED_FACE('',(#142),#1196,.T.);
#1261=ADVANCED_FACE('',(#143),#1197,.T.);
#1262=ADVANCED_FACE('',(#144),#1198,.T.);
#1263=ADVANCED_FACE('',(#145),#1199,.T.);
#1264=ADVANCED_FACE('',(#146),#1200,.F.);
#1265=ADVANCED_FACE('',(#147),#84,.T.);
#1266=ADVANCED_FACE('',(#148),#33,.T.);
#1267=ADVANCED_FACE('',(#149),#1201,.F.);
#1268=ADVANCED_FACE('',(#150),#1202,.T.);
#1269=CLOSED_SHELL('',(#1203,#1204,#1205,#1206,#1207,#1208,#1209,#1210,
#1211,#1212,#1213,#1214,#1215,#1216,#1217,#1218,#1219,#1220,#1221,#1222,
#1223,#1224,#1225,#1226,#1227,#1228,#1229,#1230,#1231,#1232,#1233,#1234,
#1235,#1236,#1237,#1238,#1239,#1240,#1241,#1242,#1243,#1244,#1245,#1246,
#1247,#1248,#1249,#1250,#1251,#1252,#1253,#1254,#1255,#1256,#1257,#1258,
#1259,#1260,#1261,#1262,#1263,#1264,#1265,#1266,#1267,#1268));
#1270=DERIVED_UNIT_ELEMENT(#1274,1.);
#1271=DERIVED_UNIT_ELEMENT(#5418,-3.);
#1272=DERIVED_UNIT_ELEMENT(#1274,1.);
#1273=DERIVED_UNIT_ELEMENT(#5418,-3.);
#1274=(
MASS_UNIT()
NAMED_UNIT(*)
SI_UNIT(.KILO.,.GRAM.)
);
#1275=DERIVED_UNIT((#1270,#1271));
#1276=DERIVED_UNIT((#1272,#1273));
#1277=MEASURE_REPRESENTATION_ITEM('density measure',
POSITIVE_RATIO_MEASURE(7850.),#1275);
#1278=MEASURE_REPRESENTATION_ITEM('density measure',
POSITIVE_RATIO_MEASURE(7850.),#1276);
#1279=PROPERTY_DEFINITION_REPRESENTATION(#1289,#1283);
#1280=PROPERTY_DEFINITION_REPRESENTATION(#1290,#1284);
#1281=PROPERTY_DEFINITION_REPRESENTATION(#1291,#1285);
#1282=PROPERTY_DEFINITION_REPRESENTATION(#1292,#1286);
#1283=REPRESENTATION('material name',(#1287),#5414);
#1284=REPRESENTATION('density',(#1277),#5414);
#1285=REPRESENTATION('material name',(#1288),#5415);
#1286=REPRESENTATION('density',(#1278),#5415);
#1287=DESCRIPTIVE_REPRESENTATION_ITEM('\X2\AC15CCA0\X0\','\X2\AC15CCA0\X0\');
#1288=DESCRIPTIVE_REPRESENTATION_ITEM('\X2\AC15CCA0\X0\','\X2\AC15CCA0\X0\');
#1289=PROPERTY_DEFINITION('material property','material name',#5434);
#1290=PROPERTY_DEFINITION('material property','density of part',#5434);
#1291=PROPERTY_DEFINITION('material property','material name',#5435);
#1292=PROPERTY_DEFINITION('material property','density of part',#5435);
#1293=AXIS2_PLACEMENT_3D('',#1760,#1414,#1415);
#1294=AXIS2_PLACEMENT_3D('',#1761,#1416,#1417);
#1295=AXIS2_PLACEMENT_3D('',#1762,#1418,#1419);
#1296=AXIS2_PLACEMENT_3D('',#1763,#1420,#1421);
#1297=AXIS2_PLACEMENT_3D('',#1766,#1422,#1423);
#1298=AXIS2_PLACEMENT_3D('',#1770,#1425,#1426);
#1299=AXIS2_PLACEMENT_3D('',#1775,#1429,#1430);
#1300=AXIS2_PLACEMENT_3D('',#1776,#1431,#1432);
#1301=AXIS2_PLACEMENT_3D('',#1779,#1433,#1434);
#1302=AXIS2_PLACEMENT_3D('',#1781,#1435,#1436);
#1303=AXIS2_PLACEMENT_3D('',#1787,#1439,#1440);
#1304=AXIS2_PLACEMENT_3D('',#1790,#1442,#1443);
#1305=AXIS2_PLACEMENT_3D('',#1791,#1444,#1445);
#1306=AXIS2_PLACEMENT_3D('',#1798,#1449,#1450);
#1307=AXIS2_PLACEMENT_3D('',#1800,#1451,#1452);
#1308=AXIS2_PLACEMENT_3D('',#1802,#1453,#1454);
#1309=AXIS2_PLACEMENT_3D('',#1882,#1456,#1457);
#1310=AXIS2_PLACEMENT_3D('',#1962,#1459,#1460);
#1311=AXIS2_PLACEMENT_3D('',#1964,#1461,#1462);
#1312=AXIS2_PLACEMENT_3D('',#1966,#1463,#1464);
#1313=AXIS2_PLACEMENT_3D('',#2046,#1466,#1467);
#1314=AXIS2_PLACEMENT_3D('',#2126,#1469,#1470);
#1315=AXIS2_PLACEMENT_3D('',#2128,#1471,#1472);
#1316=AXIS2_PLACEMENT_3D('',#2130,#1473,#1474);
#1317=AXIS2_PLACEMENT_3D('',#2210,#1476,#1477);
#1318=AXIS2_PLACEMENT_3D('',#2290,#1479,#1480);
#1319=AXIS2_PLACEMENT_3D('',#2292,#1481,#1482);
#1320=AXIS2_PLACEMENT_3D('',#2294,#1483,#1484);
#1321=AXIS2_PLACEMENT_3D('',#2374,#1486,#1487);
#1322=AXIS2_PLACEMENT_3D('',#2454,#1489,#1490);
#1323=AXIS2_PLACEMENT_3D('',#2456,#1491,#1492);
#1324=AXIS2_PLACEMENT_3D('',#2458,#1493,#1494);
#1325=AXIS2_PLACEMENT_3D('',#2538,#1496,#1497);
#1326=AXIS2_PLACEMENT_3D('',#2618,#1499,#1500);
#1327=AXIS2_PLACEMENT_3D('',#2620,#1501,#1502);
#1328=AXIS2_PLACEMENT_3D('',#2622,#1503,#1504);
#1329=AXIS2_PLACEMENT_3D('',#2702,#1506,#1507);
#1330=AXIS2_PLACEMENT_3D('',#2705,#1509,#1510);
#1331=AXIS2_PLACEMENT_3D('',#2706,#1511,#1512);
#1332=AXIS2_PLACEMENT_3D('',#2711,#1516,#1517);
#1333=AXIS2_PLACEMENT_3D('',#2713,#1519,#1520);
#1334=AXIS2_PLACEMENT_3D('',#2717,#1523,#1524);
#1335=AXIS2_PLACEMENT_3D('',#2720,#1525,#1526);
#1336=AXIS2_PLACEMENT_3D('',#2723,#1529,#1530);
#1337=AXIS2_PLACEMENT_3D('',#2729,#1534,#1535);
#1338=AXIS2_PLACEMENT_3D('',#2809,#1537,#1538);
#1339=AXIS2_PLACEMENT_3D('',#2811,#1539,#1540);
#1340=AXIS2_PLACEMENT_3D('',#2813,#1541,#1542);
#1341=AXIS2_PLACEMENT_3D('',#2893,#1544,#1545);
#1342=AXIS2_PLACEMENT_3D('',#2973,#1547,#1548);
#1343=AXIS2_PLACEMENT_3D('',#2975,#1549,#1550);
#1344=AXIS2_PLACEMENT_3D('',#2977,#1551,#1552);
#1345=AXIS2_PLACEMENT_3D('',#3057,#1554,#1555);
#1346=AXIS2_PLACEMENT_3D('',#3137,#1557,#1558);
#1347=AXIS2_PLACEMENT_3D('',#3139,#1559,#1560);
#1348=AXIS2_PLACEMENT_3D('',#3141,#1561,#1562);
#1349=AXIS2_PLACEMENT_3D('',#3221,#1564,#1565);
#1350=AXIS2_PLACEMENT_3D('',#3301,#1567,#1568);
#1351=AXIS2_PLACEMENT_3D('',#3303,#1569,#1570);
#1352=AXIS2_PLACEMENT_3D('',#3305,#1571,#1572);
#1353=AXIS2_PLACEMENT_3D('',#3385,#1574,#1575);
#1354=AXIS2_PLACEMENT_3D('',#3465,#1577,#1578);
#1355=AXIS2_PLACEMENT_3D('',#3467,#1579,#1580);
#1356=AXIS2_PLACEMENT_3D('',#3469,#1581,#1582);
#1357=AXIS2_PLACEMENT_3D('',#3549,#1584,#1585);
#1358=AXIS2_PLACEMENT_3D('',#3629,#1587,#1588);
#1359=AXIS2_PLACEMENT_3D('',#3630,#1589,#1590);
#1360=AXIS2_PLACEMENT_3D('',#3635,#1592,#1593);
#1361=AXIS2_PLACEMENT_3D('',#3638,#1595,#1596);
#1362=AXIS2_PLACEMENT_3D('',#3639,#1597,#1598);
#1363=AXIS2_PLACEMENT_3D('',#3648,#1603,#1604);
#1364=AXIS2_PLACEMENT_3D('',#3652,#1606,#1607);
#1365=AXIS2_PLACEMENT_3D('',#3654,#1609,#1610);
#1366=AXIS2_PLACEMENT_3D('',#3658,#1612,#1613);
#1367=AXIS2_PLACEMENT_3D('',#3660,#1615,#1616);
#1368=AXIS2_PLACEMENT_3D('',#3664,#1619,#1620);
#1369=AXIS2_PLACEMENT_3D('',#3665,#1621,#1622);
#1370=AXIS2_PLACEMENT_3D('',#3667,#1624,#1625);
#1371=AXIS2_PLACEMENT_3D('',#3669,#1627,#1628);
#1372=AXIS2_PLACEMENT_3D('',#3670,#1629,#1630);
#1373=AXIS2_PLACEMENT_3D('',#3671,#1631,#1632);
#1374=AXIS2_PLACEMENT_3D('',#3673,#1634,#1635);
#1375=AXIS2_PLACEMENT_3D('',#3674,#1636,#1637);
#1376=AXIS2_PLACEMENT_3D('',#3675,#1638,#1639);
#1377=AXIS2_PLACEMENT_3D('',#3677,#1641,#1642);
#1378=AXIS2_PLACEMENT_3D('',#3679,#1644,#1645);
#1379=AXIS2_PLACEMENT_3D('',#3682,#1648,#1649);
#1380=AXIS2_PLACEMENT_3D('',#3684,#1651,#1652);
#1381=AXIS2_PLACEMENT_3D('',#3687,#1655,#1656);
#1382=AXIS2_PLACEMENT_3D('',#3689,#1658,#1659);
#1383=AXIS2_PLACEMENT_3D('',#3692,#1662,#1663);
#1384=AXIS2_PLACEMENT_3D('',#3694,#1665,#1666);
#1385=AXIS2_PLACEMENT_3D('',#3697,#1669,#1670);
#1386=AXIS2_PLACEMENT_3D('',#3699,#1672,#1673);
#1387=AXIS2_PLACEMENT_3D('',#3702,#1676,#1677);
#1388=AXIS2_PLACEMENT_3D('',#3704,#1679,#1680);
#1389=AXIS2_PLACEMENT_3D('',#3707,#1683,#1684);
#1390=AXIS2_PLACEMENT_3D('',#3709,#1686,#1687);
#1391=AXIS2_PLACEMENT_3D('',#3712,#1690,#1691);
#1392=AXIS2_PLACEMENT_3D('',#3714,#1693,#1694);
#1393=AXIS2_PLACEMENT_3D('',#3717,#1697,#1698);
#1394=AXIS2_PLACEMENT_3D('',#3719,#1700,#1701);
#1395=AXIS2_PLACEMENT_3D('',#3722,#1704,#1705);
#1396=AXIS2_PLACEMENT_3D('',#3724,#1707,#1708);
#1397=AXIS2_PLACEMENT_3D('',#3727,#1711,#1712);
#1398=AXIS2_PLACEMENT_3D('',#3880,#1715,#1716);
#1399=AXIS2_PLACEMENT_3D('',#4183,#1719,#1720);
#1400=AXIS2_PLACEMENT_3D('',#4486,#1723,#1724);
#1401=AXIS2_PLACEMENT_3D('',#4789,#1727,#1728);
#1402=AXIS2_PLACEMENT_3D('',#5092,#1731,#1732);
#1403=AXIS2_PLACEMENT_3D('',#5244,#1734,#1735);
#1404=AXIS2_PLACEMENT_3D('',#5246,#1737,#1738);
#1405=AXIS2_PLACEMENT_3D('',#5247,#1739,#1740);
#1406=AXIS2_PLACEMENT_3D('',#5248,#1741,#1742);
#1407=AXIS2_PLACEMENT_3D('',#5249,#1743,#1744);
#1408=AXIS2_PLACEMENT_3D('',#5250,#1745,#1746);
#1409=AXIS2_PLACEMENT_3D('',#5252,#1748,#1749);
#1410=AXIS2_PLACEMENT_3D('',#5404,#1751,#1752);
#1411=AXIS2_PLACEMENT_3D('',#5406,#1754,#1755);
#1412=AXIS2_PLACEMENT_3D('',#5407,#1756,#1757);
#1413=AXIS2_PLACEMENT_3D('',#5408,#1758,#1759);
#1414=DIRECTION('axis',(0.,0.,1.));
#1415=DIRECTION('refdir',(1.,0.,0.));
#1416=DIRECTION('axis',(0.,0.,1.));
#1417=DIRECTION('refdir',(1.,0.,0.));
#1418=DIRECTION('axis',(0.,0.,1.));
#1419=DIRECTION('refdir',(1.,0.,0.));
#1420=DIRECTION('center_axis',(0.,0.,1.));
#1421=DIRECTION('ref_axis',(-0.965925825746747,0.258819047126493,0.));
#1422=DIRECTION('center_axis',(-0.68301270150874,0.183012703323384,-0.707106781186548));
#1423=DIRECTION('ref_axis',(-0.68301270150874,0.183012703323384,0.707106781186547));
#1424=DIRECTION('',(0.,0.,1.));
#1425=DIRECTION('center_axis',(0.,0.,1.));
#1426=DIRECTION('ref_axis',(-0.965925825746747,0.258819047126493,0.));
#1427=DIRECTION('',(0.,0.,-1.));
#1428=DIRECTION('',(0.,0.,1.));
#1429=DIRECTION('center_axis',(0.,0.,-1.));
#1430=DIRECTION('ref_axis',(-0.965925825746747,0.258819047126493,0.));
#1431=DIRECTION('center_axis',(0.,0.,1.));
#1432=DIRECTION('ref_axis',(-0.965925825746747,0.258819047126493,0.));
#1433=DIRECTION('center_axis',(0.683012701892219,-0.183012701892219,0.707106781186548));
#1434=DIRECTION('ref_axis',(-0.68301270150874,0.183012703323384,0.707106781186547));
#1435=DIRECTION('center_axis',(0.,0.,1.));
#1436=DIRECTION('ref_axis',(-0.965925825746747,0.258819047126493,0.));
#1437=DIRECTION('',(0.,0.,-1.));
#1438=DIRECTION('',(0.,0.,-1.));
#1439=DIRECTION('center_axis',(0.,0.,-1.));
#1440=DIRECTION('ref_axis',(-0.965925825746747,0.258819047126493,0.));
#1441=DIRECTION('',(0.,0.,-1.));
#1442=DIRECTION('center_axis',(0.68301270150874,-0.183012703323384,0.707106781186548));
#1443=DIRECTION('ref_axis',(-0.68301270150874,0.183012703323384,0.707106781186547));
#1444=DIRECTION('center_axis',(0.,0.,1.));
#1445=DIRECTION('ref_axis',(1.,0.,0.));
#1446=DIRECTION('',(-0.965925825746747,0.258819047126493,0.));
#1447=DIRECTION('',(0.258819047126493,0.965925825746747,0.));
#1448=DIRECTION('',(-0.965925826289068,0.25881904510252,0.));
#1449=DIRECTION('center_axis',(0.,0.,-1.));
#1450=DIRECTION('ref_axis',(0.965925825746747,-0.258819047126493,0.));
#1451=DIRECTION('center_axis',(0.,0.,1.));
#1452=DIRECTION('ref_axis',(1.,0.,0.));
#1453=DIRECTION('center_axis',(0.,0.,-1.));
#1454=DIRECTION('ref_axis',(0.90220062899932,0.431316618081465,0.));
#1455=DIRECTION('',(-0.929234222598003,0.369491217152295,0.));
#1456=DIRECTION('center_axis',(0.,0.,1.));
#1457=DIRECTION('ref_axis',(-0.84300617398298,0.537903886048965,0.));
#1458=DIRECTION('',(-0.784605891828123,0.619994834259606,0.));
#1459=DIRECTION('center_axis',(0.,0.,-1.));
#1460=DIRECTION('ref_axis',(0.0775691661667221,-0.996986973064443,0.));
#1461=DIRECTION('center_axis',(0.,0.,1.));
#1462=DIRECTION('ref_axis',(1.,0.,0.));
#1463=DIRECTION('center_axis',(0.,0.,-1.));
#1464=DIRECTION('ref_axis',(0.996986973064442,-0.0775691661667237,0.));
#1465=DIRECTION('',(-0.619994834259607,0.784605891828122,0.));
#1466=DIRECTION('center_axis',(0.,0.,1.));
#1467=DIRECTION('ref_axis',(-0.461112819191902,0.887341517104264,0.));
#1468=DIRECTION('',(-0.369491217152296,0.929234222598003,0.));
#1469=DIRECTION('center_axis',(0.,0.,-1.));
#1470=DIRECTION('ref_axis',(-0.431316618081463,-0.90220062899932,0.));
#1471=DIRECTION('center_axis',(0.,0.,1.));
#1472=DIRECTION('ref_axis',(1.,0.,0.));
#1473=DIRECTION('center_axis',(0.,0.,-1.));
#1474=DIRECTION('ref_axis',(0.824631462832597,-0.565670354982981,0.));
#1475=DIRECTION('',(-0.144628330769881,0.989486051411902,0.));
#1476=DIRECTION('center_axis',(0.,0.,1.));
#1477=DIRECTION('ref_axis',(0.0443353431212838,0.999016705240867,0.));
#1478=DIRECTION('',(0.144628330769881,0.989486051411902,0.));
#1479=DIRECTION('center_axis',(0.,0.,-1.));
#1480=DIRECTION('ref_axis',(-0.824631462832597,-0.56567035498298,0.));
#1481=DIRECTION('center_axis',(0.,0.,1.));
#1482=DIRECTION('ref_axis',(1.,0.,0.));
#1483=DIRECTION('center_axis',(0.,0.,-1.));
#1484=DIRECTION('ref_axis',(0.431316618081464,-0.90220062899932,0.));
#1485=DIRECTION('',(0.369491217152296,0.929234222598003,0.));
#1486=DIRECTION('center_axis',(0.,0.,1.));
#1487=DIRECTION('ref_axis',(0.537903886048965,0.84300617398298,0.));
#1488=DIRECTION('',(0.619994834259607,0.784605891828122,0.));
#1489=DIRECTION('center_axis',(0.,0.,-1.));
#1490=DIRECTION('ref_axis',(-0.996986973064443,-0.0775691661667223,0.));
#1491=DIRECTION('center_axis',(0.,0.,1.));
#1492=DIRECTION('ref_axis',(1.,0.,0.));
#1493=DIRECTION('center_axis',(0.,0.,-1.));
#1494=DIRECTION('ref_axis',(-0.0775691661667208,-0.996986973064443,0.));
#1495=DIRECTION('',(0.784605891828122,0.619994834259607,0.));
#1496=DIRECTION('center_axis',(0.,0.,1.));
#1497=DIRECTION('ref_axis',(0.887341517104264,0.461112819191902,0.));
#1498=DIRECTION('',(0.929234222598003,0.369491217152296,0.));
#1499=DIRECTION('center_axis',(0.,0.,-1.));
#1500=DIRECTION('ref_axis',(-0.90220062899932,0.431316618081463,0.));
#1501=DIRECTION('center_axis',(0.,0.,1.));
#1502=DIRECTION('ref_axis',(1.,0.,0.));
#1503=DIRECTION('center_axis',(0.,0.,-1.));
#1504=DIRECTION('ref_axis',(-0.565670354982981,-0.824631462832597,0.));
#1505=DIRECTION('',(0.989486051411902,0.144628330769881,0.));
#1506=DIRECTION('center_axis',(0.,0.,1.));
#1507=DIRECTION('ref_axis',(0.999016705240867,-0.0443353431212839,0.));
#1508=DIRECTION('',(0.965925826289068,-0.25881904510252,0.));
#1509=DIRECTION('center_axis',(0.,0.,-1.));
#1510=DIRECTION('ref_axis',(1.,0.,0.));
#1511=DIRECTION('center_axis',(0.,0.,1.));
#1512=DIRECTION('ref_axis',(1.,0.,0.));
#1513=DIRECTION('',(-0.25881904510252,-0.965925826289068,0.));
#1514=DIRECTION('',(-0.25881904510252,-0.965925826289068,0.));
#1515=DIRECTION('',(-0.258819047126493,-0.965925825746747,0.));
#1516=DIRECTION('center_axis',(0.683012701892219,-0.183012701892219,0.707106781186548));
#1517=DIRECTION('ref_axis',(0.719254596676404,0.,-0.694746590606866));
#1518=DIRECTION('',(-0.683012701892219,0.183012701892219,0.707106781186547));
#1519=DIRECTION('center_axis',(0.68301270150874,-0.183012703323384,0.707106781186548));
#1520=DIRECTION('ref_axis',(0.71925459687132,0.,-0.694746590405073));
#1521=DIRECTION('',(0.258819047126493,0.965925825746747,0.));
#1522=DIRECTION('',(-0.68301270150874,0.183012703323384,0.707106781186547));
#1523=DIRECTION('center_axis',(0.,0.,-1.));
#1524=DIRECTION('ref_axis',(0.965925825746747,-0.258819047126493,0.));
#1525=DIRECTION('center_axis',(0.,0.,1.));
#1526=DIRECTION('ref_axis',(0.965925825746747,-0.258819047126493,0.));
#1527=DIRECTION('',(0.,0.,1.));
#1528=DIRECTION('',(0.,0.,1.));
#1529=DIRECTION('center_axis',(0.,0.,1.));
#1530=DIRECTION('ref_axis',(1.,0.,0.));
#1531=DIRECTION('',(-0.965925826289068,0.25881904510252,0.));
#1532=DIRECTION('',(0.25881904510252,0.965925826289068,0.));
#1533=DIRECTION('',(0.965925826289068,-0.25881904510252,0.));
#1534=DIRECTION('center_axis',(0.,0.,1.));
#1535=DIRECTION('ref_axis',(0.999016705240867,-0.0443353431212839,0.));
#1536=DIRECTION('',(-0.989486051411902,-0.144628330769881,0.));
#1537=DIRECTION('center_axis',(0.,0.,1.));
#1538=DIRECTION('ref_axis',(-0.565670354982981,-0.824631462832597,0.));
#1539=DIRECTION('center_axis',(0.,0.,1.));
#1540=DIRECTION('ref_axis',(1.,0.,0.));
#1541=DIRECTION('center_axis',(0.,0.,1.));
#1542=DIRECTION('ref_axis',(-0.90220062899932,0.431316618081463,0.));
#1543=DIRECTION('',(0.929234222598003,0.369491217152296,0.));
#1544=DIRECTION('center_axis',(0.,0.,1.));
#1545=DIRECTION('ref_axis',(0.887341517104264,0.461112819191902,0.));
#1546=DIRECTION('',(-0.784605891828122,-0.619994834259607,0.));
#1547=DIRECTION('center_axis',(0.,0.,1.));
#1548=DIRECTION('ref_axis',(-0.0775691661667208,-0.996986973064443,0.));
#1549=DIRECTION('center_axis',(0.,0.,1.));
#1550=DIRECTION('ref_axis',(1.,0.,0.));
#1551=DIRECTION('center_axis',(0.,0.,1.));
#1552=DIRECTION('ref_axis',(-0.996986973064443,-0.0775691661667223,0.));
#1553=DIRECTION('',(0.619994834259607,0.784605891828122,0.));
#1554=DIRECTION('center_axis',(0.,0.,1.));
#1555=DIRECTION('ref_axis',(0.537903886048965,0.84300617398298,0.));
#1556=DIRECTION('',(-0.369491217152296,-0.929234222598003,0.));
#1557=DIRECTION('center_axis',(0.,0.,1.));
#1558=DIRECTION('ref_axis',(0.431316618081464,-0.90220062899932,0.));
#1559=DIRECTION('center_axis',(0.,0.,1.));
#1560=DIRECTION('ref_axis',(1.,0.,0.));
#1561=DIRECTION('center_axis',(0.,0.,1.));
#1562=DIRECTION('ref_axis',(-0.824631462832597,-0.56567035498298,0.));
#1563=DIRECTION('',(0.144628330769881,0.989486051411902,0.));
#1564=DIRECTION('center_axis',(0.,0.,1.));
#1565=DIRECTION('ref_axis',(0.0443353431212838,0.999016705240867,0.));
#1566=DIRECTION('',(0.144628330769881,-0.989486051411902,0.));
#1567=DIRECTION('center_axis',(0.,0.,1.));
#1568=DIRECTION('ref_axis',(0.824631462832597,-0.565670354982981,0.));
#1569=DIRECTION('center_axis',(0.,0.,1.));
#1570=DIRECTION('ref_axis',(1.,0.,0.));
#1571=DIRECTION('center_axis',(0.,0.,1.));
#1572=DIRECTION('ref_axis',(-0.431316618081463,-0.90220062899932,0.));
#1573=DIRECTION('',(-0.369491217152296,0.929234222598003,0.));
#1574=DIRECTION('center_axis',(0.,0.,1.));
#1575=DIRECTION('ref_axis',(-0.461112819191902,0.887341517104264,0.));
#1576=DIRECTION('',(0.619994834259607,-0.784605891828122,0.));
#1577=DIRECTION('center_axis',(0.,0.,1.));
#1578=DIRECTION('ref_axis',(0.996986973064442,-0.0775691661667237,0.));
#1579=DIRECTION('center_axis',(0.,0.,1.));
#1580=DIRECTION('ref_axis',(1.,0.,0.));
#1581=DIRECTION('center_axis',(0.,0.,1.));
#1582=DIRECTION('ref_axis',(0.0775691661667221,-0.996986973064443,0.));
#1583=DIRECTION('',(-0.784605891828123,0.619994834259606,0.));
#1584=DIRECTION('center_axis',(0.,0.,1.));
#1585=DIRECTION('ref_axis',(-0.84300617398298,0.537903886048965,0.));
#1586=DIRECTION('',(0.929234222598003,-0.369491217152295,0.));
#1587=DIRECTION('center_axis',(0.,0.,1.));
#1588=DIRECTION('ref_axis',(0.90220062899932,0.431316618081465,0.));
#1589=DIRECTION('center_axis',(0.,0.,1.));
#1590=DIRECTION('ref_axis',(1.,0.,0.));
#1591=DIRECTION('',(0.942370220439156,-0.33457191697669,0.));
#1592=DIRECTION('center_axis',(0.,0.,-1.));
#1593=DIRECTION('ref_axis',(-0.1814373348461,-0.983402508398237,0.));
#1594=DIRECTION('',(-0.983402508398237,0.1814373348461,0.));
#1595=DIRECTION('center_axis',(0.,0.,-1.));
#1596=DIRECTION('ref_axis',(0.334571051096135,0.942370527854319,0.));
#1597=DIRECTION('center_axis',(-0.68301270150874,0.183012703323384,0.707106781186548));
#1598=DIRECTION('ref_axis',(0.71925459687132,0.,0.694746590405073));
#1599=DIRECTION('',(-0.696465496642138,0.12849758104526,-0.705991631432368));
#1600=DIRECTION('',(0.258819047126493,0.965925825746747,0.));
#1601=DIRECTION('',(0.667405602481067,-0.236950581607954,0.705991631432368));
#1602=DIRECTION('',(-0.258819047126493,-0.965925825746747,0.));
#1603=DIRECTION('center_axis',(0.,0.,1.));
#1604=DIRECTION('ref_axis',(0.965925825746747,-0.258819047126493,0.));
#1605=DIRECTION('',(-0.983402508398237,0.181437334846099,0.));
#1606=DIRECTION('center_axis',(0.,0.,-1.));
#1607=DIRECTION('ref_axis',(-0.1814373348461,-0.983402508398237,0.));
#1608=DIRECTION('',(0.942370220439156,-0.33457191697669,0.));
#1609=DIRECTION('center_axis',(0.,0.,-1.));
#1610=DIRECTION('ref_axis',(-0.965925825746746,0.258819047126496,0.));
#1611=DIRECTION('',(0.,0.,-1.));
#1612=DIRECTION('center_axis',(0.,0.,-1.));
#1613=DIRECTION('ref_axis',(0.334571051096135,0.942370527854319,0.));
#1614=DIRECTION('',(0.,0.,-1.));
#1615=DIRECTION('center_axis',(0.,0.,1.));
#1616=DIRECTION('ref_axis',(0.965925825746747,-0.258819047126493,0.));
#1617=DIRECTION('',(0.942370220439156,-0.33457191697669,0.));
#1618=DIRECTION('',(-0.983402508398237,0.181437334846099,0.));
#1619=DIRECTION('center_axis',(0.,0.,1.));
#1620=DIRECTION('ref_axis',(1.,0.,0.));
#1621=DIRECTION('center_axis',(0.33457191697669,0.942370220439156,0.));
#1622=DIRECTION('ref_axis',(0.942370220439156,-0.33457191697669,0.));
#1623=DIRECTION('',(0.,0.,-1.));
#1624=DIRECTION('center_axis',(-0.1814373348461,-0.983402508398237,0.));
#1625=DIRECTION('ref_axis',(-0.983402508398237,0.1814373348461,0.));
#1626=DIRECTION('',(0.,0.,-1.));
#1627=DIRECTION('center_axis',(0.,0.,-1.));
#1628=DIRECTION('ref_axis',(-0.1814373348461,-0.983402508398237,0.));
#1629=DIRECTION('center_axis',(-0.25881904510252,-0.965925826289068,0.));
#1630=DIRECTION('ref_axis',(0.965925826289068,-0.25881904510252,0.));
#1631=DIRECTION('center_axis',(0.965925825746747,-0.258819047126493,0.));
#1632=DIRECTION('ref_axis',(0.,0.,-1.));
#1633=DIRECTION('',(0.,0.,-1.));
#1634=DIRECTION('center_axis',(0.258819047126493,0.965925825746747,0.));
#1635=DIRECTION('ref_axis',(0.,0.,1.));
#1636=DIRECTION('center_axis',(0.965925826289068,-0.25881904510252,0.));
#1637=DIRECTION('ref_axis',(0.,0.,-1.));
#1638=DIRECTION('center_axis',(0.25881904510252,0.965925826289068,0.));
#1639=DIRECTION('ref_axis',(-0.965925826289068,0.25881904510252,0.));
#1640=DIRECTION('',(0.,0.,-1.));
#1641=DIRECTION('center_axis',(0.,0.,1.));
#1642=DIRECTION('ref_axis',(0.999016705240867,-0.0443353431212839,0.));
#1643=DIRECTION('',(0.,0.,1.));
#1644=DIRECTION('center_axis',(0.,0.,-1.));
#1645=DIRECTION('ref_axis',(0.90220062899932,0.431316618081465,0.));
#1646=DIRECTION('',(0.,0.,-1.));
#1647=DIRECTION('',(0.,0.,1.));
#1648=DIRECTION('center_axis',(-0.369491217152295,-0.929234222598003,0.));
#1649=DIRECTION('ref_axis',(0.929234222598003,-0.369491217152295,0.));
#1650=DIRECTION('',(0.,0.,1.));
#1651=DIRECTION('center_axis',(0.,0.,1.));
#1652=DIRECTION('ref_axis',(0.0775691661667221,-0.996986973064443,0.));
#1653=DIRECTION('',(0.,0.,1.));
#1654=DIRECTION('',(0.,0.,-1.));
#1655=DIRECTION('center_axis',(0.619994834259606,0.784605891828123,0.));
#1656=DIRECTION('ref_axis',(-0.784605891828123,0.619994834259606,0.));
#1657=DIRECTION('',(0.,0.,1.));
#1658=DIRECTION('center_axis',(0.,0.,-1.));
#1659=DIRECTION('ref_axis',(0.996986973064442,-0.0775691661667237,0.));
#1660=DIRECTION('',(0.,0.,-1.));
#1661=DIRECTION('',(0.,0.,1.));
#1662=DIRECTION('center_axis',(-0.784605891828122,-0.619994834259607,0.));
#1663=DIRECTION('ref_axis',(0.619994834259607,-0.784605891828122,0.));
#1664=DIRECTION('',(0.,0.,1.));
#1665=DIRECTION('center_axis',(0.,0.,1.));
#1666=DIRECTION('ref_axis',(-0.431316618081463,-0.90220062899932,0.));
#1667=DIRECTION('',(0.,0.,1.));
#1668=DIRECTION('',(0.,0.,-1.));
#1669=DIRECTION('center_axis',(0.929234222598003,0.369491217152296,0.));
#1670=DIRECTION('ref_axis',(-0.369491217152296,0.929234222598003,0.));
#1671=DIRECTION('',(0.,0.,1.));
#1672=DIRECTION('center_axis',(0.,0.,-1.));
#1673=DIRECTION('ref_axis',(0.824631462832597,-0.565670354982981,0.));
#1674=DIRECTION('',(0.,0.,-1.));
#1675=DIRECTION('',(0.,0.,1.));
#1676=DIRECTION('center_axis',(-0.989486051411902,-0.144628330769881,0.));
#1677=DIRECTION('ref_axis',(0.144628330769881,-0.989486051411902,0.));
#1678=DIRECTION('',(0.,0.,1.));
#1679=DIRECTION('center_axis',(0.,0.,1.));
#1680=DIRECTION('ref_axis',(-0.824631462832597,-0.56567035498298,0.));
#1681=DIRECTION('',(0.,0.,1.));
#1682=DIRECTION('',(0.,0.,-1.));
#1683=DIRECTION('center_axis',(0.989486051411902,-0.144628330769881,0.));
#1684=DIRECTION('ref_axis',(0.144628330769881,0.989486051411902,0.));
#1685=DIRECTION('',(0.,0.,1.));
#1686=DIRECTION('center_axis',(0.,0.,-1.));
#1687=DIRECTION('ref_axis',(0.431316618081464,-0.90220062899932,0.));
#1688=DIRECTION('',(0.,0.,-1.));
#1689=DIRECTION('',(0.,0.,1.));
#1690=DIRECTION('center_axis',(-0.929234222598003,0.369491217152296,0.));
#1691=DIRECTION('ref_axis',(-0.369491217152296,-0.929234222598003,0.));
#1692=DIRECTION('',(0.,0.,1.));
#1693=DIRECTION('center_axis',(0.,0.,1.));
#1694=DIRECTION('ref_axis',(-0.996986973064443,-0.0775691661667223,0.));
#1695=DIRECTION('',(0.,0.,1.));
#1696=DIRECTION('',(0.,0.,-1.));
#1697=DIRECTION('center_axis',(0.784605891828122,-0.619994834259607,0.));
#1698=DIRECTION('ref_axis',(0.619994834259607,0.784605891828122,0.));
#1699=DIRECTION('',(0.,0.,1.));
#1700=DIRECTION('center_axis',(0.,0.,-1.));
#1701=DIRECTION('ref_axis',(-0.0775691661667208,-0.996986973064443,0.));
#1702=DIRECTION('',(0.,0.,-1.));
#1703=DIRECTION('',(0.,0.,1.));
#1704=DIRECTION('center_axis',(-0.619994834259607,0.784605891828122,0.));
#1705=DIRECTION('ref_axis',(-0.784605891828122,-0.619994834259607,0.));
#1706=DIRECTION('',(0.,0.,1.));
#1707=DIRECTION('center_axis',(0.,0.,1.));
#1708=DIRECTION('ref_axis',(-0.90220062899932,0.431316618081463,0.));
#1709=DIRECTION('',(0.,0.,1.));
#1710=DIRECTION('',(0.,0.,-1.));
#1711=DIRECTION('center_axis',(0.369491217152296,-0.929234222598003,0.));
#1712=DIRECTION('ref_axis',(0.929234222598003,0.369491217152296,0.));
#1713=DIRECTION('',(0.,0.,1.));
#1714=DIRECTION('',(0.,0.,1.));
#1715=DIRECTION('center_axis',(0.,0.,1.));
#1716=DIRECTION('ref_axis',(-0.84300617398298,0.537903886048965,0.));
#1717=DIRECTION('',(0.,0.,1.));
#1718=DIRECTION('',(0.,0.,1.));
#1719=DIRECTION('center_axis',(0.,0.,1.));
#1720=DIRECTION('ref_axis',(-0.461112819191902,0.887341517104264,0.));
#1721=DIRECTION('',(0.,0.,1.));
#1722=DIRECTION('',(0.,0.,1.));
#1723=DIRECTION('center_axis',(0.,0.,1.));
#1724=DIRECTION('ref_axis',(0.0443353431212838,0.999016705240867,0.));
#1725=DIRECTION('',(0.,0.,1.));
#1726=DIRECTION('',(0.,0.,1.));
#1727=DIRECTION('center_axis',(0.,0.,1.));
#1728=DIRECTION('ref_axis',(0.537903886048965,0.84300617398298,0.));
#1729=DIRECTION('',(0.,0.,1.));
#1730=DIRECTION('',(0.,0.,1.));
#1731=DIRECTION('center_axis',(0.,0.,1.));
#1732=DIRECTION('ref_axis',(0.887341517104264,0.461112819191902,0.));
#1733=DIRECTION('',(0.,0.,1.));
#1734=DIRECTION('center_axis',(0.,0.,1.));
#1735=DIRECTION('ref_axis',(1.,0.,0.));
#1736=DIRECTION('',(0.,0.,1.));
#1737=DIRECTION('center_axis',(0.,0.,1.));
#1738=DIRECTION('ref_axis',(1.,0.,0.));
#1739=DIRECTION('center_axis',(0.,0.,1.));
#1740=DIRECTION('ref_axis',(1.,0.,0.));
#1741=DIRECTION('center_axis',(0.,0.,1.));
#1742=DIRECTION('ref_axis',(1.,0.,0.));
#1743=DIRECTION('center_axis',(0.,0.,1.));
#1744=DIRECTION('ref_axis',(1.,0.,0.));
#1745=DIRECTION('center_axis',(0.,0.,-1.));
#1746=DIRECTION('ref_axis',(-0.565670354982981,-0.824631462832597,0.));
#1747=DIRECTION('',(0.,0.,-1.));
#1748=DIRECTION('center_axis',(-0.144628330769881,0.989486051411902,0.));
#1749=DIRECTION('ref_axis',(-0.989486051411902,-0.144628330769881,0.));
#1750=DIRECTION('',(0.,0.,1.));
#1751=DIRECTION('center_axis',(0.,0.,1.));
#1752=DIRECTION('ref_axis',(1.,0.,0.));
#1753=DIRECTION('',(0.,0.,-1.));
#1754=DIRECTION('center_axis',(0.,0.,1.));
#1755=DIRECTION('ref_axis',(-0.993907110389525,0.110220941372971,0.));
#1756=DIRECTION('',(0.,0.,1.));
#1757=DIRECTION('',(1.,0.,0.));
#1758=DIRECTION('',(0.,0.,1.));
#1759=DIRECTION('',(-0.965925826289069,-0.258819045102521,0.));
#1760=CARTESIAN_POINT('',(0.,0.,0.));
#1761=CARTESIAN_POINT('',(0.,0.,0.));
#1762=CARTESIAN_POINT('',(0.,0.,0.));
#1763=CARTESIAN_POINT('Origin',(32.2594688712596,43.1199103448075,0.));
#1764=CARTESIAN_POINT('',(43.8483239192288,-1.39636127217722,12.2843666084175));
#1765=CARTESIAN_POINT('',(40.8565020211542,-2.06959088080478,15.));
#1766=CARTESIAN_POINT('Origin',(32.2594688712596,43.1199103448075,34.9999999916186));
#1767=CARTESIAN_POINT('',(43.8483239192288,-1.39636127217722,0.));
#1768=CARTESIAN_POINT('',(43.8483239192288,-1.39636127217724,0.));
#1769=CARTESIAN_POINT('',(20.3537929913092,-1.31267771667695,0.));
#1770=CARTESIAN_POINT('Origin',(32.2594688712596,43.1199103448075,0.));
#1771=CARTESIAN_POINT('',(20.3537927061914,-1.31267759689414,5.));
#1772=CARTESIAN_POINT('',(20.3537930021557,-1.31267767619751,1.11022302462516E-15));
#1773=CARTESIAN_POINT('',(20.3537927061914,-1.31267759689413,15.));
#1774=CARTESIAN_POINT('',(20.3537927061914,-1.31267759689413,0.));
#1775=CARTESIAN_POINT('Origin',(32.2594688712596,43.1199103448075,15.));
#1776=CARTESIAN_POINT('Origin',(32.2594688712596,43.1199103448075,0.));
#1777=CARTESIAN_POINT('',(38.5956880408601,-10.5070634846824,15.));
#1778=CARTESIAN_POINT('',(47.6743008716296,-8.63318569663115,6.71572865962276));
#1779=CARTESIAN_POINT('Origin',(32.2594688712596,43.1199103448075,34.9999998952315));
#1780=CARTESIAN_POINT('',(18.2832403453713,-9.04008420720668,15.));
#1781=CARTESIAN_POINT('Origin',(32.2594688712596,43.1199103448075,15.));
#1782=CARTESIAN_POINT('',(18.2832403453713,-9.04008420720668,5.));
#1783=CARTESIAN_POINT('',(18.2832403453713,-9.04008420720668,0.));
#1784=CARTESIAN_POINT('',(18.2832403453713,-9.0400842072067,0.));
#1785=CARTESIAN_POINT('',(18.2832404465699,-9.04008423432276,0.));
#1786=CARTESIAN_POINT('',(49.6162972529379,-8.01462303531605,0.));
#1787=CARTESIAN_POINT('Origin',(32.2594688712596,43.1199103448075,0.));
#1788=CARTESIAN_POINT('',(49.6162972529379,-8.01462303531605,4.99999999999998));
#1789=CARTESIAN_POINT('',(49.6162972529379,-8.01462303531606,0.));
#1790=CARTESIAN_POINT('Origin',(32.2594688712596,43.1199103448075,34.9999999916186));
#1791=CARTESIAN_POINT('Origin',(0.,0.,0.));
#1792=CARTESIAN_POINT('',(50.8844817505064,-3.2816940966879,-8.88178419700125E-15));
#1793=CARTESIAN_POINT('',(19.0444031629407,5.24982931930061,0.));
#1794=CARTESIAN_POINT('',(49.3315674677475,-9.07724905116838,0.));
#1795=CARTESIAN_POINT('',(9.8408676456873,-6.7779572601238,0.));
#1796=CARTESIAN_POINT('',(47.2610151340433,-16.8046555602823,0.));
#1797=CARTESIAN_POINT('',(-11.9114200104864,-0.949449300271072,-1.66533453693773E-15));
#1798=CARTESIAN_POINT('Origin',(5.17638094252986,19.3185165149349,0.));
#1799=CARTESIAN_POINT('',(-11.4139813647728,3.53615752542493,0.));
#1800=CARTESIAN_POINT('Origin',(0.,0.,0.));
#1801=CARTESIAN_POINT('',(-11.9996989787366,4.76132432304259,0.));
#1802=CARTESIAN_POINT('Origin',(-12.3691901958889,3.83209010044459,0.));
#1803=CARTESIAN_POINT('',(-13.101387650486,5.199388568147,0.));
#1804=CARTESIAN_POINT('',(-11.0979784547035,4.40277337232029,0.));
#1805=CARTESIAN_POINT('',(-15.5284765493246,8.06947433585829,0.));
#1806=CARTESIAN_POINT('Ctrl Pts',(-13.101387650486,5.199388568147,0.));
#1807=CARTESIAN_POINT('Ctrl Pts',(-13.1108030336495,5.20313240506178,0.));
#1808=CARTESIAN_POINT('Ctrl Pts',(-13.129495529139,5.21090986602476,0.));
#1809=CARTESIAN_POINT('Ctrl Pts',(-13.1571194666405,5.22344540527422,0.));
#1810=CARTESIAN_POINT('Ctrl Pts',(-13.1931638561455,5.24181241759123,0.));
#1811=CARTESIAN_POINT('Ctrl Pts',(-13.2371500277008,5.26702940280938,0.));
#1812=CARTESIAN_POINT('Ctrl Pts',(-13.2803742394523,5.29387480626699,0.));
#1813=CARTESIAN_POINT('Ctrl Pts',(-13.3231372256531,5.3217287126206,0.));
#1814=CARTESIAN_POINT('Ctrl Pts',(-13.3656553865605,5.35013802435941,0.));
#1815=CARTESIAN_POINT('Ctrl Pts',(-13.408002748122,5.37893396103471,0.));
#1816=CARTESIAN_POINT('Ctrl Pts',(-13.4501608220269,5.40813322482774,0.));
#1817=CARTESIAN_POINT('Ctrl Pts',(-13.4920564005173,5.43786339923143,0.));
#1818=CARTESIAN_POINT('Ctrl Pts',(-13.5336016990853,5.46828353559777,0.));
#1819=CARTESIAN_POINT('Ctrl Pts',(-13.5747387420693,5.49949649093528,0.));
#1820=CARTESIAN_POINT('Ctrl Pts',(-13.6154648966494,5.53149827564782,0.));
#1821=CARTESIAN_POINT('Ctrl Pts',(-13.6558097186746,5.56422310743184,0.));
#1822=CARTESIAN_POINT('Ctrl Pts',(-13.695820796235,5.59757076246696,0.));
#1823=CARTESIAN_POINT('Ctrl Pts',(-13.7355472441521,5.63143858229395,0.));
#1824=CARTESIAN_POINT('Ctrl Pts',(-13.7750213360728,5.66575705483833,0.));
#1825=CARTESIAN_POINT('Ctrl Pts',(-13.814251141054,5.70050405653275,0.));
#1826=CARTESIAN_POINT('Ctrl Pts',(-13.8532306255478,5.73568519194851,0.));
#1827=CARTESIAN_POINT('Ctrl Pts',(-13.8919457653534,5.77132187980765,0.));
#1828=CARTESIAN_POINT('Ctrl Pts',(-13.9303816873349,5.807437442325,0.));
#1829=CARTESIAN_POINT('Ctrl Pts',(-13.9685307662174,5.84404133557968,0.));
#1830=CARTESIAN_POINT('Ctrl Pts',(-14.006394863586,5.88112477266093,0.));
#1831=CARTESIAN_POINT('Ctrl Pts',(-14.043981130643,5.91866886329326,0.));
#1832=CARTESIAN_POINT('Ctrl Pts',(-14.0812994565482,5.95664955376322,0.));
#1833=CARTESIAN_POINT('Ctrl Pts',(-14.1183595005861,5.99504337754932,0.));
#1834=CARTESIAN_POINT('Ctrl Pts',(-14.1551672893169,6.03383405030033,0.));
#1835=CARTESIAN_POINT('Ctrl Pts',(-14.1917246102502,6.07301363587029,0.));
#1836=CARTESIAN_POINT('Ctrl Pts',(-14.2280307768776,6.11257910848578,0.));
#1837=CARTESIAN_POINT('Ctrl Pts',(-14.2640837531135,6.1525301592601,0.));
#1838=CARTESIAN_POINT('Ctrl Pts',(-14.2998814331683,6.19286670185147,0.));
#1839=CARTESIAN_POINT('Ctrl Pts',(-14.335423123584,6.23358598538911,0.));
#1840=CARTESIAN_POINT('Ctrl Pts',(-14.3707097419381,6.27468220333836,0.));
#1841=CARTESIAN_POINT('Ctrl Pts',(-14.4057430880917,6.31614790608494,0.));
#1842=CARTESIAN_POINT('Ctrl Pts',(-14.4405253759541,6.3579749079564,0.));
#1843=CARTESIAN_POINT('Ctrl Pts',(-14.4750587050833,6.40015531137992,0.));
#1844=CARTESIAN_POINT('Ctrl Pts',(-14.509344448499,6.44268269599981,0.));
#1845=CARTESIAN_POINT('Ctrl Pts',(-14.5433831871967,6.4855522400731,0.));
#1846=CARTESIAN_POINT('Ctrl Pts',(-14.5771750206388,6.52876010820248,0.));
#1847=CARTESIAN_POINT('Ctrl Pts',(-14.6107197733969,6.57230304244784,0.));
#1848=CARTESIAN_POINT('Ctrl Pts',(-14.6440172265288,6.61617790655279,0.));
#1849=CARTESIAN_POINT('Ctrl Pts',(-14.6770673885979,6.66038115194094,0.));
#1850=CARTESIAN_POINT('Ctrl Pts',(-14.7098705345915,6.70490874436111,0.));
#1851=CARTESIAN_POINT('Ctrl Pts',(-14.7424270764881,6.74975642404153,0.));
#1852=CARTESIAN_POINT('Ctrl Pts',(-14.7747374827111,6.79491987112085,0.));
#1853=CARTESIAN_POINT('Ctrl Pts',(-14.806802186533,6.84039489131793,0.));
#1854=CARTESIAN_POINT('Ctrl Pts',(-14.8386214832332,6.88617763104894,0.));
#1855=CARTESIAN_POINT('Ctrl Pts',(-14.8701955088218,6.93226460795425,0.));
#1856=CARTESIAN_POINT('Ctrl Pts',(-14.9015242895373,6.97865258396971,0.));
#1857=CARTESIAN_POINT('Ctrl Pts',(-14.9326077735464,7.02533847786691,0.));
#1858=CARTESIAN_POINT('Ctrl Pts',(-14.9634458691181,7.0723192689127,0.));
#1859=CARTESIAN_POINT('Ctrl Pts',(-14.9940384879663,7.11959187945288,0.));
#1860=CARTESIAN_POINT('Ctrl Pts',(-15.0243855640338,7.16715315254888,0.));
#1861=CARTESIAN_POINT('Ctrl Pts',(-15.0544870434844,7.21499993314816,0.));
#1862=CARTESIAN_POINT('Ctrl Pts',(-15.0843428848028,7.26312912258864,0.));
#1863=CARTESIAN_POINT('Ctrl Pts',(-15.1139530551018,7.3115377351532,0.));
#1864=CARTESIAN_POINT('Ctrl Pts',(-15.1433175334631,7.36022296819385,0.));
#1865=CARTESIAN_POINT('Ctrl Pts',(-15.1724363006031,7.40918220680038,0.));
#1866=CARTESIAN_POINT('Ctrl Pts',(-15.2013093094333,7.45841292838024,0.));
#1867=CARTESIAN_POINT('Ctrl Pts',(-15.2299364600841,7.50791262542214,0.));
#1868=CARTESIAN_POINT('Ctrl Pts',(-15.2583175782326,7.55767872775186,0.));
#1869=CARTESIAN_POINT('Ctrl Pts',(-15.2864523857179,7.60770850202161,0.));
#1870=CARTESIAN_POINT('Ctrl Pts',(-15.3143405019761,7.65799902621549,0.));
#1871=CARTESIAN_POINT('Ctrl Pts',(-15.341981521441,7.7085473606802,0.));
#1872=CARTESIAN_POINT('Ctrl Pts',(-15.3693750795526,7.7593506816207,0.));
#1873=CARTESIAN_POINT('Ctrl Pts',(-15.3965209216254,7.81040642387693,0.));
#1874=CARTESIAN_POINT('Ctrl Pts',(-15.4234189806667,7.86171242719676,0.));
#1875=CARTESIAN_POINT('Ctrl Pts',(-15.450069429066,7.91326705276539,0.));
#1876=CARTESIAN_POINT('Ctrl Pts',(-15.4764725666743,7.96506911609312,0.));
#1877=CARTESIAN_POINT('Ctrl Pts',(-15.4973974973529,8.00670809611013,0.));
#1878=CARTESIAN_POINT('Ctrl Pts',(-15.5129801811666,8.0380481385147,0.));
#1879=CARTESIAN_POINT('Ctrl Pts',(-15.5233193138114,8.05899073151216,0.));
#1880=CARTESIAN_POINT('Ctrl Pts',(-15.5284765493246,8.06947433585829,0.));
#1881=CARTESIAN_POINT('',(-14.7526080447022,9.41331800585688,0.));
#1882=CARTESIAN_POINT('Origin',(-1.55759977597069E-13,8.99280649946377E-14,
0.));
#1883=CARTESIAN_POINT('',(-11.0534964094047,8.7464402460751,0.));
#1884=CARTESIAN_POINT('Ctrl Pts',(-11.0534964094047,8.7464402460751,0.));
#1885=CARTESIAN_POINT('Ctrl Pts',(-11.0614463588623,8.75272228862367,0.));
#1886=CARTESIAN_POINT('Ctrl Pts',(-11.0775280853779,8.76502173409619,0.));
#1887=CARTESIAN_POINT('Ctrl Pts',(-11.1021961495688,8.7826769961003,0.));
#1888=CARTESIAN_POINT('Ctrl Pts',(-11.1361246435795,8.80470884691701,0.));
#1889=CARTESIAN_POINT('Ctrl Pts',(-11.1799562791629,8.83019349629007,0.));
#1890=CARTESIAN_POINT('Ctrl Pts',(-11.2248171864078,8.85420405999663,0.));
#1891=CARTESIAN_POINT('Ctrl Pts',(-11.2703208700051,8.87731093921143,0.));
#1892=CARTESIAN_POINT('Ctrl Pts',(-11.3161831361286,8.89992809081003,0.));
#1893=CARTESIAN_POINT('Ctrl Pts',(-11.3622948295959,8.92220401336789,0.));
#1894=CARTESIAN_POINT('Ctrl Pts',(-11.4086611707649,8.94411434444757,0.));
#1895=CARTESIAN_POINT('Ctrl Pts',(-11.4553560463027,8.96553189252467,0.));
#1896=CARTESIAN_POINT('Ctrl Pts',(-11.5024733064665,8.98630110830925,0.));
#1897=CARTESIAN_POINT('Ctrl Pts',(-11.550073040208,9.00632035490115,0.));
#1898=CARTESIAN_POINT('Ctrl Pts',(-11.5981504760255,9.02558934700972,0.));
#1899=CARTESIAN_POINT('Ctrl Pts',(-11.6466634226977,9.0441665719027,0.));
#1900=CARTESIAN_POINT('Ctrl Pts',(-11.6955488778949,9.06214335398527,0.));
#1901=CARTESIAN_POINT('Ctrl Pts',(-11.7447424941944,9.07961355717006,0.));
#1902=CARTESIAN_POINT('Ctrl Pts',(-11.7942002091973,9.09663988729251,0.));
#1903=CARTESIAN_POINT('Ctrl Pts',(-11.8439068978606,9.11324039414459,0.));
#1904=CARTESIAN_POINT('Ctrl Pts',(-11.8938643971115,9.1294070502347,0.));
#1905=CARTESIAN_POINT('Ctrl Pts',(-11.9440842440071,9.1451170008879,0.));
#1906=CARTESIAN_POINT('Ctrl Pts',(-11.9945791996098,9.16034570448301,0.));
#1907=CARTESIAN_POINT('Ctrl Pts',(-12.0453536404871,9.17508182929893,0.));
#1908=CARTESIAN_POINT('Ctrl Pts',(-12.0964008877434,9.1893313809709,0.));
#1909=CARTESIAN_POINT('Ctrl Pts',(-12.1477081575214,9.20310999775949,0.));
#1910=CARTESIAN_POINT('Ctrl Pts',(-12.1992595632743,9.21643827078509,0.));
#1911=CARTESIAN_POINT('Ctrl Pts',(-12.2510396120404,9.22933629849423,0.));
#1912=CARTESIAN_POINT('Ctrl Pts',(-12.3030372144381,9.24181744221677,0.));
#1913=CARTESIAN_POINT('Ctrl Pts',(-12.3552463913181,9.25388721805433,0.));
#1914=CARTESIAN_POINT('Ctrl Pts',(-12.4076641790295,9.26554654435996,0.));
#1915=CARTESIAN_POINT('Ctrl Pts',(-12.4602892920259,9.27679381227511,0.));
#1916=CARTESIAN_POINT('Ctrl Pts',(-12.5131206026383,9.2876272413034,0.));
#1917=CARTESIAN_POINT('Ctrl Pts',(-12.5661553818136,9.29804760632805,0.));
#1918=CARTESIAN_POINT('Ctrl Pts',(-12.6193890597342,9.30805860526173,0.));
#1919=CARTESIAN_POINT('Ctrl Pts',(-12.6728160847753,9.31766552163699,0.));
#1920=CARTESIAN_POINT('Ctrl Pts',(-12.7264304748913,9.32687436559187,0.));
#1921=CARTESIAN_POINT('Ctrl Pts',(-12.7802264403626,9.33569090418321,0.));
#1922=CARTESIAN_POINT('Ctrl Pts',(-12.8341991075078,9.34411953665893,0.));
#1923=CARTESIAN_POINT('Ctrl Pts',(-12.8883445910727,9.35216317704729,0.));
#1924=CARTESIAN_POINT('Ctrl Pts',(-12.9426596192372,9.35982382918391,0.));
#1925=CARTESIAN_POINT('Ctrl Pts',(-12.9971412828281,9.36710297011342,0.));
#1926=CARTESIAN_POINT('Ctrl Pts',(-13.0517867562965,9.37400197835449,0.));
#1927=CARTESIAN_POINT('Ctrl Pts',(-13.1065929707669,9.38052263561145,0.));
#1928=CARTESIAN_POINT('Ctrl Pts',(-13.1615565699689,9.38666719715584,0.));
#1929=CARTESIAN_POINT('Ctrl Pts',(-13.2166740708212,9.3924381496575,0.));
#1930=CARTESIAN_POINT('Ctrl Pts',(-13.2719419664259,9.39783805871351,0.));
#1931=CARTESIAN_POINT('Ctrl Pts',(-13.3273568410651,9.40286939668954,0.));
#1932=CARTESIAN_POINT('Ctrl Pts',(-13.3829155050772,9.40753434609704,0.));
#1933=CARTESIAN_POINT('Ctrl Pts',(-13.4386150106551,9.41183476590383,0.));
#1934=CARTESIAN_POINT('Ctrl Pts',(-13.4944525666723,9.41577229786528,0.));
#1935=CARTESIAN_POINT('Ctrl Pts',(-13.5504254787902,9.41934843770668,0.));
#1936=CARTESIAN_POINT('Ctrl Pts',(-13.6065310851117,9.42256461635325,0.));
#1937=CARTESIAN_POINT('Ctrl Pts',(-13.6627666761667,9.42542229617395,0.));
#1938=CARTESIAN_POINT('Ctrl Pts',(-13.719129484938,9.42792299843101,0.));
#1939=CARTESIAN_POINT('Ctrl Pts',(-13.7756167521516,9.43006825402712,0.));
#1940=CARTESIAN_POINT('Ctrl Pts',(-13.8322257735297,9.43185957633994,0.));
#1941=CARTESIAN_POINT('Ctrl Pts',(-13.8889539469221,9.43329842974695,0.));
#1942=CARTESIAN_POINT('Ctrl Pts',(-13.9457988347051,9.43438619745642,0.));
#1943=CARTESIAN_POINT('Ctrl Pts',(-14.0027581626584,9.4351241702233,0.));
#1944=CARTESIAN_POINT('Ctrl Pts',(-14.0598297226082,9.435513568564,0.));
#1945=CARTESIAN_POINT('Ctrl Pts',(-14.1170112930516,9.4355555597446,0.));
#1946=CARTESIAN_POINT('Ctrl Pts',(-14.1743005609907,9.4352512778841,0.));
#1947=CARTESIAN_POINT('Ctrl Pts',(-14.2316950201965,9.43460184876213,0.));
#1948=CARTESIAN_POINT('Ctrl Pts',(-14.2891919498472,9.4336084038085,0.));
#1949=CARTESIAN_POINT('Ctrl Pts',(-14.3467886013451,9.43227206161924,0.));
#1950=CARTESIAN_POINT('Ctrl Pts',(-14.4044823469319,9.43059391837368,0.));
#1951=CARTESIAN_POINT('Ctrl Pts',(-14.4622708377713,9.42857503608771,0.));
#1952=CARTESIAN_POINT('Ctrl Pts',(-14.5201521695336,9.42621643687007,0.));
#1953=CARTESIAN_POINT('Ctrl Pts',(-14.5781250091583,9.42351908942182,0.));
#1954=CARTESIAN_POINT('Ctrl Pts',(-14.6361884807726,9.4204838456663,0.));
#1955=CARTESIAN_POINT('Ctrl Pts',(-14.6827113605944,9.41778587719791,0.));
#1956=CARTESIAN_POINT('Ctrl Pts',(-14.7176439753793,9.41561085603747,0.));
#1957=CARTESIAN_POINT('Ctrl Pts',(-14.7409503592586,9.41409351106219,0.));
#1958=CARTESIAN_POINT('Ctrl Pts',(-14.7526080447022,9.41331800585688,0.));
#1959=CARTESIAN_POINT('',(-10.12327730878,8.0113819918308,0.));
#1960=CARTESIAN_POINT('',(-9.36190281488681,7.40974458626543,0.));
#1961=CARTESIAN_POINT('',(-8.76939293118791,8.11671905750295,0.));
#1962=CARTESIAN_POINT('Origin',(-9.50328247452034,8.79598788365892,0.));
#1963=CARTESIAN_POINT('',(-8.11671905750295,8.7693929311879,0.));
#1964=CARTESIAN_POINT('Origin',(0.,0.,0.));
#1965=CARTESIAN_POINT('',(-8.0113819918308,10.1232773087799,0.));
#1966=CARTESIAN_POINT('Origin',(-8.79598788365893,9.50328247452034,0.));
#1967=CARTESIAN_POINT('',(-8.7464402460751,11.0534964094047,0.));
#1968=CARTESIAN_POINT('',(-7.40974458626544,9.36190281488681,0.));
#1969=CARTESIAN_POINT('',(-9.41331800585689,14.7526080447022,0.));
#1970=CARTESIAN_POINT('Ctrl Pts',(-8.7464402460751,11.0534964094047,0.));
#1971=CARTESIAN_POINT('Ctrl Pts',(-8.75272228862367,11.0614463588623,0.));
#1972=CARTESIAN_POINT('Ctrl Pts',(-8.7650217340962,11.0775280853779,0.));
#1973=CARTESIAN_POINT('Ctrl Pts',(-8.78267699610031,11.1021961495688,0.));
#1974=CARTESIAN_POINT('Ctrl Pts',(-8.80470884691701,11.1361246435795,0.));
#1975=CARTESIAN_POINT('Ctrl Pts',(-8.83019349629008,11.1799562791629,0.));
#1976=CARTESIAN_POINT('Ctrl Pts',(-8.85420405999663,11.2248171864078,0.));
#1977=CARTESIAN_POINT('Ctrl Pts',(-8.87731093921144,11.2703208700051,0.));
#1978=CARTESIAN_POINT('Ctrl Pts',(-8.89992809081004,11.3161831361286,0.));
#1979=CARTESIAN_POINT('Ctrl Pts',(-8.92220401336789,11.3622948295959,0.));
#1980=CARTESIAN_POINT('Ctrl Pts',(-8.94411434444758,11.4086611707649,0.));
#1981=CARTESIAN_POINT('Ctrl Pts',(-8.96553189252468,11.4553560463027,0.));
#1982=CARTESIAN_POINT('Ctrl Pts',(-8.98630110830926,11.5024733064665,0.));
#1983=CARTESIAN_POINT('Ctrl Pts',(-9.00632035490116,11.550073040208,0.));
#1984=CARTESIAN_POINT('Ctrl Pts',(-9.02558934700973,11.5981504760255,0.));
#1985=CARTESIAN_POINT('Ctrl Pts',(-9.04416657190271,11.6466634226977,0.));
#1986=CARTESIAN_POINT('Ctrl Pts',(-9.06214335398528,11.6955488778949,0.));
#1987=CARTESIAN_POINT('Ctrl Pts',(-9.07961355717007,11.7447424941944,0.));
#1988=CARTESIAN_POINT('Ctrl Pts',(-9.09663988729252,11.7942002091973,0.));
#1989=CARTESIAN_POINT('Ctrl Pts',(-9.1132403941446,11.8439068978606,0.));
#1990=CARTESIAN_POINT('Ctrl Pts',(-9.12940705023471,11.8938643971115,0.));
#1991=CARTESIAN_POINT('Ctrl Pts',(-9.14511700088791,11.9440842440071,0.));
#1992=CARTESIAN_POINT('Ctrl Pts',(-9.16034570448302,11.9945791996098,0.));
#1993=CARTESIAN_POINT('Ctrl Pts',(-9.17508182929894,12.045353640487,0.));
#1994=CARTESIAN_POINT('Ctrl Pts',(-9.18933138097091,12.0964008877434,0.));
#1995=CARTESIAN_POINT('Ctrl Pts',(-9.2031099977595,12.1477081575214,0.));
#1996=CARTESIAN_POINT('Ctrl Pts',(-9.2164382707851,12.1992595632743,0.));
#1997=CARTESIAN_POINT('Ctrl Pts',(-9.22933629849424,12.2510396120404,0.));
#1998=CARTESIAN_POINT('Ctrl Pts',(-9.24181744221678,12.3030372144381,0.));
#1999=CARTESIAN_POINT('Ctrl Pts',(-9.25388721805434,12.3552463913181,0.));
#2000=CARTESIAN_POINT('Ctrl Pts',(-9.26554654435996,12.4076641790295,0.));
#2001=CARTESIAN_POINT('Ctrl Pts',(-9.27679381227511,12.4602892920259,0.));
#2002=CARTESIAN_POINT('Ctrl Pts',(-9.28762724130341,12.5131206026383,0.));
#2003=CARTESIAN_POINT('Ctrl Pts',(-9.29804760632806,12.5661553818136,0.));
#2004=CARTESIAN_POINT('Ctrl Pts',(-9.30805860526174,12.6193890597342,0.));
#2005=CARTESIAN_POINT('Ctrl Pts',(-9.317665521637,12.6728160847753,0.));
#2006=CARTESIAN_POINT('Ctrl Pts',(-9.32687436559188,12.7264304748913,0.));
#2007=CARTESIAN_POINT('Ctrl Pts',(-9.33569090418322,12.7802264403626,0.));
#2008=CARTESIAN_POINT('Ctrl Pts',(-9.34411953665894,12.8341991075078,0.));
#2009=CARTESIAN_POINT('Ctrl Pts',(-9.3521631770473,12.8883445910727,0.));
#2010=CARTESIAN_POINT('Ctrl Pts',(-9.35982382918392,12.9426596192372,0.));
#2011=CARTESIAN_POINT('Ctrl Pts',(-9.36710297011343,12.997141282828,0.));
#2012=CARTESIAN_POINT('Ctrl Pts',(-9.3740019783545,13.0517867562965,0.));
#2013=CARTESIAN_POINT('Ctrl Pts',(-9.38052263561146,13.1065929707669,0.));
#2014=CARTESIAN_POINT('Ctrl Pts',(-9.38666719715584,13.1615565699689,0.));
#2015=CARTESIAN_POINT('Ctrl Pts',(-9.39243814965752,13.2166740708212,0.));
#2016=CARTESIAN_POINT('Ctrl Pts',(-9.39783805871351,13.2719419664259,0.));
#2017=CARTESIAN_POINT('Ctrl Pts',(-9.40286939668955,13.3273568410651,0.));
#2018=CARTESIAN_POINT('Ctrl Pts',(-9.40753434609704,13.3829155050772,0.));
#2019=CARTESIAN_POINT('Ctrl Pts',(-9.41183476590384,13.4386150106551,0.));
#2020=CARTESIAN_POINT('Ctrl Pts',(-9.41577229786529,13.4944525666723,0.));
#2021=CARTESIAN_POINT('Ctrl Pts',(-9.41934843770669,13.5504254787902,0.));
#2022=CARTESIAN_POINT('Ctrl Pts',(-9.42256461635326,13.6065310851117,0.));
#2023=CARTESIAN_POINT('Ctrl Pts',(-9.42542229617396,13.6627666761667,0.));
#2024=CARTESIAN_POINT('Ctrl Pts',(-9.42792299843102,13.719129484938,0.));
#2025=CARTESIAN_POINT('Ctrl Pts',(-9.43006825402713,13.7756167521516,0.));
#2026=CARTESIAN_POINT('Ctrl Pts',(-9.43185957633995,13.8322257735297,0.));
#2027=CARTESIAN_POINT('Ctrl Pts',(-9.43329842974696,13.8889539469221,0.));
#2028=CARTESIAN_POINT('Ctrl Pts',(-9.43438619745643,13.9457988347051,0.));
#2029=CARTESIAN_POINT('Ctrl Pts',(-9.43512417022331,14.0027581626583,0.));
#2030=CARTESIAN_POINT('Ctrl Pts',(-9.43551356856401,14.0598297226082,0.));
#2031=CARTESIAN_POINT('Ctrl Pts',(-9.43555555974461,14.1170112930516,0.));
#2032=CARTESIAN_POINT('Ctrl Pts',(-9.43525127788411,14.1743005609907,0.));
#2033=CARTESIAN_POINT('Ctrl Pts',(-9.43460184876214,14.2316950201965,0.));
#2034=CARTESIAN_POINT('Ctrl Pts',(-9.43360840380852,14.2891919498472,0.));
#2035=CARTESIAN_POINT('Ctrl Pts',(-9.43227206161925,14.3467886013451,0.));
#2036=CARTESIAN_POINT('Ctrl Pts',(-9.43059391837369,14.4044823469319,0.));
#2037=CARTESIAN_POINT('Ctrl Pts',(-9.42857503608772,14.4622708377713,0.));
#2038=CARTESIAN_POINT('Ctrl Pts',(-9.42621643687008,14.5201521695336,0.));
#2039=CARTESIAN_POINT('Ctrl Pts',(-9.42351908942183,14.5781250091583,0.));
#2040=CARTESIAN_POINT('Ctrl Pts',(-9.42048384566631,14.6361884807726,0.));
#2041=CARTESIAN_POINT('Ctrl Pts',(-9.41778587719792,14.6827113605944,0.));
#2042=CARTESIAN_POINT('Ctrl Pts',(-9.41561085603747,14.7176439753793,0.));
#2043=CARTESIAN_POINT('Ctrl Pts',(-9.4140935110622,14.7409503592586,0.));
#2044=CARTESIAN_POINT('Ctrl Pts',(-9.41331800585689,14.7526080447022,0.));
#2045=CARTESIAN_POINT('',(-8.0694743358583,15.5284765493246,0.));
#2046=CARTESIAN_POINT('Origin',(-8.99280649946377E-14,1.55759977597069E-13,
0.));
#2047=CARTESIAN_POINT('',(-5.19938856814701,13.101387650486,0.));
#2048=CARTESIAN_POINT('Ctrl Pts',(-5.19938856814701,13.101387650486,0.));
#2049=CARTESIAN_POINT('Ctrl Pts',(-5.20313240506179,13.1108030336495,0.));
#2050=CARTESIAN_POINT('Ctrl Pts',(-5.21090986602477,13.129495529139,0.));
#2051=CARTESIAN_POINT('Ctrl Pts',(-5.22344540527423,13.1571194666405,0.));
#2052=CARTESIAN_POINT('Ctrl Pts',(-5.24181241759123,13.1931638561455,0.));
#2053=CARTESIAN_POINT('Ctrl Pts',(-5.26702940280938,13.2371500277008,0.));
#2054=CARTESIAN_POINT('Ctrl Pts',(-5.293874806267,13.2803742394523,0.));
#2055=CARTESIAN_POINT('Ctrl Pts',(-5.32172871262061,13.3231372256531,0.));
#2056=CARTESIAN_POINT('Ctrl Pts',(-5.35013802435942,13.3656553865605,0.));
#2057=CARTESIAN_POINT('Ctrl Pts',(-5.37893396103472,13.408002748122,0.));
#2058=CARTESIAN_POINT('Ctrl Pts',(-5.40813322482775,13.4501608220269,0.));
#2059=CARTESIAN_POINT('Ctrl Pts',(-5.43786339923144,13.4920564005173,0.));
#2060=CARTESIAN_POINT('Ctrl Pts',(-5.46828353559778,13.5336016990853,0.));
#2061=CARTESIAN_POINT('Ctrl Pts',(-5.49949649093528,13.5747387420693,0.));
#2062=CARTESIAN_POINT('Ctrl Pts',(-5.53149827564783,13.6154648966494,0.));
#2063=CARTESIAN_POINT('Ctrl Pts',(-5.56422310743184,13.6558097186746,0.));
#2064=CARTESIAN_POINT('Ctrl Pts',(-5.59757076246697,13.695820796235,0.));
#2065=CARTESIAN_POINT('Ctrl Pts',(-5.63143858229395,13.7355472441521,0.));
#2066=CARTESIAN_POINT('Ctrl Pts',(-5.66575705483834,13.7750213360728,0.));
#2067=CARTESIAN_POINT('Ctrl Pts',(-5.70050405653275,13.814251141054,0.));
#2068=CARTESIAN_POINT('Ctrl Pts',(-5.73568519194851,13.8532306255478,0.));
#2069=CARTESIAN_POINT('Ctrl Pts',(-5.77132187980766,13.8919457653534,0.));
#2070=CARTESIAN_POINT('Ctrl Pts',(-5.80743744232501,13.9303816873349,0.));
#2071=CARTESIAN_POINT('Ctrl Pts',(-5.84404133557969,13.9685307662174,0.));
#2072=CARTESIAN_POINT('Ctrl Pts',(-5.88112477266094,14.006394863586,0.));
#2073=CARTESIAN_POINT('Ctrl Pts',(-5.91866886329327,14.043981130643,0.));
#2074=CARTESIAN_POINT('Ctrl Pts',(-5.95664955376323,14.0812994565481,0.));
#2075=CARTESIAN_POINT('Ctrl Pts',(-5.99504337754933,14.1183595005861,0.));
#2076=CARTESIAN_POINT('Ctrl Pts',(-6.03383405030034,14.1551672893169,0.));
#2077=CARTESIAN_POINT('Ctrl Pts',(-6.0730136358703,14.1917246102502,0.));
#2078=CARTESIAN_POINT('Ctrl Pts',(-6.11257910848579,14.2280307768776,0.));
#2079=CARTESIAN_POINT('Ctrl Pts',(-6.15253015926011,14.2640837531135,0.));
#2080=CARTESIAN_POINT('Ctrl Pts',(-6.19286670185148,14.2998814331683,0.));
#2081=CARTESIAN_POINT('Ctrl Pts',(-6.23358598538912,14.335423123584,0.));
#2082=CARTESIAN_POINT('Ctrl Pts',(-6.27468220333837,14.3707097419381,0.));
#2083=CARTESIAN_POINT('Ctrl Pts',(-6.31614790608495,14.4057430880917,0.));
#2084=CARTESIAN_POINT('Ctrl Pts',(-6.35797490795641,14.4405253759541,0.));
#2085=CARTESIAN_POINT('Ctrl Pts',(-6.40015531137993,14.4750587050833,0.));
#2086=CARTESIAN_POINT('Ctrl Pts',(-6.44268269599982,14.509344448499,0.));
#2087=CARTESIAN_POINT('Ctrl Pts',(-6.48555224007311,14.5433831871967,0.));
#2088=CARTESIAN_POINT('Ctrl Pts',(-6.52876010820249,14.5771750206388,0.));
#2089=CARTESIAN_POINT('Ctrl Pts',(-6.57230304244785,14.6107197733969,0.));
#2090=CARTESIAN_POINT('Ctrl Pts',(-6.6161779065528,14.6440172265288,0.));
#2091=CARTESIAN_POINT('Ctrl Pts',(-6.66038115194095,14.6770673885979,0.));
#2092=CARTESIAN_POINT('Ctrl Pts',(-6.70490874436112,14.7098705345915,0.));
#2093=CARTESIAN_POINT('Ctrl Pts',(-6.74975642404154,14.7424270764881,0.));
#2094=CARTESIAN_POINT('Ctrl Pts',(-6.79491987112086,14.7747374827111,0.));
#2095=CARTESIAN_POINT('Ctrl Pts',(-6.84039489131794,14.806802186533,0.));
#2096=CARTESIAN_POINT('Ctrl Pts',(-6.88617763104895,14.8386214832332,0.));
#2097=CARTESIAN_POINT('Ctrl Pts',(-6.93226460795426,14.8701955088218,0.));
#2098=CARTESIAN_POINT('Ctrl Pts',(-6.97865258396972,14.9015242895373,0.));
#2099=CARTESIAN_POINT('Ctrl Pts',(-7.02533847786692,14.9326077735464,0.));
#2100=CARTESIAN_POINT('Ctrl Pts',(-7.07231926891271,14.9634458691181,0.));
#2101=CARTESIAN_POINT('Ctrl Pts',(-7.11959187945289,14.9940384879663,0.));
#2102=CARTESIAN_POINT('Ctrl Pts',(-7.16715315254889,15.0243855640338,0.));
#2103=CARTESIAN_POINT('Ctrl Pts',(-7.21499993314817,15.0544870434844,0.));
#2104=CARTESIAN_POINT('Ctrl Pts',(-7.26312912258865,15.0843428848028,0.));
#2105=CARTESIAN_POINT('Ctrl Pts',(-7.31153773515321,15.1139530551018,0.));
#2106=CARTESIAN_POINT('Ctrl Pts',(-7.36022296819386,15.1433175334631,0.));
#2107=CARTESIAN_POINT('Ctrl Pts',(-7.40918220680039,15.1724363006031,0.));
#2108=CARTESIAN_POINT('Ctrl Pts',(-7.45841292838026,15.2013093094333,0.));
#2109=CARTESIAN_POINT('Ctrl Pts',(-7.50791262542215,15.2299364600841,0.));
#2110=CARTESIAN_POINT('Ctrl Pts',(-7.55767872775188,15.2583175782326,0.));
#2111=CARTESIAN_POINT('Ctrl Pts',(-7.60770850202162,15.2864523857179,0.));
#2112=CARTESIAN_POINT('Ctrl Pts',(-7.6579990262155,15.3143405019761,0.));
#2113=CARTESIAN_POINT('Ctrl Pts',(-7.70854736068021,15.341981521441,0.));
#2114=CARTESIAN_POINT('Ctrl Pts',(-7.75935068162071,15.3693750795526,0.));
#2115=CARTESIAN_POINT('Ctrl Pts',(-7.81040642387694,15.3965209216254,0.));
#2116=CARTESIAN_POINT('Ctrl Pts',(-7.86171242719677,15.4234189806667,0.));
#2117=CARTESIAN_POINT('Ctrl Pts',(-7.9132670527654,15.450069429066,0.));
#2118=CARTESIAN_POINT('Ctrl Pts',(-7.96506911609313,15.4764725666743,0.));
#2119=CARTESIAN_POINT('Ctrl Pts',(-8.00670809611014,15.4973974973529,0.));
#2120=CARTESIAN_POINT('Ctrl Pts',(-8.03804813851471,15.5129801811666,0.));
#2121=CARTESIAN_POINT('Ctrl Pts',(-8.05899073151218,15.5233193138114,0.));
#2122=CARTESIAN_POINT('Ctrl Pts',(-8.0694743358583,15.5284765493246,0.));
#2123=CARTESIAN_POINT('',(-4.7613243230426,11.9996989787366,0.));
#2124=CARTESIAN_POINT('',(-4.4027733723203,11.0979784547035,0.));
#2125=CARTESIAN_POINT('',(-3.53615752542493,11.4139813647728,0.));
#2126=CARTESIAN_POINT('Origin',(-3.8320901004446,12.3691901958889,0.));
#2127=CARTESIAN_POINT('',(-2.64458843358489,11.6528765829279,0.));
#2128=CARTESIAN_POINT('Origin',(0.,0.,0.));
#2129=CARTESIAN_POINT('',(-1.87642166995668,12.7727063148734,0.));
#2130=CARTESIAN_POINT('Origin',(-2.86590772136858,12.6280779841035,0.));
#2131=CARTESIAN_POINT('',(-2.0478912410813,13.9458288142221,0.));
#2132=CARTESIAN_POINT('',(-1.73607563981669,11.8125179585857,0.));
#2133=CARTESIAN_POINT('',(-0.775868504622464,17.4827923417152,0.));
#2134=CARTESIAN_POINT('Ctrl Pts',(-2.0478912410813,13.9458288142221,0.));
#2135=CARTESIAN_POINT('Ctrl Pts',(-2.04935667478723,13.9558546936855,0.));
#2136=CARTESIAN_POINT('Ctrl Pts',(-2.05196744376108,13.975931600121,0.));
#2137=CARTESIAN_POINT('Ctrl Pts',(-2.05492331707166,14.0061224013745,0.));
#2138=CARTESIAN_POINT('Ctrl Pts',(-2.057039212566,14.0465212645082,0.));
#2139=CARTESIAN_POINT('Ctrl Pts',(-2.05719374853789,14.0972228990995,0.));
#2140=CARTESIAN_POINT('Ctrl Pts',(-2.05555705304451,14.1480788662636,0.));
#2141=CARTESIAN_POINT('Ctrl Pts',(-2.05281635564806,14.199039651832,0.));
#2142=CARTESIAN_POINT('Ctrl Pts',(-2.04947225043193,14.2500661151694,0.));
#2143=CARTESIAN_POINT('Ctrl Pts',(-2.0457079185261,14.3011379744026,0.));
#2144=CARTESIAN_POINT('Ctrl Pts',(-2.04149965126195,14.3522475692753,0.));
#2145=CARTESIAN_POINT('Ctrl Pts',(-2.03670035421462,14.4033952917561,0.));
#2146=CARTESIAN_POINT('Ctrl Pts',(-2.03112839261881,14.454584643907,0.));
#2147=CARTESIAN_POINT('Ctrl Pts',(-2.0246657018613,14.5058168458364,0.));
#2148=CARTESIAN_POINT('Ctrl Pts',(-2.01731442062386,14.5570876226576,0.));
#2149=CARTESIAN_POINT('Ctrl Pts',(-2.00914629597694,14.6083896793346,0.));
#2150=CARTESIAN_POINT('Ctrl Pts',(-2.0002719183401,14.6597141164522,0.));
#2151=CARTESIAN_POINT('Ctrl Pts',(-1.99080474995766,14.711052139464,0.));
#2152=CARTESIAN_POINT('Ctrl Pts',(-1.98082112687549,14.7623969421309,0.));
#2153=CARTESIAN_POINT('Ctrl Pts',(-1.97034424319342,14.8137444506773,0.));
#2154=CARTESIAN_POINT('Ctrl Pts',(-1.95936622843626,14.8650922421832,0.));
#2155=CARTESIAN_POINT('Ctrl Pts',(-1.94786152134633,14.9164388806956,0.));
#2156=CARTESIAN_POINT('Ctrl Pts',(-1.93580248772505,14.967783146808,0.));
#2157=CARTESIAN_POINT('Ctrl Pts',(-1.92317712573035,15.0191231648786,0.));
#2158=CARTESIAN_POINT('Ctrl Pts',(-1.90999397584267,15.0704561536318,0.));
#2159=CARTESIAN_POINT('Ctrl Pts',(-1.89627297312156,15.1217788610528,0.));
#2160=CARTESIAN_POINT('Ctrl Pts',(-1.88203989327388,15.1730878245483,0.));
#2161=CARTESIAN_POINT('Ctrl Pts',(-1.86731988854565,15.2243796760436,0.));
#2162=CARTESIAN_POINT('Ctrl Pts',(-1.85213007487881,15.2756514925171,0.));
#2163=CARTESIAN_POINT('Ctrl Pts',(-1.83647821893213,15.3269008539246,0.));
#2164=CARTESIAN_POINT('Ctrl Pts',(-1.82036659784808,15.3781256528457,0.));
#2165=CARTESIAN_POINT('Ctrl Pts',(-1.80379446108758,15.4293239715352,0.));
#2166=CARTESIAN_POINT('Ctrl Pts',(-1.78676083053,15.4804939431549,0.));
#2167=CARTESIAN_POINT('Ctrl Pts',(-1.76926774177037,15.5316335917172,0.));
#2168=CARTESIAN_POINT('Ctrl Pts',(-1.75132068220392,15.5827408086001,0.));
#2169=CARTESIAN_POINT('Ctrl Pts',(-1.73292700331638,15.6338134277219,0.));
#2170=CARTESIAN_POINT('Ctrl Pts',(-1.71409490106277,15.6848492735483,0.));
#2171=CARTESIAN_POINT('Ctrl Pts',(-1.69483226472071,15.7358462155631,0.));
#2172=CARTESIAN_POINT('Ctrl Pts',(-1.67514534099124,15.7868022326587,0.));
#2173=CARTESIAN_POINT('Ctrl Pts',(-1.65503859612398,15.8377154171204,0.));
#2174=CARTESIAN_POINT('Ctrl Pts',(-1.63451540140162,15.8885839373864,0.));
#2175=CARTESIAN_POINT('Ctrl Pts',(-1.61357849056887,15.9394060125613,0.));
#2176=CARTESIAN_POINT('Ctrl Pts',(-1.59223047023235,15.9901798849073,0.));
#2177=CARTESIAN_POINT('Ctrl Pts',(-1.57047441783104,16.0409037875524,0.));
#2178=CARTESIAN_POINT('Ctrl Pts',(-1.54831396462259,16.091575941517,0.));
#2179=CARTESIAN_POINT('Ctrl Pts',(-1.52575300566689,16.142194573699,0.));
#2180=CARTESIAN_POINT('Ctrl Pts',(-1.5027955162852,16.1927579298344,0.));
#2181=CARTESIAN_POINT('Ctrl Pts',(-1.47944534546785,16.2432642880075,0.));
#2182=CARTESIAN_POINT('Ctrl Pts',(-1.45570597815609,16.293711977146,0.));
#2183=CARTESIAN_POINT('Ctrl Pts',(-1.43158049816676,16.3440993738581,0.));
#2184=CARTESIAN_POINT('Ctrl Pts',(-1.40707172286495,16.394424881835,0.));
#2185=CARTESIAN_POINT('Ctrl Pts',(-1.38218229475614,16.4446869155736,0.));
#2186=CARTESIAN_POINT('Ctrl Pts',(-1.35691478400647,16.494883885266,0.));
#2187=CARTESIAN_POINT('Ctrl Pts',(-1.33127181179954,16.5450141756268,0.));
#2188=CARTESIAN_POINT('Ctrl Pts',(-1.30525607909584,16.5950761509799,0.));
#2189=CARTESIAN_POINT('Ctrl Pts',(-1.27887029133288,16.6450681871753,0.));
#2190=CARTESIAN_POINT('Ctrl Pts',(-1.25211711127306,16.6949886989286,0.));
#2191=CARTESIAN_POINT('Ctrl Pts',(-1.22499910817968,16.7448361649002,0.));
#2192=CARTESIAN_POINT('Ctrl Pts',(-1.19751869875798,16.7946091656503,0.));
#2193=CARTESIAN_POINT('Ctrl Pts',(-1.16967813794479,16.8443063770237,0.));
#2194=CARTESIAN_POINT('Ctrl Pts',(-1.14147958682508,16.8939264969443,0.));
#2195=CARTESIAN_POINT('Ctrl Pts',(-1.11292516703255,16.9434681851668,0.));
#2196=CARTESIAN_POINT('Ctrl Pts',(-1.0840170172419,16.992930005636,0.));
#2197=CARTESIAN_POINT('Ctrl Pts',(-1.05475736552138,17.0423103507837,0.));
#2198=CARTESIAN_POINT('Ctrl Pts',(-1.02514855212895,17.091607430024,0.));
#2199=CARTESIAN_POINT('Ctrl Pts',(-0.995192920095969,17.1408194222995,0.));
#2200=CARTESIAN_POINT('Ctrl Pts',(-0.964892732620677,17.1899445999944,0.));
#2201=CARTESIAN_POINT('Ctrl Pts',(-0.9342500838541,17.2389814599646,0.));
#2202=CARTESIAN_POINT('Ctrl Pts',(-0.903266811133138,17.2879288640668,0.));
#2203=CARTESIAN_POINT('Ctrl Pts',(-0.871944419907775,17.3367861421872,0.));
#2204=CARTESIAN_POINT('Ctrl Pts',(-0.840284085901621,17.3855529617594,0.));
#2205=CARTESIAN_POINT('Ctrl Pts',(-0.814686136758532,17.424493973308,0.));
#2206=CARTESIAN_POINT('Ctrl Pts',(-0.795336205787365,17.4536589945522,0.));
#2207=CARTESIAN_POINT('Ctrl Pts',(-0.78236895455282,17.4730842425744,0.));
#2208=CARTESIAN_POINT('Ctrl Pts',(-0.775868504622464,17.4827923417152,0.));
#2209=CARTESIAN_POINT('',(0.775868504622458,17.4827923417152,0.));
#2210=CARTESIAN_POINT('Origin',(-4.73316543132607E-29,1.79856129989275E-13,
0.));
#2211=CARTESIAN_POINT('',(2.0478912410813,13.9458288142221,0.));
#2212=CARTESIAN_POINT('Ctrl Pts',(2.0478912410813,13.9458288142221,0.));
#2213=CARTESIAN_POINT('Ctrl Pts',(2.04935667478722,13.9558546936855,0.));
#2214=CARTESIAN_POINT('Ctrl Pts',(2.05196744376108,13.975931600121,0.));
#2215=CARTESIAN_POINT('Ctrl Pts',(2.05492331707165,14.0061224013745,0.));
#2216=CARTESIAN_POINT('Ctrl Pts',(2.05703921256599,14.0465212645082,0.));
#2217=CARTESIAN_POINT('Ctrl Pts',(2.05719374853789,14.0972228990995,0.));
#2218=CARTESIAN_POINT('Ctrl Pts',(2.0555570530445,14.1480788662636,0.));
#2219=CARTESIAN_POINT('Ctrl Pts',(2.05281635564806,14.199039651832,0.));
#2220=CARTESIAN_POINT('Ctrl Pts',(2.04947225043192,14.2500661151695,0.));
#2221=CARTESIAN_POINT('Ctrl Pts',(2.04570791852609,14.3011379744026,0.));
#2222=CARTESIAN_POINT('Ctrl Pts',(2.04149965126194,14.3522475692753,0.));
#2223=CARTESIAN_POINT('Ctrl Pts',(2.03670035421461,14.4033952917561,0.));
#2224=CARTESIAN_POINT('Ctrl Pts',(2.0311283926188,14.454584643907,0.));
#2225=CARTESIAN_POINT('Ctrl Pts',(2.0246657018613,14.5058168458364,0.));
#2226=CARTESIAN_POINT('Ctrl Pts',(2.01731442062386,14.5570876226576,0.));
#2227=CARTESIAN_POINT('Ctrl Pts',(2.00914629597693,14.6083896793346,0.));
#2228=CARTESIAN_POINT('Ctrl Pts',(2.00027191834009,14.6597141164522,0.));
#2229=CARTESIAN_POINT('Ctrl Pts',(1.99080474995765,14.711052139464,0.));
#2230=CARTESIAN_POINT('Ctrl Pts',(1.98082112687548,14.7623969421309,0.));
#2231=CARTESIAN_POINT('Ctrl Pts',(1.97034424319341,14.8137444506773,0.));
#2232=CARTESIAN_POINT('Ctrl Pts',(1.95936622843625,14.8650922421832,0.));
#2233=CARTESIAN_POINT('Ctrl Pts',(1.94786152134632,14.9164388806956,0.));
#2234=CARTESIAN_POINT('Ctrl Pts',(1.93580248772504,14.967783146808,0.));
#2235=CARTESIAN_POINT('Ctrl Pts',(1.92317712573035,15.0191231648786,0.));
#2236=CARTESIAN_POINT('Ctrl Pts',(1.90999397584266,15.0704561536318,0.));
#2237=CARTESIAN_POINT('Ctrl Pts',(1.89627297312156,15.1217788610528,0.));
#2238=CARTESIAN_POINT('Ctrl Pts',(1.88203989327388,15.1730878245483,0.));
#2239=CARTESIAN_POINT('Ctrl Pts',(1.86731988854564,15.2243796760436,0.));
#2240=CARTESIAN_POINT('Ctrl Pts',(1.8521300748788,15.2756514925171,0.));
#2241=CARTESIAN_POINT('Ctrl Pts',(1.83647821893213,15.3269008539246,0.));
#2242=CARTESIAN_POINT('Ctrl Pts',(1.82036659784808,15.3781256528457,0.));
#2243=CARTESIAN_POINT('Ctrl Pts',(1.80379446108757,15.4293239715352,0.));
#2244=CARTESIAN_POINT('Ctrl Pts',(1.78676083053,15.4804939431549,0.));
#2245=CARTESIAN_POINT('Ctrl Pts',(1.76926774177037,15.5316335917172,0.));
#2246=CARTESIAN_POINT('Ctrl Pts',(1.75132068220391,15.5827408086001,0.));
#2247=CARTESIAN_POINT('Ctrl Pts',(1.73292700331637,15.6338134277219,0.));
#2248=CARTESIAN_POINT('Ctrl Pts',(1.71409490106277,15.6848492735483,0.));
#2249=CARTESIAN_POINT('Ctrl Pts',(1.6948322647207,15.7358462155631,0.));
#2250=CARTESIAN_POINT('Ctrl Pts',(1.67514534099124,15.7868022326588,0.));
#2251=CARTESIAN_POINT('Ctrl Pts',(1.65503859612397,15.8377154171204,0.));
#2252=CARTESIAN_POINT('Ctrl Pts',(1.63451540140161,15.8885839373864,0.));
#2253=CARTESIAN_POINT('Ctrl Pts',(1.61357849056887,15.9394060125613,0.));
#2254=CARTESIAN_POINT('Ctrl Pts',(1.59223047023234,15.9901798849073,0.));
#2255=CARTESIAN_POINT('Ctrl Pts',(1.57047441783103,16.0409037875524,0.));
#2256=CARTESIAN_POINT('Ctrl Pts',(1.54831396462258,16.091575941517,0.));
#2257=CARTESIAN_POINT('Ctrl Pts',(1.52575300566689,16.142194573699,0.));
#2258=CARTESIAN_POINT('Ctrl Pts',(1.50279551628519,16.1927579298344,0.));
#2259=CARTESIAN_POINT('Ctrl Pts',(1.47944534546785,16.2432642880075,0.));
#2260=CARTESIAN_POINT('Ctrl Pts',(1.45570597815608,16.293711977146,0.));
#2261=CARTESIAN_POINT('Ctrl Pts',(1.43158049816675,16.3440993738581,0.));
#2262=CARTESIAN_POINT('Ctrl Pts',(1.40707172286494,16.394424881835,0.));
#2263=CARTESIAN_POINT('Ctrl Pts',(1.38218229475614,16.4446869155736,0.));
#2264=CARTESIAN_POINT('Ctrl Pts',(1.35691478400646,16.494883885266,0.));
#2265=CARTESIAN_POINT('Ctrl Pts',(1.33127181179953,16.5450141756268,0.));
#2266=CARTESIAN_POINT('Ctrl Pts',(1.30525607909583,16.5950761509799,0.));
#2267=CARTESIAN_POINT('Ctrl Pts',(1.27887029133288,16.6450681871753,0.));
#2268=CARTESIAN_POINT('Ctrl Pts',(1.25211711127305,16.6949886989286,0.));
#2269=CARTESIAN_POINT('Ctrl Pts',(1.22499910817967,16.7448361649002,0.));
#2270=CARTESIAN_POINT('Ctrl Pts',(1.19751869875797,16.7946091656503,0.));
#2271=CARTESIAN_POINT('Ctrl Pts',(1.16967813794478,16.8443063770237,0.));
#2272=CARTESIAN_POINT('Ctrl Pts',(1.14147958682507,16.8939264969443,0.));
#2273=CARTESIAN_POINT('Ctrl Pts',(1.11292516703255,16.9434681851668,0.));
#2274=CARTESIAN_POINT('Ctrl Pts',(1.0840170172419,16.992930005636,0.));
#2275=CARTESIAN_POINT('Ctrl Pts',(1.05475736552138,17.0423103507838,0.));
#2276=CARTESIAN_POINT('Ctrl Pts',(1.02514855212895,17.091607430024,0.));
#2277=CARTESIAN_POINT('Ctrl Pts',(0.995192920095962,17.1408194222995,0.));
#2278=CARTESIAN_POINT('Ctrl Pts',(0.96489273262067,17.1899445999944,0.));
#2279=CARTESIAN_POINT('Ctrl Pts',(0.934250083854093,17.2389814599646,0.));
#2280=CARTESIAN_POINT('Ctrl Pts',(0.90326681113313,17.2879288640668,0.));
#2281=CARTESIAN_POINT('Ctrl Pts',(0.871944419907769,17.3367861421872,0.));
#2282=CARTESIAN_POINT('Ctrl Pts',(0.840284085901616,17.3855529617594,0.));
#2283=CARTESIAN_POINT('Ctrl Pts',(0.814686136758526,17.424493973308,0.));
#2284=CARTESIAN_POINT('Ctrl Pts',(0.795336205787359,17.4536589945522,0.));
#2285=CARTESIAN_POINT('Ctrl Pts',(0.782368954552812,17.4730842425744,0.));
#2286=CARTESIAN_POINT('Ctrl Pts',(0.775868504622458,17.4827923417152,0.));
#2287=CARTESIAN_POINT('',(1.87642166995667,12.7727063148734,0.));
#2288=CARTESIAN_POINT('',(1.73607563981668,11.8125179585857,0.));
#2289=CARTESIAN_POINT('',(2.64458843358489,11.6528765829279,0.));
#2290=CARTESIAN_POINT('Origin',(2.86590772136858,12.6280779841035,0.));
#2291=CARTESIAN_POINT('',(3.53615752542493,11.4139813647728,0.));
#2292=CARTESIAN_POINT('Origin',(0.,0.,0.));
#2293=CARTESIAN_POINT('',(4.7613243230426,11.9996989787366,0.));
#2294=CARTESIAN_POINT('Origin',(3.83209010044459,12.3691901958889,0.));
#2295=CARTESIAN_POINT('',(5.19938856814701,13.101387650486,0.));
#2296=CARTESIAN_POINT('',(4.4027733723203,11.0979784547035,0.));
#2297=CARTESIAN_POINT('',(8.06947433585829,15.5284765493246,0.));
#2298=CARTESIAN_POINT('Ctrl Pts',(5.19938856814701,13.101387650486,0.));
#2299=CARTESIAN_POINT('Ctrl Pts',(5.20313240506178,13.1108030336495,0.));
#2300=CARTESIAN_POINT('Ctrl Pts',(5.21090986602477,13.129495529139,0.));
#2301=CARTESIAN_POINT('Ctrl Pts',(5.22344540527422,13.1571194666405,0.));
#2302=CARTESIAN_POINT('Ctrl Pts',(5.24181241759123,13.1931638561455,0.));
#2303=CARTESIAN_POINT('Ctrl Pts',(5.26702940280938,13.2371500277008,0.));
#2304=CARTESIAN_POINT('Ctrl Pts',(5.293874806267,13.2803742394523,0.));
#2305=CARTESIAN_POINT('Ctrl Pts',(5.32172871262061,13.3231372256531,0.));
#2306=CARTESIAN_POINT('Ctrl Pts',(5.35013802435941,13.3656553865605,0.));
#2307=CARTESIAN_POINT('Ctrl Pts',(5.37893396103472,13.408002748122,0.));
#2308=CARTESIAN_POINT('Ctrl Pts',(5.40813322482774,13.4501608220269,0.));
#2309=CARTESIAN_POINT('Ctrl Pts',(5.43786339923144,13.4920564005173,0.));
#2310=CARTESIAN_POINT('Ctrl Pts',(5.46828353559777,13.5336016990853,0.));
#2311=CARTESIAN_POINT('Ctrl Pts',(5.49949649093528,13.5747387420693,0.));
#2312=CARTESIAN_POINT('Ctrl Pts',(5.53149827564783,13.6154648966494,0.));
#2313=CARTESIAN_POINT('Ctrl Pts',(5.56422310743184,13.6558097186746,0.));
#2314=CARTESIAN_POINT('Ctrl Pts',(5.59757076246696,13.695820796235,0.));
#2315=CARTESIAN_POINT('Ctrl Pts',(5.63143858229395,13.7355472441521,0.));
#2316=CARTESIAN_POINT('Ctrl Pts',(5.66575705483833,13.7750213360728,0.));
#2317=CARTESIAN_POINT('Ctrl Pts',(5.70050405653275,13.814251141054,0.));
#2318=CARTESIAN_POINT('Ctrl Pts',(5.73568519194851,13.8532306255478,0.));
#2319=CARTESIAN_POINT('Ctrl Pts',(5.77132187980766,13.8919457653534,0.));
#2320=CARTESIAN_POINT('Ctrl Pts',(5.80743744232501,13.9303816873349,0.));
#2321=CARTESIAN_POINT('Ctrl Pts',(5.84404133557968,13.9685307662174,0.));
#2322=CARTESIAN_POINT('Ctrl Pts',(5.88112477266093,14.006394863586,0.));
#2323=CARTESIAN_POINT('Ctrl Pts',(5.91866886329326,14.043981130643,0.));
#2324=CARTESIAN_POINT('Ctrl Pts',(5.95664955376322,14.0812994565481,0.));
#2325=CARTESIAN_POINT('Ctrl Pts',(5.99504337754933,14.1183595005861,0.));
#2326=CARTESIAN_POINT('Ctrl Pts',(6.03383405030034,14.1551672893169,0.));
#2327=CARTESIAN_POINT('Ctrl Pts',(6.07301363587029,14.1917246102502,0.));
#2328=CARTESIAN_POINT('Ctrl Pts',(6.11257910848578,14.2280307768776,0.));
#2329=CARTESIAN_POINT('Ctrl Pts',(6.1525301592601,14.2640837531135,0.));
#2330=CARTESIAN_POINT('Ctrl Pts',(6.19286670185148,14.2998814331683,0.));
#2331=CARTESIAN_POINT('Ctrl Pts',(6.23358598538912,14.335423123584,0.));
#2332=CARTESIAN_POINT('Ctrl Pts',(6.27468220333836,14.3707097419381,0.));
#2333=CARTESIAN_POINT('Ctrl Pts',(6.31614790608494,14.4057430880917,0.));
#2334=CARTESIAN_POINT('Ctrl Pts',(6.3579749079564,14.4405253759541,0.));
#2335=CARTESIAN_POINT('Ctrl Pts',(6.40015531137992,14.4750587050833,0.));
#2336=CARTESIAN_POINT('Ctrl Pts',(6.44268269599981,14.509344448499,0.));
#2337=CARTESIAN_POINT('Ctrl Pts',(6.4855522400731,14.5433831871967,0.));
#2338=CARTESIAN_POINT('Ctrl Pts',(6.52876010820249,14.5771750206388,0.));
#2339=CARTESIAN_POINT('Ctrl Pts',(6.57230304244785,14.6107197733969,0.));
#2340=CARTESIAN_POINT('Ctrl Pts',(6.61617790655279,14.6440172265288,0.));
#2341=CARTESIAN_POINT('Ctrl Pts',(6.66038115194095,14.6770673885979,0.));
#2342=CARTESIAN_POINT('Ctrl Pts',(6.70490874436112,14.7098705345915,0.));
#2343=CARTESIAN_POINT('Ctrl Pts',(6.74975642404153,14.7424270764881,0.));
#2344=CARTESIAN_POINT('Ctrl Pts',(6.79491987112085,14.7747374827111,0.));
#2345=CARTESIAN_POINT('Ctrl Pts',(6.84039489131793,14.806802186533,0.));
#2346=CARTESIAN_POINT('Ctrl Pts',(6.88617763104895,14.8386214832332,0.));
#2347=CARTESIAN_POINT('Ctrl Pts',(6.93226460795425,14.8701955088218,0.));
#2348=CARTESIAN_POINT('Ctrl Pts',(6.97865258396972,14.9015242895373,0.));
#2349=CARTESIAN_POINT('Ctrl Pts',(7.02533847786691,14.9326077735464,0.));
#2350=CARTESIAN_POINT('Ctrl Pts',(7.07231926891271,14.9634458691181,0.));
#2351=CARTESIAN_POINT('Ctrl Pts',(7.11959187945288,14.9940384879663,0.));
#2352=CARTESIAN_POINT('Ctrl Pts',(7.16715315254888,15.0243855640338,0.));
#2353=CARTESIAN_POINT('Ctrl Pts',(7.21499993314816,15.0544870434844,0.));
#2354=CARTESIAN_POINT('Ctrl Pts',(7.26312912258864,15.0843428848028,0.));
#2355=CARTESIAN_POINT('Ctrl Pts',(7.3115377351532,15.1139530551018,0.));
#2356=CARTESIAN_POINT('Ctrl Pts',(7.36022296819385,15.1433175334631,0.));
#2357=CARTESIAN_POINT('Ctrl Pts',(7.40918220680038,15.1724363006031,0.));
#2358=CARTESIAN_POINT('Ctrl Pts',(7.45841292838025,15.2013093094333,0.));
#2359=CARTESIAN_POINT('Ctrl Pts',(7.50791262542215,15.2299364600841,0.));
#2360=CARTESIAN_POINT('Ctrl Pts',(7.55767872775187,15.2583175782326,0.));
#2361=CARTESIAN_POINT('Ctrl Pts',(7.60770850202161,15.2864523857179,0.));
#2362=CARTESIAN_POINT('Ctrl Pts',(7.65799902621549,15.3143405019761,0.));
#2363=CARTESIAN_POINT('Ctrl Pts',(7.70854736068021,15.341981521441,0.));
#2364=CARTESIAN_POINT('Ctrl Pts',(7.75935068162071,15.3693750795526,0.));
#2365=CARTESIAN_POINT('Ctrl Pts',(7.81040642387693,15.3965209216254,0.));
#2366=CARTESIAN_POINT('Ctrl Pts',(7.86171242719676,15.4234189806667,0.));
#2367=CARTESIAN_POINT('Ctrl Pts',(7.91326705276539,15.450069429066,0.));
#2368=CARTESIAN_POINT('Ctrl Pts',(7.96506911609313,15.4764725666743,0.));
#2369=CARTESIAN_POINT('Ctrl Pts',(8.00670809611013,15.4973974973529,0.));
#2370=CARTESIAN_POINT('Ctrl Pts',(8.0380481385147,15.5129801811666,0.));
#2371=CARTESIAN_POINT('Ctrl Pts',(8.05899073151217,15.5233193138114,0.));
#2372=CARTESIAN_POINT('Ctrl Pts',(8.06947433585829,15.5284765493246,0.));
#2373=CARTESIAN_POINT('',(9.41331800585688,14.7526080447022,0.));
#2374=CARTESIAN_POINT('Origin',(8.99280649946377E-14,1.55759977597069E-13,
0.));
#2375=CARTESIAN_POINT('',(8.7464402460751,11.0534964094047,0.));
#2376=CARTESIAN_POINT('Ctrl Pts',(8.7464402460751,11.0534964094047,0.));
#2377=CARTESIAN_POINT('Ctrl Pts',(8.75272228862367,11.0614463588623,0.));
#2378=CARTESIAN_POINT('Ctrl Pts',(8.76502173409619,11.0775280853779,0.));
#2379=CARTESIAN_POINT('Ctrl Pts',(8.78267699610031,11.1021961495688,0.));
#2380=CARTESIAN_POINT('Ctrl Pts',(8.80470884691701,11.1361246435795,0.));
#2381=CARTESIAN_POINT('Ctrl Pts',(8.83019349629008,11.1799562791629,0.));
#2382=CARTESIAN_POINT('Ctrl Pts',(8.85420405999663,11.2248171864078,0.));
#2383=CARTESIAN_POINT('Ctrl Pts',(8.87731093921144,11.2703208700051,0.));
#2384=CARTESIAN_POINT('Ctrl Pts',(8.89992809081003,11.3161831361286,0.));
#2385=CARTESIAN_POINT('Ctrl Pts',(8.92220401336789,11.3622948295959,0.));
#2386=CARTESIAN_POINT('Ctrl Pts',(8.94411434444758,11.4086611707649,0.));
#2387=CARTESIAN_POINT('Ctrl Pts',(8.96553189252468,11.4553560463027,0.));
#2388=CARTESIAN_POINT('Ctrl Pts',(8.98630110830926,11.5024733064665,0.));
#2389=CARTESIAN_POINT('Ctrl Pts',(9.00632035490115,11.550073040208,0.));
#2390=CARTESIAN_POINT('Ctrl Pts',(9.02558934700972,11.5981504760255,0.));
#2391=CARTESIAN_POINT('Ctrl Pts',(9.04416657190271,11.6466634226977,0.));
#2392=CARTESIAN_POINT('Ctrl Pts',(9.06214335398527,11.6955488778949,0.));
#2393=CARTESIAN_POINT('Ctrl Pts',(9.07961355717006,11.7447424941944,0.));
#2394=CARTESIAN_POINT('Ctrl Pts',(9.09663988729252,11.7942002091973,0.));
#2395=CARTESIAN_POINT('Ctrl Pts',(9.11324039414459,11.8439068978606,0.));
#2396=CARTESIAN_POINT('Ctrl Pts',(9.12940705023471,11.8938643971115,0.));
#2397=CARTESIAN_POINT('Ctrl Pts',(9.14511700088791,11.9440842440071,0.));
#2398=CARTESIAN_POINT('Ctrl Pts',(9.16034570448301,11.9945791996098,0.));
#2399=CARTESIAN_POINT('Ctrl Pts',(9.17508182929893,12.045353640487,0.));
#2400=CARTESIAN_POINT('Ctrl Pts',(9.18933138097091,12.0964008877434,0.));
#2401=CARTESIAN_POINT('Ctrl Pts',(9.20310999775949,12.1477081575214,0.));
#2402=CARTESIAN_POINT('Ctrl Pts',(9.21643827078509,12.1992595632743,0.));
#2403=CARTESIAN_POINT('Ctrl Pts',(9.22933629849423,12.2510396120404,0.));
#2404=CARTESIAN_POINT('Ctrl Pts',(9.24181744221677,12.3030372144381,0.));
#2405=CARTESIAN_POINT('Ctrl Pts',(9.25388721805434,12.3552463913181,0.));
#2406=CARTESIAN_POINT('Ctrl Pts',(9.26554654435996,12.4076641790295,0.));
#2407=CARTESIAN_POINT('Ctrl Pts',(9.27679381227511,12.4602892920259,0.));
#2408=CARTESIAN_POINT('Ctrl Pts',(9.2876272413034,12.5131206026383,0.));
#2409=CARTESIAN_POINT('Ctrl Pts',(9.29804760632805,12.5661553818136,0.));
#2410=CARTESIAN_POINT('Ctrl Pts',(9.30805860526173,12.6193890597342,0.));
#2411=CARTESIAN_POINT('Ctrl Pts',(9.31766552163699,12.6728160847753,0.));
#2412=CARTESIAN_POINT('Ctrl Pts',(9.32687436559188,12.7264304748913,0.));
#2413=CARTESIAN_POINT('Ctrl Pts',(9.33569090418322,12.7802264403626,0.));
#2414=CARTESIAN_POINT('Ctrl Pts',(9.34411953665893,12.8341991075078,0.));
#2415=CARTESIAN_POINT('Ctrl Pts',(9.3521631770473,12.8883445910727,0.));
#2416=CARTESIAN_POINT('Ctrl Pts',(9.35982382918392,12.9426596192372,0.));
#2417=CARTESIAN_POINT('Ctrl Pts',(9.36710297011343,12.9971412828281,0.));
#2418=CARTESIAN_POINT('Ctrl Pts',(9.3740019783545,13.0517867562965,0.));
#2419=CARTESIAN_POINT('Ctrl Pts',(9.38052263561145,13.1065929707669,0.));
#2420=CARTESIAN_POINT('Ctrl Pts',(9.38666719715584,13.1615565699689,0.));
#2421=CARTESIAN_POINT('Ctrl Pts',(9.39243814965751,13.2166740708212,0.));
#2422=CARTESIAN_POINT('Ctrl Pts',(9.39783805871351,13.2719419664259,0.));
#2423=CARTESIAN_POINT('Ctrl Pts',(9.40286939668954,13.3273568410651,0.));
#2424=CARTESIAN_POINT('Ctrl Pts',(9.40753434609704,13.3829155050772,0.));
#2425=CARTESIAN_POINT('Ctrl Pts',(9.41183476590384,13.4386150106551,0.));
#2426=CARTESIAN_POINT('Ctrl Pts',(9.41577229786528,13.4944525666723,0.));
#2427=CARTESIAN_POINT('Ctrl Pts',(9.41934843770668,13.5504254787902,0.));
#2428=CARTESIAN_POINT('Ctrl Pts',(9.42256461635325,13.6065310851117,0.));
#2429=CARTESIAN_POINT('Ctrl Pts',(9.42542229617396,13.6627666761667,0.));
#2430=CARTESIAN_POINT('Ctrl Pts',(9.42792299843101,13.719129484938,0.));
#2431=CARTESIAN_POINT('Ctrl Pts',(9.43006825402712,13.7756167521516,0.));
#2432=CARTESIAN_POINT('Ctrl Pts',(9.43185957633994,13.8322257735297,0.));
#2433=CARTESIAN_POINT('Ctrl Pts',(9.43329842974696,13.8889539469221,0.));
#2434=CARTESIAN_POINT('Ctrl Pts',(9.43438619745643,13.9457988347051,0.));
#2435=CARTESIAN_POINT('Ctrl Pts',(9.4351241702233,14.0027581626584,0.));
#2436=CARTESIAN_POINT('Ctrl Pts',(9.43551356856401,14.0598297226082,0.));
#2437=CARTESIAN_POINT('Ctrl Pts',(9.43555555974461,14.1170112930516,0.));
#2438=CARTESIAN_POINT('Ctrl Pts',(9.43525127788411,14.1743005609907,0.));
#2439=CARTESIAN_POINT('Ctrl Pts',(9.43460184876214,14.2316950201965,0.));
#2440=CARTESIAN_POINT('Ctrl Pts',(9.43360840380851,14.2891919498472,0.));
#2441=CARTESIAN_POINT('Ctrl Pts',(9.43227206161925,14.3467886013451,0.));
#2442=CARTESIAN_POINT('Ctrl Pts',(9.43059391837368,14.4044823469319,0.));
#2443=CARTESIAN_POINT('Ctrl Pts',(9.42857503608771,14.4622708377713,0.));
#2444=CARTESIAN_POINT('Ctrl Pts',(9.42621643687007,14.5201521695336,0.));
#2445=CARTESIAN_POINT('Ctrl Pts',(9.42351908942182,14.5781250091583,0.));
#2446=CARTESIAN_POINT('Ctrl Pts',(9.4204838456663,14.6361884807726,0.));
#2447=CARTESIAN_POINT('Ctrl Pts',(9.41778587719791,14.6827113605944,0.));
#2448=CARTESIAN_POINT('Ctrl Pts',(9.41561085603747,14.7176439753793,0.));
#2449=CARTESIAN_POINT('Ctrl Pts',(9.41409351106219,14.7409503592586,0.));
#2450=CARTESIAN_POINT('Ctrl Pts',(9.41331800585689,14.7526080447022,0.));
#2451=CARTESIAN_POINT('',(8.0113819918308,10.1232773087799,0.));
#2452=CARTESIAN_POINT('',(7.40974458626544,9.36190281488681,0.));
#2453=CARTESIAN_POINT('',(8.11671905750295,8.76939293118791,0.));
#2454=CARTESIAN_POINT('Origin',(8.79598788365892,9.50328247452034,0.));
#2455=CARTESIAN_POINT('',(8.76939293118791,8.11671905750295,0.));
#2456=CARTESIAN_POINT('Origin',(0.,0.,0.));
#2457=CARTESIAN_POINT('',(10.1232773087799,8.0113819918308,0.));
#2458=CARTESIAN_POINT('Origin',(9.50328247452034,8.79598788365892,0.));
#2459=CARTESIAN_POINT('',(11.0534964094047,8.7464402460751,0.));
#2460=CARTESIAN_POINT('',(9.3619028148868,7.40974458626544,0.));
#2461=CARTESIAN_POINT('',(14.7526080447021,9.41331800585689,0.));
#2462=CARTESIAN_POINT('Ctrl Pts',(11.0534964094047,8.7464402460751,0.));
#2463=CARTESIAN_POINT('Ctrl Pts',(11.0614463588623,8.75272228862367,0.));
#2464=CARTESIAN_POINT('Ctrl Pts',(11.0775280853779,8.76502173409619,0.));
#2465=CARTESIAN_POINT('Ctrl Pts',(11.1021961495688,8.78267699610031,0.));
#2466=CARTESIAN_POINT('Ctrl Pts',(11.1361246435795,8.80470884691701,0.));
#2467=CARTESIAN_POINT('Ctrl Pts',(11.1799562791629,8.83019349629008,0.));
#2468=CARTESIAN_POINT('Ctrl Pts',(11.2248171864078,8.85420405999663,0.));
#2469=CARTESIAN_POINT('Ctrl Pts',(11.2703208700051,8.87731093921144,0.));
#2470=CARTESIAN_POINT('Ctrl Pts',(11.3161831361286,8.89992809081003,0.));
#2471=CARTESIAN_POINT('Ctrl Pts',(11.3622948295959,8.92220401336789,0.));
#2472=CARTESIAN_POINT('Ctrl Pts',(11.4086611707649,8.94411434444758,0.));
#2473=CARTESIAN_POINT('Ctrl Pts',(11.4553560463027,8.96553189252468,0.));
#2474=CARTESIAN_POINT('Ctrl Pts',(11.5024733064665,8.98630110830926,0.));
#2475=CARTESIAN_POINT('Ctrl Pts',(11.550073040208,9.00632035490116,0.));
#2476=CARTESIAN_POINT('Ctrl Pts',(11.5981504760255,9.02558934700972,0.));
#2477=CARTESIAN_POINT('Ctrl Pts',(11.6466634226977,9.04416657190271,0.));
#2478=CARTESIAN_POINT('Ctrl Pts',(11.6955488778949,9.06214335398528,0.));
#2479=CARTESIAN_POINT('Ctrl Pts',(11.7447424941944,9.07961355717006,0.));
#2480=CARTESIAN_POINT('Ctrl Pts',(11.7942002091973,9.09663988729252,0.));
#2481=CARTESIAN_POINT('Ctrl Pts',(11.8439068978606,9.11324039414459,0.));
#2482=CARTESIAN_POINT('Ctrl Pts',(11.8938643971115,9.12940705023471,0.));
#2483=CARTESIAN_POINT('Ctrl Pts',(11.9440842440071,9.14511700088791,0.));
#2484=CARTESIAN_POINT('Ctrl Pts',(11.9945791996098,9.16034570448301,0.));
#2485=CARTESIAN_POINT('Ctrl Pts',(12.045353640487,9.17508182929893,0.));
#2486=CARTESIAN_POINT('Ctrl Pts',(12.0964008877434,9.18933138097091,0.));
#2487=CARTESIAN_POINT('Ctrl Pts',(12.1477081575214,9.2031099977595,0.));
#2488=CARTESIAN_POINT('Ctrl Pts',(12.1992595632743,9.21643827078509,0.));
#2489=CARTESIAN_POINT('Ctrl Pts',(12.2510396120404,9.22933629849424,0.));
#2490=CARTESIAN_POINT('Ctrl Pts',(12.3030372144381,9.24181744221678,0.));
#2491=CARTESIAN_POINT('Ctrl Pts',(12.3552463913181,9.25388721805434,0.));
#2492=CARTESIAN_POINT('Ctrl Pts',(12.4076641790295,9.26554654435996,0.));
#2493=CARTESIAN_POINT('Ctrl Pts',(12.4602892920259,9.27679381227511,0.));
#2494=CARTESIAN_POINT('Ctrl Pts',(12.5131206026383,9.2876272413034,0.));
#2495=CARTESIAN_POINT('Ctrl Pts',(12.5661553818136,9.29804760632805,0.));
#2496=CARTESIAN_POINT('Ctrl Pts',(12.6193890597342,9.30805860526174,0.));
#2497=CARTESIAN_POINT('Ctrl Pts',(12.6728160847753,9.317665521637,0.));
#2498=CARTESIAN_POINT('Ctrl Pts',(12.7264304748913,9.32687436559188,0.));
#2499=CARTESIAN_POINT('Ctrl Pts',(12.7802264403625,9.33569090418322,0.));
#2500=CARTESIAN_POINT('Ctrl Pts',(12.8341991075077,9.34411953665894,0.));
#2501=CARTESIAN_POINT('Ctrl Pts',(12.8883445910727,9.3521631770473,0.));
#2502=CARTESIAN_POINT('Ctrl Pts',(12.9426596192372,9.35982382918392,0.));
#2503=CARTESIAN_POINT('Ctrl Pts',(12.997141282828,9.36710297011343,0.));
#2504=CARTESIAN_POINT('Ctrl Pts',(13.0517867562965,9.3740019783545,0.));
#2505=CARTESIAN_POINT('Ctrl Pts',(13.1065929707669,9.38052263561145,0.));
#2506=CARTESIAN_POINT('Ctrl Pts',(13.1615565699689,9.38666719715584,0.));
#2507=CARTESIAN_POINT('Ctrl Pts',(13.2166740708212,9.39243814965751,0.));
#2508=CARTESIAN_POINT('Ctrl Pts',(13.2719419664259,9.39783805871351,0.));
#2509=CARTESIAN_POINT('Ctrl Pts',(13.3273568410651,9.40286939668955,0.));
#2510=CARTESIAN_POINT('Ctrl Pts',(13.3829155050772,9.40753434609704,0.));
#2511=CARTESIAN_POINT('Ctrl Pts',(13.4386150106551,9.41183476590384,0.));
#2512=CARTESIAN_POINT('Ctrl Pts',(13.4944525666723,9.41577229786528,0.));
#2513=CARTESIAN_POINT('Ctrl Pts',(13.5504254787902,9.41934843770669,0.));
#2514=CARTESIAN_POINT('Ctrl Pts',(13.6065310851117,9.42256461635326,0.));
#2515=CARTESIAN_POINT('Ctrl Pts',(13.6627666761667,9.42542229617396,0.));
#2516=CARTESIAN_POINT('Ctrl Pts',(13.719129484938,9.42792299843101,0.));
#2517=CARTESIAN_POINT('Ctrl Pts',(13.7756167521516,9.43006825402713,0.));
#2518=CARTESIAN_POINT('Ctrl Pts',(13.8322257735297,9.43185957633994,0.));
#2519=CARTESIAN_POINT('Ctrl Pts',(13.8889539469221,9.43329842974696,0.));
#2520=CARTESIAN_POINT('Ctrl Pts',(13.9457988347051,9.43438619745643,0.));
#2521=CARTESIAN_POINT('Ctrl Pts',(14.0027581626583,9.43512417022331,0.));
#2522=CARTESIAN_POINT('Ctrl Pts',(14.0598297226082,9.43551356856401,0.));
#2523=CARTESIAN_POINT('Ctrl Pts',(14.1170112930516,9.43555555974461,0.));
#2524=CARTESIAN_POINT('Ctrl Pts',(14.1743005609907,9.43525127788411,0.));
#2525=CARTESIAN_POINT('Ctrl Pts',(14.2316950201965,9.43460184876214,0.));
#2526=CARTESIAN_POINT('Ctrl Pts',(14.2891919498472,9.43360840380851,0.));
#2527=CARTESIAN_POINT('Ctrl Pts',(14.3467886013451,9.43227206161925,0.));
#2528=CARTESIAN_POINT('Ctrl Pts',(14.4044823469319,9.43059391837369,0.));
#2529=CARTESIAN_POINT('Ctrl Pts',(14.4622708377713,9.42857503608771,0.));
#2530=CARTESIAN_POINT('Ctrl Pts',(14.5201521695336,9.42621643687007,0.));
#2531=CARTESIAN_POINT('Ctrl Pts',(14.5781250091583,9.42351908942183,0.));
#2532=CARTESIAN_POINT('Ctrl Pts',(14.6361884807726,9.4204838456663,0.));
#2533=CARTESIAN_POINT('Ctrl Pts',(14.6827113605944,9.41778587719791,0.));
#2534=CARTESIAN_POINT('Ctrl Pts',(14.7176439753793,9.41561085603747,0.));
#2535=CARTESIAN_POINT('Ctrl Pts',(14.7409503592586,9.4140935110622,0.));
#2536=CARTESIAN_POINT('Ctrl Pts',(14.7526080447022,9.41331800585689,0.));
#2537=CARTESIAN_POINT('',(15.5284765493246,8.0694743358583,0.));
#2538=CARTESIAN_POINT('Origin',(1.55759977597069E-13,8.99280649946377E-14,
0.));
#2539=CARTESIAN_POINT('',(13.101387650486,5.19938856814701,0.));
#2540=CARTESIAN_POINT('Ctrl Pts',(13.101387650486,5.19938856814701,0.));
#2541=CARTESIAN_POINT('Ctrl Pts',(13.1108030336495,5.20313240506179,0.));
#2542=CARTESIAN_POINT('Ctrl Pts',(13.129495529139,5.21090986602477,0.));
#2543=CARTESIAN_POINT('Ctrl Pts',(13.1571194666405,5.22344540527423,0.));
#2544=CARTESIAN_POINT('Ctrl Pts',(13.1931638561455,5.24181241759123,0.));
#2545=CARTESIAN_POINT('Ctrl Pts',(13.2371500277008,5.26702940280938,0.));
#2546=CARTESIAN_POINT('Ctrl Pts',(13.2803742394523,5.293874806267,0.));
#2547=CARTESIAN_POINT('Ctrl Pts',(13.3231372256531,5.32172871262061,0.));
#2548=CARTESIAN_POINT('Ctrl Pts',(13.3656553865605,5.35013802435942,0.));
#2549=CARTESIAN_POINT('Ctrl Pts',(13.408002748122,5.37893396103472,0.));
#2550=CARTESIAN_POINT('Ctrl Pts',(13.4501608220269,5.40813322482774,0.));
#2551=CARTESIAN_POINT('Ctrl Pts',(13.4920564005173,5.43786339923144,0.));
#2552=CARTESIAN_POINT('Ctrl Pts',(13.5336016990853,5.46828353559777,0.));
#2553=CARTESIAN_POINT('Ctrl Pts',(13.5747387420693,5.49949649093528,0.));
#2554=CARTESIAN_POINT('Ctrl Pts',(13.6154648966494,5.53149827564783,0.));
#2555=CARTESIAN_POINT('Ctrl Pts',(13.6558097186746,5.56422310743184,0.));
#2556=CARTESIAN_POINT('Ctrl Pts',(13.695820796235,5.59757076246697,0.));
#2557=CARTESIAN_POINT('Ctrl Pts',(13.7355472441521,5.63143858229395,0.));
#2558=CARTESIAN_POINT('Ctrl Pts',(13.7750213360728,5.66575705483834,0.));
#2559=CARTESIAN_POINT('Ctrl Pts',(13.814251141054,5.70050405653275,0.));
#2560=CARTESIAN_POINT('Ctrl Pts',(13.8532306255478,5.73568519194851,0.));
#2561=CARTESIAN_POINT('Ctrl Pts',(13.8919457653534,5.77132187980766,0.));
#2562=CARTESIAN_POINT('Ctrl Pts',(13.9303816873349,5.80743744232501,0.));
#2563=CARTESIAN_POINT('Ctrl Pts',(13.9685307662174,5.84404133557969,0.));
#2564=CARTESIAN_POINT('Ctrl Pts',(14.006394863586,5.88112477266093,0.));
#2565=CARTESIAN_POINT('Ctrl Pts',(14.043981130643,5.91866886329326,0.));
#2566=CARTESIAN_POINT('Ctrl Pts',(14.0812994565481,5.95664955376322,0.));
#2567=CARTESIAN_POINT('Ctrl Pts',(14.118359500586,5.99504337754933,0.));
#2568=CARTESIAN_POINT('Ctrl Pts',(14.1551672893169,6.03383405030034,0.));
#2569=CARTESIAN_POINT('Ctrl Pts',(14.1917246102502,6.07301363587029,0.));
#2570=CARTESIAN_POINT('Ctrl Pts',(14.2280307768776,6.11257910848578,0.));
#2571=CARTESIAN_POINT('Ctrl Pts',(14.2640837531135,6.15253015926011,0.));
#2572=CARTESIAN_POINT('Ctrl Pts',(14.2998814331683,6.19286670185148,0.));
#2573=CARTESIAN_POINT('Ctrl Pts',(14.335423123584,6.23358598538912,0.));
#2574=CARTESIAN_POINT('Ctrl Pts',(14.3707097419381,6.27468220333837,0.));
#2575=CARTESIAN_POINT('Ctrl Pts',(14.4057430880917,6.31614790608495,0.));
#2576=CARTESIAN_POINT('Ctrl Pts',(14.4405253759541,6.35797490795641,0.));
#2577=CARTESIAN_POINT('Ctrl Pts',(14.4750587050833,6.40015531137993,0.));
#2578=CARTESIAN_POINT('Ctrl Pts',(14.509344448499,6.44268269599982,0.));
#2579=CARTESIAN_POINT('Ctrl Pts',(14.5433831871967,6.48555224007311,0.));
#2580=CARTESIAN_POINT('Ctrl Pts',(14.5771750206388,6.52876010820249,0.));
#2581=CARTESIAN_POINT('Ctrl Pts',(14.6107197733969,6.57230304244785,0.));
#2582=CARTESIAN_POINT('Ctrl Pts',(14.6440172265288,6.6161779065528,0.));
#2583=CARTESIAN_POINT('Ctrl Pts',(14.6770673885979,6.66038115194095,0.));
#2584=CARTESIAN_POINT('Ctrl Pts',(14.7098705345915,6.70490874436112,0.));
#2585=CARTESIAN_POINT('Ctrl Pts',(14.7424270764881,6.74975642404153,0.));
#2586=CARTESIAN_POINT('Ctrl Pts',(14.7747374827111,6.79491987112085,0.));
#2587=CARTESIAN_POINT('Ctrl Pts',(14.806802186533,6.84039489131794,0.));
#2588=CARTESIAN_POINT('Ctrl Pts',(14.8386214832332,6.88617763104895,0.));
#2589=CARTESIAN_POINT('Ctrl Pts',(14.8701955088218,6.93226460795425,0.));
#2590=CARTESIAN_POINT('Ctrl Pts',(14.9015242895373,6.97865258396972,0.));
#2591=CARTESIAN_POINT('Ctrl Pts',(14.9326077735464,7.02533847786691,0.));
#2592=CARTESIAN_POINT('Ctrl Pts',(14.9634458691181,7.07231926891271,0.));
#2593=CARTESIAN_POINT('Ctrl Pts',(14.9940384879663,7.11959187945289,0.));
#2594=CARTESIAN_POINT('Ctrl Pts',(15.0243855640338,7.16715315254888,0.));
#2595=CARTESIAN_POINT('Ctrl Pts',(15.0544870434844,7.21499993314817,0.));
#2596=CARTESIAN_POINT('Ctrl Pts',(15.0843428848028,7.26312912258864,0.));
#2597=CARTESIAN_POINT('Ctrl Pts',(15.1139530551018,7.3115377351532,0.));
#2598=CARTESIAN_POINT('Ctrl Pts',(15.1433175334631,7.36022296819386,0.));
#2599=CARTESIAN_POINT('Ctrl Pts',(15.1724363006031,7.40918220680039,0.));
#2600=CARTESIAN_POINT('Ctrl Pts',(15.2013093094333,7.45841292838025,0.));
#2601=CARTESIAN_POINT('Ctrl Pts',(15.2299364600841,7.50791262542215,0.));
#2602=CARTESIAN_POINT('Ctrl Pts',(15.2583175782326,7.55767872775187,0.));
#2603=CARTESIAN_POINT('Ctrl Pts',(15.2864523857179,7.60770850202161,0.));
#2604=CARTESIAN_POINT('Ctrl Pts',(15.3143405019761,7.65799902621549,0.));
#2605=CARTESIAN_POINT('Ctrl Pts',(15.341981521441,7.70854736068021,0.));
#2606=CARTESIAN_POINT('Ctrl Pts',(15.3693750795526,7.75935068162071,0.));
#2607=CARTESIAN_POINT('Ctrl Pts',(15.3965209216254,7.81040642387693,0.));
#2608=CARTESIAN_POINT('Ctrl Pts',(15.4234189806667,7.86171242719677,0.));
#2609=CARTESIAN_POINT('Ctrl Pts',(15.450069429066,7.9132670527654,0.));
#2610=CARTESIAN_POINT('Ctrl Pts',(15.4764725666743,7.96506911609313,0.));
#2611=CARTESIAN_POINT('Ctrl Pts',(15.4973974973529,8.00670809611014,0.));
#2612=CARTESIAN_POINT('Ctrl Pts',(15.5129801811666,8.03804813851471,0.));
#2613=CARTESIAN_POINT('Ctrl Pts',(15.5233193138114,8.05899073151217,0.));
#2614=CARTESIAN_POINT('Ctrl Pts',(15.5284765493246,8.0694743358583,0.));
#2615=CARTESIAN_POINT('',(11.9996989787366,4.7613243230426,0.));
#2616=CARTESIAN_POINT('',(11.0979784547035,4.4027733723203,0.));
#2617=CARTESIAN_POINT('',(11.4139813647728,3.53615752542493,0.));
#2618=CARTESIAN_POINT('Origin',(12.3691901958889,3.83209010044459,0.));
#2619=CARTESIAN_POINT('',(11.6528765829279,2.64458843358489,0.));
#2620=CARTESIAN_POINT('Origin',(0.,0.,0.));
#2621=CARTESIAN_POINT('',(12.7727063148734,1.87642166995668,0.));
#2622=CARTESIAN_POINT('Origin',(12.6280779841035,2.86590772136858,0.));
#2623=CARTESIAN_POINT('',(13.9458288142221,2.0478912410813,0.));
#2624=CARTESIAN_POINT('',(11.8125179585857,1.73607563981668,0.));
#2625=CARTESIAN_POINT('',(17.4827923417152,0.775868504622461,0.));
#2626=CARTESIAN_POINT('Ctrl Pts',(13.9458288142221,2.0478912410813,0.));
#2627=CARTESIAN_POINT('Ctrl Pts',(13.9558546936855,2.04935667478723,0.));
#2628=CARTESIAN_POINT('Ctrl Pts',(13.975931600121,2.05196744376108,0.));
#2629=CARTESIAN_POINT('Ctrl Pts',(14.0061224013745,2.05492331707166,0.));
#2630=CARTESIAN_POINT('Ctrl Pts',(14.0465212645082,2.057039212566,0.));
#2631=CARTESIAN_POINT('Ctrl Pts',(14.0972228990995,2.05719374853789,0.));
#2632=CARTESIAN_POINT('Ctrl Pts',(14.1480788662636,2.0555570530445,0.));
#2633=CARTESIAN_POINT('Ctrl Pts',(14.199039651832,2.05281635564806,0.));
#2634=CARTESIAN_POINT('Ctrl Pts',(14.2500661151694,2.04947225043192,0.));
#2635=CARTESIAN_POINT('Ctrl Pts',(14.3011379744026,2.0457079185261,0.));
#2636=CARTESIAN_POINT('Ctrl Pts',(14.3522475692753,2.04149965126194,0.));
#2637=CARTESIAN_POINT('Ctrl Pts',(14.4033952917561,2.03670035421461,0.));
#2638=CARTESIAN_POINT('Ctrl Pts',(14.454584643907,2.03112839261881,0.));
#2639=CARTESIAN_POINT('Ctrl Pts',(14.5058168458364,2.0246657018613,0.));
#2640=CARTESIAN_POINT('Ctrl Pts',(14.5570876226576,2.01731442062386,0.));
#2641=CARTESIAN_POINT('Ctrl Pts',(14.6083896793345,2.00914629597693,0.));
#2642=CARTESIAN_POINT('Ctrl Pts',(14.6597141164522,2.0002719183401,0.));
#2643=CARTESIAN_POINT('Ctrl Pts',(14.711052139464,1.99080474995765,0.));
#2644=CARTESIAN_POINT('Ctrl Pts',(14.7623969421309,1.98082112687549,0.));
#2645=CARTESIAN_POINT('Ctrl Pts',(14.8137444506773,1.97034424319341,0.));
#2646=CARTESIAN_POINT('Ctrl Pts',(14.8650922421832,1.95936622843625,0.));
#2647=CARTESIAN_POINT('Ctrl Pts',(14.9164388806956,1.94786152134633,0.));
#2648=CARTESIAN_POINT('Ctrl Pts',(14.967783146808,1.93580248772505,0.));
#2649=CARTESIAN_POINT('Ctrl Pts',(15.0191231648786,1.92317712573035,0.));
#2650=CARTESIAN_POINT('Ctrl Pts',(15.0704561536318,1.90999397584266,0.));
#2651=CARTESIAN_POINT('Ctrl Pts',(15.1217788610528,1.89627297312156,0.));
#2652=CARTESIAN_POINT('Ctrl Pts',(15.1730878245483,1.88203989327388,0.));
#2653=CARTESIAN_POINT('Ctrl Pts',(15.2243796760436,1.86731988854564,0.));
#2654=CARTESIAN_POINT('Ctrl Pts',(15.2756514925171,1.8521300748788,0.));
#2655=CARTESIAN_POINT('Ctrl Pts',(15.3269008539246,1.83647821893213,0.));
#2656=CARTESIAN_POINT('Ctrl Pts',(15.3781256528457,1.82036659784808,0.));
#2657=CARTESIAN_POINT('Ctrl Pts',(15.4293239715352,1.80379446108758,0.));
#2658=CARTESIAN_POINT('Ctrl Pts',(15.4804939431549,1.78676083053,0.));
#2659=CARTESIAN_POINT('Ctrl Pts',(15.5316335917172,1.76926774177037,0.));
#2660=CARTESIAN_POINT('Ctrl Pts',(15.5827408086001,1.75132068220392,0.));
#2661=CARTESIAN_POINT('Ctrl Pts',(15.6338134277219,1.73292700331638,0.));
#2662=CARTESIAN_POINT('Ctrl Pts',(15.6848492735483,1.71409490106277,0.));
#2663=CARTESIAN_POINT('Ctrl Pts',(15.7358462155631,1.69483226472071,0.));
#2664=CARTESIAN_POINT('Ctrl Pts',(15.7868022326587,1.67514534099124,0.));
#2665=CARTESIAN_POINT('Ctrl Pts',(15.8377154171204,1.65503859612397,0.));
#2666=CARTESIAN_POINT('Ctrl Pts',(15.8885839373864,1.63451540140161,0.));
#2667=CARTESIAN_POINT('Ctrl Pts',(15.9394060125613,1.61357849056887,0.));
#2668=CARTESIAN_POINT('Ctrl Pts',(15.9901798849073,1.59223047023234,0.));
#2669=CARTESIAN_POINT('Ctrl Pts',(16.0409037875524,1.57047441783103,0.));
#2670=CARTESIAN_POINT('Ctrl Pts',(16.091575941517,1.54831396462259,0.));
#2671=CARTESIAN_POINT('Ctrl Pts',(16.142194573699,1.52575300566689,0.));
#2672=CARTESIAN_POINT('Ctrl Pts',(16.1927579298344,1.50279551628519,0.));
#2673=CARTESIAN_POINT('Ctrl Pts',(16.2432642880075,1.47944534546785,0.));
#2674=CARTESIAN_POINT('Ctrl Pts',(16.293711977146,1.45570597815609,0.));
#2675=CARTESIAN_POINT('Ctrl Pts',(16.3440993738581,1.43158049816676,0.));
#2676=CARTESIAN_POINT('Ctrl Pts',(16.394424881835,1.40707172286495,0.));
#2677=CARTESIAN_POINT('Ctrl Pts',(16.4446869155736,1.38218229475614,0.));
#2678=CARTESIAN_POINT('Ctrl Pts',(16.494883885266,1.35691478400646,0.));
#2679=CARTESIAN_POINT('Ctrl Pts',(16.5450141756268,1.33127181179954,0.));
#2680=CARTESIAN_POINT('Ctrl Pts',(16.5950761509799,1.30525607909584,0.));
#2681=CARTESIAN_POINT('Ctrl Pts',(16.6450681871753,1.27887029133288,0.));
#2682=CARTESIAN_POINT('Ctrl Pts',(16.6949886989286,1.25211711127305,0.));
#2683=CARTESIAN_POINT('Ctrl Pts',(16.7448361649002,1.22499910817967,0.));
#2684=CARTESIAN_POINT('Ctrl Pts',(16.7946091656503,1.19751869875797,0.));
#2685=CARTESIAN_POINT('Ctrl Pts',(16.8443063770237,1.16967813794478,0.));
#2686=CARTESIAN_POINT('Ctrl Pts',(16.8939264969443,1.14147958682507,0.));
#2687=CARTESIAN_POINT('Ctrl Pts',(16.9434681851668,1.11292516703255,0.));
#2688=CARTESIAN_POINT('Ctrl Pts',(16.992930005636,1.0840170172419,0.));
#2689=CARTESIAN_POINT('Ctrl Pts',(17.0423103507837,1.05475736552138,0.));
#2690=CARTESIAN_POINT('Ctrl Pts',(17.091607430024,1.02514855212895,0.));
#2691=CARTESIAN_POINT('Ctrl Pts',(17.1408194222995,0.995192920095965,0.));
#2692=CARTESIAN_POINT('Ctrl Pts',(17.1899445999944,0.964892732620673,0.));
#2693=CARTESIAN_POINT('Ctrl Pts',(17.2389814599646,0.934250083854097,0.));
#2694=CARTESIAN_POINT('Ctrl Pts',(17.2879288640668,0.903266811133132,0.));
#2695=CARTESIAN_POINT('Ctrl Pts',(17.3367861421872,0.871944419907771,0.));
#2696=CARTESIAN_POINT('Ctrl Pts',(17.3855529617594,0.840284085901618,0.));
#2697=CARTESIAN_POINT('Ctrl Pts',(17.424493973308,0.814686136758527,0.));
#2698=CARTESIAN_POINT('Ctrl Pts',(17.4536589945522,0.795336205787362,0.));
#2699=CARTESIAN_POINT('Ctrl Pts',(17.4730842425744,0.782368954552816,0.));
#2700=CARTESIAN_POINT('Ctrl Pts',(17.4827923417152,0.77586850462246,0.));
#2701=CARTESIAN_POINT('',(17.4914888894211,-0.545725600698005,0.));
#2702=CARTESIAN_POINT('Origin',(1.79856129989275E-13,0.,0.));
#2703=CARTESIAN_POINT('',(10.6945344433008,1.27551285413107,0.));
#2704=CARTESIAN_POINT('',(-2.5,-3.06161699786838E-16,0.));
#2705=CARTESIAN_POINT('Origin',(0.,0.,0.));
#2706=CARTESIAN_POINT('Origin',(28.977774788672,-7.76457135307561,15.));
#2707=CARTESIAN_POINT('',(19.8361546159864,-3.24452924947227,15.));
#2708=CARTESIAN_POINT('',(39.6723092319728,-6.48905849894454,15.));
#2709=CARTESIAN_POINT('',(38.1193949613577,-12.284613456679,15.));
#2710=CARTESIAN_POINT('',(39.1546711241618,-8.42091020103736,15.));
#2711=CARTESIAN_POINT('Origin',(42.949024092803,-13.5787086821916,10.));
#2712=CARTESIAN_POINT('',(49.3315674948635,-9.07724894996974,5.));
#2713=CARTESIAN_POINT('Origin',(43.9843002528956,-9.71500543666982,10.));
#2714=CARTESIAN_POINT('',(50.8844817505064,-3.28169409668789,5.00000000000001));
#2715=CARTESIAN_POINT('',(48.8139293816293,-11.0091006723023,5.00000000000001));
#2716=CARTESIAN_POINT('',(44.2437417354931,-1.50231315760618,11.8749999616994));
#2717=CARTESIAN_POINT('Origin',(5.17638094252986,19.3185165149349,5.));
#2718=CARTESIAN_POINT('',(-11.9114200104864,-0.949449300271072,5.));
#2719=CARTESIAN_POINT('',(9.8408676456873,-6.7779572601238,5.));
#2720=CARTESIAN_POINT('Origin',(5.17638094252986,19.3185165149349,5.));
#2721=CARTESIAN_POINT('',(-11.9114200104864,-0.949449300271093,5.));
#2722=CARTESIAN_POINT('',(9.8408676456873,-6.7779572601238,0.));
#2723=CARTESIAN_POINT('Origin',(0.,0.,5.));
#2724=CARTESIAN_POINT('',(8.6239820824806,-6.45189375618148,5.));
#2725=CARTESIAN_POINT('',(19.8361546159864,-3.24452924947227,5.));
#2726=CARTESIAN_POINT('',(17.4914888894211,-0.545725600698005,5.));
#2727=CARTESIAN_POINT('',(30.0130509690821,-3.90086804791934,5.));
#2728=CARTESIAN_POINT('',(17.4827923417152,0.775868504622461,5.));
#2729=CARTESIAN_POINT('Origin',(1.79856129989275E-13,0.,5.));
#2730=CARTESIAN_POINT('',(13.9458288142221,2.0478912410813,5.));
#2731=CARTESIAN_POINT('Ctrl Pts',(17.4827923417152,0.77586850462246,5.));
#2732=CARTESIAN_POINT('Ctrl Pts',(17.4730842425744,0.782368954552816,5.));
#2733=CARTESIAN_POINT('Ctrl Pts',(17.4536589945522,0.795336205787362,5.));
#2734=CARTESIAN_POINT('Ctrl Pts',(17.424493973308,0.814686136758527,5.));
#2735=CARTESIAN_POINT('Ctrl Pts',(17.3855529617594,0.840284085901618,5.));
#2736=CARTESIAN_POINT('Ctrl Pts',(17.3367861421872,0.871944419907771,5.));
#2737=CARTESIAN_POINT('Ctrl Pts',(17.2879288640668,0.903266811133132,5.));
#2738=CARTESIAN_POINT('Ctrl Pts',(17.2389814599646,0.934250083854097,5.));
#2739=CARTESIAN_POINT('Ctrl Pts',(17.1899445999944,0.964892732620673,5.));
#2740=CARTESIAN_POINT('Ctrl Pts',(17.1408194222995,0.995192920095965,5.));
#2741=CARTESIAN_POINT('Ctrl Pts',(17.091607430024,1.02514855212895,5.));
#2742=CARTESIAN_POINT('Ctrl Pts',(17.0423103507837,1.05475736552138,5.));
#2743=CARTESIAN_POINT('Ctrl Pts',(16.992930005636,1.0840170172419,5.));
#2744=CARTESIAN_POINT('Ctrl Pts',(16.9434681851668,1.11292516703255,5.));
#2745=CARTESIAN_POINT('Ctrl Pts',(16.8939264969443,1.14147958682507,5.));
#2746=CARTESIAN_POINT('Ctrl Pts',(16.8443063770237,1.16967813794478,5.));
#2747=CARTESIAN_POINT('Ctrl Pts',(16.7946091656503,1.19751869875797,5.));
#2748=CARTESIAN_POINT('Ctrl Pts',(16.7448361649002,1.22499910817967,5.));
#2749=CARTESIAN_POINT('Ctrl Pts',(16.6949886989286,1.25211711127305,5.));
#2750=CARTESIAN_POINT('Ctrl Pts',(16.6450681871753,1.27887029133288,5.));
#2751=CARTESIAN_POINT('Ctrl Pts',(16.5950761509799,1.30525607909584,5.));
#2752=CARTESIAN_POINT('Ctrl Pts',(16.5450141756268,1.33127181179954,5.));
#2753=CARTESIAN_POINT('Ctrl Pts',(16.494883885266,1.35691478400646,5.));
#2754=CARTESIAN_POINT('Ctrl Pts',(16.4446869155736,1.38218229475614,5.));
#2755=CARTESIAN_POINT('Ctrl Pts',(16.394424881835,1.40707172286495,5.));
#2756=CARTESIAN_POINT('Ctrl Pts',(16.3440993738581,1.43158049816676,5.));
#2757=CARTESIAN_POINT('Ctrl Pts',(16.293711977146,1.45570597815609,5.));
#2758=CARTESIAN_POINT('Ctrl Pts',(16.2432642880075,1.47944534546785,5.));
#2759=CARTESIAN_POINT('Ctrl Pts',(16.1927579298344,1.50279551628519,5.));
#2760=CARTESIAN_POINT('Ctrl Pts',(16.142194573699,1.52575300566689,5.));
#2761=CARTESIAN_POINT('Ctrl Pts',(16.091575941517,1.54831396462259,5.));
#2762=CARTESIAN_POINT('Ctrl Pts',(16.0409037875524,1.57047441783103,5.));
#2763=CARTESIAN_POINT('Ctrl Pts',(15.9901798849073,1.59223047023234,5.));
#2764=CARTESIAN_POINT('Ctrl Pts',(15.9394060125613,1.61357849056887,5.));
#2765=CARTESIAN_POINT('Ctrl Pts',(15.8885839373864,1.63451540140161,5.));
#2766=CARTESIAN_POINT('Ctrl Pts',(15.8377154171204,1.65503859612397,5.));
#2767=CARTESIAN_POINT('Ctrl Pts',(15.7868022326587,1.67514534099124,5.));
#2768=CARTESIAN_POINT('Ctrl Pts',(15.7358462155631,1.69483226472071,5.));
#2769=CARTESIAN_POINT('Ctrl Pts',(15.6848492735483,1.71409490106277,5.));
#2770=CARTESIAN_POINT('Ctrl Pts',(15.6338134277219,1.73292700331638,5.));
#2771=CARTESIAN_POINT('Ctrl Pts',(15.5827408086001,1.75132068220392,5.));
#2772=CARTESIAN_POINT('Ctrl Pts',(15.5316335917172,1.76926774177037,5.));
#2773=CARTESIAN_POINT('Ctrl Pts',(15.4804939431549,1.78676083053,5.));
#2774=CARTESIAN_POINT('Ctrl Pts',(15.4293239715352,1.80379446108758,5.));
#2775=CARTESIAN_POINT('Ctrl Pts',(15.3781256528457,1.82036659784808,5.));
#2776=CARTESIAN_POINT('Ctrl Pts',(15.3269008539246,1.83647821893213,5.));
#2777=CARTESIAN_POINT('Ctrl Pts',(15.2756514925171,1.8521300748788,5.));
#2778=CARTESIAN_POINT('Ctrl Pts',(15.2243796760436,1.86731988854564,5.));
#2779=CARTESIAN_POINT('Ctrl Pts',(15.1730878245483,1.88203989327388,5.));
#2780=CARTESIAN_POINT('Ctrl Pts',(15.1217788610528,1.89627297312156,5.));
#2781=CARTESIAN_POINT('Ctrl Pts',(15.0704561536318,1.90999397584266,5.));
#2782=CARTESIAN_POINT('Ctrl Pts',(15.0191231648786,1.92317712573035,5.));
#2783=CARTESIAN_POINT('Ctrl Pts',(14.967783146808,1.93580248772505,5.));
#2784=CARTESIAN_POINT('Ctrl Pts',(14.9164388806956,1.94786152134633,5.));
#2785=CARTESIAN_POINT('Ctrl Pts',(14.8650922421832,1.95936622843625,5.));
#2786=CARTESIAN_POINT('Ctrl Pts',(14.8137444506773,1.97034424319341,5.));
#2787=CARTESIAN_POINT('Ctrl Pts',(14.7623969421309,1.98082112687549,5.));
#2788=CARTESIAN_POINT('Ctrl Pts',(14.711052139464,1.99080474995765,5.));
#2789=CARTESIAN_POINT('Ctrl Pts',(14.6597141164522,2.0002719183401,5.));
#2790=CARTESIAN_POINT('Ctrl Pts',(14.6083896793345,2.00914629597693,5.));
#2791=CARTESIAN_POINT('Ctrl Pts',(14.5570876226576,2.01731442062386,5.));
#2792=CARTESIAN_POINT('Ctrl Pts',(14.5058168458364,2.0246657018613,5.));
#2793=CARTESIAN_POINT('Ctrl Pts',(14.454584643907,2.03112839261881,5.));
#2794=CARTESIAN_POINT('Ctrl Pts',(14.4033952917561,2.03670035421461,5.));
#2795=CARTESIAN_POINT('Ctrl Pts',(14.3522475692753,2.04149965126194,5.));
#2796=CARTESIAN_POINT('Ctrl Pts',(14.3011379744026,2.0457079185261,5.));
#2797=CARTESIAN_POINT('Ctrl Pts',(14.2500661151694,2.04947225043192,5.));
#2798=CARTESIAN_POINT('Ctrl Pts',(14.199039651832,2.05281635564806,5.));
#2799=CARTESIAN_POINT('Ctrl Pts',(14.1480788662636,2.0555570530445,5.));
#2800=CARTESIAN_POINT('Ctrl Pts',(14.0972228990995,2.05719374853789,5.));
#2801=CARTESIAN_POINT('Ctrl Pts',(14.0465212645082,2.057039212566,5.));
#2802=CARTESIAN_POINT('Ctrl Pts',(14.0061224013745,2.05492331707166,5.));
#2803=CARTESIAN_POINT('Ctrl Pts',(13.975931600121,2.05196744376108,5.));
#2804=CARTESIAN_POINT('Ctrl Pts',(13.9558546936855,2.04935667478723,5.));
#2805=CARTESIAN_POINT('Ctrl Pts',(13.9458288142221,2.0478912410813,5.));
#2806=CARTESIAN_POINT('',(12.7727063148734,1.87642166995668,5.));
#2807=CARTESIAN_POINT('',(11.8125179585857,1.73607563981668,5.));
#2808=CARTESIAN_POINT('',(11.6528765829279,2.64458843358489,5.));
#2809=CARTESIAN_POINT('Origin',(12.6280779841035,2.86590772136858,5.));
#2810=CARTESIAN_POINT('',(11.4139813647728,3.53615752542493,5.));
#2811=CARTESIAN_POINT('Origin',(0.,0.,5.));
#2812=CARTESIAN_POINT('',(11.9996989787366,4.7613243230426,5.));
#2813=CARTESIAN_POINT('Origin',(12.3691901958889,3.83209010044459,5.));
#2814=CARTESIAN_POINT('',(13.101387650486,5.19938856814701,5.));
#2815=CARTESIAN_POINT('',(11.0979784547035,4.4027733723203,5.));
#2816=CARTESIAN_POINT('',(15.5284765493246,8.0694743358583,5.));
#2817=CARTESIAN_POINT('Ctrl Pts',(13.101387650486,5.19938856814701,5.));
#2818=CARTESIAN_POINT('Ctrl Pts',(13.1108030336495,5.20313240506179,5.));
#2819=CARTESIAN_POINT('Ctrl Pts',(13.129495529139,5.21090986602477,5.));
#2820=CARTESIAN_POINT('Ctrl Pts',(13.1571194666405,5.22344540527423,5.));
#2821=CARTESIAN_POINT('Ctrl Pts',(13.1931638561455,5.24181241759123,5.));
#2822=CARTESIAN_POINT('Ctrl Pts',(13.2371500277008,5.26702940280938,5.));
#2823=CARTESIAN_POINT('Ctrl Pts',(13.2803742394523,5.293874806267,5.));
#2824=CARTESIAN_POINT('Ctrl Pts',(13.3231372256531,5.32172871262061,5.));
#2825=CARTESIAN_POINT('Ctrl Pts',(13.3656553865605,5.35013802435942,5.));
#2826=CARTESIAN_POINT('Ctrl Pts',(13.408002748122,5.37893396103472,5.));
#2827=CARTESIAN_POINT('Ctrl Pts',(13.4501608220269,5.40813322482774,5.));
#2828=CARTESIAN_POINT('Ctrl Pts',(13.4920564005173,5.43786339923144,5.));
#2829=CARTESIAN_POINT('Ctrl Pts',(13.5336016990853,5.46828353559777,5.));
#2830=CARTESIAN_POINT('Ctrl Pts',(13.5747387420693,5.49949649093528,5.));
#2831=CARTESIAN_POINT('Ctrl Pts',(13.6154648966494,5.53149827564783,5.));
#2832=CARTESIAN_POINT('Ctrl Pts',(13.6558097186746,5.56422310743184,5.));
#2833=CARTESIAN_POINT('Ctrl Pts',(13.695820796235,5.59757076246697,5.));
#2834=CARTESIAN_POINT('Ctrl Pts',(13.7355472441521,5.63143858229395,5.));
#2835=CARTESIAN_POINT('Ctrl Pts',(13.7750213360728,5.66575705483834,5.));
#2836=CARTESIAN_POINT('Ctrl Pts',(13.814251141054,5.70050405653275,5.));
#2837=CARTESIAN_POINT('Ctrl Pts',(13.8532306255478,5.73568519194851,5.));
#2838=CARTESIAN_POINT('Ctrl Pts',(13.8919457653534,5.77132187980766,5.));
#2839=CARTESIAN_POINT('Ctrl Pts',(13.9303816873349,5.80743744232501,5.));
#2840=CARTESIAN_POINT('Ctrl Pts',(13.9685307662174,5.84404133557969,5.));
#2841=CARTESIAN_POINT('Ctrl Pts',(14.006394863586,5.88112477266093,5.));
#2842=CARTESIAN_POINT('Ctrl Pts',(14.043981130643,5.91866886329326,5.));
#2843=CARTESIAN_POINT('Ctrl Pts',(14.0812994565481,5.95664955376322,5.));
#2844=CARTESIAN_POINT('Ctrl Pts',(14.118359500586,5.99504337754933,5.));
#2845=CARTESIAN_POINT('Ctrl Pts',(14.1551672893169,6.03383405030034,5.));
#2846=CARTESIAN_POINT('Ctrl Pts',(14.1917246102502,6.07301363587029,5.));
#2847=CARTESIAN_POINT('Ctrl Pts',(14.2280307768776,6.11257910848578,5.));
#2848=CARTESIAN_POINT('Ctrl Pts',(14.2640837531135,6.15253015926011,5.));
#2849=CARTESIAN_POINT('Ctrl Pts',(14.2998814331683,6.19286670185148,5.));
#2850=CARTESIAN_POINT('Ctrl Pts',(14.335423123584,6.23358598538912,5.));
#2851=CARTESIAN_POINT('Ctrl Pts',(14.3707097419381,6.27468220333837,5.));
#2852=CARTESIAN_POINT('Ctrl Pts',(14.4057430880917,6.31614790608495,5.));
#2853=CARTESIAN_POINT('Ctrl Pts',(14.4405253759541,6.35797490795641,5.));
#2854=CARTESIAN_POINT('Ctrl Pts',(14.4750587050833,6.40015531137993,5.));
#2855=CARTESIAN_POINT('Ctrl Pts',(14.509344448499,6.44268269599982,5.));
#2856=CARTESIAN_POINT('Ctrl Pts',(14.5433831871967,6.48555224007311,5.));
#2857=CARTESIAN_POINT('Ctrl Pts',(14.5771750206388,6.52876010820249,5.));
#2858=CARTESIAN_POINT('Ctrl Pts',(14.6107197733969,6.57230304244785,5.));
#2859=CARTESIAN_POINT('Ctrl Pts',(14.6440172265288,6.6161779065528,5.));
#2860=CARTESIAN_POINT('Ctrl Pts',(14.6770673885979,6.66038115194095,5.));
#2861=CARTESIAN_POINT('Ctrl Pts',(14.7098705345915,6.70490874436112,5.));
#2862=CARTESIAN_POINT('Ctrl Pts',(14.7424270764881,6.74975642404153,5.));
#2863=CARTESIAN_POINT('Ctrl Pts',(14.7747374827111,6.79491987112085,5.));
#2864=CARTESIAN_POINT('Ctrl Pts',(14.806802186533,6.84039489131794,5.));
#2865=CARTESIAN_POINT('Ctrl Pts',(14.8386214832332,6.88617763104895,5.));
#2866=CARTESIAN_POINT('Ctrl Pts',(14.8701955088218,6.93226460795425,5.));
#2867=CARTESIAN_POINT('Ctrl Pts',(14.9015242895373,6.97865258396972,5.));
#2868=CARTESIAN_POINT('Ctrl Pts',(14.9326077735464,7.02533847786691,5.));
#2869=CARTESIAN_POINT('Ctrl Pts',(14.9634458691181,7.07231926891271,5.));
#2870=CARTESIAN_POINT('Ctrl Pts',(14.9940384879663,7.11959187945289,5.));
#2871=CARTESIAN_POINT('Ctrl Pts',(15.0243855640338,7.16715315254888,5.));
#2872=CARTESIAN_POINT('Ctrl Pts',(15.0544870434844,7.21499993314817,5.));
#2873=CARTESIAN_POINT('Ctrl Pts',(15.0843428848028,7.26312912258864,5.));
#2874=CARTESIAN_POINT('Ctrl Pts',(15.1139530551018,7.3115377351532,5.));
#2875=CARTESIAN_POINT('Ctrl Pts',(15.1433175334631,7.36022296819386,5.));
#2876=CARTESIAN_POINT('Ctrl Pts',(15.1724363006031,7.40918220680039,5.));
#2877=CARTESIAN_POINT('Ctrl Pts',(15.2013093094333,7.45841292838025,5.));
#2878=CARTESIAN_POINT('Ctrl Pts',(15.2299364600841,7.50791262542215,5.));
#2879=CARTESIAN_POINT('Ctrl Pts',(15.2583175782326,7.55767872775187,5.));
#2880=CARTESIAN_POINT('Ctrl Pts',(15.2864523857179,7.60770850202161,5.));
#2881=CARTESIAN_POINT('Ctrl Pts',(15.3143405019761,7.65799902621549,5.));
#2882=CARTESIAN_POINT('Ctrl Pts',(15.341981521441,7.70854736068021,5.));
#2883=CARTESIAN_POINT('Ctrl Pts',(15.3693750795526,7.75935068162071,5.));
#2884=CARTESIAN_POINT('Ctrl Pts',(15.3965209216254,7.81040642387693,5.));
#2885=CARTESIAN_POINT('Ctrl Pts',(15.4234189806667,7.86171242719677,5.));
#2886=CARTESIAN_POINT('Ctrl Pts',(15.450069429066,7.9132670527654,5.));
#2887=CARTESIAN_POINT('Ctrl Pts',(15.4764725666743,7.96506911609313,5.));
#2888=CARTESIAN_POINT('Ctrl Pts',(15.4973974973529,8.00670809611014,5.));
#2889=CARTESIAN_POINT('Ctrl Pts',(15.5129801811666,8.03804813851471,5.));
#2890=CARTESIAN_POINT('Ctrl Pts',(15.5233193138114,8.05899073151217,5.));
#2891=CARTESIAN_POINT('Ctrl Pts',(15.5284765493246,8.0694743358583,5.));
#2892=CARTESIAN_POINT('',(14.7526080447021,9.41331800585689,5.));
#2893=CARTESIAN_POINT('Origin',(1.55759977597069E-13,8.99280649946377E-14,
5.));
#2894=CARTESIAN_POINT('',(11.0534964094047,8.7464402460751,5.));
#2895=CARTESIAN_POINT('Ctrl Pts',(14.7526080447022,9.41331800585689,5.));
#2896=CARTESIAN_POINT('Ctrl Pts',(14.7409503592586,9.4140935110622,5.));
#2897=CARTESIAN_POINT('Ctrl Pts',(14.7176439753793,9.41561085603747,5.));
#2898=CARTESIAN_POINT('Ctrl Pts',(14.6827113605944,9.41778587719791,5.));
#2899=CARTESIAN_POINT('Ctrl Pts',(14.6361884807726,9.4204838456663,5.));
#2900=CARTESIAN_POINT('Ctrl Pts',(14.5781250091583,9.42351908942183,5.));
#2901=CARTESIAN_POINT('Ctrl Pts',(14.5201521695336,9.42621643687007,5.));
#2902=CARTESIAN_POINT('Ctrl Pts',(14.4622708377713,9.42857503608771,5.));
#2903=CARTESIAN_POINT('Ctrl Pts',(14.4044823469319,9.43059391837369,5.));
#2904=CARTESIAN_POINT('Ctrl Pts',(14.3467886013451,9.43227206161925,5.));
#2905=CARTESIAN_POINT('Ctrl Pts',(14.2891919498472,9.43360840380851,5.));
#2906=CARTESIAN_POINT('Ctrl Pts',(14.2316950201965,9.43460184876214,5.));
#2907=CARTESIAN_POINT('Ctrl Pts',(14.1743005609907,9.43525127788411,5.));
#2908=CARTESIAN_POINT('Ctrl Pts',(14.1170112930516,9.43555555974461,5.));
#2909=CARTESIAN_POINT('Ctrl Pts',(14.0598297226082,9.43551356856401,5.));
#2910=CARTESIAN_POINT('Ctrl Pts',(14.0027581626583,9.43512417022331,5.));
#2911=CARTESIAN_POINT('Ctrl Pts',(13.9457988347051,9.43438619745643,5.));
#2912=CARTESIAN_POINT('Ctrl Pts',(13.8889539469221,9.43329842974696,5.));
#2913=CARTESIAN_POINT('Ctrl Pts',(13.8322257735297,9.43185957633994,5.));
#2914=CARTESIAN_POINT('Ctrl Pts',(13.7756167521516,9.43006825402713,5.));
#2915=CARTESIAN_POINT('Ctrl Pts',(13.719129484938,9.42792299843101,5.));
#2916=CARTESIAN_POINT('Ctrl Pts',(13.6627666761667,9.42542229617396,5.));
#2917=CARTESIAN_POINT('Ctrl Pts',(13.6065310851117,9.42256461635326,5.));
#2918=CARTESIAN_POINT('Ctrl Pts',(13.5504254787902,9.41934843770669,5.));
#2919=CARTESIAN_POINT('Ctrl Pts',(13.4944525666723,9.41577229786528,5.));
#2920=CARTESIAN_POINT('Ctrl Pts',(13.4386150106551,9.41183476590384,5.));
#2921=CARTESIAN_POINT('Ctrl Pts',(13.3829155050772,9.40753434609704,5.));
#2922=CARTESIAN_POINT('Ctrl Pts',(13.3273568410651,9.40286939668955,5.));
#2923=CARTESIAN_POINT('Ctrl Pts',(13.2719419664259,9.39783805871351,5.));
#2924=CARTESIAN_POINT('Ctrl Pts',(13.2166740708212,9.39243814965751,5.));
#2925=CARTESIAN_POINT('Ctrl Pts',(13.1615565699689,9.38666719715584,5.));
#2926=CARTESIAN_POINT('Ctrl Pts',(13.1065929707669,9.38052263561145,5.));
#2927=CARTESIAN_POINT('Ctrl Pts',(13.0517867562965,9.3740019783545,5.));
#2928=CARTESIAN_POINT('Ctrl Pts',(12.997141282828,9.36710297011343,5.));
#2929=CARTESIAN_POINT('Ctrl Pts',(12.9426596192372,9.35982382918392,5.));
#2930=CARTESIAN_POINT('Ctrl Pts',(12.8883445910727,9.3521631770473,5.));
#2931=CARTESIAN_POINT('Ctrl Pts',(12.8341991075077,9.34411953665894,5.));
#2932=CARTESIAN_POINT('Ctrl Pts',(12.7802264403625,9.33569090418322,5.));
#2933=CARTESIAN_POINT('Ctrl Pts',(12.7264304748913,9.32687436559188,5.));
#2934=CARTESIAN_POINT('Ctrl Pts',(12.6728160847753,9.317665521637,5.));
#2935=CARTESIAN_POINT('Ctrl Pts',(12.6193890597342,9.30805860526174,5.));
#2936=CARTESIAN_POINT('Ctrl Pts',(12.5661553818136,9.29804760632805,5.));
#2937=CARTESIAN_POINT('Ctrl Pts',(12.5131206026383,9.2876272413034,5.));
#2938=CARTESIAN_POINT('Ctrl Pts',(12.4602892920259,9.27679381227511,5.));
#2939=CARTESIAN_POINT('Ctrl Pts',(12.4076641790295,9.26554654435996,5.));
#2940=CARTESIAN_POINT('Ctrl Pts',(12.3552463913181,9.25388721805434,5.));
#2941=CARTESIAN_POINT('Ctrl Pts',(12.3030372144381,9.24181744221678,5.));
#2942=CARTESIAN_POINT('Ctrl Pts',(12.2510396120404,9.22933629849424,5.));
#2943=CARTESIAN_POINT('Ctrl Pts',(12.1992595632743,9.21643827078509,5.));
#2944=CARTESIAN_POINT('Ctrl Pts',(12.1477081575214,9.2031099977595,5.));
#2945=CARTESIAN_POINT('Ctrl Pts',(12.0964008877434,9.18933138097091,5.));
#2946=CARTESIAN_POINT('Ctrl Pts',(12.045353640487,9.17508182929893,5.));
#2947=CARTESIAN_POINT('Ctrl Pts',(11.9945791996098,9.16034570448301,5.));
#2948=CARTESIAN_POINT('Ctrl Pts',(11.9440842440071,9.14511700088791,5.));
#2949=CARTESIAN_POINT('Ctrl Pts',(11.8938643971115,9.12940705023471,5.));
#2950=CARTESIAN_POINT('Ctrl Pts',(11.8439068978606,9.11324039414459,5.));
#2951=CARTESIAN_POINT('Ctrl Pts',(11.7942002091973,9.09663988729252,5.));
#2952=CARTESIAN_POINT('Ctrl Pts',(11.7447424941944,9.07961355717006,5.));
#2953=CARTESIAN_POINT('Ctrl Pts',(11.6955488778949,9.06214335398528,5.));
#2954=CARTESIAN_POINT('Ctrl Pts',(11.6466634226977,9.04416657190271,5.));
#2955=CARTESIAN_POINT('Ctrl Pts',(11.5981504760255,9.02558934700972,5.));
#2956=CARTESIAN_POINT('Ctrl Pts',(11.550073040208,9.00632035490116,5.));
#2957=CARTESIAN_POINT('Ctrl Pts',(11.5024733064665,8.98630110830926,5.));
#2958=CARTESIAN_POINT('Ctrl Pts',(11.4553560463027,8.96553189252468,5.));
#2959=CARTESIAN_POINT('Ctrl Pts',(11.4086611707649,8.94411434444758,5.));
#2960=CARTESIAN_POINT('Ctrl Pts',(11.3622948295959,8.92220401336789,5.));
#2961=CARTESIAN_POINT('Ctrl Pts',(11.3161831361286,8.89992809081003,5.));
#2962=CARTESIAN_POINT('Ctrl Pts',(11.2703208700051,8.87731093921144,5.));
#2963=CARTESIAN_POINT('Ctrl Pts',(11.2248171864078,8.85420405999663,5.));
#2964=CARTESIAN_POINT('Ctrl Pts',(11.1799562791629,8.83019349629008,5.));
#2965=CARTESIAN_POINT('Ctrl Pts',(11.1361246435795,8.80470884691701,5.));
#2966=CARTESIAN_POINT('Ctrl Pts',(11.1021961495688,8.78267699610031,5.));
#2967=CARTESIAN_POINT('Ctrl Pts',(11.0775280853779,8.76502173409619,5.));
#2968=CARTESIAN_POINT('Ctrl Pts',(11.0614463588623,8.75272228862367,5.));
#2969=CARTESIAN_POINT('Ctrl Pts',(11.0534964094047,8.7464402460751,5.));
#2970=CARTESIAN_POINT('',(10.1232773087799,8.0113819918308,5.));
#2971=CARTESIAN_POINT('',(9.3619028148868,7.40974458626544,5.));
#2972=CARTESIAN_POINT('',(8.76939293118791,8.11671905750295,5.));
#2973=CARTESIAN_POINT('Origin',(9.50328247452034,8.79598788365892,5.));
#2974=CARTESIAN_POINT('',(8.11671905750295,8.76939293118791,5.));
#2975=CARTESIAN_POINT('Origin',(0.,0.,5.));
#2976=CARTESIAN_POINT('',(8.0113819918308,10.1232773087799,5.));
#2977=CARTESIAN_POINT('Origin',(8.79598788365892,9.50328247452034,5.));
#2978=CARTESIAN_POINT('',(8.7464402460751,11.0534964094047,5.));
#2979=CARTESIAN_POINT('',(7.40974458626544,9.36190281488681,5.));
#2980=CARTESIAN_POINT('',(9.41331800585688,14.7526080447022,5.));
#2981=CARTESIAN_POINT('Ctrl Pts',(8.7464402460751,11.0534964094047,5.));
#2982=CARTESIAN_POINT('Ctrl Pts',(8.75272228862367,11.0614463588623,5.));
#2983=CARTESIAN_POINT('Ctrl Pts',(8.76502173409619,11.0775280853779,5.));
#2984=CARTESIAN_POINT('Ctrl Pts',(8.78267699610031,11.1021961495688,5.));
#2985=CARTESIAN_POINT('Ctrl Pts',(8.80470884691701,11.1361246435795,5.));
#2986=CARTESIAN_POINT('Ctrl Pts',(8.83019349629008,11.1799562791629,5.));
#2987=CARTESIAN_POINT('Ctrl Pts',(8.85420405999663,11.2248171864078,5.));
#2988=CARTESIAN_POINT('Ctrl Pts',(8.87731093921144,11.2703208700051,5.));
#2989=CARTESIAN_POINT('Ctrl Pts',(8.89992809081003,11.3161831361286,5.));
#2990=CARTESIAN_POINT('Ctrl Pts',(8.92220401336789,11.3622948295959,5.));
#2991=CARTESIAN_POINT('Ctrl Pts',(8.94411434444758,11.4086611707649,5.));
#2992=CARTESIAN_POINT('Ctrl Pts',(8.96553189252468,11.4553560463027,5.));
#2993=CARTESIAN_POINT('Ctrl Pts',(8.98630110830926,11.5024733064665,5.));
#2994=CARTESIAN_POINT('Ctrl Pts',(9.00632035490115,11.550073040208,5.));
#2995=CARTESIAN_POINT('Ctrl Pts',(9.02558934700972,11.5981504760255,5.));
#2996=CARTESIAN_POINT('Ctrl Pts',(9.04416657190271,11.6466634226977,5.));
#2997=CARTESIAN_POINT('Ctrl Pts',(9.06214335398527,11.6955488778949,5.));
#2998=CARTESIAN_POINT('Ctrl Pts',(9.07961355717006,11.7447424941944,5.));
#2999=CARTESIAN_POINT('Ctrl Pts',(9.09663988729252,11.7942002091973,5.));
#3000=CARTESIAN_POINT('Ctrl Pts',(9.11324039414459,11.8439068978606,5.));
#3001=CARTESIAN_POINT('Ctrl Pts',(9.12940705023471,11.8938643971115,5.));
#3002=CARTESIAN_POINT('Ctrl Pts',(9.14511700088791,11.9440842440071,5.));
#3003=CARTESIAN_POINT('Ctrl Pts',(9.16034570448301,11.9945791996098,5.));
#3004=CARTESIAN_POINT('Ctrl Pts',(9.17508182929893,12.045353640487,5.));
#3005=CARTESIAN_POINT('Ctrl Pts',(9.18933138097091,12.0964008877434,5.));
#3006=CARTESIAN_POINT('Ctrl Pts',(9.20310999775949,12.1477081575214,5.));
#3007=CARTESIAN_POINT('Ctrl Pts',(9.21643827078509,12.1992595632743,5.));
#3008=CARTESIAN_POINT('Ctrl Pts',(9.22933629849423,12.2510396120404,5.));
#3009=CARTESIAN_POINT('Ctrl Pts',(9.24181744221677,12.3030372144381,5.));
#3010=CARTESIAN_POINT('Ctrl Pts',(9.25388721805434,12.3552463913181,5.));
#3011=CARTESIAN_POINT('Ctrl Pts',(9.26554654435996,12.4076641790295,5.));
#3012=CARTESIAN_POINT('Ctrl Pts',(9.27679381227511,12.4602892920259,5.));
#3013=CARTESIAN_POINT('Ctrl Pts',(9.2876272413034,12.5131206026383,5.));
#3014=CARTESIAN_POINT('Ctrl Pts',(9.29804760632805,12.5661553818136,5.));
#3015=CARTESIAN_POINT('Ctrl Pts',(9.30805860526173,12.6193890597342,5.));
#3016=CARTESIAN_POINT('Ctrl Pts',(9.31766552163699,12.6728160847753,5.));
#3017=CARTESIAN_POINT('Ctrl Pts',(9.32687436559188,12.7264304748913,5.));
#3018=CARTESIAN_POINT('Ctrl Pts',(9.33569090418322,12.7802264403626,5.));
#3019=CARTESIAN_POINT('Ctrl Pts',(9.34411953665893,12.8341991075078,5.));
#3020=CARTESIAN_POINT('Ctrl Pts',(9.3521631770473,12.8883445910727,5.));
#3021=CARTESIAN_POINT('Ctrl Pts',(9.35982382918392,12.9426596192372,5.));
#3022=CARTESIAN_POINT('Ctrl Pts',(9.36710297011343,12.9971412828281,5.));
#3023=CARTESIAN_POINT('Ctrl Pts',(9.3740019783545,13.0517867562965,5.));
#3024=CARTESIAN_POINT('Ctrl Pts',(9.38052263561145,13.1065929707669,5.));
#3025=CARTESIAN_POINT('Ctrl Pts',(9.38666719715584,13.1615565699689,5.));
#3026=CARTESIAN_POINT('Ctrl Pts',(9.39243814965751,13.2166740708212,5.));
#3027=CARTESIAN_POINT('Ctrl Pts',(9.39783805871351,13.2719419664259,5.));
#3028=CARTESIAN_POINT('Ctrl Pts',(9.40286939668954,13.3273568410651,5.));
#3029=CARTESIAN_POINT('Ctrl Pts',(9.40753434609704,13.3829155050772,5.));
#3030=CARTESIAN_POINT('Ctrl Pts',(9.41183476590384,13.4386150106551,5.));
#3031=CARTESIAN_POINT('Ctrl Pts',(9.41577229786528,13.4944525666723,5.));
#3032=CARTESIAN_POINT('Ctrl Pts',(9.41934843770668,13.5504254787902,5.));
#3033=CARTESIAN_POINT('Ctrl Pts',(9.42256461635325,13.6065310851117,5.));
#3034=CARTESIAN_POINT('Ctrl Pts',(9.42542229617396,13.6627666761667,5.));
#3035=CARTESIAN_POINT('Ctrl Pts',(9.42792299843101,13.719129484938,5.));
#3036=CARTESIAN_POINT('Ctrl Pts',(9.43006825402712,13.7756167521516,5.));
#3037=CARTESIAN_POINT('Ctrl Pts',(9.43185957633994,13.8322257735297,5.));
#3038=CARTESIAN_POINT('Ctrl Pts',(9.43329842974696,13.8889539469221,5.));
#3039=CARTESIAN_POINT('Ctrl Pts',(9.43438619745643,13.9457988347051,5.));
#3040=CARTESIAN_POINT('Ctrl Pts',(9.4351241702233,14.0027581626584,5.));
#3041=CARTESIAN_POINT('Ctrl Pts',(9.43551356856401,14.0598297226082,5.));
#3042=CARTESIAN_POINT('Ctrl Pts',(9.43555555974461,14.1170112930516,5.));
#3043=CARTESIAN_POINT('Ctrl Pts',(9.43525127788411,14.1743005609907,5.));
#3044=CARTESIAN_POINT('Ctrl Pts',(9.43460184876214,14.2316950201965,5.));
#3045=CARTESIAN_POINT('Ctrl Pts',(9.43360840380851,14.2891919498472,5.));
#3046=CARTESIAN_POINT('Ctrl Pts',(9.43227206161925,14.3467886013451,5.));
#3047=CARTESIAN_POINT('Ctrl Pts',(9.43059391837368,14.4044823469319,5.));
#3048=CARTESIAN_POINT('Ctrl Pts',(9.42857503608771,14.4622708377713,5.));
#3049=CARTESIAN_POINT('Ctrl Pts',(9.42621643687007,14.5201521695336,5.));
#3050=CARTESIAN_POINT('Ctrl Pts',(9.42351908942182,14.5781250091583,5.));
#3051=CARTESIAN_POINT('Ctrl Pts',(9.4204838456663,14.6361884807726,5.));
#3052=CARTESIAN_POINT('Ctrl Pts',(9.41778587719791,14.6827113605944,5.));
#3053=CARTESIAN_POINT('Ctrl Pts',(9.41561085603747,14.7176439753793,5.));
#3054=CARTESIAN_POINT('Ctrl Pts',(9.41409351106219,14.7409503592586,5.));
#3055=CARTESIAN_POINT('Ctrl Pts',(9.41331800585689,14.7526080447022,5.));
#3056=CARTESIAN_POINT('',(8.06947433585829,15.5284765493246,5.));
#3057=CARTESIAN_POINT('Origin',(8.99280649946377E-14,1.55759977597069E-13,
5.));
#3058=CARTESIAN_POINT('',(5.19938856814701,13.101387650486,5.));
#3059=CARTESIAN_POINT('Ctrl Pts',(8.06947433585829,15.5284765493246,5.));
#3060=CARTESIAN_POINT('Ctrl Pts',(8.05899073151217,15.5233193138114,5.));
#3061=CARTESIAN_POINT('Ctrl Pts',(8.0380481385147,15.5129801811666,5.));
#3062=CARTESIAN_POINT('Ctrl Pts',(8.00670809611013,15.4973974973529,5.));
#3063=CARTESIAN_POINT('Ctrl Pts',(7.96506911609313,15.4764725666743,5.));
#3064=CARTESIAN_POINT('Ctrl Pts',(7.91326705276539,15.450069429066,5.));
#3065=CARTESIAN_POINT('Ctrl Pts',(7.86171242719676,15.4234189806667,5.));
#3066=CARTESIAN_POINT('Ctrl Pts',(7.81040642387693,15.3965209216254,5.));
#3067=CARTESIAN_POINT('Ctrl Pts',(7.75935068162071,15.3693750795526,5.));
#3068=CARTESIAN_POINT('Ctrl Pts',(7.70854736068021,15.341981521441,5.));
#3069=CARTESIAN_POINT('Ctrl Pts',(7.65799902621549,15.3143405019761,5.));
#3070=CARTESIAN_POINT('Ctrl Pts',(7.60770850202161,15.2864523857179,5.));
#3071=CARTESIAN_POINT('Ctrl Pts',(7.55767872775187,15.2583175782326,5.));
#3072=CARTESIAN_POINT('Ctrl Pts',(7.50791262542215,15.2299364600841,5.));
#3073=CARTESIAN_POINT('Ctrl Pts',(7.45841292838025,15.2013093094333,5.));
#3074=CARTESIAN_POINT('Ctrl Pts',(7.40918220680038,15.1724363006031,5.));
#3075=CARTESIAN_POINT('Ctrl Pts',(7.36022296819385,15.1433175334631,5.));
#3076=CARTESIAN_POINT('Ctrl Pts',(7.3115377351532,15.1139530551018,5.));
#3077=CARTESIAN_POINT('Ctrl Pts',(7.26312912258864,15.0843428848028,5.));
#3078=CARTESIAN_POINT('Ctrl Pts',(7.21499993314816,15.0544870434844,5.));
#3079=CARTESIAN_POINT('Ctrl Pts',(7.16715315254888,15.0243855640338,5.));
#3080=CARTESIAN_POINT('Ctrl Pts',(7.11959187945288,14.9940384879663,5.));
#3081=CARTESIAN_POINT('Ctrl Pts',(7.07231926891271,14.9634458691181,5.));
#3082=CARTESIAN_POINT('Ctrl Pts',(7.02533847786691,14.9326077735464,5.));
#3083=CARTESIAN_POINT('Ctrl Pts',(6.97865258396972,14.9015242895373,5.));
#3084=CARTESIAN_POINT('Ctrl Pts',(6.93226460795425,14.8701955088218,5.));
#3085=CARTESIAN_POINT('Ctrl Pts',(6.88617763104895,14.8386214832332,5.));
#3086=CARTESIAN_POINT('Ctrl Pts',(6.84039489131793,14.806802186533,5.));
#3087=CARTESIAN_POINT('Ctrl Pts',(6.79491987112085,14.7747374827111,5.));
#3088=CARTESIAN_POINT('Ctrl Pts',(6.74975642404153,14.7424270764881,5.));
#3089=CARTESIAN_POINT('Ctrl Pts',(6.70490874436112,14.7098705345915,5.));
#3090=CARTESIAN_POINT('Ctrl Pts',(6.66038115194095,14.6770673885979,5.));
#3091=CARTESIAN_POINT('Ctrl Pts',(6.61617790655279,14.6440172265288,5.));
#3092=CARTESIAN_POINT('Ctrl Pts',(6.57230304244785,14.6107197733969,5.));
#3093=CARTESIAN_POINT('Ctrl Pts',(6.52876010820249,14.5771750206388,5.));
#3094=CARTESIAN_POINT('Ctrl Pts',(6.4855522400731,14.5433831871967,5.));
#3095=CARTESIAN_POINT('Ctrl Pts',(6.44268269599981,14.509344448499,5.));
#3096=CARTESIAN_POINT('Ctrl Pts',(6.40015531137992,14.4750587050833,5.));
#3097=CARTESIAN_POINT('Ctrl Pts',(6.3579749079564,14.4405253759541,5.));
#3098=CARTESIAN_POINT('Ctrl Pts',(6.31614790608494,14.4057430880917,5.));
#3099=CARTESIAN_POINT('Ctrl Pts',(6.27468220333836,14.3707097419381,5.));
#3100=CARTESIAN_POINT('Ctrl Pts',(6.23358598538912,14.335423123584,5.));
#3101=CARTESIAN_POINT('Ctrl Pts',(6.19286670185148,14.2998814331683,5.));
#3102=CARTESIAN_POINT('Ctrl Pts',(6.1525301592601,14.2640837531135,5.));
#3103=CARTESIAN_POINT('Ctrl Pts',(6.11257910848578,14.2280307768776,5.));
#3104=CARTESIAN_POINT('Ctrl Pts',(6.07301363587029,14.1917246102502,5.));
#3105=CARTESIAN_POINT('Ctrl Pts',(6.03383405030034,14.1551672893169,5.));
#3106=CARTESIAN_POINT('Ctrl Pts',(5.99504337754933,14.1183595005861,5.));
#3107=CARTESIAN_POINT('Ctrl Pts',(5.95664955376322,14.0812994565481,5.));
#3108=CARTESIAN_POINT('Ctrl Pts',(5.91866886329326,14.043981130643,5.));
#3109=CARTESIAN_POINT('Ctrl Pts',(5.88112477266093,14.006394863586,5.));
#3110=CARTESIAN_POINT('Ctrl Pts',(5.84404133557968,13.9685307662174,5.));
#3111=CARTESIAN_POINT('Ctrl Pts',(5.80743744232501,13.9303816873349,5.));
#3112=CARTESIAN_POINT('Ctrl Pts',(5.77132187980766,13.8919457653534,5.));
#3113=CARTESIAN_POINT('Ctrl Pts',(5.73568519194851,13.8532306255478,5.));
#3114=CARTESIAN_POINT('Ctrl Pts',(5.70050405653275,13.814251141054,5.));
#3115=CARTESIAN_POINT('Ctrl Pts',(5.66575705483833,13.7750213360728,5.));
#3116=CARTESIAN_POINT('Ctrl Pts',(5.63143858229395,13.7355472441521,5.));
#3117=CARTESIAN_POINT('Ctrl Pts',(5.59757076246696,13.695820796235,5.));
#3118=CARTESIAN_POINT('Ctrl Pts',(5.56422310743184,13.6558097186746,5.));
#3119=CARTESIAN_POINT('Ctrl Pts',(5.53149827564783,13.6154648966494,5.));
#3120=CARTESIAN_POINT('Ctrl Pts',(5.49949649093528,13.5747387420693,5.));
#3121=CARTESIAN_POINT('Ctrl Pts',(5.46828353559777,13.5336016990853,5.));
#3122=CARTESIAN_POINT('Ctrl Pts',(5.43786339923144,13.4920564005173,5.));
#3123=CARTESIAN_POINT('Ctrl Pts',(5.40813322482774,13.4501608220269,5.));
#3124=CARTESIAN_POINT('Ctrl Pts',(5.37893396103472,13.408002748122,5.));
#3125=CARTESIAN_POINT('Ctrl Pts',(5.35013802435941,13.3656553865605,5.));
#3126=CARTESIAN_POINT('Ctrl Pts',(5.32172871262061,13.3231372256531,5.));
#3127=CARTESIAN_POINT('Ctrl Pts',(5.293874806267,13.2803742394523,5.));
#3128=CARTESIAN_POINT('Ctrl Pts',(5.26702940280938,13.2371500277008,5.));
#3129=CARTESIAN_POINT('Ctrl Pts',(5.24181241759123,13.1931638561455,5.));
#3130=CARTESIAN_POINT('Ctrl Pts',(5.22344540527422,13.1571194666405,5.));
#3131=CARTESIAN_POINT('Ctrl Pts',(5.21090986602477,13.129495529139,5.));
#3132=CARTESIAN_POINT('Ctrl Pts',(5.20313240506178,13.1108030336495,5.));
#3133=CARTESIAN_POINT('Ctrl Pts',(5.19938856814701,13.101387650486,5.));
#3134=CARTESIAN_POINT('',(4.7613243230426,11.9996989787366,5.));
#3135=CARTESIAN_POINT('',(4.4027733723203,11.0979784547035,5.));
#3136=CARTESIAN_POINT('',(3.53615752542493,11.4139813647728,5.));
#3137=CARTESIAN_POINT('Origin',(3.83209010044459,12.3691901958889,5.));
#3138=CARTESIAN_POINT('',(2.64458843358489,11.6528765829279,5.));
#3139=CARTESIAN_POINT('Origin',(0.,0.,5.));
#3140=CARTESIAN_POINT('',(1.87642166995667,12.7727063148734,5.));
#3141=CARTESIAN_POINT('Origin',(2.86590772136858,12.6280779841035,5.));
#3142=CARTESIAN_POINT('',(2.0478912410813,13.9458288142221,5.));
#3143=CARTESIAN_POINT('',(1.73607563981668,11.8125179585857,5.));
#3144=CARTESIAN_POINT('',(0.775868504622458,17.4827923417152,5.));
#3145=CARTESIAN_POINT('Ctrl Pts',(2.0478912410813,13.9458288142221,5.));
#3146=CARTESIAN_POINT('Ctrl Pts',(2.04935667478722,13.9558546936855,5.));
#3147=CARTESIAN_POINT('Ctrl Pts',(2.05196744376108,13.975931600121,5.));
#3148=CARTESIAN_POINT('Ctrl Pts',(2.05492331707165,14.0061224013745,5.));
#3149=CARTESIAN_POINT('Ctrl Pts',(2.05703921256599,14.0465212645082,5.));
#3150=CARTESIAN_POINT('Ctrl Pts',(2.05719374853789,14.0972228990995,5.));
#3151=CARTESIAN_POINT('Ctrl Pts',(2.0555570530445,14.1480788662636,5.));
#3152=CARTESIAN_POINT('Ctrl Pts',(2.05281635564806,14.199039651832,5.));
#3153=CARTESIAN_POINT('Ctrl Pts',(2.04947225043192,14.2500661151695,5.));
#3154=CARTESIAN_POINT('Ctrl Pts',(2.04570791852609,14.3011379744026,5.));
#3155=CARTESIAN_POINT('Ctrl Pts',(2.04149965126194,14.3522475692753,5.));
#3156=CARTESIAN_POINT('Ctrl Pts',(2.03670035421461,14.4033952917561,5.));
#3157=CARTESIAN_POINT('Ctrl Pts',(2.0311283926188,14.454584643907,5.));
#3158=CARTESIAN_POINT('Ctrl Pts',(2.0246657018613,14.5058168458364,5.));
#3159=CARTESIAN_POINT('Ctrl Pts',(2.01731442062386,14.5570876226576,5.));
#3160=CARTESIAN_POINT('Ctrl Pts',(2.00914629597693,14.6083896793346,5.));
#3161=CARTESIAN_POINT('Ctrl Pts',(2.00027191834009,14.6597141164522,5.));
#3162=CARTESIAN_POINT('Ctrl Pts',(1.99080474995765,14.711052139464,5.));
#3163=CARTESIAN_POINT('Ctrl Pts',(1.98082112687548,14.7623969421309,5.));
#3164=CARTESIAN_POINT('Ctrl Pts',(1.97034424319341,14.8137444506773,5.));
#3165=CARTESIAN_POINT('Ctrl Pts',(1.95936622843625,14.8650922421832,5.));
#3166=CARTESIAN_POINT('Ctrl Pts',(1.94786152134632,14.9164388806956,5.));
#3167=CARTESIAN_POINT('Ctrl Pts',(1.93580248772504,14.967783146808,5.));
#3168=CARTESIAN_POINT('Ctrl Pts',(1.92317712573035,15.0191231648786,5.));
#3169=CARTESIAN_POINT('Ctrl Pts',(1.90999397584266,15.0704561536318,5.));
#3170=CARTESIAN_POINT('Ctrl Pts',(1.89627297312156,15.1217788610528,5.));
#3171=CARTESIAN_POINT('Ctrl Pts',(1.88203989327388,15.1730878245483,5.));
#3172=CARTESIAN_POINT('Ctrl Pts',(1.86731988854564,15.2243796760436,5.));
#3173=CARTESIAN_POINT('Ctrl Pts',(1.8521300748788,15.2756514925171,5.));
#3174=CARTESIAN_POINT('Ctrl Pts',(1.83647821893213,15.3269008539246,5.));
#3175=CARTESIAN_POINT('Ctrl Pts',(1.82036659784808,15.3781256528457,5.));
#3176=CARTESIAN_POINT('Ctrl Pts',(1.80379446108757,15.4293239715352,5.));
#3177=CARTESIAN_POINT('Ctrl Pts',(1.78676083053,15.4804939431549,5.));
#3178=CARTESIAN_POINT('Ctrl Pts',(1.76926774177037,15.5316335917172,5.));
#3179=CARTESIAN_POINT('Ctrl Pts',(1.75132068220391,15.5827408086001,5.));
#3180=CARTESIAN_POINT('Ctrl Pts',(1.73292700331637,15.6338134277219,5.));
#3181=CARTESIAN_POINT('Ctrl Pts',(1.71409490106277,15.6848492735483,5.));
#3182=CARTESIAN_POINT('Ctrl Pts',(1.6948322647207,15.7358462155631,5.));
#3183=CARTESIAN_POINT('Ctrl Pts',(1.67514534099124,15.7868022326588,5.));
#3184=CARTESIAN_POINT('Ctrl Pts',(1.65503859612397,15.8377154171204,5.));
#3185=CARTESIAN_POINT('Ctrl Pts',(1.63451540140161,15.8885839373864,5.));
#3186=CARTESIAN_POINT('Ctrl Pts',(1.61357849056887,15.9394060125613,5.));
#3187=CARTESIAN_POINT('Ctrl Pts',(1.59223047023234,15.9901798849073,5.));
#3188=CARTESIAN_POINT('Ctrl Pts',(1.57047441783103,16.0409037875524,5.));
#3189=CARTESIAN_POINT('Ctrl Pts',(1.54831396462258,16.091575941517,5.));
#3190=CARTESIAN_POINT('Ctrl Pts',(1.52575300566689,16.142194573699,5.));
#3191=CARTESIAN_POINT('Ctrl Pts',(1.50279551628519,16.1927579298344,5.));
#3192=CARTESIAN_POINT('Ctrl Pts',(1.47944534546785,16.2432642880075,5.));
#3193=CARTESIAN_POINT('Ctrl Pts',(1.45570597815608,16.293711977146,5.));
#3194=CARTESIAN_POINT('Ctrl Pts',(1.43158049816675,16.3440993738581,5.));
#3195=CARTESIAN_POINT('Ctrl Pts',(1.40707172286494,16.394424881835,5.));
#3196=CARTESIAN_POINT('Ctrl Pts',(1.38218229475614,16.4446869155736,5.));
#3197=CARTESIAN_POINT('Ctrl Pts',(1.35691478400646,16.494883885266,5.));
#3198=CARTESIAN_POINT('Ctrl Pts',(1.33127181179953,16.5450141756268,5.));
#3199=CARTESIAN_POINT('Ctrl Pts',(1.30525607909583,16.5950761509799,5.));
#3200=CARTESIAN_POINT('Ctrl Pts',(1.27887029133288,16.6450681871753,5.));
#3201=CARTESIAN_POINT('Ctrl Pts',(1.25211711127305,16.6949886989286,5.));
#3202=CARTESIAN_POINT('Ctrl Pts',(1.22499910817967,16.7448361649002,5.));
#3203=CARTESIAN_POINT('Ctrl Pts',(1.19751869875797,16.7946091656503,5.));
#3204=CARTESIAN_POINT('Ctrl Pts',(1.16967813794478,16.8443063770237,5.));
#3205=CARTESIAN_POINT('Ctrl Pts',(1.14147958682507,16.8939264969443,5.));
#3206=CARTESIAN_POINT('Ctrl Pts',(1.11292516703255,16.9434681851668,5.));
#3207=CARTESIAN_POINT('Ctrl Pts',(1.0840170172419,16.992930005636,5.));
#3208=CARTESIAN_POINT('Ctrl Pts',(1.05475736552138,17.0423103507838,5.));
#3209=CARTESIAN_POINT('Ctrl Pts',(1.02514855212895,17.091607430024,5.));
#3210=CARTESIAN_POINT('Ctrl Pts',(0.995192920095962,17.1408194222995,5.));
#3211=CARTESIAN_POINT('Ctrl Pts',(0.96489273262067,17.1899445999944,5.));
#3212=CARTESIAN_POINT('Ctrl Pts',(0.934250083854093,17.2389814599646,5.));
#3213=CARTESIAN_POINT('Ctrl Pts',(0.90326681113313,17.2879288640668,5.));
#3214=CARTESIAN_POINT('Ctrl Pts',(0.871944419907769,17.3367861421872,5.));
#3215=CARTESIAN_POINT('Ctrl Pts',(0.840284085901616,17.3855529617594,5.));
#3216=CARTESIAN_POINT('Ctrl Pts',(0.814686136758526,17.424493973308,5.));
#3217=CARTESIAN_POINT('Ctrl Pts',(0.795336205787359,17.4536589945522,5.));
#3218=CARTESIAN_POINT('Ctrl Pts',(0.782368954552812,17.4730842425744,5.));
#3219=CARTESIAN_POINT('Ctrl Pts',(0.775868504622458,17.4827923417152,5.));
#3220=CARTESIAN_POINT('',(-0.775868504622464,17.4827923417152,5.));
#3221=CARTESIAN_POINT('Origin',(-4.73316543132607E-29,1.79856129989275E-13,
5.));
#3222=CARTESIAN_POINT('',(-2.0478912410813,13.9458288142221,5.));
#3223=CARTESIAN_POINT('Ctrl Pts',(-0.775868504622464,17.4827923417152,5.));
#3224=CARTESIAN_POINT('Ctrl Pts',(-0.78236895455282,17.4730842425744,5.));
#3225=CARTESIAN_POINT('Ctrl Pts',(-0.795336205787365,17.4536589945522,5.));
#3226=CARTESIAN_POINT('Ctrl Pts',(-0.814686136758532,17.424493973308,5.));
#3227=CARTESIAN_POINT('Ctrl Pts',(-0.840284085901621,17.3855529617594,5.));
#3228=CARTESIAN_POINT('Ctrl Pts',(-0.871944419907775,17.3367861421872,5.));
#3229=CARTESIAN_POINT('Ctrl Pts',(-0.903266811133138,17.2879288640668,5.));
#3230=CARTESIAN_POINT('Ctrl Pts',(-0.9342500838541,17.2389814599646,5.));
#3231=CARTESIAN_POINT('Ctrl Pts',(-0.964892732620677,17.1899445999944,5.));
#3232=CARTESIAN_POINT('Ctrl Pts',(-0.995192920095969,17.1408194222995,5.));
#3233=CARTESIAN_POINT('Ctrl Pts',(-1.02514855212895,17.091607430024,5.));
#3234=CARTESIAN_POINT('Ctrl Pts',(-1.05475736552138,17.0423103507837,5.));
#3235=CARTESIAN_POINT('Ctrl Pts',(-1.0840170172419,16.992930005636,5.));
#3236=CARTESIAN_POINT('Ctrl Pts',(-1.11292516703255,16.9434681851668,5.));
#3237=CARTESIAN_POINT('Ctrl Pts',(-1.14147958682508,16.8939264969443,5.));
#3238=CARTESIAN_POINT('Ctrl Pts',(-1.16967813794479,16.8443063770237,5.));
#3239=CARTESIAN_POINT('Ctrl Pts',(-1.19751869875798,16.7946091656503,5.));
#3240=CARTESIAN_POINT('Ctrl Pts',(-1.22499910817968,16.7448361649002,5.));
#3241=CARTESIAN_POINT('Ctrl Pts',(-1.25211711127306,16.6949886989286,5.));
#3242=CARTESIAN_POINT('Ctrl Pts',(-1.27887029133288,16.6450681871753,5.));
#3243=CARTESIAN_POINT('Ctrl Pts',(-1.30525607909584,16.5950761509799,5.));
#3244=CARTESIAN_POINT('Ctrl Pts',(-1.33127181179954,16.5450141756268,5.));
#3245=CARTESIAN_POINT('Ctrl Pts',(-1.35691478400647,16.494883885266,5.));
#3246=CARTESIAN_POINT('Ctrl Pts',(-1.38218229475614,16.4446869155736,5.));
#3247=CARTESIAN_POINT('Ctrl Pts',(-1.40707172286495,16.394424881835,5.));
#3248=CARTESIAN_POINT('Ctrl Pts',(-1.43158049816676,16.3440993738581,5.));
#3249=CARTESIAN_POINT('Ctrl Pts',(-1.45570597815609,16.293711977146,5.));
#3250=CARTESIAN_POINT('Ctrl Pts',(-1.47944534546785,16.2432642880075,5.));
#3251=CARTESIAN_POINT('Ctrl Pts',(-1.5027955162852,16.1927579298344,5.));
#3252=CARTESIAN_POINT('Ctrl Pts',(-1.52575300566689,16.142194573699,5.));
#3253=CARTESIAN_POINT('Ctrl Pts',(-1.54831396462259,16.091575941517,5.));
#3254=CARTESIAN_POINT('Ctrl Pts',(-1.57047441783104,16.0409037875524,5.));
#3255=CARTESIAN_POINT('Ctrl Pts',(-1.59223047023235,15.9901798849073,5.));
#3256=CARTESIAN_POINT('Ctrl Pts',(-1.61357849056887,15.9394060125613,5.));
#3257=CARTESIAN_POINT('Ctrl Pts',(-1.63451540140162,15.8885839373864,5.));
#3258=CARTESIAN_POINT('Ctrl Pts',(-1.65503859612398,15.8377154171204,5.));
#3259=CARTESIAN_POINT('Ctrl Pts',(-1.67514534099124,15.7868022326587,5.));
#3260=CARTESIAN_POINT('Ctrl Pts',(-1.69483226472071,15.7358462155631,5.));
#3261=CARTESIAN_POINT('Ctrl Pts',(-1.71409490106277,15.6848492735483,5.));
#3262=CARTESIAN_POINT('Ctrl Pts',(-1.73292700331638,15.6338134277219,5.));
#3263=CARTESIAN_POINT('Ctrl Pts',(-1.75132068220392,15.5827408086001,5.));
#3264=CARTESIAN_POINT('Ctrl Pts',(-1.76926774177037,15.5316335917172,5.));
#3265=CARTESIAN_POINT('Ctrl Pts',(-1.78676083053,15.4804939431549,5.));
#3266=CARTESIAN_POINT('Ctrl Pts',(-1.80379446108758,15.4293239715352,5.));
#3267=CARTESIAN_POINT('Ctrl Pts',(-1.82036659784808,15.3781256528457,5.));
#3268=CARTESIAN_POINT('Ctrl Pts',(-1.83647821893213,15.3269008539246,5.));
#3269=CARTESIAN_POINT('Ctrl Pts',(-1.85213007487881,15.2756514925171,5.));
#3270=CARTESIAN_POINT('Ctrl Pts',(-1.86731988854565,15.2243796760436,5.));
#3271=CARTESIAN_POINT('Ctrl Pts',(-1.88203989327388,15.1730878245483,5.));
#3272=CARTESIAN_POINT('Ctrl Pts',(-1.89627297312156,15.1217788610528,5.));
#3273=CARTESIAN_POINT('Ctrl Pts',(-1.90999397584267,15.0704561536318,5.));
#3274=CARTESIAN_POINT('Ctrl Pts',(-1.92317712573035,15.0191231648786,5.));
#3275=CARTESIAN_POINT('Ctrl Pts',(-1.93580248772505,14.967783146808,5.));
#3276=CARTESIAN_POINT('Ctrl Pts',(-1.94786152134633,14.9164388806956,5.));
#3277=CARTESIAN_POINT('Ctrl Pts',(-1.95936622843626,14.8650922421832,5.));
#3278=CARTESIAN_POINT('Ctrl Pts',(-1.97034424319342,14.8137444506773,5.));
#3279=CARTESIAN_POINT('Ctrl Pts',(-1.98082112687549,14.7623969421309,5.));
#3280=CARTESIAN_POINT('Ctrl Pts',(-1.99080474995766,14.711052139464,5.));
#3281=CARTESIAN_POINT('Ctrl Pts',(-2.0002719183401,14.6597141164522,5.));
#3282=CARTESIAN_POINT('Ctrl Pts',(-2.00914629597694,14.6083896793346,5.));
#3283=CARTESIAN_POINT('Ctrl Pts',(-2.01731442062386,14.5570876226576,5.));
#3284=CARTESIAN_POINT('Ctrl Pts',(-2.0246657018613,14.5058168458364,5.));
#3285=CARTESIAN_POINT('Ctrl Pts',(-2.03112839261881,14.454584643907,5.));
#3286=CARTESIAN_POINT('Ctrl Pts',(-2.03670035421462,14.4033952917561,5.));
#3287=CARTESIAN_POINT('Ctrl Pts',(-2.04149965126195,14.3522475692753,5.));
#3288=CARTESIAN_POINT('Ctrl Pts',(-2.0457079185261,14.3011379744026,5.));
#3289=CARTESIAN_POINT('Ctrl Pts',(-2.04947225043193,14.2500661151694,5.));
#3290=CARTESIAN_POINT('Ctrl Pts',(-2.05281635564806,14.199039651832,5.));
#3291=CARTESIAN_POINT('Ctrl Pts',(-2.05555705304451,14.1480788662636,5.));
#3292=CARTESIAN_POINT('Ctrl Pts',(-2.05719374853789,14.0972228990995,5.));
#3293=CARTESIAN_POINT('Ctrl Pts',(-2.057039212566,14.0465212645082,5.));
#3294=CARTESIAN_POINT('Ctrl Pts',(-2.05492331707166,14.0061224013745,5.));
#3295=CARTESIAN_POINT('Ctrl Pts',(-2.05196744376108,13.975931600121,5.));
#3296=CARTESIAN_POINT('Ctrl Pts',(-2.04935667478723,13.9558546936855,5.));
#3297=CARTESIAN_POINT('Ctrl Pts',(-2.0478912410813,13.9458288142221,5.));
#3298=CARTESIAN_POINT('',(-1.87642166995668,12.7727063148734,5.));
#3299=CARTESIAN_POINT('',(-1.73607563981669,11.8125179585857,5.));
#3300=CARTESIAN_POINT('',(-2.64458843358489,11.6528765829279,5.));
#3301=CARTESIAN_POINT('Origin',(-2.86590772136858,12.6280779841035,5.));
#3302=CARTESIAN_POINT('',(-3.53615752542493,11.4139813647728,5.));
#3303=CARTESIAN_POINT('Origin',(0.,0.,5.));
#3304=CARTESIAN_POINT('',(-4.7613243230426,11.9996989787366,5.));
#3305=CARTESIAN_POINT('Origin',(-3.8320901004446,12.3691901958889,5.));
#3306=CARTESIAN_POINT('',(-5.19938856814701,13.101387650486,5.));
#3307=CARTESIAN_POINT('',(-4.4027733723203,11.0979784547035,5.));
#3308=CARTESIAN_POINT('',(-8.0694743358583,15.5284765493246,5.));
#3309=CARTESIAN_POINT('Ctrl Pts',(-5.19938856814701,13.101387650486,5.));
#3310=CARTESIAN_POINT('Ctrl Pts',(-5.20313240506179,13.1108030336495,5.));
#3311=CARTESIAN_POINT('Ctrl Pts',(-5.21090986602477,13.129495529139,5.));
#3312=CARTESIAN_POINT('Ctrl Pts',(-5.22344540527423,13.1571194666405,5.));
#3313=CARTESIAN_POINT('Ctrl Pts',(-5.24181241759123,13.1931638561455,5.));
#3314=CARTESIAN_POINT('Ctrl Pts',(-5.26702940280938,13.2371500277008,5.));
#3315=CARTESIAN_POINT('Ctrl Pts',(-5.293874806267,13.2803742394523,5.));
#3316=CARTESIAN_POINT('Ctrl Pts',(-5.32172871262061,13.3231372256531,5.));
#3317=CARTESIAN_POINT('Ctrl Pts',(-5.35013802435942,13.3656553865605,5.));
#3318=CARTESIAN_POINT('Ctrl Pts',(-5.37893396103472,13.408002748122,5.));
#3319=CARTESIAN_POINT('Ctrl Pts',(-5.40813322482775,13.4501608220269,5.));
#3320=CARTESIAN_POINT('Ctrl Pts',(-5.43786339923144,13.4920564005173,5.));
#3321=CARTESIAN_POINT('Ctrl Pts',(-5.46828353559778,13.5336016990853,5.));
#3322=CARTESIAN_POINT('Ctrl Pts',(-5.49949649093528,13.5747387420693,5.));
#3323=CARTESIAN_POINT('Ctrl Pts',(-5.53149827564783,13.6154648966494,5.));
#3324=CARTESIAN_POINT('Ctrl Pts',(-5.56422310743184,13.6558097186746,5.));
#3325=CARTESIAN_POINT('Ctrl Pts',(-5.59757076246697,13.695820796235,5.));
#3326=CARTESIAN_POINT('Ctrl Pts',(-5.63143858229395,13.7355472441521,5.));
#3327=CARTESIAN_POINT('Ctrl Pts',(-5.66575705483834,13.7750213360728,5.));
#3328=CARTESIAN_POINT('Ctrl Pts',(-5.70050405653275,13.814251141054,5.));
#3329=CARTESIAN_POINT('Ctrl Pts',(-5.73568519194851,13.8532306255478,5.));
#3330=CARTESIAN_POINT('Ctrl Pts',(-5.77132187980766,13.8919457653534,5.));
#3331=CARTESIAN_POINT('Ctrl Pts',(-5.80743744232501,13.9303816873349,5.));
#3332=CARTESIAN_POINT('Ctrl Pts',(-5.84404133557969,13.9685307662174,5.));
#3333=CARTESIAN_POINT('Ctrl Pts',(-5.88112477266094,14.006394863586,5.));
#3334=CARTESIAN_POINT('Ctrl Pts',(-5.91866886329327,14.043981130643,5.));
#3335=CARTESIAN_POINT('Ctrl Pts',(-5.95664955376323,14.0812994565481,5.));
#3336=CARTESIAN_POINT('Ctrl Pts',(-5.99504337754933,14.1183595005861,5.));
#3337=CARTESIAN_POINT('Ctrl Pts',(-6.03383405030034,14.1551672893169,5.));
#3338=CARTESIAN_POINT('Ctrl Pts',(-6.0730136358703,14.1917246102502,5.));
#3339=CARTESIAN_POINT('Ctrl Pts',(-6.11257910848579,14.2280307768776,5.));
#3340=CARTESIAN_POINT('Ctrl Pts',(-6.15253015926011,14.2640837531135,5.));
#3341=CARTESIAN_POINT('Ctrl Pts',(-6.19286670185148,14.2998814331683,5.));
#3342=CARTESIAN_POINT('Ctrl Pts',(-6.23358598538912,14.335423123584,5.));
#3343=CARTESIAN_POINT('Ctrl Pts',(-6.27468220333837,14.3707097419381,5.));
#3344=CARTESIAN_POINT('Ctrl Pts',(-6.31614790608495,14.4057430880917,5.));
#3345=CARTESIAN_POINT('Ctrl Pts',(-6.35797490795641,14.4405253759541,5.));
#3346=CARTESIAN_POINT('Ctrl Pts',(-6.40015531137993,14.4750587050833,5.));
#3347=CARTESIAN_POINT('Ctrl Pts',(-6.44268269599982,14.509344448499,5.));
#3348=CARTESIAN_POINT('Ctrl Pts',(-6.48555224007311,14.5433831871967,5.));
#3349=CARTESIAN_POINT('Ctrl Pts',(-6.52876010820249,14.5771750206388,5.));
#3350=CARTESIAN_POINT('Ctrl Pts',(-6.57230304244785,14.6107197733969,5.));
#3351=CARTESIAN_POINT('Ctrl Pts',(-6.6161779065528,14.6440172265288,5.));
#3352=CARTESIAN_POINT('Ctrl Pts',(-6.66038115194095,14.6770673885979,5.));
#3353=CARTESIAN_POINT('Ctrl Pts',(-6.70490874436112,14.7098705345915,5.));
#3354=CARTESIAN_POINT('Ctrl Pts',(-6.74975642404154,14.7424270764881,5.));
#3355=CARTESIAN_POINT('Ctrl Pts',(-6.79491987112086,14.7747374827111,5.));
#3356=CARTESIAN_POINT('Ctrl Pts',(-6.84039489131794,14.806802186533,5.));
#3357=CARTESIAN_POINT('Ctrl Pts',(-6.88617763104895,14.8386214832332,5.));
#3358=CARTESIAN_POINT('Ctrl Pts',(-6.93226460795426,14.8701955088218,5.));
#3359=CARTESIAN_POINT('Ctrl Pts',(-6.97865258396972,14.9015242895373,5.));
#3360=CARTESIAN_POINT('Ctrl Pts',(-7.02533847786692,14.9326077735464,5.));
#3361=CARTESIAN_POINT('Ctrl Pts',(-7.07231926891271,14.9634458691181,5.));
#3362=CARTESIAN_POINT('Ctrl Pts',(-7.11959187945289,14.9940384879663,5.));
#3363=CARTESIAN_POINT('Ctrl Pts',(-7.16715315254889,15.0243855640338,5.));
#3364=CARTESIAN_POINT('Ctrl Pts',(-7.21499993314817,15.0544870434844,5.));
#3365=CARTESIAN_POINT('Ctrl Pts',(-7.26312912258865,15.0843428848028,5.));
#3366=CARTESIAN_POINT('Ctrl Pts',(-7.31153773515321,15.1139530551018,5.));
#3367=CARTESIAN_POINT('Ctrl Pts',(-7.36022296819386,15.1433175334631,5.));
#3368=CARTESIAN_POINT('Ctrl Pts',(-7.40918220680039,15.1724363006031,5.));
#3369=CARTESIAN_POINT('Ctrl Pts',(-7.45841292838026,15.2013093094333,5.));
#3370=CARTESIAN_POINT('Ctrl Pts',(-7.50791262542215,15.2299364600841,5.));
#3371=CARTESIAN_POINT('Ctrl Pts',(-7.55767872775188,15.2583175782326,5.));
#3372=CARTESIAN_POINT('Ctrl Pts',(-7.60770850202162,15.2864523857179,5.));
#3373=CARTESIAN_POINT('Ctrl Pts',(-7.6579990262155,15.3143405019761,5.));
#3374=CARTESIAN_POINT('Ctrl Pts',(-7.70854736068021,15.341981521441,5.));
#3375=CARTESIAN_POINT('Ctrl Pts',(-7.75935068162071,15.3693750795526,5.));
#3376=CARTESIAN_POINT('Ctrl Pts',(-7.81040642387694,15.3965209216254,5.));
#3377=CARTESIAN_POINT('Ctrl Pts',(-7.86171242719677,15.4234189806667,5.));
#3378=CARTESIAN_POINT('Ctrl Pts',(-7.9132670527654,15.450069429066,5.));
#3379=CARTESIAN_POINT('Ctrl Pts',(-7.96506911609313,15.4764725666743,5.));
#3380=CARTESIAN_POINT('Ctrl Pts',(-8.00670809611014,15.4973974973529,5.));
#3381=CARTESIAN_POINT('Ctrl Pts',(-8.03804813851471,15.5129801811666,5.));
#3382=CARTESIAN_POINT('Ctrl Pts',(-8.05899073151218,15.5233193138114,5.));
#3383=CARTESIAN_POINT('Ctrl Pts',(-8.0694743358583,15.5284765493246,5.));
#3384=CARTESIAN_POINT('',(-9.41331800585689,14.7526080447022,5.));
#3385=CARTESIAN_POINT('Origin',(-8.99280649946377E-14,1.55759977597069E-13,
5.));
#3386=CARTESIAN_POINT('',(-8.7464402460751,11.0534964094047,5.));
#3387=CARTESIAN_POINT('Ctrl Pts',(-9.41331800585689,14.7526080447022,5.));
#3388=CARTESIAN_POINT('Ctrl Pts',(-9.4140935110622,14.7409503592586,5.));
#3389=CARTESIAN_POINT('Ctrl Pts',(-9.41561085603747,14.7176439753793,5.));
#3390=CARTESIAN_POINT('Ctrl Pts',(-9.41778587719792,14.6827113605944,5.));
#3391=CARTESIAN_POINT('Ctrl Pts',(-9.42048384566631,14.6361884807726,5.));
#3392=CARTESIAN_POINT('Ctrl Pts',(-9.42351908942183,14.5781250091583,5.));
#3393=CARTESIAN_POINT('Ctrl Pts',(-9.42621643687008,14.5201521695336,5.));
#3394=CARTESIAN_POINT('Ctrl Pts',(-9.42857503608772,14.4622708377713,5.));
#3395=CARTESIAN_POINT('Ctrl Pts',(-9.43059391837369,14.4044823469319,5.));
#3396=CARTESIAN_POINT('Ctrl Pts',(-9.43227206161925,14.3467886013451,5.));
#3397=CARTESIAN_POINT('Ctrl Pts',(-9.43360840380852,14.2891919498472,5.));
#3398=CARTESIAN_POINT('Ctrl Pts',(-9.43460184876214,14.2316950201965,5.));
#3399=CARTESIAN_POINT('Ctrl Pts',(-9.43525127788411,14.1743005609907,5.));
#3400=CARTESIAN_POINT('Ctrl Pts',(-9.43555555974461,14.1170112930516,5.));
#3401=CARTESIAN_POINT('Ctrl Pts',(-9.43551356856401,14.0598297226082,5.));
#3402=CARTESIAN_POINT('Ctrl Pts',(-9.43512417022331,14.0027581626583,5.));
#3403=CARTESIAN_POINT('Ctrl Pts',(-9.43438619745643,13.9457988347051,5.));
#3404=CARTESIAN_POINT('Ctrl Pts',(-9.43329842974696,13.8889539469221,5.));
#3405=CARTESIAN_POINT('Ctrl Pts',(-9.43185957633995,13.8322257735297,5.));
#3406=CARTESIAN_POINT('Ctrl Pts',(-9.43006825402713,13.7756167521516,5.));
#3407=CARTESIAN_POINT('Ctrl Pts',(-9.42792299843102,13.719129484938,5.));
#3408=CARTESIAN_POINT('Ctrl Pts',(-9.42542229617396,13.6627666761667,5.));
#3409=CARTESIAN_POINT('Ctrl Pts',(-9.42256461635326,13.6065310851117,5.));
#3410=CARTESIAN_POINT('Ctrl Pts',(-9.41934843770669,13.5504254787902,5.));
#3411=CARTESIAN_POINT('Ctrl Pts',(-9.41577229786529,13.4944525666723,5.));
#3412=CARTESIAN_POINT('Ctrl Pts',(-9.41183476590384,13.4386150106551,5.));
#3413=CARTESIAN_POINT('Ctrl Pts',(-9.40753434609704,13.3829155050772,5.));
#3414=CARTESIAN_POINT('Ctrl Pts',(-9.40286939668955,13.3273568410651,5.));
#3415=CARTESIAN_POINT('Ctrl Pts',(-9.39783805871351,13.2719419664259,5.));
#3416=CARTESIAN_POINT('Ctrl Pts',(-9.39243814965752,13.2166740708212,5.));
#3417=CARTESIAN_POINT('Ctrl Pts',(-9.38666719715584,13.1615565699689,5.));
#3418=CARTESIAN_POINT('Ctrl Pts',(-9.38052263561146,13.1065929707669,5.));
#3419=CARTESIAN_POINT('Ctrl Pts',(-9.3740019783545,13.0517867562965,5.));
#3420=CARTESIAN_POINT('Ctrl Pts',(-9.36710297011343,12.997141282828,5.));
#3421=CARTESIAN_POINT('Ctrl Pts',(-9.35982382918392,12.9426596192372,5.));
#3422=CARTESIAN_POINT('Ctrl Pts',(-9.3521631770473,12.8883445910727,5.));
#3423=CARTESIAN_POINT('Ctrl Pts',(-9.34411953665894,12.8341991075078,5.));
#3424=CARTESIAN_POINT('Ctrl Pts',(-9.33569090418322,12.7802264403626,5.));
#3425=CARTESIAN_POINT('Ctrl Pts',(-9.32687436559188,12.7264304748913,5.));
#3426=CARTESIAN_POINT('Ctrl Pts',(-9.317665521637,12.6728160847753,5.));
#3427=CARTESIAN_POINT('Ctrl Pts',(-9.30805860526174,12.6193890597342,5.));
#3428=CARTESIAN_POINT('Ctrl Pts',(-9.29804760632806,12.5661553818136,5.));
#3429=CARTESIAN_POINT('Ctrl Pts',(-9.28762724130341,12.5131206026383,5.));
#3430=CARTESIAN_POINT('Ctrl Pts',(-9.27679381227511,12.4602892920259,5.));
#3431=CARTESIAN_POINT('Ctrl Pts',(-9.26554654435996,12.4076641790295,5.));
#3432=CARTESIAN_POINT('Ctrl Pts',(-9.25388721805434,12.3552463913181,5.));
#3433=CARTESIAN_POINT('Ctrl Pts',(-9.24181744221678,12.3030372144381,5.));
#3434=CARTESIAN_POINT('Ctrl Pts',(-9.22933629849424,12.2510396120404,5.));
#3435=CARTESIAN_POINT('Ctrl Pts',(-9.2164382707851,12.1992595632743,5.));
#3436=CARTESIAN_POINT('Ctrl Pts',(-9.2031099977595,12.1477081575214,5.));
#3437=CARTESIAN_POINT('Ctrl Pts',(-9.18933138097091,12.0964008877434,5.));
#3438=CARTESIAN_POINT('Ctrl Pts',(-9.17508182929894,12.045353640487,5.));
#3439=CARTESIAN_POINT('Ctrl Pts',(-9.16034570448302,11.9945791996098,5.));
#3440=CARTESIAN_POINT('Ctrl Pts',(-9.14511700088791,11.9440842440071,5.));
#3441=CARTESIAN_POINT('Ctrl Pts',(-9.12940705023471,11.8938643971115,5.));
#3442=CARTESIAN_POINT('Ctrl Pts',(-9.1132403941446,11.8439068978606,5.));
#3443=CARTESIAN_POINT('Ctrl Pts',(-9.09663988729252,11.7942002091973,5.));
#3444=CARTESIAN_POINT('Ctrl Pts',(-9.07961355717007,11.7447424941944,5.));
#3445=CARTESIAN_POINT('Ctrl Pts',(-9.06214335398528,11.6955488778949,5.));
#3446=CARTESIAN_POINT('Ctrl Pts',(-9.04416657190271,11.6466634226977,5.));
#3447=CARTESIAN_POINT('Ctrl Pts',(-9.02558934700973,11.5981504760255,5.));
#3448=CARTESIAN_POINT('Ctrl Pts',(-9.00632035490116,11.550073040208,5.));
#3449=CARTESIAN_POINT('Ctrl Pts',(-8.98630110830926,11.5024733064665,5.));
#3450=CARTESIAN_POINT('Ctrl Pts',(-8.96553189252468,11.4553560463027,5.));
#3451=CARTESIAN_POINT('Ctrl Pts',(-8.94411434444758,11.4086611707649,5.));
#3452=CARTESIAN_POINT('Ctrl Pts',(-8.92220401336789,11.3622948295959,5.));
#3453=CARTESIAN_POINT('Ctrl Pts',(-8.89992809081004,11.3161831361286,5.));
#3454=CARTESIAN_POINT('Ctrl Pts',(-8.87731093921144,11.2703208700051,5.));
#3455=CARTESIAN_POINT('Ctrl Pts',(-8.85420405999663,11.2248171864078,5.));
#3456=CARTESIAN_POINT('Ctrl Pts',(-8.83019349629008,11.1799562791629,5.));
#3457=CARTESIAN_POINT('Ctrl Pts',(-8.80470884691701,11.1361246435795,5.));
#3458=CARTESIAN_POINT('Ctrl Pts',(-8.78267699610031,11.1021961495688,5.));
#3459=CARTESIAN_POINT('Ctrl Pts',(-8.7650217340962,11.0775280853779,5.));
#3460=CARTESIAN_POINT('Ctrl Pts',(-8.75272228862367,11.0614463588623,5.));
#3461=CARTESIAN_POINT('Ctrl Pts',(-8.7464402460751,11.0534964094047,5.));
#3462=CARTESIAN_POINT('',(-8.0113819918308,10.1232773087799,5.));
#3463=CARTESIAN_POINT('',(-7.40974458626544,9.36190281488681,5.));
#3464=CARTESIAN_POINT('',(-8.11671905750295,8.7693929311879,5.));
#3465=CARTESIAN_POINT('Origin',(-8.79598788365893,9.50328247452034,5.));
#3466=CARTESIAN_POINT('',(-8.76939293118791,8.11671905750295,5.));
#3467=CARTESIAN_POINT('Origin',(0.,0.,5.));
#3468=CARTESIAN_POINT('',(-10.12327730878,8.0113819918308,5.));
#3469=CARTESIAN_POINT('Origin',(-9.50328247452034,8.79598788365892,5.));
#3470=CARTESIAN_POINT('',(-11.0534964094047,8.7464402460751,5.));
#3471=CARTESIAN_POINT('',(-9.36190281488681,7.40974458626543,5.));
#3472=CARTESIAN_POINT('',(-14.7526080447022,9.41331800585688,5.));
#3473=CARTESIAN_POINT('Ctrl Pts',(-11.0534964094047,8.7464402460751,5.));
#3474=CARTESIAN_POINT('Ctrl Pts',(-11.0614463588623,8.75272228862367,5.));
#3475=CARTESIAN_POINT('Ctrl Pts',(-11.0775280853779,8.76502173409619,5.));
#3476=CARTESIAN_POINT('Ctrl Pts',(-11.1021961495688,8.7826769961003,5.));
#3477=CARTESIAN_POINT('Ctrl Pts',(-11.1361246435795,8.80470884691701,5.));
#3478=CARTESIAN_POINT('Ctrl Pts',(-11.1799562791629,8.83019349629007,5.));
#3479=CARTESIAN_POINT('Ctrl Pts',(-11.2248171864078,8.85420405999663,5.));
#3480=CARTESIAN_POINT('Ctrl Pts',(-11.2703208700051,8.87731093921143,5.));
#3481=CARTESIAN_POINT('Ctrl Pts',(-11.3161831361286,8.89992809081003,5.));
#3482=CARTESIAN_POINT('Ctrl Pts',(-11.3622948295959,8.92220401336789,5.));
#3483=CARTESIAN_POINT('Ctrl Pts',(-11.4086611707649,8.94411434444757,5.));
#3484=CARTESIAN_POINT('Ctrl Pts',(-11.4553560463027,8.96553189252467,5.));
#3485=CARTESIAN_POINT('Ctrl Pts',(-11.5024733064665,8.98630110830925,5.));
#3486=CARTESIAN_POINT('Ctrl Pts',(-11.550073040208,9.00632035490115,5.));
#3487=CARTESIAN_POINT('Ctrl Pts',(-11.5981504760255,9.02558934700972,5.));
#3488=CARTESIAN_POINT('Ctrl Pts',(-11.6466634226977,9.0441665719027,5.));
#3489=CARTESIAN_POINT('Ctrl Pts',(-11.6955488778949,9.06214335398527,5.));
#3490=CARTESIAN_POINT('Ctrl Pts',(-11.7447424941944,9.07961355717006,5.));
#3491=CARTESIAN_POINT('Ctrl Pts',(-11.7942002091973,9.09663988729251,5.));
#3492=CARTESIAN_POINT('Ctrl Pts',(-11.8439068978606,9.11324039414459,5.));
#3493=CARTESIAN_POINT('Ctrl Pts',(-11.8938643971115,9.1294070502347,5.));
#3494=CARTESIAN_POINT('Ctrl Pts',(-11.9440842440071,9.1451170008879,5.));
#3495=CARTESIAN_POINT('Ctrl Pts',(-11.9945791996098,9.16034570448301,5.));
#3496=CARTESIAN_POINT('Ctrl Pts',(-12.0453536404871,9.17508182929893,5.));
#3497=CARTESIAN_POINT('Ctrl Pts',(-12.0964008877434,9.1893313809709,5.));
#3498=CARTESIAN_POINT('Ctrl Pts',(-12.1477081575214,9.20310999775949,5.));
#3499=CARTESIAN_POINT('Ctrl Pts',(-12.1992595632743,9.21643827078509,5.));
#3500=CARTESIAN_POINT('Ctrl Pts',(-12.2510396120404,9.22933629849423,5.));
#3501=CARTESIAN_POINT('Ctrl Pts',(-12.3030372144381,9.24181744221677,5.));
#3502=CARTESIAN_POINT('Ctrl Pts',(-12.3552463913181,9.25388721805433,5.));
#3503=CARTESIAN_POINT('Ctrl Pts',(-12.4076641790295,9.26554654435996,5.));
#3504=CARTESIAN_POINT('Ctrl Pts',(-12.4602892920259,9.27679381227511,5.));
#3505=CARTESIAN_POINT('Ctrl Pts',(-12.5131206026383,9.2876272413034,5.));
#3506=CARTESIAN_POINT('Ctrl Pts',(-12.5661553818136,9.29804760632805,5.));
#3507=CARTESIAN_POINT('Ctrl Pts',(-12.6193890597342,9.30805860526173,5.));
#3508=CARTESIAN_POINT('Ctrl Pts',(-12.6728160847753,9.31766552163699,5.));
#3509=CARTESIAN_POINT('Ctrl Pts',(-12.7264304748913,9.32687436559187,5.));
#3510=CARTESIAN_POINT('Ctrl Pts',(-12.7802264403626,9.33569090418321,5.));
#3511=CARTESIAN_POINT('Ctrl Pts',(-12.8341991075078,9.34411953665893,5.));
#3512=CARTESIAN_POINT('Ctrl Pts',(-12.8883445910727,9.35216317704729,5.));
#3513=CARTESIAN_POINT('Ctrl Pts',(-12.9426596192372,9.35982382918391,5.));
#3514=CARTESIAN_POINT('Ctrl Pts',(-12.9971412828281,9.36710297011342,5.));
#3515=CARTESIAN_POINT('Ctrl Pts',(-13.0517867562965,9.37400197835449,5.));
#3516=CARTESIAN_POINT('Ctrl Pts',(-13.1065929707669,9.38052263561145,5.));
#3517=CARTESIAN_POINT('Ctrl Pts',(-13.1615565699689,9.38666719715584,5.));
#3518=CARTESIAN_POINT('Ctrl Pts',(-13.2166740708212,9.3924381496575,5.));
#3519=CARTESIAN_POINT('Ctrl Pts',(-13.2719419664259,9.39783805871351,5.));
#3520=CARTESIAN_POINT('Ctrl Pts',(-13.3273568410651,9.40286939668954,5.));
#3521=CARTESIAN_POINT('Ctrl Pts',(-13.3829155050772,9.40753434609704,5.));
#3522=CARTESIAN_POINT('Ctrl Pts',(-13.4386150106551,9.41183476590383,5.));
#3523=CARTESIAN_POINT('Ctrl Pts',(-13.4944525666723,9.41577229786528,5.));
#3524=CARTESIAN_POINT('Ctrl Pts',(-13.5504254787902,9.41934843770668,5.));
#3525=CARTESIAN_POINT('Ctrl Pts',(-13.6065310851117,9.42256461635325,5.));
#3526=CARTESIAN_POINT('Ctrl Pts',(-13.6627666761667,9.42542229617395,5.));
#3527=CARTESIAN_POINT('Ctrl Pts',(-13.719129484938,9.42792299843101,5.));
#3528=CARTESIAN_POINT('Ctrl Pts',(-13.7756167521516,9.43006825402712,5.));
#3529=CARTESIAN_POINT('Ctrl Pts',(-13.8322257735297,9.43185957633994,5.));
#3530=CARTESIAN_POINT('Ctrl Pts',(-13.8889539469221,9.43329842974695,5.));
#3531=CARTESIAN_POINT('Ctrl Pts',(-13.9457988347051,9.43438619745642,5.));
#3532=CARTESIAN_POINT('Ctrl Pts',(-14.0027581626584,9.4351241702233,5.));
#3533=CARTESIAN_POINT('Ctrl Pts',(-14.0598297226082,9.435513568564,5.));
#3534=CARTESIAN_POINT('Ctrl Pts',(-14.1170112930516,9.4355555597446,5.));
#3535=CARTESIAN_POINT('Ctrl Pts',(-14.1743005609907,9.4352512778841,5.));
#3536=CARTESIAN_POINT('Ctrl Pts',(-14.2316950201965,9.43460184876213,5.));
#3537=CARTESIAN_POINT('Ctrl Pts',(-14.2891919498472,9.4336084038085,5.));
#3538=CARTESIAN_POINT('Ctrl Pts',(-14.3467886013451,9.43227206161924,5.));
#3539=CARTESIAN_POINT('Ctrl Pts',(-14.4044823469319,9.43059391837368,5.));
#3540=CARTESIAN_POINT('Ctrl Pts',(-14.4622708377713,9.42857503608771,5.));
#3541=CARTESIAN_POINT('Ctrl Pts',(-14.5201521695336,9.42621643687007,5.));
#3542=CARTESIAN_POINT('Ctrl Pts',(-14.5781250091583,9.42351908942182,5.));
#3543=CARTESIAN_POINT('Ctrl Pts',(-14.6361884807726,9.4204838456663,5.));
#3544=CARTESIAN_POINT('Ctrl Pts',(-14.6827113605944,9.41778587719791,5.));
#3545=CARTESIAN_POINT('Ctrl Pts',(-14.7176439753793,9.41561085603747,5.));
#3546=CARTESIAN_POINT('Ctrl Pts',(-14.7409503592586,9.41409351106219,5.));
#3547=CARTESIAN_POINT('Ctrl Pts',(-14.7526080447022,9.41331800585688,5.));
#3548=CARTESIAN_POINT('',(-15.5284765493246,8.06947433585829,5.));
#3549=CARTESIAN_POINT('Origin',(-1.55759977597069E-13,8.99280649946377E-14,
5.));
#3550=CARTESIAN_POINT('',(-13.101387650486,5.199388568147,5.));
#3551=CARTESIAN_POINT('Ctrl Pts',(-15.5284765493246,8.06947433585829,5.));
#3552=CARTESIAN_POINT('Ctrl Pts',(-15.5233193138114,8.05899073151216,5.));
#3553=CARTESIAN_POINT('Ctrl Pts',(-15.5129801811666,8.0380481385147,5.));
#3554=CARTESIAN_POINT('Ctrl Pts',(-15.4973974973529,8.00670809611013,5.));
#3555=CARTESIAN_POINT('Ctrl Pts',(-15.4764725666743,7.96506911609312,5.));
#3556=CARTESIAN_POINT('Ctrl Pts',(-15.450069429066,7.91326705276539,5.));
#3557=CARTESIAN_POINT('Ctrl Pts',(-15.4234189806667,7.86171242719676,5.));
#3558=CARTESIAN_POINT('Ctrl Pts',(-15.3965209216254,7.81040642387693,5.));
#3559=CARTESIAN_POINT('Ctrl Pts',(-15.3693750795526,7.7593506816207,5.));
#3560=CARTESIAN_POINT('Ctrl Pts',(-15.341981521441,7.7085473606802,5.));
#3561=CARTESIAN_POINT('Ctrl Pts',(-15.3143405019761,7.65799902621549,5.));
#3562=CARTESIAN_POINT('Ctrl Pts',(-15.2864523857179,7.60770850202161,5.));
#3563=CARTESIAN_POINT('Ctrl Pts',(-15.2583175782326,7.55767872775186,5.));
#3564=CARTESIAN_POINT('Ctrl Pts',(-15.2299364600841,7.50791262542214,5.));
#3565=CARTESIAN_POINT('Ctrl Pts',(-15.2013093094333,7.45841292838024,5.));
#3566=CARTESIAN_POINT('Ctrl Pts',(-15.1724363006031,7.40918220680038,5.));
#3567=CARTESIAN_POINT('Ctrl Pts',(-15.1433175334631,7.36022296819385,5.));
#3568=CARTESIAN_POINT('Ctrl Pts',(-15.1139530551018,7.3115377351532,5.));
#3569=CARTESIAN_POINT('Ctrl Pts',(-15.0843428848028,7.26312912258864,5.));
#3570=CARTESIAN_POINT('Ctrl Pts',(-15.0544870434844,7.21499993314816,5.));
#3571=CARTESIAN_POINT('Ctrl Pts',(-15.0243855640338,7.16715315254888,5.));
#3572=CARTESIAN_POINT('Ctrl Pts',(-14.9940384879663,7.11959187945288,5.));
#3573=CARTESIAN_POINT('Ctrl Pts',(-14.9634458691181,7.0723192689127,5.));
#3574=CARTESIAN_POINT('Ctrl Pts',(-14.9326077735464,7.02533847786691,5.));
#3575=CARTESIAN_POINT('Ctrl Pts',(-14.9015242895373,6.97865258396971,5.));
#3576=CARTESIAN_POINT('Ctrl Pts',(-14.8701955088218,6.93226460795425,5.));
#3577=CARTESIAN_POINT('Ctrl Pts',(-14.8386214832332,6.88617763104894,5.));
#3578=CARTESIAN_POINT('Ctrl Pts',(-14.806802186533,6.84039489131793,5.));
#3579=CARTESIAN_POINT('Ctrl Pts',(-14.7747374827111,6.79491987112085,5.));
#3580=CARTESIAN_POINT('Ctrl Pts',(-14.7424270764881,6.74975642404153,5.));
#3581=CARTESIAN_POINT('Ctrl Pts',(-14.7098705345915,6.70490874436111,5.));
#3582=CARTESIAN_POINT('Ctrl Pts',(-14.6770673885979,6.66038115194094,5.));
#3583=CARTESIAN_POINT('Ctrl Pts',(-14.6440172265288,6.61617790655279,5.));
#3584=CARTESIAN_POINT('Ctrl Pts',(-14.6107197733969,6.57230304244784,5.));
#3585=CARTESIAN_POINT('Ctrl Pts',(-14.5771750206388,6.52876010820248,5.));
#3586=CARTESIAN_POINT('Ctrl Pts',(-14.5433831871967,6.4855522400731,5.));
#3587=CARTESIAN_POINT('Ctrl Pts',(-14.509344448499,6.44268269599981,5.));
#3588=CARTESIAN_POINT('Ctrl Pts',(-14.4750587050833,6.40015531137992,5.));
#3589=CARTESIAN_POINT('Ctrl Pts',(-14.4405253759541,6.3579749079564,5.));
#3590=CARTESIAN_POINT('Ctrl Pts',(-14.4057430880917,6.31614790608494,5.));
#3591=CARTESIAN_POINT('Ctrl Pts',(-14.3707097419381,6.27468220333836,5.));
#3592=CARTESIAN_POINT('Ctrl Pts',(-14.335423123584,6.23358598538911,5.));
#3593=CARTESIAN_POINT('Ctrl Pts',(-14.2998814331683,6.19286670185147,5.));
#3594=CARTESIAN_POINT('Ctrl Pts',(-14.2640837531135,6.1525301592601,5.));
#3595=CARTESIAN_POINT('Ctrl Pts',(-14.2280307768776,6.11257910848578,5.));
#3596=CARTESIAN_POINT('Ctrl Pts',(-14.1917246102502,6.07301363587029,5.));
#3597=CARTESIAN_POINT('Ctrl Pts',(-14.1551672893169,6.03383405030033,5.));
#3598=CARTESIAN_POINT('Ctrl Pts',(-14.1183595005861,5.99504337754932,5.));
#3599=CARTESIAN_POINT('Ctrl Pts',(-14.0812994565482,5.95664955376322,5.));
#3600=CARTESIAN_POINT('Ctrl Pts',(-14.043981130643,5.91866886329326,5.));
#3601=CARTESIAN_POINT('Ctrl Pts',(-14.006394863586,5.88112477266093,5.));
#3602=CARTESIAN_POINT('Ctrl Pts',(-13.9685307662174,5.84404133557968,5.));
#3603=CARTESIAN_POINT('Ctrl Pts',(-13.9303816873349,5.807437442325,5.));
#3604=CARTESIAN_POINT('Ctrl Pts',(-13.8919457653534,5.77132187980765,5.));
#3605=CARTESIAN_POINT('Ctrl Pts',(-13.8532306255478,5.73568519194851,5.));
#3606=CARTESIAN_POINT('Ctrl Pts',(-13.814251141054,5.70050405653275,5.));
#3607=CARTESIAN_POINT('Ctrl Pts',(-13.7750213360728,5.66575705483833,5.));
#3608=CARTESIAN_POINT('Ctrl Pts',(-13.7355472441521,5.63143858229395,5.));
#3609=CARTESIAN_POINT('Ctrl Pts',(-13.695820796235,5.59757076246696,5.));
#3610=CARTESIAN_POINT('Ctrl Pts',(-13.6558097186746,5.56422310743184,5.));
#3611=CARTESIAN_POINT('Ctrl Pts',(-13.6154648966494,5.53149827564782,5.));
#3612=CARTESIAN_POINT('Ctrl Pts',(-13.5747387420693,5.49949649093528,5.));
#3613=CARTESIAN_POINT('Ctrl Pts',(-13.5336016990853,5.46828353559777,5.));
#3614=CARTESIAN_POINT('Ctrl Pts',(-13.4920564005173,5.43786339923143,5.));
#3615=CARTESIAN_POINT('Ctrl Pts',(-13.4501608220269,5.40813322482774,5.));
#3616=CARTESIAN_POINT('Ctrl Pts',(-13.408002748122,5.37893396103471,5.));
#3617=CARTESIAN_POINT('Ctrl Pts',(-13.3656553865605,5.35013802435941,5.));
#3618=CARTESIAN_POINT('Ctrl Pts',(-13.3231372256531,5.3217287126206,5.));
#3619=CARTESIAN_POINT('Ctrl Pts',(-13.2803742394523,5.29387480626699,5.));
#3620=CARTESIAN_POINT('Ctrl Pts',(-13.2371500277008,5.26702940280938,5.));
#3621=CARTESIAN_POINT('Ctrl Pts',(-13.1931638561455,5.24181241759123,5.));
#3622=CARTESIAN_POINT('Ctrl Pts',(-13.1571194666405,5.22344540527422,5.));
#3623=CARTESIAN_POINT('Ctrl Pts',(-13.129495529139,5.21090986602476,5.));
#3624=CARTESIAN_POINT('Ctrl Pts',(-13.1108030336495,5.20313240506178,5.));
#3625=CARTESIAN_POINT('Ctrl Pts',(-13.101387650486,5.199388568147,5.));
#3626=CARTESIAN_POINT('',(-11.9996989787366,4.76132432304259,5.));
#3627=CARTESIAN_POINT('',(-11.0979784547035,4.40277337232029,5.));
#3628=CARTESIAN_POINT('',(-11.4139813647728,3.53615752542493,5.));
#3629=CARTESIAN_POINT('Origin',(-12.3691901958889,3.83209010044459,5.));
#3630=CARTESIAN_POINT('Origin',(0.,0.,5.));
#3631=CARTESIAN_POINT('',(1.23791288905628,3.48677095306263,5.));
#3632=CARTESIAN_POINT('',(16.6441561429907,-1.98294384382051,5.));
#3633=CARTESIAN_POINT('',(3.60444875738524,2.6465741547258,5.));
#3634=CARTESIAN_POINT('',(15.405733938616,-6.60479839303025,5.));
#3635=CARTESIAN_POINT('Origin',(15.8411835422466,-4.24463237287448,5.));
#3636=CARTESIAN_POINT('',(-0.671318138930881,-3.63858928107519,5.));
#3637=CARTESIAN_POINT('',(1.79825709601415,-4.09422483722039,5.));
#3638=CARTESIAN_POINT('Origin',(0.,0.,5.));
#3639=CARTESIAN_POINT('Origin',(6.31793480980462,0.0102635343269169,2.6));
#3640=CARTESIAN_POINT('',(4.26783233095887,-4.5498603933673,1.8));
#3641=CARTESIAN_POINT('',(5.84624310102218,-4.84107649355717,3.4));
#3642=CARTESIAN_POINT('',(8.33764448268319,-5.30073896427502,5.92547833951849));
#3643=CARTESIAN_POINT('',(7.48353329428294,1.26937364321166,3.4));
#3644=CARTESIAN_POINT('',(7.09067547040202,-0.196791703374277,3.4));
#3645=CARTESIAN_POINT('',(5.97098142195667,1.80637849382658,1.8));
#3646=CARTESIAN_POINT('',(7.1326394640911,1.39395230547867,3.02881925666226));
#3647=CARTESIAN_POINT('',(4.26783233095887,-4.5498603933673,1.8));
#3648=CARTESIAN_POINT('Origin',(11.6394062002483,-3.11876951787418,3.4));
#3649=CARTESIAN_POINT('',(15.405733938616,-6.60479839303025,3.4));
#3650=CARTESIAN_POINT('',(15.405733938616,-6.60479839303025,3.4));
#3651=CARTESIAN_POINT('',(16.6441561429907,-1.98294384382051,3.4));
#3652=CARTESIAN_POINT('Origin',(15.8411835422466,-4.24463237287448,3.4));
#3653=CARTESIAN_POINT('',(16.6441561429907,-1.98294384382051,3.4));
#3654=CARTESIAN_POINT('Origin',(0.,0.,5.));
#3655=CARTESIAN_POINT('',(-0.671318138930881,-3.63858928107519,1.8));
#3656=CARTESIAN_POINT('',(-0.671318138930881,-3.63858928107519,5.));
#3657=CARTESIAN_POINT('',(1.23791288905628,3.48677095306263,1.8));
#3658=CARTESIAN_POINT('Origin',(0.,0.,1.8));
#3659=CARTESIAN_POINT('',(1.23791288905628,3.48677095306263,5.));
#3660=CARTESIAN_POINT('Origin',(0.772740660596554,-0.207055237700968,1.8));
#3661=CARTESIAN_POINT('',(16.6441561429907,-1.98294384382051,1.8));
#3662=CARTESIAN_POINT('',(15.405733938616,-6.60479839303025,1.8));
#3663=CARTESIAN_POINT('',(-2.5,-3.06161699786838E-16,1.8));
#3664=CARTESIAN_POINT('Origin',(0.,0.,1.8));
#3665=CARTESIAN_POINT('Origin',(5.97098142195667,1.80637849382658,5.));
#3666=CARTESIAN_POINT('',(16.6441561429907,-1.98294384382051,5.));
#3667=CARTESIAN_POINT('Origin',(15.405733938616,-6.60479839303025,5.));
#3668=CARTESIAN_POINT('',(15.405733938616,-6.60479839303025,5.));
#3669=CARTESIAN_POINT('Origin',(15.8411835422466,-4.24463237287448,5.));
#3670=CARTESIAN_POINT('Origin',(8.6239820824806,-6.45189375618148,0.));
#3671=CARTESIAN_POINT('Origin',(49.3315674677475,-9.07724905116837,15.));
#3672=CARTESIAN_POINT('',(50.8844817505064,-3.28169409668789,0.));
#3673=CARTESIAN_POINT('Origin',(36.3955945122873,0.600591570557818,7.5));
#3674=CARTESIAN_POINT('Origin',(20.3537927061914,-1.31267759689413,0.));
#3675=CARTESIAN_POINT('Origin',(49.3315674948635,-9.07724894996974,0.));
#3676=CARTESIAN_POINT('',(17.4914888894211,-0.545725600698005,0.));
#3677=CARTESIAN_POINT('Origin',(1.79856129989275E-13,0.,0.));
#3678=CARTESIAN_POINT('',(17.4827923417152,0.775868504622461,0.));
#3679=CARTESIAN_POINT('Origin',(-12.3691901958889,3.83209010044459,0.));
#3680=CARTESIAN_POINT('',(-11.9996989787366,4.76132432304259,0.));
#3681=CARTESIAN_POINT('',(-11.4139813647728,3.53615752542493,0.));
#3682=CARTESIAN_POINT('Origin',(-13.101387650486,5.199388568147,0.));
#3683=CARTESIAN_POINT('',(-13.101387650486,5.199388568147,0.));
#3684=CARTESIAN_POINT('Origin',(-9.50328247452034,8.79598788365892,0.));
#3685=CARTESIAN_POINT('',(-10.12327730878,8.0113819918308,0.));
#3686=CARTESIAN_POINT('',(-8.76939293118791,8.11671905750295,0.));
#3687=CARTESIAN_POINT('Origin',(-9.36190281488681,7.40974458626543,0.));
#3688=CARTESIAN_POINT('',(-11.0534964094047,8.7464402460751,0.));
#3689=CARTESIAN_POINT('Origin',(-8.79598788365893,9.50328247452034,0.));
#3690=CARTESIAN_POINT('',(-8.0113819918308,10.1232773087799,0.));
#3691=CARTESIAN_POINT('',(-8.11671905750295,8.7693929311879,0.));
#3692=CARTESIAN_POINT('Origin',(-8.7464402460751,11.0534964094047,0.));
#3693=CARTESIAN_POINT('',(-8.7464402460751,11.0534964094047,0.));
#3694=CARTESIAN_POINT('Origin',(-3.8320901004446,12.3691901958889,0.));
#3695=CARTESIAN_POINT('',(-4.7613243230426,11.9996989787366,0.));
#3696=CARTESIAN_POINT('',(-3.53615752542493,11.4139813647728,0.));
#3697=CARTESIAN_POINT('Origin',(-4.4027733723203,11.0979784547035,0.));
#3698=CARTESIAN_POINT('',(-5.19938856814701,13.101387650486,0.));
#3699=CARTESIAN_POINT('Origin',(-2.86590772136858,12.6280779841035,0.));
#3700=CARTESIAN_POINT('',(-1.87642166995668,12.7727063148734,0.));
#3701=CARTESIAN_POINT('',(-2.64458843358489,11.6528765829279,0.));
#3702=CARTESIAN_POINT('Origin',(-2.0478912410813,13.9458288142221,0.));
#3703=CARTESIAN_POINT('',(-2.0478912410813,13.9458288142221,0.));
#3704=CARTESIAN_POINT('Origin',(2.86590772136858,12.6280779841035,0.));
#3705=CARTESIAN_POINT('',(1.87642166995667,12.7727063148734,0.));
#3706=CARTESIAN_POINT('',(2.64458843358489,11.6528765829279,0.));
#3707=CARTESIAN_POINT('Origin',(1.73607563981668,11.8125179585857,0.));
#3708=CARTESIAN_POINT('',(2.0478912410813,13.9458288142221,0.));
#3709=CARTESIAN_POINT('Origin',(3.83209010044459,12.3691901958889,0.));
#3710=CARTESIAN_POINT('',(4.7613243230426,11.9996989787366,0.));
#3711=CARTESIAN_POINT('',(3.53615752542493,11.4139813647728,0.));
#3712=CARTESIAN_POINT('Origin',(5.19938856814701,13.101387650486,0.));
#3713=CARTESIAN_POINT('',(5.19938856814701,13.101387650486,0.));
#3714=CARTESIAN_POINT('Origin',(8.79598788365892,9.50328247452034,0.));
#3715=CARTESIAN_POINT('',(8.0113819918308,10.1232773087799,0.));
#3716=CARTESIAN_POINT('',(8.11671905750295,8.76939293118791,0.));
#3717=CARTESIAN_POINT('Origin',(7.40974458626544,9.36190281488681,0.));
#3718=CARTESIAN_POINT('',(8.7464402460751,11.0534964094047,0.));
#3719=CARTESIAN_POINT('Origin',(9.50328247452034,8.79598788365892,0.));
#3720=CARTESIAN_POINT('',(10.1232773087799,8.0113819918308,0.));
#3721=CARTESIAN_POINT('',(8.76939293118791,8.11671905750295,0.));
#3722=CARTESIAN_POINT('Origin',(11.0534964094047,8.7464402460751,0.));
#3723=CARTESIAN_POINT('',(11.0534964094047,8.7464402460751,0.));
#3724=CARTESIAN_POINT('Origin',(12.3691901958889,3.83209010044459,0.));
#3725=CARTESIAN_POINT('',(11.9996989787366,4.7613243230426,0.));
#3726=CARTESIAN_POINT('',(11.4139813647728,3.53615752542493,0.));
#3727=CARTESIAN_POINT('Origin',(11.0979784547035,4.4027733723203,0.));
#3728=CARTESIAN_POINT('',(13.101387650486,5.19938856814701,0.));
#3729=CARTESIAN_POINT('Ctrl Pts',(-15.5284765493246,8.06947433585829,0.));
#3730=CARTESIAN_POINT('Ctrl Pts',(-15.5284765493246,8.06947433585829,5.));
#3731=CARTESIAN_POINT('Ctrl Pts',(-15.5233193138114,8.05899073151216,0.));
#3732=CARTESIAN_POINT('Ctrl Pts',(-15.5233193138114,8.05899073151216,5.));
#3733=CARTESIAN_POINT('Ctrl Pts',(-15.5129801811666,8.0380481385147,0.));
#3734=CARTESIAN_POINT('Ctrl Pts',(-15.5129801811666,8.0380481385147,5.));
#3735=CARTESIAN_POINT('Ctrl Pts',(-15.4973974973529,8.00670809611013,0.));
#3736=CARTESIAN_POINT('Ctrl Pts',(-15.4973974973529,8.00670809611013,5.));
#3737=CARTESIAN_POINT('Ctrl Pts',(-15.4764725666743,7.96506911609312,0.));
#3738=CARTESIAN_POINT('Ctrl Pts',(-15.4764725666743,7.96506911609312,5.));
#3739=CARTESIAN_POINT('Ctrl Pts',(-15.450069429066,7.91326705276539,0.));
#3740=CARTESIAN_POINT('Ctrl Pts',(-15.450069429066,7.91326705276539,5.));
#3741=CARTESIAN_POINT('Ctrl Pts',(-15.4234189806667,7.86171242719676,0.));
#3742=CARTESIAN_POINT('Ctrl Pts',(-15.4234189806667,7.86171242719676,5.));
#3743=CARTESIAN_POINT('Ctrl Pts',(-15.3965209216254,7.81040642387693,0.));
#3744=CARTESIAN_POINT('Ctrl Pts',(-15.3965209216254,7.81040642387693,5.));
#3745=CARTESIAN_POINT('Ctrl Pts',(-15.3693750795526,7.7593506816207,0.));
#3746=CARTESIAN_POINT('Ctrl Pts',(-15.3693750795526,7.7593506816207,5.));
#3747=CARTESIAN_POINT('Ctrl Pts',(-15.341981521441,7.7085473606802,0.));
#3748=CARTESIAN_POINT('Ctrl Pts',(-15.341981521441,7.7085473606802,5.));
#3749=CARTESIAN_POINT('Ctrl Pts',(-15.3143405019761,7.65799902621549,0.));
#3750=CARTESIAN_POINT('Ctrl Pts',(-15.3143405019761,7.65799902621549,5.));
#3751=CARTESIAN_POINT('Ctrl Pts',(-15.2864523857179,7.60770850202161,0.));
#3752=CARTESIAN_POINT('Ctrl Pts',(-15.2864523857179,7.60770850202161,5.));
#3753=CARTESIAN_POINT('Ctrl Pts',(-15.2583175782326,7.55767872775186,0.));
#3754=CARTESIAN_POINT('Ctrl Pts',(-15.2583175782326,7.55767872775186,5.));
#3755=CARTESIAN_POINT('Ctrl Pts',(-15.2299364600841,7.50791262542214,0.));
#3756=CARTESIAN_POINT('Ctrl Pts',(-15.2299364600841,7.50791262542214,5.));
#3757=CARTESIAN_POINT('Ctrl Pts',(-15.2013093094333,7.45841292838024,0.));
#3758=CARTESIAN_POINT('Ctrl Pts',(-15.2013093094333,7.45841292838024,5.));
#3759=CARTESIAN_POINT('Ctrl Pts',(-15.1724363006031,7.40918220680038,0.));
#3760=CARTESIAN_POINT('Ctrl Pts',(-15.1724363006031,7.40918220680038,5.));
#3761=CARTESIAN_POINT('Ctrl Pts',(-15.1433175334631,7.36022296819385,0.));
#3762=CARTESIAN_POINT('Ctrl Pts',(-15.1433175334631,7.36022296819385,5.));
#3763=CARTESIAN_POINT('Ctrl Pts',(-15.1139530551018,7.3115377351532,0.));
#3764=CARTESIAN_POINT('Ctrl Pts',(-15.1139530551018,7.3115377351532,5.));
#3765=CARTESIAN_POINT('Ctrl Pts',(-15.0843428848028,7.26312912258864,0.));
#3766=CARTESIAN_POINT('Ctrl Pts',(-15.0843428848028,7.26312912258864,5.));
#3767=CARTESIAN_POINT('Ctrl Pts',(-15.0544870434844,7.21499993314816,0.));
#3768=CARTESIAN_POINT('Ctrl Pts',(-15.0544870434844,7.21499993314816,5.));
#3769=CARTESIAN_POINT('Ctrl Pts',(-15.0243855640338,7.16715315254888,0.));
#3770=CARTESIAN_POINT('Ctrl Pts',(-15.0243855640338,7.16715315254888,5.));
#3771=CARTESIAN_POINT('Ctrl Pts',(-14.9940384879663,7.11959187945288,0.));
#3772=CARTESIAN_POINT('Ctrl Pts',(-14.9940384879663,7.11959187945288,5.));
#3773=CARTESIAN_POINT('Ctrl Pts',(-14.9634458691181,7.0723192689127,0.));
#3774=CARTESIAN_POINT('Ctrl Pts',(-14.9634458691181,7.0723192689127,5.));
#3775=CARTESIAN_POINT('Ctrl Pts',(-14.9326077735464,7.02533847786691,0.));
#3776=CARTESIAN_POINT('Ctrl Pts',(-14.9326077735464,7.02533847786691,5.));
#3777=CARTESIAN_POINT('Ctrl Pts',(-14.9015242895373,6.97865258396971,0.));
#3778=CARTESIAN_POINT('Ctrl Pts',(-14.9015242895373,6.97865258396971,5.));
#3779=CARTESIAN_POINT('Ctrl Pts',(-14.8701955088218,6.93226460795425,0.));
#3780=CARTESIAN_POINT('Ctrl Pts',(-14.8701955088218,6.93226460795425,5.));
#3781=CARTESIAN_POINT('Ctrl Pts',(-14.8386214832332,6.88617763104894,0.));
#3782=CARTESIAN_POINT('Ctrl Pts',(-14.8386214832332,6.88617763104894,5.));
#3783=CARTESIAN_POINT('Ctrl Pts',(-14.806802186533,6.84039489131793,0.));
#3784=CARTESIAN_POINT('Ctrl Pts',(-14.806802186533,6.84039489131793,5.));
#3785=CARTESIAN_POINT('Ctrl Pts',(-14.7747374827111,6.79491987112085,0.));
#3786=CARTESIAN_POINT('Ctrl Pts',(-14.7747374827111,6.79491987112085,5.));
#3787=CARTESIAN_POINT('Ctrl Pts',(-14.7424270764881,6.74975642404153,0.));
#3788=CARTESIAN_POINT('Ctrl Pts',(-14.7424270764881,6.74975642404153,5.));
#3789=CARTESIAN_POINT('Ctrl Pts',(-14.7098705345915,6.70490874436111,0.));
#3790=CARTESIAN_POINT('Ctrl Pts',(-14.7098705345915,6.70490874436111,5.));
#3791=CARTESIAN_POINT('Ctrl Pts',(-14.6770673885979,6.66038115194094,0.));
#3792=CARTESIAN_POINT('Ctrl Pts',(-14.6770673885979,6.66038115194094,5.));
#3793=CARTESIAN_POINT('Ctrl Pts',(-14.6440172265288,6.61617790655279,0.));
#3794=CARTESIAN_POINT('Ctrl Pts',(-14.6440172265288,6.61617790655279,5.));
#3795=CARTESIAN_POINT('Ctrl Pts',(-14.6107197733969,6.57230304244784,0.));
#3796=CARTESIAN_POINT('Ctrl Pts',(-14.6107197733969,6.57230304244784,5.));
#3797=CARTESIAN_POINT('Ctrl Pts',(-14.5771750206388,6.52876010820248,0.));
#3798=CARTESIAN_POINT('Ctrl Pts',(-14.5771750206388,6.52876010820248,5.));
#3799=CARTESIAN_POINT('Ctrl Pts',(-14.5433831871967,6.4855522400731,0.));
#3800=CARTESIAN_POINT('Ctrl Pts',(-14.5433831871967,6.4855522400731,5.));
#3801=CARTESIAN_POINT('Ctrl Pts',(-14.509344448499,6.44268269599981,0.));
#3802=CARTESIAN_POINT('Ctrl Pts',(-14.509344448499,6.44268269599981,5.));
#3803=CARTESIAN_POINT('Ctrl Pts',(-14.4750587050833,6.40015531137992,0.));
#3804=CARTESIAN_POINT('Ctrl Pts',(-14.4750587050833,6.40015531137992,5.));
#3805=CARTESIAN_POINT('Ctrl Pts',(-14.4405253759541,6.3579749079564,0.));
#3806=CARTESIAN_POINT('Ctrl Pts',(-14.4405253759541,6.3579749079564,5.));
#3807=CARTESIAN_POINT('Ctrl Pts',(-14.4057430880917,6.31614790608494,0.));
#3808=CARTESIAN_POINT('Ctrl Pts',(-14.4057430880917,6.31614790608494,5.));
#3809=CARTESIAN_POINT('Ctrl Pts',(-14.3707097419381,6.27468220333836,0.));
#3810=CARTESIAN_POINT('Ctrl Pts',(-14.3707097419381,6.27468220333836,5.));
#3811=CARTESIAN_POINT('Ctrl Pts',(-14.335423123584,6.23358598538911,0.));
#3812=CARTESIAN_POINT('Ctrl Pts',(-14.335423123584,6.23358598538911,5.));
#3813=CARTESIAN_POINT('Ctrl Pts',(-14.2998814331683,6.19286670185147,0.));
#3814=CARTESIAN_POINT('Ctrl Pts',(-14.2998814331683,6.19286670185147,5.));
#3815=CARTESIAN_POINT('Ctrl Pts',(-14.2640837531135,6.1525301592601,0.));
#3816=CARTESIAN_POINT('Ctrl Pts',(-14.2640837531135,6.1525301592601,5.));
#3817=CARTESIAN_POINT('Ctrl Pts',(-14.2280307768776,6.11257910848578,0.));
#3818=CARTESIAN_POINT('Ctrl Pts',(-14.2280307768776,6.11257910848578,5.));
#3819=CARTESIAN_POINT('Ctrl Pts',(-14.1917246102502,6.07301363587029,0.));
#3820=CARTESIAN_POINT('Ctrl Pts',(-14.1917246102502,6.07301363587029,5.));
#3821=CARTESIAN_POINT('Ctrl Pts',(-14.1551672893169,6.03383405030033,0.));
#3822=CARTESIAN_POINT('Ctrl Pts',(-14.1551672893169,6.03383405030033,5.));
#3823=CARTESIAN_POINT('Ctrl Pts',(-14.1183595005861,5.99504337754932,0.));
#3824=CARTESIAN_POINT('Ctrl Pts',(-14.1183595005861,5.99504337754932,5.));
#3825=CARTESIAN_POINT('Ctrl Pts',(-14.0812994565482,5.95664955376322,0.));
#3826=CARTESIAN_POINT('Ctrl Pts',(-14.0812994565482,5.95664955376322,5.));
#3827=CARTESIAN_POINT('Ctrl Pts',(-14.043981130643,5.91866886329326,0.));
#3828=CARTESIAN_POINT('Ctrl Pts',(-14.043981130643,5.91866886329326,5.));
#3829=CARTESIAN_POINT('Ctrl Pts',(-14.006394863586,5.88112477266093,0.));
#3830=CARTESIAN_POINT('Ctrl Pts',(-14.006394863586,5.88112477266093,5.));
#3831=CARTESIAN_POINT('Ctrl Pts',(-13.9685307662174,5.84404133557968,0.));
#3832=CARTESIAN_POINT('Ctrl Pts',(-13.9685307662174,5.84404133557968,5.));
#3833=CARTESIAN_POINT('Ctrl Pts',(-13.9303816873349,5.807437442325,0.));
#3834=CARTESIAN_POINT('Ctrl Pts',(-13.9303816873349,5.807437442325,5.));
#3835=CARTESIAN_POINT('Ctrl Pts',(-13.8919457653534,5.77132187980765,0.));
#3836=CARTESIAN_POINT('Ctrl Pts',(-13.8919457653534,5.77132187980765,5.));
#3837=CARTESIAN_POINT('Ctrl Pts',(-13.8532306255478,5.73568519194851,0.));
#3838=CARTESIAN_POINT('Ctrl Pts',(-13.8532306255478,5.73568519194851,5.));
#3839=CARTESIAN_POINT('Ctrl Pts',(-13.814251141054,5.70050405653275,0.));
#3840=CARTESIAN_POINT('Ctrl Pts',(-13.814251141054,5.70050405653275,5.));
#3841=CARTESIAN_POINT('Ctrl Pts',(-13.7750213360728,5.66575705483833,0.));
#3842=CARTESIAN_POINT('Ctrl Pts',(-13.7750213360728,5.66575705483833,5.));
#3843=CARTESIAN_POINT('Ctrl Pts',(-13.7355472441521,5.63143858229395,0.));
#3844=CARTESIAN_POINT('Ctrl Pts',(-13.7355472441521,5.63143858229395,5.));
#3845=CARTESIAN_POINT('Ctrl Pts',(-13.695820796235,5.59757076246696,0.));
#3846=CARTESIAN_POINT('Ctrl Pts',(-13.695820796235,5.59757076246696,5.));
#3847=CARTESIAN_POINT('Ctrl Pts',(-13.6558097186746,5.56422310743184,0.));
#3848=CARTESIAN_POINT('Ctrl Pts',(-13.6558097186746,5.56422310743184,5.));
#3849=CARTESIAN_POINT('Ctrl Pts',(-13.6154648966494,5.53149827564782,0.));
#3850=CARTESIAN_POINT('Ctrl Pts',(-13.6154648966494,5.53149827564782,5.));
#3851=CARTESIAN_POINT('Ctrl Pts',(-13.5747387420693,5.49949649093528,0.));
#3852=CARTESIAN_POINT('Ctrl Pts',(-13.5747387420693,5.49949649093528,5.));
#3853=CARTESIAN_POINT('Ctrl Pts',(-13.5336016990853,5.46828353559777,0.));
#3854=CARTESIAN_POINT('Ctrl Pts',(-13.5336016990853,5.46828353559777,5.));
#3855=CARTESIAN_POINT('Ctrl Pts',(-13.4920564005173,5.43786339923143,0.));
#3856=CARTESIAN_POINT('Ctrl Pts',(-13.4920564005173,5.43786339923143,5.));
#3857=CARTESIAN_POINT('Ctrl Pts',(-13.4501608220269,5.40813322482774,0.));
#3858=CARTESIAN_POINT('Ctrl Pts',(-13.4501608220269,5.40813322482774,5.));
#3859=CARTESIAN_POINT('Ctrl Pts',(-13.408002748122,5.37893396103471,0.));
#3860=CARTESIAN_POINT('Ctrl Pts',(-13.408002748122,5.37893396103471,5.));
#3861=CARTESIAN_POINT('Ctrl Pts',(-13.3656553865605,5.35013802435941,0.));
#3862=CARTESIAN_POINT('Ctrl Pts',(-13.3656553865605,5.35013802435941,5.));
#3863=CARTESIAN_POINT('Ctrl Pts',(-13.3231372256531,5.3217287126206,0.));
#3864=CARTESIAN_POINT('Ctrl Pts',(-13.3231372256531,5.3217287126206,5.));
#3865=CARTESIAN_POINT('Ctrl Pts',(-13.2803742394523,5.29387480626699,0.));
#3866=CARTESIAN_POINT('Ctrl Pts',(-13.2803742394523,5.29387480626699,5.));
#3867=CARTESIAN_POINT('Ctrl Pts',(-13.2371500277008,5.26702940280938,0.));
#3868=CARTESIAN_POINT('Ctrl Pts',(-13.2371500277008,5.26702940280938,5.));
#3869=CARTESIAN_POINT('Ctrl Pts',(-13.1931638561455,5.24181241759123,0.));
#3870=CARTESIAN_POINT('Ctrl Pts',(-13.1931638561455,5.24181241759123,5.));
#3871=CARTESIAN_POINT('Ctrl Pts',(-13.1571194666405,5.22344540527422,0.));
#3872=CARTESIAN_POINT('Ctrl Pts',(-13.1571194666405,5.22344540527422,5.));
#3873=CARTESIAN_POINT('Ctrl Pts',(-13.129495529139,5.21090986602476,0.));
#3874=CARTESIAN_POINT('Ctrl Pts',(-13.129495529139,5.21090986602476,5.));
#3875=CARTESIAN_POINT('Ctrl Pts',(-13.1108030336495,5.20313240506178,0.));
#3876=CARTESIAN_POINT('Ctrl Pts',(-13.1108030336495,5.20313240506178,5.));
#3877=CARTESIAN_POINT('Ctrl Pts',(-13.101387650486,5.199388568147,0.));
#3878=CARTESIAN_POINT('Ctrl Pts',(-13.101387650486,5.199388568147,5.));
#3879=CARTESIAN_POINT('',(-15.5284765493246,8.06947433585829,0.));
#3880=CARTESIAN_POINT('Origin',(-1.55759977597069E-13,8.99280649946377E-14,
0.));
#3881=CARTESIAN_POINT('',(-14.7526080447022,9.41331800585688,0.));
#3882=CARTESIAN_POINT('Ctrl Pts',(-11.0534964094047,8.7464402460751,0.));
#3883=CARTESIAN_POINT('Ctrl Pts',(-11.0534964094047,8.7464402460751,5.));
#3884=CARTESIAN_POINT('Ctrl Pts',(-11.0614463588623,8.75272228862367,0.));
#3885=CARTESIAN_POINT('Ctrl Pts',(-11.0614463588623,8.75272228862367,5.));
#3886=CARTESIAN_POINT('Ctrl Pts',(-11.0775280853779,8.76502173409619,0.));
#3887=CARTESIAN_POINT('Ctrl Pts',(-11.0775280853779,8.76502173409619,5.));
#3888=CARTESIAN_POINT('Ctrl Pts',(-11.1021961495688,8.7826769961003,0.));
#3889=CARTESIAN_POINT('Ctrl Pts',(-11.1021961495688,8.7826769961003,5.));
#3890=CARTESIAN_POINT('Ctrl Pts',(-11.1361246435795,8.80470884691701,0.));
#3891=CARTESIAN_POINT('Ctrl Pts',(-11.1361246435795,8.80470884691701,5.));
#3892=CARTESIAN_POINT('Ctrl Pts',(-11.1799562791629,8.83019349629007,0.));
#3893=CARTESIAN_POINT('Ctrl Pts',(-11.1799562791629,8.83019349629007,5.));
#3894=CARTESIAN_POINT('Ctrl Pts',(-11.2248171864078,8.85420405999663,0.));
#3895=CARTESIAN_POINT('Ctrl Pts',(-11.2248171864078,8.85420405999663,5.));
#3896=CARTESIAN_POINT('Ctrl Pts',(-11.2703208700051,8.87731093921143,0.));
#3897=CARTESIAN_POINT('Ctrl Pts',(-11.2703208700051,8.87731093921143,5.));
#3898=CARTESIAN_POINT('Ctrl Pts',(-11.3161831361286,8.89992809081003,0.));
#3899=CARTESIAN_POINT('Ctrl Pts',(-11.3161831361286,8.89992809081003,5.));
#3900=CARTESIAN_POINT('Ctrl Pts',(-11.3622948295959,8.92220401336789,0.));
#3901=CARTESIAN_POINT('Ctrl Pts',(-11.3622948295959,8.92220401336789,5.));
#3902=CARTESIAN_POINT('Ctrl Pts',(-11.4086611707649,8.94411434444757,0.));
#3903=CARTESIAN_POINT('Ctrl Pts',(-11.4086611707649,8.94411434444757,5.));
#3904=CARTESIAN_POINT('Ctrl Pts',(-11.4553560463027,8.96553189252467,0.));
#3905=CARTESIAN_POINT('Ctrl Pts',(-11.4553560463027,8.96553189252467,5.));
#3906=CARTESIAN_POINT('Ctrl Pts',(-11.5024733064665,8.98630110830925,0.));
#3907=CARTESIAN_POINT('Ctrl Pts',(-11.5024733064665,8.98630110830925,5.));
#3908=CARTESIAN_POINT('Ctrl Pts',(-11.550073040208,9.00632035490115,0.));
#3909=CARTESIAN_POINT('Ctrl Pts',(-11.550073040208,9.00632035490115,5.));
#3910=CARTESIAN_POINT('Ctrl Pts',(-11.5981504760255,9.02558934700972,0.));
#3911=CARTESIAN_POINT('Ctrl Pts',(-11.5981504760255,9.02558934700972,5.));
#3912=CARTESIAN_POINT('Ctrl Pts',(-11.6466634226977,9.0441665719027,0.));
#3913=CARTESIAN_POINT('Ctrl Pts',(-11.6466634226977,9.0441665719027,5.));
#3914=CARTESIAN_POINT('Ctrl Pts',(-11.6955488778949,9.06214335398527,0.));
#3915=CARTESIAN_POINT('Ctrl Pts',(-11.6955488778949,9.06214335398527,5.));
#3916=CARTESIAN_POINT('Ctrl Pts',(-11.7447424941944,9.07961355717006,0.));
#3917=CARTESIAN_POINT('Ctrl Pts',(-11.7447424941944,9.07961355717006,5.));
#3918=CARTESIAN_POINT('Ctrl Pts',(-11.7942002091973,9.09663988729251,0.));
#3919=CARTESIAN_POINT('Ctrl Pts',(-11.7942002091973,9.09663988729251,5.));
#3920=CARTESIAN_POINT('Ctrl Pts',(-11.8439068978606,9.11324039414459,0.));
#3921=CARTESIAN_POINT('Ctrl Pts',(-11.8439068978606,9.11324039414459,5.));
#3922=CARTESIAN_POINT('Ctrl Pts',(-11.8938643971115,9.1294070502347,0.));
#3923=CARTESIAN_POINT('Ctrl Pts',(-11.8938643971115,9.1294070502347,5.));
#3924=CARTESIAN_POINT('Ctrl Pts',(-11.9440842440071,9.1451170008879,0.));
#3925=CARTESIAN_POINT('Ctrl Pts',(-11.9440842440071,9.1451170008879,5.));
#3926=CARTESIAN_POINT('Ctrl Pts',(-11.9945791996098,9.16034570448301,0.));
#3927=CARTESIAN_POINT('Ctrl Pts',(-11.9945791996098,9.16034570448301,5.));
#3928=CARTESIAN_POINT('Ctrl Pts',(-12.0453536404871,9.17508182929893,0.));
#3929=CARTESIAN_POINT('Ctrl Pts',(-12.0453536404871,9.17508182929893,5.));
#3930=CARTESIAN_POINT('Ctrl Pts',(-12.0964008877434,9.1893313809709,0.));
#3931=CARTESIAN_POINT('Ctrl Pts',(-12.0964008877434,9.1893313809709,5.));
#3932=CARTESIAN_POINT('Ctrl Pts',(-12.1477081575214,9.20310999775949,0.));
#3933=CARTESIAN_POINT('Ctrl Pts',(-12.1477081575214,9.20310999775949,5.));
#3934=CARTESIAN_POINT('Ctrl Pts',(-12.1992595632743,9.21643827078509,0.));
#3935=CARTESIAN_POINT('Ctrl Pts',(-12.1992595632743,9.21643827078509,5.));
#3936=CARTESIAN_POINT('Ctrl Pts',(-12.2510396120404,9.22933629849423,0.));
#3937=CARTESIAN_POINT('Ctrl Pts',(-12.2510396120404,9.22933629849423,5.));
#3938=CARTESIAN_POINT('Ctrl Pts',(-12.3030372144381,9.24181744221677,0.));
#3939=CARTESIAN_POINT('Ctrl Pts',(-12.3030372144381,9.24181744221677,5.));
#3940=CARTESIAN_POINT('Ctrl Pts',(-12.3552463913181,9.25388721805433,0.));
#3941=CARTESIAN_POINT('Ctrl Pts',(-12.3552463913181,9.25388721805433,5.));
#3942=CARTESIAN_POINT('Ctrl Pts',(-12.4076641790295,9.26554654435996,0.));
#3943=CARTESIAN_POINT('Ctrl Pts',(-12.4076641790295,9.26554654435996,5.));
#3944=CARTESIAN_POINT('Ctrl Pts',(-12.4602892920259,9.27679381227511,0.));
#3945=CARTESIAN_POINT('Ctrl Pts',(-12.4602892920259,9.27679381227511,5.));
#3946=CARTESIAN_POINT('Ctrl Pts',(-12.5131206026383,9.2876272413034,0.));
#3947=CARTESIAN_POINT('Ctrl Pts',(-12.5131206026383,9.2876272413034,5.));
#3948=CARTESIAN_POINT('Ctrl Pts',(-12.5661553818136,9.29804760632805,0.));
#3949=CARTESIAN_POINT('Ctrl Pts',(-12.5661553818136,9.29804760632805,5.));
#3950=CARTESIAN_POINT('Ctrl Pts',(-12.6193890597342,9.30805860526173,0.));
#3951=CARTESIAN_POINT('Ctrl Pts',(-12.6193890597342,9.30805860526173,5.));
#3952=CARTESIAN_POINT('Ctrl Pts',(-12.6728160847753,9.31766552163699,0.));
#3953=CARTESIAN_POINT('Ctrl Pts',(-12.6728160847753,9.31766552163699,5.));
#3954=CARTESIAN_POINT('Ctrl Pts',(-12.7264304748913,9.32687436559187,0.));
#3955=CARTESIAN_POINT('Ctrl Pts',(-12.7264304748913,9.32687436559187,5.));
#3956=CARTESIAN_POINT('Ctrl Pts',(-12.7802264403626,9.33569090418321,0.));
#3957=CARTESIAN_POINT('Ctrl Pts',(-12.7802264403626,9.33569090418321,5.));
#3958=CARTESIAN_POINT('Ctrl Pts',(-12.8341991075078,9.34411953665893,0.));
#3959=CARTESIAN_POINT('Ctrl Pts',(-12.8341991075078,9.34411953665893,5.));
#3960=CARTESIAN_POINT('Ctrl Pts',(-12.8883445910727,9.35216317704729,0.));
#3961=CARTESIAN_POINT('Ctrl Pts',(-12.8883445910727,9.35216317704729,5.));
#3962=CARTESIAN_POINT('Ctrl Pts',(-12.9426596192372,9.35982382918391,0.));
#3963=CARTESIAN_POINT('Ctrl Pts',(-12.9426596192372,9.35982382918391,5.));
#3964=CARTESIAN_POINT('Ctrl Pts',(-12.9971412828281,9.36710297011342,0.));
#3965=CARTESIAN_POINT('Ctrl Pts',(-12.9971412828281,9.36710297011342,5.));
#3966=CARTESIAN_POINT('Ctrl Pts',(-13.0517867562965,9.37400197835449,0.));
#3967=CARTESIAN_POINT('Ctrl Pts',(-13.0517867562965,9.37400197835449,5.));
#3968=CARTESIAN_POINT('Ctrl Pts',(-13.1065929707669,9.38052263561145,0.));
#3969=CARTESIAN_POINT('Ctrl Pts',(-13.1065929707669,9.38052263561145,5.));
#3970=CARTESIAN_POINT('Ctrl Pts',(-13.1615565699689,9.38666719715584,0.));
#3971=CARTESIAN_POINT('Ctrl Pts',(-13.1615565699689,9.38666719715584,5.));
#3972=CARTESIAN_POINT('Ctrl Pts',(-13.2166740708212,9.3924381496575,0.));
#3973=CARTESIAN_POINT('Ctrl Pts',(-13.2166740708212,9.3924381496575,5.));
#3974=CARTESIAN_POINT('Ctrl Pts',(-13.2719419664259,9.39783805871351,0.));
#3975=CARTESIAN_POINT('Ctrl Pts',(-13.2719419664259,9.39783805871351,5.));
#3976=CARTESIAN_POINT('Ctrl Pts',(-13.3273568410651,9.40286939668954,0.));
#3977=CARTESIAN_POINT('Ctrl Pts',(-13.3273568410651,9.40286939668954,5.));
#3978=CARTESIAN_POINT('Ctrl Pts',(-13.3829155050772,9.40753434609704,0.));
#3979=CARTESIAN_POINT('Ctrl Pts',(-13.3829155050772,9.40753434609704,5.));
#3980=CARTESIAN_POINT('Ctrl Pts',(-13.4386150106551,9.41183476590383,0.));
#3981=CARTESIAN_POINT('Ctrl Pts',(-13.4386150106551,9.41183476590383,5.));
#3982=CARTESIAN_POINT('Ctrl Pts',(-13.4944525666723,9.41577229786528,0.));
#3983=CARTESIAN_POINT('Ctrl Pts',(-13.4944525666723,9.41577229786528,5.));
#3984=CARTESIAN_POINT('Ctrl Pts',(-13.5504254787902,9.41934843770668,0.));
#3985=CARTESIAN_POINT('Ctrl Pts',(-13.5504254787902,9.41934843770668,5.));
#3986=CARTESIAN_POINT('Ctrl Pts',(-13.6065310851117,9.42256461635325,0.));
#3987=CARTESIAN_POINT('Ctrl Pts',(-13.6065310851117,9.42256461635325,5.));
#3988=CARTESIAN_POINT('Ctrl Pts',(-13.6627666761667,9.42542229617395,0.));
#3989=CARTESIAN_POINT('Ctrl Pts',(-13.6627666761667,9.42542229617395,5.));
#3990=CARTESIAN_POINT('Ctrl Pts',(-13.719129484938,9.42792299843101,0.));
#3991=CARTESIAN_POINT('Ctrl Pts',(-13.719129484938,9.42792299843101,5.));
#3992=CARTESIAN_POINT('Ctrl Pts',(-13.7756167521516,9.43006825402712,0.));
#3993=CARTESIAN_POINT('Ctrl Pts',(-13.7756167521516,9.43006825402712,5.));
#3994=CARTESIAN_POINT('Ctrl Pts',(-13.8322257735297,9.43185957633994,0.));
#3995=CARTESIAN_POINT('Ctrl Pts',(-13.8322257735297,9.43185957633994,5.));
#3996=CARTESIAN_POINT('Ctrl Pts',(-13.8889539469221,9.43329842974695,0.));
#3997=CARTESIAN_POINT('Ctrl Pts',(-13.8889539469221,9.43329842974695,5.));
#3998=CARTESIAN_POINT('Ctrl Pts',(-13.9457988347051,9.43438619745642,0.));
#3999=CARTESIAN_POINT('Ctrl Pts',(-13.9457988347051,9.43438619745642,5.));
#4000=CARTESIAN_POINT('Ctrl Pts',(-14.0027581626584,9.4351241702233,0.));
#4001=CARTESIAN_POINT('Ctrl Pts',(-14.0027581626584,9.4351241702233,5.));
#4002=CARTESIAN_POINT('Ctrl Pts',(-14.0598297226082,9.435513568564,0.));
#4003=CARTESIAN_POINT('Ctrl Pts',(-14.0598297226082,9.435513568564,5.));
#4004=CARTESIAN_POINT('Ctrl Pts',(-14.1170112930516,9.4355555597446,0.));
#4005=CARTESIAN_POINT('Ctrl Pts',(-14.1170112930516,9.4355555597446,5.));
#4006=CARTESIAN_POINT('Ctrl Pts',(-14.1743005609907,9.4352512778841,0.));
#4007=CARTESIAN_POINT('Ctrl Pts',(-14.1743005609907,9.4352512778841,5.));
#4008=CARTESIAN_POINT('Ctrl Pts',(-14.2316950201965,9.43460184876213,0.));
#4009=CARTESIAN_POINT('Ctrl Pts',(-14.2316950201965,9.43460184876213,5.));
#4010=CARTESIAN_POINT('Ctrl Pts',(-14.2891919498472,9.4336084038085,0.));
#4011=CARTESIAN_POINT('Ctrl Pts',(-14.2891919498472,9.4336084038085,5.));
#4012=CARTESIAN_POINT('Ctrl Pts',(-14.3467886013451,9.43227206161924,0.));
#4013=CARTESIAN_POINT('Ctrl Pts',(-14.3467886013451,9.43227206161924,5.));
#4014=CARTESIAN_POINT('Ctrl Pts',(-14.4044823469319,9.43059391837368,0.));
#4015=CARTESIAN_POINT('Ctrl Pts',(-14.4044823469319,9.43059391837368,5.));
#4016=CARTESIAN_POINT('Ctrl Pts',(-14.4622708377713,9.42857503608771,0.));
#4017=CARTESIAN_POINT('Ctrl Pts',(-14.4622708377713,9.42857503608771,5.));
#4018=CARTESIAN_POINT('Ctrl Pts',(-14.5201521695336,9.42621643687007,0.));
#4019=CARTESIAN_POINT('Ctrl Pts',(-14.5201521695336,9.42621643687007,5.));
#4020=CARTESIAN_POINT('Ctrl Pts',(-14.5781250091583,9.42351908942182,0.));
#4021=CARTESIAN_POINT('Ctrl Pts',(-14.5781250091583,9.42351908942182,5.));
#4022=CARTESIAN_POINT('Ctrl Pts',(-14.6361884807726,9.4204838456663,0.));
#4023=CARTESIAN_POINT('Ctrl Pts',(-14.6361884807726,9.4204838456663,5.));
#4024=CARTESIAN_POINT('Ctrl Pts',(-14.6827113605944,9.41778587719791,0.));
#4025=CARTESIAN_POINT('Ctrl Pts',(-14.6827113605944,9.41778587719791,5.));
#4026=CARTESIAN_POINT('Ctrl Pts',(-14.7176439753793,9.41561085603747,0.));
#4027=CARTESIAN_POINT('Ctrl Pts',(-14.7176439753793,9.41561085603747,5.));
#4028=CARTESIAN_POINT('Ctrl Pts',(-14.7409503592586,9.41409351106219,0.));
#4029=CARTESIAN_POINT('Ctrl Pts',(-14.7409503592586,9.41409351106219,5.));
#4030=CARTESIAN_POINT('Ctrl Pts',(-14.7526080447022,9.41331800585688,0.));
#4031=CARTESIAN_POINT('Ctrl Pts',(-14.7526080447022,9.41331800585688,5.));
#4032=CARTESIAN_POINT('Ctrl Pts',(-9.41331800585689,14.7526080447022,0.));
#4033=CARTESIAN_POINT('Ctrl Pts',(-9.41331800585689,14.7526080447022,5.));
#4034=CARTESIAN_POINT('Ctrl Pts',(-9.4140935110622,14.7409503592586,0.));
#4035=CARTESIAN_POINT('Ctrl Pts',(-9.4140935110622,14.7409503592586,5.));
#4036=CARTESIAN_POINT('Ctrl Pts',(-9.41561085603747,14.7176439753793,0.));
#4037=CARTESIAN_POINT('Ctrl Pts',(-9.41561085603747,14.7176439753793,5.));
#4038=CARTESIAN_POINT('Ctrl Pts',(-9.41778587719792,14.6827113605944,0.));
#4039=CARTESIAN_POINT('Ctrl Pts',(-9.41778587719792,14.6827113605944,5.));
#4040=CARTESIAN_POINT('Ctrl Pts',(-9.42048384566631,14.6361884807726,0.));
#4041=CARTESIAN_POINT('Ctrl Pts',(-9.42048384566631,14.6361884807726,5.));
#4042=CARTESIAN_POINT('Ctrl Pts',(-9.42351908942183,14.5781250091583,0.));
#4043=CARTESIAN_POINT('Ctrl Pts',(-9.42351908942183,14.5781250091583,5.));
#4044=CARTESIAN_POINT('Ctrl Pts',(-9.42621643687008,14.5201521695336,0.));
#4045=CARTESIAN_POINT('Ctrl Pts',(-9.42621643687008,14.5201521695336,5.));
#4046=CARTESIAN_POINT('Ctrl Pts',(-9.42857503608772,14.4622708377713,0.));
#4047=CARTESIAN_POINT('Ctrl Pts',(-9.42857503608772,14.4622708377713,5.));
#4048=CARTESIAN_POINT('Ctrl Pts',(-9.43059391837369,14.4044823469319,0.));
#4049=CARTESIAN_POINT('Ctrl Pts',(-9.43059391837369,14.4044823469319,5.));
#4050=CARTESIAN_POINT('Ctrl Pts',(-9.43227206161925,14.3467886013451,0.));
#4051=CARTESIAN_POINT('Ctrl Pts',(-9.43227206161925,14.3467886013451,5.));
#4052=CARTESIAN_POINT('Ctrl Pts',(-9.43360840380852,14.2891919498472,0.));
#4053=CARTESIAN_POINT('Ctrl Pts',(-9.43360840380852,14.2891919498472,5.));
#4054=CARTESIAN_POINT('Ctrl Pts',(-9.43460184876214,14.2316950201965,0.));
#4055=CARTESIAN_POINT('Ctrl Pts',(-9.43460184876214,14.2316950201965,5.));
#4056=CARTESIAN_POINT('Ctrl Pts',(-9.43525127788411,14.1743005609907,0.));
#4057=CARTESIAN_POINT('Ctrl Pts',(-9.43525127788411,14.1743005609907,5.));
#4058=CARTESIAN_POINT('Ctrl Pts',(-9.43555555974461,14.1170112930516,0.));
#4059=CARTESIAN_POINT('Ctrl Pts',(-9.43555555974461,14.1170112930516,5.));
#4060=CARTESIAN_POINT('Ctrl Pts',(-9.43551356856401,14.0598297226082,0.));
#4061=CARTESIAN_POINT('Ctrl Pts',(-9.43551356856401,14.0598297226082,5.));
#4062=CARTESIAN_POINT('Ctrl Pts',(-9.43512417022331,14.0027581626583,0.));
#4063=CARTESIAN_POINT('Ctrl Pts',(-9.43512417022331,14.0027581626583,5.));
#4064=CARTESIAN_POINT('Ctrl Pts',(-9.43438619745643,13.9457988347051,0.));
#4065=CARTESIAN_POINT('Ctrl Pts',(-9.43438619745643,13.9457988347051,5.));
#4066=CARTESIAN_POINT('Ctrl Pts',(-9.43329842974696,13.8889539469221,0.));
#4067=CARTESIAN_POINT('Ctrl Pts',(-9.43329842974696,13.8889539469221,5.));
#4068=CARTESIAN_POINT('Ctrl Pts',(-9.43185957633995,13.8322257735297,0.));
#4069=CARTESIAN_POINT('Ctrl Pts',(-9.43185957633995,13.8322257735297,5.));
#4070=CARTESIAN_POINT('Ctrl Pts',(-9.43006825402713,13.7756167521516,0.));
#4071=CARTESIAN_POINT('Ctrl Pts',(-9.43006825402713,13.7756167521516,5.));
#4072=CARTESIAN_POINT('Ctrl Pts',(-9.42792299843102,13.719129484938,0.));
#4073=CARTESIAN_POINT('Ctrl Pts',(-9.42792299843102,13.719129484938,5.));
#4074=CARTESIAN_POINT('Ctrl Pts',(-9.42542229617396,13.6627666761667,0.));
#4075=CARTESIAN_POINT('Ctrl Pts',(-9.42542229617396,13.6627666761667,5.));
#4076=CARTESIAN_POINT('Ctrl Pts',(-9.42256461635326,13.6065310851117,0.));
#4077=CARTESIAN_POINT('Ctrl Pts',(-9.42256461635326,13.6065310851117,5.));
#4078=CARTESIAN_POINT('Ctrl Pts',(-9.41934843770669,13.5504254787902,0.));
#4079=CARTESIAN_POINT('Ctrl Pts',(-9.41934843770669,13.5504254787902,5.));
#4080=CARTESIAN_POINT('Ctrl Pts',(-9.41577229786529,13.4944525666723,0.));
#4081=CARTESIAN_POINT('Ctrl Pts',(-9.41577229786529,13.4944525666723,5.));
#4082=CARTESIAN_POINT('Ctrl Pts',(-9.41183476590384,13.4386150106551,0.));
#4083=CARTESIAN_POINT('Ctrl Pts',(-9.41183476590384,13.4386150106551,5.));
#4084=CARTESIAN_POINT('Ctrl Pts',(-9.40753434609704,13.3829155050772,0.));
#4085=CARTESIAN_POINT('Ctrl Pts',(-9.40753434609704,13.3829155050772,5.));
#4086=CARTESIAN_POINT('Ctrl Pts',(-9.40286939668955,13.3273568410651,0.));
#4087=CARTESIAN_POINT('Ctrl Pts',(-9.40286939668955,13.3273568410651,5.));
#4088=CARTESIAN_POINT('Ctrl Pts',(-9.39783805871351,13.2719419664259,0.));
#4089=CARTESIAN_POINT('Ctrl Pts',(-9.39783805871351,13.2719419664259,5.));
#4090=CARTESIAN_POINT('Ctrl Pts',(-9.39243814965752,13.2166740708212,0.));
#4091=CARTESIAN_POINT('Ctrl Pts',(-9.39243814965752,13.2166740708212,5.));
#4092=CARTESIAN_POINT('Ctrl Pts',(-9.38666719715584,13.1615565699689,0.));
#4093=CARTESIAN_POINT('Ctrl Pts',(-9.38666719715584,13.1615565699689,5.));
#4094=CARTESIAN_POINT('Ctrl Pts',(-9.38052263561146,13.1065929707669,0.));
#4095=CARTESIAN_POINT('Ctrl Pts',(-9.38052263561146,13.1065929707669,5.));
#4096=CARTESIAN_POINT('Ctrl Pts',(-9.3740019783545,13.0517867562965,0.));
#4097=CARTESIAN_POINT('Ctrl Pts',(-9.3740019783545,13.0517867562965,5.));
#4098=CARTESIAN_POINT('Ctrl Pts',(-9.36710297011343,12.997141282828,0.));
#4099=CARTESIAN_POINT('Ctrl Pts',(-9.36710297011343,12.997141282828,5.));
#4100=CARTESIAN_POINT('Ctrl Pts',(-9.35982382918392,12.9426596192372,0.));
#4101=CARTESIAN_POINT('Ctrl Pts',(-9.35982382918392,12.9426596192372,5.));
#4102=CARTESIAN_POINT('Ctrl Pts',(-9.3521631770473,12.8883445910727,0.));
#4103=CARTESIAN_POINT('Ctrl Pts',(-9.3521631770473,12.8883445910727,5.));
#4104=CARTESIAN_POINT('Ctrl Pts',(-9.34411953665894,12.8341991075078,0.));
#4105=CARTESIAN_POINT('Ctrl Pts',(-9.34411953665894,12.8341991075078,5.));
#4106=CARTESIAN_POINT('Ctrl Pts',(-9.33569090418322,12.7802264403626,0.));
#4107=CARTESIAN_POINT('Ctrl Pts',(-9.33569090418322,12.7802264403626,5.));
#4108=CARTESIAN_POINT('Ctrl Pts',(-9.32687436559188,12.7264304748913,0.));
#4109=CARTESIAN_POINT('Ctrl Pts',(-9.32687436559188,12.7264304748913,5.));
#4110=CARTESIAN_POINT('Ctrl Pts',(-9.317665521637,12.6728160847753,0.));
#4111=CARTESIAN_POINT('Ctrl Pts',(-9.317665521637,12.6728160847753,5.));
#4112=CARTESIAN_POINT('Ctrl Pts',(-9.30805860526174,12.6193890597342,0.));
#4113=CARTESIAN_POINT('Ctrl Pts',(-9.30805860526174,12.6193890597342,5.));
#4114=CARTESIAN_POINT('Ctrl Pts',(-9.29804760632806,12.5661553818136,0.));
#4115=CARTESIAN_POINT('Ctrl Pts',(-9.29804760632806,12.5661553818136,5.));
#4116=CARTESIAN_POINT('Ctrl Pts',(-9.28762724130341,12.5131206026383,0.));
#4117=CARTESIAN_POINT('Ctrl Pts',(-9.28762724130341,12.5131206026383,5.));
#4118=CARTESIAN_POINT('Ctrl Pts',(-9.27679381227511,12.4602892920259,0.));
#4119=CARTESIAN_POINT('Ctrl Pts',(-9.27679381227511,12.4602892920259,5.));
#4120=CARTESIAN_POINT('Ctrl Pts',(-9.26554654435996,12.4076641790295,0.));
#4121=CARTESIAN_POINT('Ctrl Pts',(-9.26554654435996,12.4076641790295,5.));
#4122=CARTESIAN_POINT('Ctrl Pts',(-9.25388721805434,12.3552463913181,0.));
#4123=CARTESIAN_POINT('Ctrl Pts',(-9.25388721805434,12.3552463913181,5.));
#4124=CARTESIAN_POINT('Ctrl Pts',(-9.24181744221678,12.3030372144381,0.));
#4125=CARTESIAN_POINT('Ctrl Pts',(-9.24181744221678,12.3030372144381,5.));
#4126=CARTESIAN_POINT('Ctrl Pts',(-9.22933629849424,12.2510396120404,0.));
#4127=CARTESIAN_POINT('Ctrl Pts',(-9.22933629849424,12.2510396120404,5.));
#4128=CARTESIAN_POINT('Ctrl Pts',(-9.2164382707851,12.1992595632743,0.));
#4129=CARTESIAN_POINT('Ctrl Pts',(-9.2164382707851,12.1992595632743,5.));
#4130=CARTESIAN_POINT('Ctrl Pts',(-9.2031099977595,12.1477081575214,0.));
#4131=CARTESIAN_POINT('Ctrl Pts',(-9.2031099977595,12.1477081575214,5.));
#4132=CARTESIAN_POINT('Ctrl Pts',(-9.18933138097091,12.0964008877434,0.));
#4133=CARTESIAN_POINT('Ctrl Pts',(-9.18933138097091,12.0964008877434,5.));
#4134=CARTESIAN_POINT('Ctrl Pts',(-9.17508182929894,12.045353640487,0.));
#4135=CARTESIAN_POINT('Ctrl Pts',(-9.17508182929894,12.045353640487,5.));
#4136=CARTESIAN_POINT('Ctrl Pts',(-9.16034570448302,11.9945791996098,0.));
#4137=CARTESIAN_POINT('Ctrl Pts',(-9.16034570448302,11.9945791996098,5.));
#4138=CARTESIAN_POINT('Ctrl Pts',(-9.14511700088791,11.9440842440071,0.));
#4139=CARTESIAN_POINT('Ctrl Pts',(-9.14511700088791,11.9440842440071,5.));
#4140=CARTESIAN_POINT('Ctrl Pts',(-9.12940705023471,11.8938643971115,0.));
#4141=CARTESIAN_POINT('Ctrl Pts',(-9.12940705023471,11.8938643971115,5.));
#4142=CARTESIAN_POINT('Ctrl Pts',(-9.1132403941446,11.8439068978606,0.));
#4143=CARTESIAN_POINT('Ctrl Pts',(-9.1132403941446,11.8439068978606,5.));
#4144=CARTESIAN_POINT('Ctrl Pts',(-9.09663988729252,11.7942002091973,0.));
#4145=CARTESIAN_POINT('Ctrl Pts',(-9.09663988729252,11.7942002091973,5.));
#4146=CARTESIAN_POINT('Ctrl Pts',(-9.07961355717007,11.7447424941944,0.));
#4147=CARTESIAN_POINT('Ctrl Pts',(-9.07961355717007,11.7447424941944,5.));
#4148=CARTESIAN_POINT('Ctrl Pts',(-9.06214335398528,11.6955488778949,0.));
#4149=CARTESIAN_POINT('Ctrl Pts',(-9.06214335398528,11.6955488778949,5.));
#4150=CARTESIAN_POINT('Ctrl Pts',(-9.04416657190271,11.6466634226977,0.));
#4151=CARTESIAN_POINT('Ctrl Pts',(-9.04416657190271,11.6466634226977,5.));
#4152=CARTESIAN_POINT('Ctrl Pts',(-9.02558934700973,11.5981504760255,0.));
#4153=CARTESIAN_POINT('Ctrl Pts',(-9.02558934700973,11.5981504760255,5.));
#4154=CARTESIAN_POINT('Ctrl Pts',(-9.00632035490116,11.550073040208,0.));
#4155=CARTESIAN_POINT('Ctrl Pts',(-9.00632035490116,11.550073040208,5.));
#4156=CARTESIAN_POINT('Ctrl Pts',(-8.98630110830926,11.5024733064665,0.));
#4157=CARTESIAN_POINT('Ctrl Pts',(-8.98630110830926,11.5024733064665,5.));
#4158=CARTESIAN_POINT('Ctrl Pts',(-8.96553189252468,11.4553560463027,0.));
#4159=CARTESIAN_POINT('Ctrl Pts',(-8.96553189252468,11.4553560463027,5.));
#4160=CARTESIAN_POINT('Ctrl Pts',(-8.94411434444758,11.4086611707649,0.));
#4161=CARTESIAN_POINT('Ctrl Pts',(-8.94411434444758,11.4086611707649,5.));
#4162=CARTESIAN_POINT('Ctrl Pts',(-8.92220401336789,11.3622948295959,0.));
#4163=CARTESIAN_POINT('Ctrl Pts',(-8.92220401336789,11.3622948295959,5.));
#4164=CARTESIAN_POINT('Ctrl Pts',(-8.89992809081004,11.3161831361286,0.));
#4165=CARTESIAN_POINT('Ctrl Pts',(-8.89992809081004,11.3161831361286,5.));
#4166=CARTESIAN_POINT('Ctrl Pts',(-8.87731093921144,11.2703208700051,0.));
#4167=CARTESIAN_POINT('Ctrl Pts',(-8.87731093921144,11.2703208700051,5.));
#4168=CARTESIAN_POINT('Ctrl Pts',(-8.85420405999663,11.2248171864078,0.));
#4169=CARTESIAN_POINT('Ctrl Pts',(-8.85420405999663,11.2248171864078,5.));
#4170=CARTESIAN_POINT('Ctrl Pts',(-8.83019349629008,11.1799562791629,0.));
#4171=CARTESIAN_POINT('Ctrl Pts',(-8.83019349629008,11.1799562791629,5.));
#4172=CARTESIAN_POINT('Ctrl Pts',(-8.80470884691701,11.1361246435795,0.));
#4173=CARTESIAN_POINT('Ctrl Pts',(-8.80470884691701,11.1361246435795,5.));
#4174=CARTESIAN_POINT('Ctrl Pts',(-8.78267699610031,11.1021961495688,0.));
#4175=CARTESIAN_POINT('Ctrl Pts',(-8.78267699610031,11.1021961495688,5.));
#4176=CARTESIAN_POINT('Ctrl Pts',(-8.7650217340962,11.0775280853779,0.));
#4177=CARTESIAN_POINT('Ctrl Pts',(-8.7650217340962,11.0775280853779,5.));
#4178=CARTESIAN_POINT('Ctrl Pts',(-8.75272228862367,11.0614463588623,0.));
#4179=CARTESIAN_POINT('Ctrl Pts',(-8.75272228862367,11.0614463588623,5.));
#4180=CARTESIAN_POINT('Ctrl Pts',(-8.7464402460751,11.0534964094047,0.));
#4181=CARTESIAN_POINT('Ctrl Pts',(-8.7464402460751,11.0534964094047,5.));
#4182=CARTESIAN_POINT('',(-9.41331800585689,14.7526080447022,0.));
#4183=CARTESIAN_POINT('Origin',(-8.99280649946377E-14,1.55759977597069E-13,
0.));
#4184=CARTESIAN_POINT('',(-8.0694743358583,15.5284765493246,0.));
#4185=CARTESIAN_POINT('Ctrl Pts',(-5.19938856814701,13.101387650486,0.));
#4186=CARTESIAN_POINT('Ctrl Pts',(-5.19938856814701,13.101387650486,5.));
#4187=CARTESIAN_POINT('Ctrl Pts',(-5.20313240506179,13.1108030336495,0.));
#4188=CARTESIAN_POINT('Ctrl Pts',(-5.20313240506179,13.1108030336495,5.));
#4189=CARTESIAN_POINT('Ctrl Pts',(-5.21090986602477,13.129495529139,0.));
#4190=CARTESIAN_POINT('Ctrl Pts',(-5.21090986602477,13.129495529139,5.));
#4191=CARTESIAN_POINT('Ctrl Pts',(-5.22344540527423,13.1571194666405,0.));
#4192=CARTESIAN_POINT('Ctrl Pts',(-5.22344540527423,13.1571194666405,5.));
#4193=CARTESIAN_POINT('Ctrl Pts',(-5.24181241759123,13.1931638561455,0.));
#4194=CARTESIAN_POINT('Ctrl Pts',(-5.24181241759123,13.1931638561455,5.));
#4195=CARTESIAN_POINT('Ctrl Pts',(-5.26702940280938,13.2371500277008,0.));
#4196=CARTESIAN_POINT('Ctrl Pts',(-5.26702940280938,13.2371500277008,5.));
#4197=CARTESIAN_POINT('Ctrl Pts',(-5.293874806267,13.2803742394523,0.));
#4198=CARTESIAN_POINT('Ctrl Pts',(-5.293874806267,13.2803742394523,5.));
#4199=CARTESIAN_POINT('Ctrl Pts',(-5.32172871262061,13.3231372256531,0.));
#4200=CARTESIAN_POINT('Ctrl Pts',(-5.32172871262061,13.3231372256531,5.));
#4201=CARTESIAN_POINT('Ctrl Pts',(-5.35013802435942,13.3656553865605,0.));
#4202=CARTESIAN_POINT('Ctrl Pts',(-5.35013802435942,13.3656553865605,5.));
#4203=CARTESIAN_POINT('Ctrl Pts',(-5.37893396103472,13.408002748122,0.));
#4204=CARTESIAN_POINT('Ctrl Pts',(-5.37893396103472,13.408002748122,5.));
#4205=CARTESIAN_POINT('Ctrl Pts',(-5.40813322482775,13.4501608220269,0.));
#4206=CARTESIAN_POINT('Ctrl Pts',(-5.40813322482775,13.4501608220269,5.));
#4207=CARTESIAN_POINT('Ctrl Pts',(-5.43786339923144,13.4920564005173,0.));
#4208=CARTESIAN_POINT('Ctrl Pts',(-5.43786339923144,13.4920564005173,5.));
#4209=CARTESIAN_POINT('Ctrl Pts',(-5.46828353559778,13.5336016990853,0.));
#4210=CARTESIAN_POINT('Ctrl Pts',(-5.46828353559778,13.5336016990853,5.));
#4211=CARTESIAN_POINT('Ctrl Pts',(-5.49949649093528,13.5747387420693,0.));
#4212=CARTESIAN_POINT('Ctrl Pts',(-5.49949649093528,13.5747387420693,5.));
#4213=CARTESIAN_POINT('Ctrl Pts',(-5.53149827564783,13.6154648966494,0.));
#4214=CARTESIAN_POINT('Ctrl Pts',(-5.53149827564783,13.6154648966494,5.));
#4215=CARTESIAN_POINT('Ctrl Pts',(-5.56422310743184,13.6558097186746,0.));
#4216=CARTESIAN_POINT('Ctrl Pts',(-5.56422310743184,13.6558097186746,5.));
#4217=CARTESIAN_POINT('Ctrl Pts',(-5.59757076246697,13.695820796235,0.));
#4218=CARTESIAN_POINT('Ctrl Pts',(-5.59757076246697,13.695820796235,5.));
#4219=CARTESIAN_POINT('Ctrl Pts',(-5.63143858229395,13.7355472441521,0.));
#4220=CARTESIAN_POINT('Ctrl Pts',(-5.63143858229395,13.7355472441521,5.));
#4221=CARTESIAN_POINT('Ctrl Pts',(-5.66575705483834,13.7750213360728,0.));
#4222=CARTESIAN_POINT('Ctrl Pts',(-5.66575705483834,13.7750213360728,5.));
#4223=CARTESIAN_POINT('Ctrl Pts',(-5.70050405653275,13.814251141054,0.));
#4224=CARTESIAN_POINT('Ctrl Pts',(-5.70050405653275,13.814251141054,5.));
#4225=CARTESIAN_POINT('Ctrl Pts',(-5.73568519194851,13.8532306255478,0.));
#4226=CARTESIAN_POINT('Ctrl Pts',(-5.73568519194851,13.8532306255478,5.));
#4227=CARTESIAN_POINT('Ctrl Pts',(-5.77132187980766,13.8919457653534,0.));
#4228=CARTESIAN_POINT('Ctrl Pts',(-5.77132187980766,13.8919457653534,5.));
#4229=CARTESIAN_POINT('Ctrl Pts',(-5.80743744232501,13.9303816873349,0.));
#4230=CARTESIAN_POINT('Ctrl Pts',(-5.80743744232501,13.9303816873349,5.));
#4231=CARTESIAN_POINT('Ctrl Pts',(-5.84404133557969,13.9685307662174,0.));
#4232=CARTESIAN_POINT('Ctrl Pts',(-5.84404133557969,13.9685307662174,5.));
#4233=CARTESIAN_POINT('Ctrl Pts',(-5.88112477266094,14.006394863586,0.));
#4234=CARTESIAN_POINT('Ctrl Pts',(-5.88112477266094,14.006394863586,5.));
#4235=CARTESIAN_POINT('Ctrl Pts',(-5.91866886329327,14.043981130643,0.));
#4236=CARTESIAN_POINT('Ctrl Pts',(-5.91866886329327,14.043981130643,5.));
#4237=CARTESIAN_POINT('Ctrl Pts',(-5.95664955376323,14.0812994565481,0.));
#4238=CARTESIAN_POINT('Ctrl Pts',(-5.95664955376323,14.0812994565481,5.));
#4239=CARTESIAN_POINT('Ctrl Pts',(-5.99504337754933,14.1183595005861,0.));
#4240=CARTESIAN_POINT('Ctrl Pts',(-5.99504337754933,14.1183595005861,5.));
#4241=CARTESIAN_POINT('Ctrl Pts',(-6.03383405030034,14.1551672893169,0.));
#4242=CARTESIAN_POINT('Ctrl Pts',(-6.03383405030034,14.1551672893169,5.));
#4243=CARTESIAN_POINT('Ctrl Pts',(-6.0730136358703,14.1917246102502,0.));
#4244=CARTESIAN_POINT('Ctrl Pts',(-6.0730136358703,14.1917246102502,5.));
#4245=CARTESIAN_POINT('Ctrl Pts',(-6.11257910848579,14.2280307768776,0.));
#4246=CARTESIAN_POINT('Ctrl Pts',(-6.11257910848579,14.2280307768776,5.));
#4247=CARTESIAN_POINT('Ctrl Pts',(-6.15253015926011,14.2640837531135,0.));
#4248=CARTESIAN_POINT('Ctrl Pts',(-6.15253015926011,14.2640837531135,5.));
#4249=CARTESIAN_POINT('Ctrl Pts',(-6.19286670185148,14.2998814331683,0.));
#4250=CARTESIAN_POINT('Ctrl Pts',(-6.19286670185148,14.2998814331683,5.));
#4251=CARTESIAN_POINT('Ctrl Pts',(-6.23358598538912,14.335423123584,0.));
#4252=CARTESIAN_POINT('Ctrl Pts',(-6.23358598538912,14.335423123584,5.));
#4253=CARTESIAN_POINT('Ctrl Pts',(-6.27468220333837,14.3707097419381,0.));
#4254=CARTESIAN_POINT('Ctrl Pts',(-6.27468220333837,14.3707097419381,5.));
#4255=CARTESIAN_POINT('Ctrl Pts',(-6.31614790608495,14.4057430880917,0.));
#4256=CARTESIAN_POINT('Ctrl Pts',(-6.31614790608495,14.4057430880917,5.));
#4257=CARTESIAN_POINT('Ctrl Pts',(-6.35797490795641,14.4405253759541,0.));
#4258=CARTESIAN_POINT('Ctrl Pts',(-6.35797490795641,14.4405253759541,5.));
#4259=CARTESIAN_POINT('Ctrl Pts',(-6.40015531137993,14.4750587050833,0.));
#4260=CARTESIAN_POINT('Ctrl Pts',(-6.40015531137993,14.4750587050833,5.));
#4261=CARTESIAN_POINT('Ctrl Pts',(-6.44268269599982,14.509344448499,0.));
#4262=CARTESIAN_POINT('Ctrl Pts',(-6.44268269599982,14.509344448499,5.));
#4263=CARTESIAN_POINT('Ctrl Pts',(-6.48555224007311,14.5433831871967,0.));
#4264=CARTESIAN_POINT('Ctrl Pts',(-6.48555224007311,14.5433831871967,5.));
#4265=CARTESIAN_POINT('Ctrl Pts',(-6.52876010820249,14.5771750206388,0.));
#4266=CARTESIAN_POINT('Ctrl Pts',(-6.52876010820249,14.5771750206388,5.));
#4267=CARTESIAN_POINT('Ctrl Pts',(-6.57230304244785,14.6107197733969,0.));
#4268=CARTESIAN_POINT('Ctrl Pts',(-6.57230304244785,14.6107197733969,5.));
#4269=CARTESIAN_POINT('Ctrl Pts',(-6.6161779065528,14.6440172265288,0.));
#4270=CARTESIAN_POINT('Ctrl Pts',(-6.6161779065528,14.6440172265288,5.));
#4271=CARTESIAN_POINT('Ctrl Pts',(-6.66038115194095,14.6770673885979,0.));
#4272=CARTESIAN_POINT('Ctrl Pts',(-6.66038115194095,14.6770673885979,5.));
#4273=CARTESIAN_POINT('Ctrl Pts',(-6.70490874436112,14.7098705345915,0.));
#4274=CARTESIAN_POINT('Ctrl Pts',(-6.70490874436112,14.7098705345915,5.));
#4275=CARTESIAN_POINT('Ctrl Pts',(-6.74975642404154,14.7424270764881,0.));
#4276=CARTESIAN_POINT('Ctrl Pts',(-6.74975642404154,14.7424270764881,5.));
#4277=CARTESIAN_POINT('Ctrl Pts',(-6.79491987112086,14.7747374827111,0.));
#4278=CARTESIAN_POINT('Ctrl Pts',(-6.79491987112086,14.7747374827111,5.));
#4279=CARTESIAN_POINT('Ctrl Pts',(-6.84039489131794,14.806802186533,0.));
#4280=CARTESIAN_POINT('Ctrl Pts',(-6.84039489131794,14.806802186533,5.));
#4281=CARTESIAN_POINT('Ctrl Pts',(-6.88617763104895,14.8386214832332,0.));
#4282=CARTESIAN_POINT('Ctrl Pts',(-6.88617763104895,14.8386214832332,5.));
#4283=CARTESIAN_POINT('Ctrl Pts',(-6.93226460795426,14.8701955088218,0.));
#4284=CARTESIAN_POINT('Ctrl Pts',(-6.93226460795426,14.8701955088218,5.));
#4285=CARTESIAN_POINT('Ctrl Pts',(-6.97865258396972,14.9015242895373,0.));
#4286=CARTESIAN_POINT('Ctrl Pts',(-6.97865258396972,14.9015242895373,5.));
#4287=CARTESIAN_POINT('Ctrl Pts',(-7.02533847786692,14.9326077735464,0.));
#4288=CARTESIAN_POINT('Ctrl Pts',(-7.02533847786692,14.9326077735464,5.));
#4289=CARTESIAN_POINT('Ctrl Pts',(-7.07231926891271,14.9634458691181,0.));
#4290=CARTESIAN_POINT('Ctrl Pts',(-7.07231926891271,14.9634458691181,5.));
#4291=CARTESIAN_POINT('Ctrl Pts',(-7.11959187945289,14.9940384879663,0.));
#4292=CARTESIAN_POINT('Ctrl Pts',(-7.11959187945289,14.9940384879663,5.));
#4293=CARTESIAN_POINT('Ctrl Pts',(-7.16715315254889,15.0243855640338,0.));
#4294=CARTESIAN_POINT('Ctrl Pts',(-7.16715315254889,15.0243855640338,5.));
#4295=CARTESIAN_POINT('Ctrl Pts',(-7.21499993314817,15.0544870434844,0.));
#4296=CARTESIAN_POINT('Ctrl Pts',(-7.21499993314817,15.0544870434844,5.));
#4297=CARTESIAN_POINT('Ctrl Pts',(-7.26312912258865,15.0843428848028,0.));
#4298=CARTESIAN_POINT('Ctrl Pts',(-7.26312912258865,15.0843428848028,5.));
#4299=CARTESIAN_POINT('Ctrl Pts',(-7.31153773515321,15.1139530551018,0.));
#4300=CARTESIAN_POINT('Ctrl Pts',(-7.31153773515321,15.1139530551018,5.));
#4301=CARTESIAN_POINT('Ctrl Pts',(-7.36022296819386,15.1433175334631,0.));
#4302=CARTESIAN_POINT('Ctrl Pts',(-7.36022296819386,15.1433175334631,5.));
#4303=CARTESIAN_POINT('Ctrl Pts',(-7.40918220680039,15.1724363006031,0.));
#4304=CARTESIAN_POINT('Ctrl Pts',(-7.40918220680039,15.1724363006031,5.));
#4305=CARTESIAN_POINT('Ctrl Pts',(-7.45841292838026,15.2013093094333,0.));
#4306=CARTESIAN_POINT('Ctrl Pts',(-7.45841292838026,15.2013093094333,5.));
#4307=CARTESIAN_POINT('Ctrl Pts',(-7.50791262542215,15.2299364600841,0.));
#4308=CARTESIAN_POINT('Ctrl Pts',(-7.50791262542215,15.2299364600841,5.));
#4309=CARTESIAN_POINT('Ctrl Pts',(-7.55767872775188,15.2583175782326,0.));
#4310=CARTESIAN_POINT('Ctrl Pts',(-7.55767872775188,15.2583175782326,5.));
#4311=CARTESIAN_POINT('Ctrl Pts',(-7.60770850202162,15.2864523857179,0.));
#4312=CARTESIAN_POINT('Ctrl Pts',(-7.60770850202162,15.2864523857179,5.));
#4313=CARTESIAN_POINT('Ctrl Pts',(-7.6579990262155,15.3143405019761,0.));
#4314=CARTESIAN_POINT('Ctrl Pts',(-7.6579990262155,15.3143405019761,5.));
#4315=CARTESIAN_POINT('Ctrl Pts',(-7.70854736068021,15.341981521441,0.));
#4316=CARTESIAN_POINT('Ctrl Pts',(-7.70854736068021,15.341981521441,5.));
#4317=CARTESIAN_POINT('Ctrl Pts',(-7.75935068162071,15.3693750795526,0.));
#4318=CARTESIAN_POINT('Ctrl Pts',(-7.75935068162071,15.3693750795526,5.));
#4319=CARTESIAN_POINT('Ctrl Pts',(-7.81040642387694,15.3965209216254,0.));
#4320=CARTESIAN_POINT('Ctrl Pts',(-7.81040642387694,15.3965209216254,5.));
#4321=CARTESIAN_POINT('Ctrl Pts',(-7.86171242719677,15.4234189806667,0.));
#4322=CARTESIAN_POINT('Ctrl Pts',(-7.86171242719677,15.4234189806667,5.));
#4323=CARTESIAN_POINT('Ctrl Pts',(-7.9132670527654,15.450069429066,0.));
#4324=CARTESIAN_POINT('Ctrl Pts',(-7.9132670527654,15.450069429066,5.));
#4325=CARTESIAN_POINT('Ctrl Pts',(-7.96506911609313,15.4764725666743,0.));
#4326=CARTESIAN_POINT('Ctrl Pts',(-7.96506911609313,15.4764725666743,5.));
#4327=CARTESIAN_POINT('Ctrl Pts',(-8.00670809611014,15.4973974973529,0.));
#4328=CARTESIAN_POINT('Ctrl Pts',(-8.00670809611014,15.4973974973529,5.));
#4329=CARTESIAN_POINT('Ctrl Pts',(-8.03804813851471,15.5129801811666,0.));
#4330=CARTESIAN_POINT('Ctrl Pts',(-8.03804813851471,15.5129801811666,5.));
#4331=CARTESIAN_POINT('Ctrl Pts',(-8.05899073151218,15.5233193138114,0.));
#4332=CARTESIAN_POINT('Ctrl Pts',(-8.05899073151218,15.5233193138114,5.));
#4333=CARTESIAN_POINT('Ctrl Pts',(-8.0694743358583,15.5284765493246,0.));
#4334=CARTESIAN_POINT('Ctrl Pts',(-8.0694743358583,15.5284765493246,5.));
#4335=CARTESIAN_POINT('Ctrl Pts',(-0.775868504622464,17.4827923417152,0.));
#4336=CARTESIAN_POINT('Ctrl Pts',(-0.775868504622464,17.4827923417152,5.));
#4337=CARTESIAN_POINT('Ctrl Pts',(-0.78236895455282,17.4730842425744,0.));
#4338=CARTESIAN_POINT('Ctrl Pts',(-0.78236895455282,17.4730842425744,5.));
#4339=CARTESIAN_POINT('Ctrl Pts',(-0.795336205787365,17.4536589945522,0.));
#4340=CARTESIAN_POINT('Ctrl Pts',(-0.795336205787365,17.4536589945522,5.));
#4341=CARTESIAN_POINT('Ctrl Pts',(-0.814686136758532,17.424493973308,0.));
#4342=CARTESIAN_POINT('Ctrl Pts',(-0.814686136758532,17.424493973308,5.));
#4343=CARTESIAN_POINT('Ctrl Pts',(-0.840284085901621,17.3855529617594,0.));
#4344=CARTESIAN_POINT('Ctrl Pts',(-0.840284085901621,17.3855529617594,5.));
#4345=CARTESIAN_POINT('Ctrl Pts',(-0.871944419907775,17.3367861421872,0.));
#4346=CARTESIAN_POINT('Ctrl Pts',(-0.871944419907775,17.3367861421872,5.));
#4347=CARTESIAN_POINT('Ctrl Pts',(-0.903266811133138,17.2879288640668,0.));
#4348=CARTESIAN_POINT('Ctrl Pts',(-0.903266811133138,17.2879288640668,5.));
#4349=CARTESIAN_POINT('Ctrl Pts',(-0.9342500838541,17.2389814599646,0.));
#4350=CARTESIAN_POINT('Ctrl Pts',(-0.9342500838541,17.2389814599646,5.));
#4351=CARTESIAN_POINT('Ctrl Pts',(-0.964892732620677,17.1899445999944,0.));
#4352=CARTESIAN_POINT('Ctrl Pts',(-0.964892732620677,17.1899445999944,5.));
#4353=CARTESIAN_POINT('Ctrl Pts',(-0.995192920095969,17.1408194222995,0.));
#4354=CARTESIAN_POINT('Ctrl Pts',(-0.995192920095969,17.1408194222995,5.));
#4355=CARTESIAN_POINT('Ctrl Pts',(-1.02514855212895,17.091607430024,0.));
#4356=CARTESIAN_POINT('Ctrl Pts',(-1.02514855212895,17.091607430024,5.));
#4357=CARTESIAN_POINT('Ctrl Pts',(-1.05475736552138,17.0423103507837,0.));
#4358=CARTESIAN_POINT('Ctrl Pts',(-1.05475736552138,17.0423103507837,5.));
#4359=CARTESIAN_POINT('Ctrl Pts',(-1.0840170172419,16.992930005636,0.));
#4360=CARTESIAN_POINT('Ctrl Pts',(-1.0840170172419,16.992930005636,5.));
#4361=CARTESIAN_POINT('Ctrl Pts',(-1.11292516703255,16.9434681851668,0.));
#4362=CARTESIAN_POINT('Ctrl Pts',(-1.11292516703255,16.9434681851668,5.));
#4363=CARTESIAN_POINT('Ctrl Pts',(-1.14147958682508,16.8939264969443,0.));
#4364=CARTESIAN_POINT('Ctrl Pts',(-1.14147958682508,16.8939264969443,5.));
#4365=CARTESIAN_POINT('Ctrl Pts',(-1.16967813794479,16.8443063770237,0.));
#4366=CARTESIAN_POINT('Ctrl Pts',(-1.16967813794479,16.8443063770237,5.));
#4367=CARTESIAN_POINT('Ctrl Pts',(-1.19751869875798,16.7946091656503,0.));
#4368=CARTESIAN_POINT('Ctrl Pts',(-1.19751869875798,16.7946091656503,5.));
#4369=CARTESIAN_POINT('Ctrl Pts',(-1.22499910817968,16.7448361649002,0.));
#4370=CARTESIAN_POINT('Ctrl Pts',(-1.22499910817968,16.7448361649002,5.));
#4371=CARTESIAN_POINT('Ctrl Pts',(-1.25211711127306,16.6949886989286,0.));
#4372=CARTESIAN_POINT('Ctrl Pts',(-1.25211711127306,16.6949886989286,5.));
#4373=CARTESIAN_POINT('Ctrl Pts',(-1.27887029133288,16.6450681871753,0.));
#4374=CARTESIAN_POINT('Ctrl Pts',(-1.27887029133288,16.6450681871753,5.));
#4375=CARTESIAN_POINT('Ctrl Pts',(-1.30525607909584,16.5950761509799,0.));
#4376=CARTESIAN_POINT('Ctrl Pts',(-1.30525607909584,16.5950761509799,5.));
#4377=CARTESIAN_POINT('Ctrl Pts',(-1.33127181179954,16.5450141756268,0.));
#4378=CARTESIAN_POINT('Ctrl Pts',(-1.33127181179954,16.5450141756268,5.));
#4379=CARTESIAN_POINT('Ctrl Pts',(-1.35691478400647,16.494883885266,0.));
#4380=CARTESIAN_POINT('Ctrl Pts',(-1.35691478400647,16.494883885266,5.));
#4381=CARTESIAN_POINT('Ctrl Pts',(-1.38218229475614,16.4446869155736,0.));
#4382=CARTESIAN_POINT('Ctrl Pts',(-1.38218229475614,16.4446869155736,5.));
#4383=CARTESIAN_POINT('Ctrl Pts',(-1.40707172286495,16.394424881835,0.));
#4384=CARTESIAN_POINT('Ctrl Pts',(-1.40707172286495,16.394424881835,5.));
#4385=CARTESIAN_POINT('Ctrl Pts',(-1.43158049816676,16.3440993738581,0.));
#4386=CARTESIAN_POINT('Ctrl Pts',(-1.43158049816676,16.3440993738581,5.));
#4387=CARTESIAN_POINT('Ctrl Pts',(-1.45570597815609,16.293711977146,0.));
#4388=CARTESIAN_POINT('Ctrl Pts',(-1.45570597815609,16.293711977146,5.));
#4389=CARTESIAN_POINT('Ctrl Pts',(-1.47944534546785,16.2432642880075,0.));
#4390=CARTESIAN_POINT('Ctrl Pts',(-1.47944534546785,16.2432642880075,5.));
#4391=CARTESIAN_POINT('Ctrl Pts',(-1.5027955162852,16.1927579298344,0.));
#4392=CARTESIAN_POINT('Ctrl Pts',(-1.5027955162852,16.1927579298344,5.));
#4393=CARTESIAN_POINT('Ctrl Pts',(-1.52575300566689,16.142194573699,0.));
#4394=CARTESIAN_POINT('Ctrl Pts',(-1.52575300566689,16.142194573699,5.));
#4395=CARTESIAN_POINT('Ctrl Pts',(-1.54831396462259,16.091575941517,0.));
#4396=CARTESIAN_POINT('Ctrl Pts',(-1.54831396462259,16.091575941517,5.));
#4397=CARTESIAN_POINT('Ctrl Pts',(-1.57047441783104,16.0409037875524,0.));
#4398=CARTESIAN_POINT('Ctrl Pts',(-1.57047441783104,16.0409037875524,5.));
#4399=CARTESIAN_POINT('Ctrl Pts',(-1.59223047023235,15.9901798849073,0.));
#4400=CARTESIAN_POINT('Ctrl Pts',(-1.59223047023235,15.9901798849073,5.));
#4401=CARTESIAN_POINT('Ctrl Pts',(-1.61357849056887,15.9394060125613,0.));
#4402=CARTESIAN_POINT('Ctrl Pts',(-1.61357849056887,15.9394060125613,5.));
#4403=CARTESIAN_POINT('Ctrl Pts',(-1.63451540140162,15.8885839373864,0.));
#4404=CARTESIAN_POINT('Ctrl Pts',(-1.63451540140162,15.8885839373864,5.));
#4405=CARTESIAN_POINT('Ctrl Pts',(-1.65503859612398,15.8377154171204,0.));
#4406=CARTESIAN_POINT('Ctrl Pts',(-1.65503859612398,15.8377154171204,5.));
#4407=CARTESIAN_POINT('Ctrl Pts',(-1.67514534099124,15.7868022326587,0.));
#4408=CARTESIAN_POINT('Ctrl Pts',(-1.67514534099124,15.7868022326587,5.));
#4409=CARTESIAN_POINT('Ctrl Pts',(-1.69483226472071,15.7358462155631,0.));
#4410=CARTESIAN_POINT('Ctrl Pts',(-1.69483226472071,15.7358462155631,5.));
#4411=CARTESIAN_POINT('Ctrl Pts',(-1.71409490106277,15.6848492735483,0.));
#4412=CARTESIAN_POINT('Ctrl Pts',(-1.71409490106277,15.6848492735483,5.));
#4413=CARTESIAN_POINT('Ctrl Pts',(-1.73292700331638,15.6338134277219,0.));
#4414=CARTESIAN_POINT('Ctrl Pts',(-1.73292700331638,15.6338134277219,5.));
#4415=CARTESIAN_POINT('Ctrl Pts',(-1.75132068220392,15.5827408086001,0.));
#4416=CARTESIAN_POINT('Ctrl Pts',(-1.75132068220392,15.5827408086001,5.));
#4417=CARTESIAN_POINT('Ctrl Pts',(-1.76926774177037,15.5316335917172,0.));
#4418=CARTESIAN_POINT('Ctrl Pts',(-1.76926774177037,15.5316335917172,5.));
#4419=CARTESIAN_POINT('Ctrl Pts',(-1.78676083053,15.4804939431549,0.));
#4420=CARTESIAN_POINT('Ctrl Pts',(-1.78676083053,15.4804939431549,5.));
#4421=CARTESIAN_POINT('Ctrl Pts',(-1.80379446108758,15.4293239715352,0.));
#4422=CARTESIAN_POINT('Ctrl Pts',(-1.80379446108758,15.4293239715352,5.));
#4423=CARTESIAN_POINT('Ctrl Pts',(-1.82036659784808,15.3781256528457,0.));
#4424=CARTESIAN_POINT('Ctrl Pts',(-1.82036659784808,15.3781256528457,5.));
#4425=CARTESIAN_POINT('Ctrl Pts',(-1.83647821893213,15.3269008539246,0.));
#4426=CARTESIAN_POINT('Ctrl Pts',(-1.83647821893213,15.3269008539246,5.));
#4427=CARTESIAN_POINT('Ctrl Pts',(-1.85213007487881,15.2756514925171,0.));
#4428=CARTESIAN_POINT('Ctrl Pts',(-1.85213007487881,15.2756514925171,5.));
#4429=CARTESIAN_POINT('Ctrl Pts',(-1.86731988854565,15.2243796760436,0.));
#4430=CARTESIAN_POINT('Ctrl Pts',(-1.86731988854565,15.2243796760436,5.));
#4431=CARTESIAN_POINT('Ctrl Pts',(-1.88203989327388,15.1730878245483,0.));
#4432=CARTESIAN_POINT('Ctrl Pts',(-1.88203989327388,15.1730878245483,5.));
#4433=CARTESIAN_POINT('Ctrl Pts',(-1.89627297312156,15.1217788610528,0.));
#4434=CARTESIAN_POINT('Ctrl Pts',(-1.89627297312156,15.1217788610528,5.));
#4435=CARTESIAN_POINT('Ctrl Pts',(-1.90999397584267,15.0704561536318,0.));
#4436=CARTESIAN_POINT('Ctrl Pts',(-1.90999397584267,15.0704561536318,5.));
#4437=CARTESIAN_POINT('Ctrl Pts',(-1.92317712573035,15.0191231648786,0.));
#4438=CARTESIAN_POINT('Ctrl Pts',(-1.92317712573035,15.0191231648786,5.));
#4439=CARTESIAN_POINT('Ctrl Pts',(-1.93580248772505,14.967783146808,0.));
#4440=CARTESIAN_POINT('Ctrl Pts',(-1.93580248772505,14.967783146808,5.));
#4441=CARTESIAN_POINT('Ctrl Pts',(-1.94786152134633,14.9164388806956,0.));
#4442=CARTESIAN_POINT('Ctrl Pts',(-1.94786152134633,14.9164388806956,5.));
#4443=CARTESIAN_POINT('Ctrl Pts',(-1.95936622843626,14.8650922421832,0.));
#4444=CARTESIAN_POINT('Ctrl Pts',(-1.95936622843626,14.8650922421832,5.));
#4445=CARTESIAN_POINT('Ctrl Pts',(-1.97034424319342,14.8137444506773,0.));
#4446=CARTESIAN_POINT('Ctrl Pts',(-1.97034424319342,14.8137444506773,5.));
#4447=CARTESIAN_POINT('Ctrl Pts',(-1.98082112687549,14.7623969421309,0.));
#4448=CARTESIAN_POINT('Ctrl Pts',(-1.98082112687549,14.7623969421309,5.));
#4449=CARTESIAN_POINT('Ctrl Pts',(-1.99080474995766,14.711052139464,0.));
#4450=CARTESIAN_POINT('Ctrl Pts',(-1.99080474995766,14.711052139464,5.));
#4451=CARTESIAN_POINT('Ctrl Pts',(-2.0002719183401,14.6597141164522,0.));
#4452=CARTESIAN_POINT('Ctrl Pts',(-2.0002719183401,14.6597141164522,5.));
#4453=CARTESIAN_POINT('Ctrl Pts',(-2.00914629597694,14.6083896793346,0.));
#4454=CARTESIAN_POINT('Ctrl Pts',(-2.00914629597694,14.6083896793346,5.));
#4455=CARTESIAN_POINT('Ctrl Pts',(-2.01731442062386,14.5570876226576,0.));
#4456=CARTESIAN_POINT('Ctrl Pts',(-2.01731442062386,14.5570876226576,5.));
#4457=CARTESIAN_POINT('Ctrl Pts',(-2.0246657018613,14.5058168458364,0.));
#4458=CARTESIAN_POINT('Ctrl Pts',(-2.0246657018613,14.5058168458364,5.));
#4459=CARTESIAN_POINT('Ctrl Pts',(-2.03112839261881,14.454584643907,0.));
#4460=CARTESIAN_POINT('Ctrl Pts',(-2.03112839261881,14.454584643907,5.));
#4461=CARTESIAN_POINT('Ctrl Pts',(-2.03670035421462,14.4033952917561,0.));
#4462=CARTESIAN_POINT('Ctrl Pts',(-2.03670035421462,14.4033952917561,5.));
#4463=CARTESIAN_POINT('Ctrl Pts',(-2.04149965126195,14.3522475692753,0.));
#4464=CARTESIAN_POINT('Ctrl Pts',(-2.04149965126195,14.3522475692753,5.));
#4465=CARTESIAN_POINT('Ctrl Pts',(-2.0457079185261,14.3011379744026,0.));
#4466=CARTESIAN_POINT('Ctrl Pts',(-2.0457079185261,14.3011379744026,5.));
#4467=CARTESIAN_POINT('Ctrl Pts',(-2.04947225043193,14.2500661151694,0.));
#4468=CARTESIAN_POINT('Ctrl Pts',(-2.04947225043193,14.2500661151694,5.));
#4469=CARTESIAN_POINT('Ctrl Pts',(-2.05281635564806,14.199039651832,0.));
#4470=CARTESIAN_POINT('Ctrl Pts',(-2.05281635564806,14.199039651832,5.));
#4471=CARTESIAN_POINT('Ctrl Pts',(-2.05555705304451,14.1480788662636,0.));
#4472=CARTESIAN_POINT('Ctrl Pts',(-2.05555705304451,14.1480788662636,5.));
#4473=CARTESIAN_POINT('Ctrl Pts',(-2.05719374853789,14.0972228990995,0.));
#4474=CARTESIAN_POINT('Ctrl Pts',(-2.05719374853789,14.0972228990995,5.));
#4475=CARTESIAN_POINT('Ctrl Pts',(-2.057039212566,14.0465212645082,0.));
#4476=CARTESIAN_POINT('Ctrl Pts',(-2.057039212566,14.0465212645082,5.));
#4477=CARTESIAN_POINT('Ctrl Pts',(-2.05492331707166,14.0061224013745,0.));
#4478=CARTESIAN_POINT('Ctrl Pts',(-2.05492331707166,14.0061224013745,5.));
#4479=CARTESIAN_POINT('Ctrl Pts',(-2.05196744376108,13.975931600121,0.));
#4480=CARTESIAN_POINT('Ctrl Pts',(-2.05196744376108,13.975931600121,5.));
#4481=CARTESIAN_POINT('Ctrl Pts',(-2.04935667478723,13.9558546936855,0.));
#4482=CARTESIAN_POINT('Ctrl Pts',(-2.04935667478723,13.9558546936855,5.));
#4483=CARTESIAN_POINT('Ctrl Pts',(-2.0478912410813,13.9458288142221,0.));
#4484=CARTESIAN_POINT('Ctrl Pts',(-2.0478912410813,13.9458288142221,5.));
#4485=CARTESIAN_POINT('',(-0.775868504622464,17.4827923417152,0.));
#4486=CARTESIAN_POINT('Origin',(-4.73316543132607E-29,1.79856129989275E-13,
0.));
#4487=CARTESIAN_POINT('',(0.775868504622458,17.4827923417152,0.));
#4488=CARTESIAN_POINT('Ctrl Pts',(2.0478912410813,13.9458288142221,0.));
#4489=CARTESIAN_POINT('Ctrl Pts',(2.0478912410813,13.9458288142221,5.));
#4490=CARTESIAN_POINT('Ctrl Pts',(2.04935667478722,13.9558546936855,0.));
#4491=CARTESIAN_POINT('Ctrl Pts',(2.04935667478722,13.9558546936855,5.));
#4492=CARTESIAN_POINT('Ctrl Pts',(2.05196744376108,13.975931600121,0.));
#4493=CARTESIAN_POINT('Ctrl Pts',(2.05196744376108,13.975931600121,5.));
#4494=CARTESIAN_POINT('Ctrl Pts',(2.05492331707165,14.0061224013745,0.));
#4495=CARTESIAN_POINT('Ctrl Pts',(2.05492331707165,14.0061224013745,5.));
#4496=CARTESIAN_POINT('Ctrl Pts',(2.05703921256599,14.0465212645082,0.));
#4497=CARTESIAN_POINT('Ctrl Pts',(2.05703921256599,14.0465212645082,5.));
#4498=CARTESIAN_POINT('Ctrl Pts',(2.05719374853789,14.0972228990995,0.));
#4499=CARTESIAN_POINT('Ctrl Pts',(2.05719374853789,14.0972228990995,5.));
#4500=CARTESIAN_POINT('Ctrl Pts',(2.0555570530445,14.1480788662636,0.));
#4501=CARTESIAN_POINT('Ctrl Pts',(2.0555570530445,14.1480788662636,5.));
#4502=CARTESIAN_POINT('Ctrl Pts',(2.05281635564806,14.199039651832,0.));
#4503=CARTESIAN_POINT('Ctrl Pts',(2.05281635564806,14.199039651832,5.));
#4504=CARTESIAN_POINT('Ctrl Pts',(2.04947225043192,14.2500661151695,0.));
#4505=CARTESIAN_POINT('Ctrl Pts',(2.04947225043192,14.2500661151695,5.));
#4506=CARTESIAN_POINT('Ctrl Pts',(2.04570791852609,14.3011379744026,0.));
#4507=CARTESIAN_POINT('Ctrl Pts',(2.04570791852609,14.3011379744026,5.));
#4508=CARTESIAN_POINT('Ctrl Pts',(2.04149965126194,14.3522475692753,0.));
#4509=CARTESIAN_POINT('Ctrl Pts',(2.04149965126194,14.3522475692753,5.));
#4510=CARTESIAN_POINT('Ctrl Pts',(2.03670035421461,14.4033952917561,0.));
#4511=CARTESIAN_POINT('Ctrl Pts',(2.03670035421461,14.4033952917561,5.));
#4512=CARTESIAN_POINT('Ctrl Pts',(2.0311283926188,14.454584643907,0.));
#4513=CARTESIAN_POINT('Ctrl Pts',(2.0311283926188,14.454584643907,5.));
#4514=CARTESIAN_POINT('Ctrl Pts',(2.0246657018613,14.5058168458364,0.));
#4515=CARTESIAN_POINT('Ctrl Pts',(2.0246657018613,14.5058168458364,5.));
#4516=CARTESIAN_POINT('Ctrl Pts',(2.01731442062386,14.5570876226576,0.));
#4517=CARTESIAN_POINT('Ctrl Pts',(2.01731442062386,14.5570876226576,5.));
#4518=CARTESIAN_POINT('Ctrl Pts',(2.00914629597693,14.6083896793346,0.));
#4519=CARTESIAN_POINT('Ctrl Pts',(2.00914629597693,14.6083896793346,5.));
#4520=CARTESIAN_POINT('Ctrl Pts',(2.00027191834009,14.6597141164522,0.));
#4521=CARTESIAN_POINT('Ctrl Pts',(2.00027191834009,14.6597141164522,5.));
#4522=CARTESIAN_POINT('Ctrl Pts',(1.99080474995765,14.711052139464,0.));
#4523=CARTESIAN_POINT('Ctrl Pts',(1.99080474995765,14.711052139464,5.));
#4524=CARTESIAN_POINT('Ctrl Pts',(1.98082112687548,14.7623969421309,0.));
#4525=CARTESIAN_POINT('Ctrl Pts',(1.98082112687548,14.7623969421309,5.));
#4526=CARTESIAN_POINT('Ctrl Pts',(1.97034424319341,14.8137444506773,0.));
#4527=CARTESIAN_POINT('Ctrl Pts',(1.97034424319341,14.8137444506773,5.));
#4528=CARTESIAN_POINT('Ctrl Pts',(1.95936622843625,14.8650922421832,0.));
#4529=CARTESIAN_POINT('Ctrl Pts',(1.95936622843625,14.8650922421832,5.));
#4530=CARTESIAN_POINT('Ctrl Pts',(1.94786152134632,14.9164388806956,0.));
#4531=CARTESIAN_POINT('Ctrl Pts',(1.94786152134632,14.9164388806956,5.));
#4532=CARTESIAN_POINT('Ctrl Pts',(1.93580248772504,14.967783146808,0.));
#4533=CARTESIAN_POINT('Ctrl Pts',(1.93580248772504,14.967783146808,5.));
#4534=CARTESIAN_POINT('Ctrl Pts',(1.92317712573035,15.0191231648786,0.));
#4535=CARTESIAN_POINT('Ctrl Pts',(1.92317712573035,15.0191231648786,5.));
#4536=CARTESIAN_POINT('Ctrl Pts',(1.90999397584266,15.0704561536318,0.));
#4537=CARTESIAN_POINT('Ctrl Pts',(1.90999397584266,15.0704561536318,5.));
#4538=CARTESIAN_POINT('Ctrl Pts',(1.89627297312156,15.1217788610528,0.));
#4539=CARTESIAN_POINT('Ctrl Pts',(1.89627297312156,15.1217788610528,5.));
#4540=CARTESIAN_POINT('Ctrl Pts',(1.88203989327388,15.1730878245483,0.));
#4541=CARTESIAN_POINT('Ctrl Pts',(1.88203989327388,15.1730878245483,5.));
#4542=CARTESIAN_POINT('Ctrl Pts',(1.86731988854564,15.2243796760436,0.));
#4543=CARTESIAN_POINT('Ctrl Pts',(1.86731988854564,15.2243796760436,5.));
#4544=CARTESIAN_POINT('Ctrl Pts',(1.8521300748788,15.2756514925171,0.));
#4545=CARTESIAN_POINT('Ctrl Pts',(1.8521300748788,15.2756514925171,5.));
#4546=CARTESIAN_POINT('Ctrl Pts',(1.83647821893213,15.3269008539246,0.));
#4547=CARTESIAN_POINT('Ctrl Pts',(1.83647821893213,15.3269008539246,5.));
#4548=CARTESIAN_POINT('Ctrl Pts',(1.82036659784808,15.3781256528457,0.));
#4549=CARTESIAN_POINT('Ctrl Pts',(1.82036659784808,15.3781256528457,5.));
#4550=CARTESIAN_POINT('Ctrl Pts',(1.80379446108757,15.4293239715352,0.));
#4551=CARTESIAN_POINT('Ctrl Pts',(1.80379446108757,15.4293239715352,5.));
#4552=CARTESIAN_POINT('Ctrl Pts',(1.78676083053,15.4804939431549,0.));
#4553=CARTESIAN_POINT('Ctrl Pts',(1.78676083053,15.4804939431549,5.));
#4554=CARTESIAN_POINT('Ctrl Pts',(1.76926774177037,15.5316335917172,0.));
#4555=CARTESIAN_POINT('Ctrl Pts',(1.76926774177037,15.5316335917172,5.));
#4556=CARTESIAN_POINT('Ctrl Pts',(1.75132068220391,15.5827408086001,0.));
#4557=CARTESIAN_POINT('Ctrl Pts',(1.75132068220391,15.5827408086001,5.));
#4558=CARTESIAN_POINT('Ctrl Pts',(1.73292700331637,15.6338134277219,0.));
#4559=CARTESIAN_POINT('Ctrl Pts',(1.73292700331637,15.6338134277219,5.));
#4560=CARTESIAN_POINT('Ctrl Pts',(1.71409490106277,15.6848492735483,0.));
#4561=CARTESIAN_POINT('Ctrl Pts',(1.71409490106277,15.6848492735483,5.));
#4562=CARTESIAN_POINT('Ctrl Pts',(1.6948322647207,15.7358462155631,0.));
#4563=CARTESIAN_POINT('Ctrl Pts',(1.6948322647207,15.7358462155631,5.));
#4564=CARTESIAN_POINT('Ctrl Pts',(1.67514534099124,15.7868022326588,0.));
#4565=CARTESIAN_POINT('Ctrl Pts',(1.67514534099124,15.7868022326588,5.));
#4566=CARTESIAN_POINT('Ctrl Pts',(1.65503859612397,15.8377154171204,0.));
#4567=CARTESIAN_POINT('Ctrl Pts',(1.65503859612397,15.8377154171204,5.));
#4568=CARTESIAN_POINT('Ctrl Pts',(1.63451540140161,15.8885839373864,0.));
#4569=CARTESIAN_POINT('Ctrl Pts',(1.63451540140161,15.8885839373864,5.));
#4570=CARTESIAN_POINT('Ctrl Pts',(1.61357849056887,15.9394060125613,0.));
#4571=CARTESIAN_POINT('Ctrl Pts',(1.61357849056887,15.9394060125613,5.));
#4572=CARTESIAN_POINT('Ctrl Pts',(1.59223047023234,15.9901798849073,0.));
#4573=CARTESIAN_POINT('Ctrl Pts',(1.59223047023234,15.9901798849073,5.));
#4574=CARTESIAN_POINT('Ctrl Pts',(1.57047441783103,16.0409037875524,0.));
#4575=CARTESIAN_POINT('Ctrl Pts',(1.57047441783103,16.0409037875524,5.));
#4576=CARTESIAN_POINT('Ctrl Pts',(1.54831396462258,16.091575941517,0.));
#4577=CARTESIAN_POINT('Ctrl Pts',(1.54831396462258,16.091575941517,5.));
#4578=CARTESIAN_POINT('Ctrl Pts',(1.52575300566689,16.142194573699,0.));
#4579=CARTESIAN_POINT('Ctrl Pts',(1.52575300566689,16.142194573699,5.));
#4580=CARTESIAN_POINT('Ctrl Pts',(1.50279551628519,16.1927579298344,0.));
#4581=CARTESIAN_POINT('Ctrl Pts',(1.50279551628519,16.1927579298344,5.));
#4582=CARTESIAN_POINT('Ctrl Pts',(1.47944534546785,16.2432642880075,0.));
#4583=CARTESIAN_POINT('Ctrl Pts',(1.47944534546785,16.2432642880075,5.));
#4584=CARTESIAN_POINT('Ctrl Pts',(1.45570597815608,16.293711977146,0.));
#4585=CARTESIAN_POINT('Ctrl Pts',(1.45570597815608,16.293711977146,5.));
#4586=CARTESIAN_POINT('Ctrl Pts',(1.43158049816675,16.3440993738581,0.));
#4587=CARTESIAN_POINT('Ctrl Pts',(1.43158049816675,16.3440993738581,5.));
#4588=CARTESIAN_POINT('Ctrl Pts',(1.40707172286494,16.394424881835,0.));
#4589=CARTESIAN_POINT('Ctrl Pts',(1.40707172286494,16.394424881835,5.));
#4590=CARTESIAN_POINT('Ctrl Pts',(1.38218229475614,16.4446869155736,0.));
#4591=CARTESIAN_POINT('Ctrl Pts',(1.38218229475614,16.4446869155736,5.));
#4592=CARTESIAN_POINT('Ctrl Pts',(1.35691478400646,16.494883885266,0.));
#4593=CARTESIAN_POINT('Ctrl Pts',(1.35691478400646,16.494883885266,5.));
#4594=CARTESIAN_POINT('Ctrl Pts',(1.33127181179953,16.5450141756268,0.));
#4595=CARTESIAN_POINT('Ctrl Pts',(1.33127181179953,16.5450141756268,5.));
#4596=CARTESIAN_POINT('Ctrl Pts',(1.30525607909583,16.5950761509799,0.));
#4597=CARTESIAN_POINT('Ctrl Pts',(1.30525607909583,16.5950761509799,5.));
#4598=CARTESIAN_POINT('Ctrl Pts',(1.27887029133288,16.6450681871753,0.));
#4599=CARTESIAN_POINT('Ctrl Pts',(1.27887029133288,16.6450681871753,5.));
#4600=CARTESIAN_POINT('Ctrl Pts',(1.25211711127305,16.6949886989286,0.));
#4601=CARTESIAN_POINT('Ctrl Pts',(1.25211711127305,16.6949886989286,5.));
#4602=CARTESIAN_POINT('Ctrl Pts',(1.22499910817967,16.7448361649002,0.));
#4603=CARTESIAN_POINT('Ctrl Pts',(1.22499910817967,16.7448361649002,5.));
#4604=CARTESIAN_POINT('Ctrl Pts',(1.19751869875797,16.7946091656503,0.));
#4605=CARTESIAN_POINT('Ctrl Pts',(1.19751869875797,16.7946091656503,5.));
#4606=CARTESIAN_POINT('Ctrl Pts',(1.16967813794478,16.8443063770237,0.));
#4607=CARTESIAN_POINT('Ctrl Pts',(1.16967813794478,16.8443063770237,5.));
#4608=CARTESIAN_POINT('Ctrl Pts',(1.14147958682507,16.8939264969443,0.));
#4609=CARTESIAN_POINT('Ctrl Pts',(1.14147958682507,16.8939264969443,5.));
#4610=CARTESIAN_POINT('Ctrl Pts',(1.11292516703255,16.9434681851668,0.));
#4611=CARTESIAN_POINT('Ctrl Pts',(1.11292516703255,16.9434681851668,5.));
#4612=CARTESIAN_POINT('Ctrl Pts',(1.0840170172419,16.992930005636,0.));
#4613=CARTESIAN_POINT('Ctrl Pts',(1.0840170172419,16.992930005636,5.));
#4614=CARTESIAN_POINT('Ctrl Pts',(1.05475736552138,17.0423103507838,0.));
#4615=CARTESIAN_POINT('Ctrl Pts',(1.05475736552138,17.0423103507838,5.));
#4616=CARTESIAN_POINT('Ctrl Pts',(1.02514855212895,17.091607430024,0.));
#4617=CARTESIAN_POINT('Ctrl Pts',(1.02514855212895,17.091607430024,5.));
#4618=CARTESIAN_POINT('Ctrl Pts',(0.995192920095962,17.1408194222995,0.));
#4619=CARTESIAN_POINT('Ctrl Pts',(0.995192920095962,17.1408194222995,5.));
#4620=CARTESIAN_POINT('Ctrl Pts',(0.96489273262067,17.1899445999944,0.));
#4621=CARTESIAN_POINT('Ctrl Pts',(0.96489273262067,17.1899445999944,5.));
#4622=CARTESIAN_POINT('Ctrl Pts',(0.934250083854093,17.2389814599646,0.));
#4623=CARTESIAN_POINT('Ctrl Pts',(0.934250083854093,17.2389814599646,5.));
#4624=CARTESIAN_POINT('Ctrl Pts',(0.90326681113313,17.2879288640668,0.));
#4625=CARTESIAN_POINT('Ctrl Pts',(0.90326681113313,17.2879288640668,5.));
#4626=CARTESIAN_POINT('Ctrl Pts',(0.871944419907769,17.3367861421872,0.));
#4627=CARTESIAN_POINT('Ctrl Pts',(0.871944419907769,17.3367861421872,5.));
#4628=CARTESIAN_POINT('Ctrl Pts',(0.840284085901616,17.3855529617594,0.));
#4629=CARTESIAN_POINT('Ctrl Pts',(0.840284085901616,17.3855529617594,5.));
#4630=CARTESIAN_POINT('Ctrl Pts',(0.814686136758526,17.424493973308,0.));
#4631=CARTESIAN_POINT('Ctrl Pts',(0.814686136758526,17.424493973308,5.));
#4632=CARTESIAN_POINT('Ctrl Pts',(0.795336205787359,17.4536589945522,0.));
#4633=CARTESIAN_POINT('Ctrl Pts',(0.795336205787359,17.4536589945522,5.));
#4634=CARTESIAN_POINT('Ctrl Pts',(0.782368954552812,17.4730842425744,0.));
#4635=CARTESIAN_POINT('Ctrl Pts',(0.782368954552812,17.4730842425744,5.));
#4636=CARTESIAN_POINT('Ctrl Pts',(0.775868504622458,17.4827923417152,0.));
#4637=CARTESIAN_POINT('Ctrl Pts',(0.775868504622458,17.4827923417152,5.));
#4638=CARTESIAN_POINT('Ctrl Pts',(8.06947433585829,15.5284765493246,0.));
#4639=CARTESIAN_POINT('Ctrl Pts',(8.06947433585829,15.5284765493246,5.));
#4640=CARTESIAN_POINT('Ctrl Pts',(8.05899073151217,15.5233193138114,0.));
#4641=CARTESIAN_POINT('Ctrl Pts',(8.05899073151217,15.5233193138114,5.));
#4642=CARTESIAN_POINT('Ctrl Pts',(8.0380481385147,15.5129801811666,0.));
#4643=CARTESIAN_POINT('Ctrl Pts',(8.0380481385147,15.5129801811666,5.));
#4644=CARTESIAN_POINT('Ctrl Pts',(8.00670809611013,15.4973974973529,0.));
#4645=CARTESIAN_POINT('Ctrl Pts',(8.00670809611013,15.4973974973529,5.));
#4646=CARTESIAN_POINT('Ctrl Pts',(7.96506911609313,15.4764725666743,0.));
#4647=CARTESIAN_POINT('Ctrl Pts',(7.96506911609313,15.4764725666743,5.));
#4648=CARTESIAN_POINT('Ctrl Pts',(7.91326705276539,15.450069429066,0.));
#4649=CARTESIAN_POINT('Ctrl Pts',(7.91326705276539,15.450069429066,5.));
#4650=CARTESIAN_POINT('Ctrl Pts',(7.86171242719676,15.4234189806667,0.));
#4651=CARTESIAN_POINT('Ctrl Pts',(7.86171242719676,15.4234189806667,5.));
#4652=CARTESIAN_POINT('Ctrl Pts',(7.81040642387693,15.3965209216254,0.));
#4653=CARTESIAN_POINT('Ctrl Pts',(7.81040642387693,15.3965209216254,5.));
#4654=CARTESIAN_POINT('Ctrl Pts',(7.75935068162071,15.3693750795526,0.));
#4655=CARTESIAN_POINT('Ctrl Pts',(7.75935068162071,15.3693750795526,5.));
#4656=CARTESIAN_POINT('Ctrl Pts',(7.70854736068021,15.341981521441,0.));
#4657=CARTESIAN_POINT('Ctrl Pts',(7.70854736068021,15.341981521441,5.));
#4658=CARTESIAN_POINT('Ctrl Pts',(7.65799902621549,15.3143405019761,0.));
#4659=CARTESIAN_POINT('Ctrl Pts',(7.65799902621549,15.3143405019761,5.));
#4660=CARTESIAN_POINT('Ctrl Pts',(7.60770850202161,15.2864523857179,0.));
#4661=CARTESIAN_POINT('Ctrl Pts',(7.60770850202161,15.2864523857179,5.));
#4662=CARTESIAN_POINT('Ctrl Pts',(7.55767872775187,15.2583175782326,0.));
#4663=CARTESIAN_POINT('Ctrl Pts',(7.55767872775187,15.2583175782326,5.));
#4664=CARTESIAN_POINT('Ctrl Pts',(7.50791262542215,15.2299364600841,0.));
#4665=CARTESIAN_POINT('Ctrl Pts',(7.50791262542215,15.2299364600841,5.));
#4666=CARTESIAN_POINT('Ctrl Pts',(7.45841292838025,15.2013093094333,0.));
#4667=CARTESIAN_POINT('Ctrl Pts',(7.45841292838025,15.2013093094333,5.));
#4668=CARTESIAN_POINT('Ctrl Pts',(7.40918220680038,15.1724363006031,0.));
#4669=CARTESIAN_POINT('Ctrl Pts',(7.40918220680038,15.1724363006031,5.));
#4670=CARTESIAN_POINT('Ctrl Pts',(7.36022296819385,15.1433175334631,0.));
#4671=CARTESIAN_POINT('Ctrl Pts',(7.36022296819385,15.1433175334631,5.));
#4672=CARTESIAN_POINT('Ctrl Pts',(7.3115377351532,15.1139530551018,0.));
#4673=CARTESIAN_POINT('Ctrl Pts',(7.3115377351532,15.1139530551018,5.));
#4674=CARTESIAN_POINT('Ctrl Pts',(7.26312912258864,15.0843428848028,0.));
#4675=CARTESIAN_POINT('Ctrl Pts',(7.26312912258864,15.0843428848028,5.));
#4676=CARTESIAN_POINT('Ctrl Pts',(7.21499993314816,15.0544870434844,0.));
#4677=CARTESIAN_POINT('Ctrl Pts',(7.21499993314816,15.0544870434844,5.));
#4678=CARTESIAN_POINT('Ctrl Pts',(7.16715315254888,15.0243855640338,0.));
#4679=CARTESIAN_POINT('Ctrl Pts',(7.16715315254888,15.0243855640338,5.));
#4680=CARTESIAN_POINT('Ctrl Pts',(7.11959187945288,14.9940384879663,0.));
#4681=CARTESIAN_POINT('Ctrl Pts',(7.11959187945288,14.9940384879663,5.));
#4682=CARTESIAN_POINT('Ctrl Pts',(7.07231926891271,14.9634458691181,0.));
#4683=CARTESIAN_POINT('Ctrl Pts',(7.07231926891271,14.9634458691181,5.));
#4684=CARTESIAN_POINT('Ctrl Pts',(7.02533847786691,14.9326077735464,0.));
#4685=CARTESIAN_POINT('Ctrl Pts',(7.02533847786691,14.9326077735464,5.));
#4686=CARTESIAN_POINT('Ctrl Pts',(6.97865258396972,14.9015242895373,0.));
#4687=CARTESIAN_POINT('Ctrl Pts',(6.97865258396972,14.9015242895373,5.));
#4688=CARTESIAN_POINT('Ctrl Pts',(6.93226460795425,14.8701955088218,0.));
#4689=CARTESIAN_POINT('Ctrl Pts',(6.93226460795425,14.8701955088218,5.));
#4690=CARTESIAN_POINT('Ctrl Pts',(6.88617763104895,14.8386214832332,0.));
#4691=CARTESIAN_POINT('Ctrl Pts',(6.88617763104895,14.8386214832332,5.));
#4692=CARTESIAN_POINT('Ctrl Pts',(6.84039489131793,14.806802186533,0.));
#4693=CARTESIAN_POINT('Ctrl Pts',(6.84039489131793,14.806802186533,5.));
#4694=CARTESIAN_POINT('Ctrl Pts',(6.79491987112085,14.7747374827111,0.));
#4695=CARTESIAN_POINT('Ctrl Pts',(6.79491987112085,14.7747374827111,5.));
#4696=CARTESIAN_POINT('Ctrl Pts',(6.74975642404153,14.7424270764881,0.));
#4697=CARTESIAN_POINT('Ctrl Pts',(6.74975642404153,14.7424270764881,5.));
#4698=CARTESIAN_POINT('Ctrl Pts',(6.70490874436112,14.7098705345915,0.));
#4699=CARTESIAN_POINT('Ctrl Pts',(6.70490874436112,14.7098705345915,5.));
#4700=CARTESIAN_POINT('Ctrl Pts',(6.66038115194095,14.6770673885979,0.));
#4701=CARTESIAN_POINT('Ctrl Pts',(6.66038115194095,14.6770673885979,5.));
#4702=CARTESIAN_POINT('Ctrl Pts',(6.61617790655279,14.6440172265288,0.));
#4703=CARTESIAN_POINT('Ctrl Pts',(6.61617790655279,14.6440172265288,5.));
#4704=CARTESIAN_POINT('Ctrl Pts',(6.57230304244785,14.6107197733969,0.));
#4705=CARTESIAN_POINT('Ctrl Pts',(6.57230304244785,14.6107197733969,5.));
#4706=CARTESIAN_POINT('Ctrl Pts',(6.52876010820249,14.5771750206388,0.));
#4707=CARTESIAN_POINT('Ctrl Pts',(6.52876010820249,14.5771750206388,5.));
#4708=CARTESIAN_POINT('Ctrl Pts',(6.4855522400731,14.5433831871967,0.));
#4709=CARTESIAN_POINT('Ctrl Pts',(6.4855522400731,14.5433831871967,5.));
#4710=CARTESIAN_POINT('Ctrl Pts',(6.44268269599981,14.509344448499,0.));
#4711=CARTESIAN_POINT('Ctrl Pts',(6.44268269599981,14.509344448499,5.));
#4712=CARTESIAN_POINT('Ctrl Pts',(6.40015531137992,14.4750587050833,0.));
#4713=CARTESIAN_POINT('Ctrl Pts',(6.40015531137992,14.4750587050833,5.));
#4714=CARTESIAN_POINT('Ctrl Pts',(6.3579749079564,14.4405253759541,0.));
#4715=CARTESIAN_POINT('Ctrl Pts',(6.3579749079564,14.4405253759541,5.));
#4716=CARTESIAN_POINT('Ctrl Pts',(6.31614790608494,14.4057430880917,0.));
#4717=CARTESIAN_POINT('Ctrl Pts',(6.31614790608494,14.4057430880917,5.));
#4718=CARTESIAN_POINT('Ctrl Pts',(6.27468220333836,14.3707097419381,0.));
#4719=CARTESIAN_POINT('Ctrl Pts',(6.27468220333836,14.3707097419381,5.));
#4720=CARTESIAN_POINT('Ctrl Pts',(6.23358598538912,14.335423123584,0.));
#4721=CARTESIAN_POINT('Ctrl Pts',(6.23358598538912,14.335423123584,5.));
#4722=CARTESIAN_POINT('Ctrl Pts',(6.19286670185148,14.2998814331683,0.));
#4723=CARTESIAN_POINT('Ctrl Pts',(6.19286670185148,14.2998814331683,5.));
#4724=CARTESIAN_POINT('Ctrl Pts',(6.1525301592601,14.2640837531135,0.));
#4725=CARTESIAN_POINT('Ctrl Pts',(6.1525301592601,14.2640837531135,5.));
#4726=CARTESIAN_POINT('Ctrl Pts',(6.11257910848578,14.2280307768776,0.));
#4727=CARTESIAN_POINT('Ctrl Pts',(6.11257910848578,14.2280307768776,5.));
#4728=CARTESIAN_POINT('Ctrl Pts',(6.07301363587029,14.1917246102502,0.));
#4729=CARTESIAN_POINT('Ctrl Pts',(6.07301363587029,14.1917246102502,5.));
#4730=CARTESIAN_POINT('Ctrl Pts',(6.03383405030034,14.1551672893169,0.));
#4731=CARTESIAN_POINT('Ctrl Pts',(6.03383405030034,14.1551672893169,5.));
#4732=CARTESIAN_POINT('Ctrl Pts',(5.99504337754933,14.1183595005861,0.));
#4733=CARTESIAN_POINT('Ctrl Pts',(5.99504337754933,14.1183595005861,5.));
#4734=CARTESIAN_POINT('Ctrl Pts',(5.95664955376322,14.0812994565481,0.));
#4735=CARTESIAN_POINT('Ctrl Pts',(5.95664955376322,14.0812994565481,5.));
#4736=CARTESIAN_POINT('Ctrl Pts',(5.91866886329326,14.043981130643,0.));
#4737=CARTESIAN_POINT('Ctrl Pts',(5.91866886329326,14.043981130643,5.));
#4738=CARTESIAN_POINT('Ctrl Pts',(5.88112477266093,14.006394863586,0.));
#4739=CARTESIAN_POINT('Ctrl Pts',(5.88112477266093,14.006394863586,5.));
#4740=CARTESIAN_POINT('Ctrl Pts',(5.84404133557968,13.9685307662174,0.));
#4741=CARTESIAN_POINT('Ctrl Pts',(5.84404133557968,13.9685307662174,5.));
#4742=CARTESIAN_POINT('Ctrl Pts',(5.80743744232501,13.9303816873349,0.));
#4743=CARTESIAN_POINT('Ctrl Pts',(5.80743744232501,13.9303816873349,5.));
#4744=CARTESIAN_POINT('Ctrl Pts',(5.77132187980766,13.8919457653534,0.));
#4745=CARTESIAN_POINT('Ctrl Pts',(5.77132187980766,13.8919457653534,5.));
#4746=CARTESIAN_POINT('Ctrl Pts',(5.73568519194851,13.8532306255478,0.));
#4747=CARTESIAN_POINT('Ctrl Pts',(5.73568519194851,13.8532306255478,5.));
#4748=CARTESIAN_POINT('Ctrl Pts',(5.70050405653275,13.814251141054,0.));
#4749=CARTESIAN_POINT('Ctrl Pts',(5.70050405653275,13.814251141054,5.));
#4750=CARTESIAN_POINT('Ctrl Pts',(5.66575705483833,13.7750213360728,0.));
#4751=CARTESIAN_POINT('Ctrl Pts',(5.66575705483833,13.7750213360728,5.));
#4752=CARTESIAN_POINT('Ctrl Pts',(5.63143858229395,13.7355472441521,0.));
#4753=CARTESIAN_POINT('Ctrl Pts',(5.63143858229395,13.7355472441521,5.));
#4754=CARTESIAN_POINT('Ctrl Pts',(5.59757076246696,13.695820796235,0.));
#4755=CARTESIAN_POINT('Ctrl Pts',(5.59757076246696,13.695820796235,5.));
#4756=CARTESIAN_POINT('Ctrl Pts',(5.56422310743184,13.6558097186746,0.));
#4757=CARTESIAN_POINT('Ctrl Pts',(5.56422310743184,13.6558097186746,5.));
#4758=CARTESIAN_POINT('Ctrl Pts',(5.53149827564783,13.6154648966494,0.));
#4759=CARTESIAN_POINT('Ctrl Pts',(5.53149827564783,13.6154648966494,5.));
#4760=CARTESIAN_POINT('Ctrl Pts',(5.49949649093528,13.5747387420693,0.));
#4761=CARTESIAN_POINT('Ctrl Pts',(5.49949649093528,13.5747387420693,5.));
#4762=CARTESIAN_POINT('Ctrl Pts',(5.46828353559777,13.5336016990853,0.));
#4763=CARTESIAN_POINT('Ctrl Pts',(5.46828353559777,13.5336016990853,5.));
#4764=CARTESIAN_POINT('Ctrl Pts',(5.43786339923144,13.4920564005173,0.));
#4765=CARTESIAN_POINT('Ctrl Pts',(5.43786339923144,13.4920564005173,5.));
#4766=CARTESIAN_POINT('Ctrl Pts',(5.40813322482774,13.4501608220269,0.));
#4767=CARTESIAN_POINT('Ctrl Pts',(5.40813322482774,13.4501608220269,5.));
#4768=CARTESIAN_POINT('Ctrl Pts',(5.37893396103472,13.408002748122,0.));
#4769=CARTESIAN_POINT('Ctrl Pts',(5.37893396103472,13.408002748122,5.));
#4770=CARTESIAN_POINT('Ctrl Pts',(5.35013802435941,13.3656553865605,0.));
#4771=CARTESIAN_POINT('Ctrl Pts',(5.35013802435941,13.3656553865605,5.));
#4772=CARTESIAN_POINT('Ctrl Pts',(5.32172871262061,13.3231372256531,0.));
#4773=CARTESIAN_POINT('Ctrl Pts',(5.32172871262061,13.3231372256531,5.));
#4774=CARTESIAN_POINT('Ctrl Pts',(5.293874806267,13.2803742394523,0.));
#4775=CARTESIAN_POINT('Ctrl Pts',(5.293874806267,13.2803742394523,5.));
#4776=CARTESIAN_POINT('Ctrl Pts',(5.26702940280938,13.2371500277008,0.));
#4777=CARTESIAN_POINT('Ctrl Pts',(5.26702940280938,13.2371500277008,5.));
#4778=CARTESIAN_POINT('Ctrl Pts',(5.24181241759123,13.1931638561455,0.));
#4779=CARTESIAN_POINT('Ctrl Pts',(5.24181241759123,13.1931638561455,5.));
#4780=CARTESIAN_POINT('Ctrl Pts',(5.22344540527422,13.1571194666405,0.));
#4781=CARTESIAN_POINT('Ctrl Pts',(5.22344540527422,13.1571194666405,5.));
#4782=CARTESIAN_POINT('Ctrl Pts',(5.21090986602477,13.129495529139,0.));
#4783=CARTESIAN_POINT('Ctrl Pts',(5.21090986602477,13.129495529139,5.));
#4784=CARTESIAN_POINT('Ctrl Pts',(5.20313240506178,13.1108030336495,0.));
#4785=CARTESIAN_POINT('Ctrl Pts',(5.20313240506178,13.1108030336495,5.));
#4786=CARTESIAN_POINT('Ctrl Pts',(5.19938856814701,13.101387650486,0.));
#4787=CARTESIAN_POINT('Ctrl Pts',(5.19938856814701,13.101387650486,5.));
#4788=CARTESIAN_POINT('',(8.06947433585829,15.5284765493246,0.));
#4789=CARTESIAN_POINT('Origin',(8.99280649946377E-14,1.55759977597069E-13,
0.));
#4790=CARTESIAN_POINT('',(9.41331800585688,14.7526080447022,0.));
#4791=CARTESIAN_POINT('Ctrl Pts',(8.7464402460751,11.0534964094047,0.));
#4792=CARTESIAN_POINT('Ctrl Pts',(8.7464402460751,11.0534964094047,5.));
#4793=CARTESIAN_POINT('Ctrl Pts',(8.75272228862367,11.0614463588623,0.));
#4794=CARTESIAN_POINT('Ctrl Pts',(8.75272228862367,11.0614463588623,5.));
#4795=CARTESIAN_POINT('Ctrl Pts',(8.76502173409619,11.0775280853779,0.));
#4796=CARTESIAN_POINT('Ctrl Pts',(8.76502173409619,11.0775280853779,5.));
#4797=CARTESIAN_POINT('Ctrl Pts',(8.78267699610031,11.1021961495688,0.));
#4798=CARTESIAN_POINT('Ctrl Pts',(8.78267699610031,11.1021961495688,5.));
#4799=CARTESIAN_POINT('Ctrl Pts',(8.80470884691701,11.1361246435795,0.));
#4800=CARTESIAN_POINT('Ctrl Pts',(8.80470884691701,11.1361246435795,5.));
#4801=CARTESIAN_POINT('Ctrl Pts',(8.83019349629008,11.1799562791629,0.));
#4802=CARTESIAN_POINT('Ctrl Pts',(8.83019349629008,11.1799562791629,5.));
#4803=CARTESIAN_POINT('Ctrl Pts',(8.85420405999663,11.2248171864078,0.));
#4804=CARTESIAN_POINT('Ctrl Pts',(8.85420405999663,11.2248171864078,5.));
#4805=CARTESIAN_POINT('Ctrl Pts',(8.87731093921144,11.2703208700051,0.));
#4806=CARTESIAN_POINT('Ctrl Pts',(8.87731093921144,11.2703208700051,5.));
#4807=CARTESIAN_POINT('Ctrl Pts',(8.89992809081003,11.3161831361286,0.));
#4808=CARTESIAN_POINT('Ctrl Pts',(8.89992809081003,11.3161831361286,5.));
#4809=CARTESIAN_POINT('Ctrl Pts',(8.92220401336789,11.3622948295959,0.));
#4810=CARTESIAN_POINT('Ctrl Pts',(8.92220401336789,11.3622948295959,5.));
#4811=CARTESIAN_POINT('Ctrl Pts',(8.94411434444758,11.4086611707649,0.));
#4812=CARTESIAN_POINT('Ctrl Pts',(8.94411434444758,11.4086611707649,5.));
#4813=CARTESIAN_POINT('Ctrl Pts',(8.96553189252468,11.4553560463027,0.));
#4814=CARTESIAN_POINT('Ctrl Pts',(8.96553189252468,11.4553560463027,5.));
#4815=CARTESIAN_POINT('Ctrl Pts',(8.98630110830926,11.5024733064665,0.));
#4816=CARTESIAN_POINT('Ctrl Pts',(8.98630110830926,11.5024733064665,5.));
#4817=CARTESIAN_POINT('Ctrl Pts',(9.00632035490115,11.550073040208,0.));
#4818=CARTESIAN_POINT('Ctrl Pts',(9.00632035490115,11.550073040208,5.));
#4819=CARTESIAN_POINT('Ctrl Pts',(9.02558934700972,11.5981504760255,0.));
#4820=CARTESIAN_POINT('Ctrl Pts',(9.02558934700972,11.5981504760255,5.));
#4821=CARTESIAN_POINT('Ctrl Pts',(9.04416657190271,11.6466634226977,0.));
#4822=CARTESIAN_POINT('Ctrl Pts',(9.04416657190271,11.6466634226977,5.));
#4823=CARTESIAN_POINT('Ctrl Pts',(9.06214335398527,11.6955488778949,0.));
#4824=CARTESIAN_POINT('Ctrl Pts',(9.06214335398527,11.6955488778949,5.));
#4825=CARTESIAN_POINT('Ctrl Pts',(9.07961355717006,11.7447424941944,0.));
#4826=CARTESIAN_POINT('Ctrl Pts',(9.07961355717006,11.7447424941944,5.));
#4827=CARTESIAN_POINT('Ctrl Pts',(9.09663988729252,11.7942002091973,0.));
#4828=CARTESIAN_POINT('Ctrl Pts',(9.09663988729252,11.7942002091973,5.));
#4829=CARTESIAN_POINT('Ctrl Pts',(9.11324039414459,11.8439068978606,0.));
#4830=CARTESIAN_POINT('Ctrl Pts',(9.11324039414459,11.8439068978606,5.));
#4831=CARTESIAN_POINT('Ctrl Pts',(9.12940705023471,11.8938643971115,0.));
#4832=CARTESIAN_POINT('Ctrl Pts',(9.12940705023471,11.8938643971115,5.));
#4833=CARTESIAN_POINT('Ctrl Pts',(9.14511700088791,11.9440842440071,0.));
#4834=CARTESIAN_POINT('Ctrl Pts',(9.14511700088791,11.9440842440071,5.));
#4835=CARTESIAN_POINT('Ctrl Pts',(9.16034570448301,11.9945791996098,0.));
#4836=CARTESIAN_POINT('Ctrl Pts',(9.16034570448301,11.9945791996098,5.));
#4837=CARTESIAN_POINT('Ctrl Pts',(9.17508182929893,12.045353640487,0.));
#4838=CARTESIAN_POINT('Ctrl Pts',(9.17508182929893,12.045353640487,5.));
#4839=CARTESIAN_POINT('Ctrl Pts',(9.18933138097091,12.0964008877434,0.));
#4840=CARTESIAN_POINT('Ctrl Pts',(9.18933138097091,12.0964008877434,5.));
#4841=CARTESIAN_POINT('Ctrl Pts',(9.20310999775949,12.1477081575214,0.));
#4842=CARTESIAN_POINT('Ctrl Pts',(9.20310999775949,12.1477081575214,5.));
#4843=CARTESIAN_POINT('Ctrl Pts',(9.21643827078509,12.1992595632743,0.));
#4844=CARTESIAN_POINT('Ctrl Pts',(9.21643827078509,12.1992595632743,5.));
#4845=CARTESIAN_POINT('Ctrl Pts',(9.22933629849423,12.2510396120404,0.));
#4846=CARTESIAN_POINT('Ctrl Pts',(9.22933629849423,12.2510396120404,5.));
#4847=CARTESIAN_POINT('Ctrl Pts',(9.24181744221677,12.3030372144381,0.));
#4848=CARTESIAN_POINT('Ctrl Pts',(9.24181744221677,12.3030372144381,5.));
#4849=CARTESIAN_POINT('Ctrl Pts',(9.25388721805434,12.3552463913181,0.));
#4850=CARTESIAN_POINT('Ctrl Pts',(9.25388721805434,12.3552463913181,5.));
#4851=CARTESIAN_POINT('Ctrl Pts',(9.26554654435996,12.4076641790295,0.));
#4852=CARTESIAN_POINT('Ctrl Pts',(9.26554654435996,12.4076641790295,5.));
#4853=CARTESIAN_POINT('Ctrl Pts',(9.27679381227511,12.4602892920259,0.));
#4854=CARTESIAN_POINT('Ctrl Pts',(9.27679381227511,12.4602892920259,5.));
#4855=CARTESIAN_POINT('Ctrl Pts',(9.2876272413034,12.5131206026383,0.));
#4856=CARTESIAN_POINT('Ctrl Pts',(9.2876272413034,12.5131206026383,5.));
#4857=CARTESIAN_POINT('Ctrl Pts',(9.29804760632805,12.5661553818136,0.));
#4858=CARTESIAN_POINT('Ctrl Pts',(9.29804760632805,12.5661553818136,5.));
#4859=CARTESIAN_POINT('Ctrl Pts',(9.30805860526173,12.6193890597342,0.));
#4860=CARTESIAN_POINT('Ctrl Pts',(9.30805860526173,12.6193890597342,5.));
#4861=CARTESIAN_POINT('Ctrl Pts',(9.31766552163699,12.6728160847753,0.));
#4862=CARTESIAN_POINT('Ctrl Pts',(9.31766552163699,12.6728160847753,5.));
#4863=CARTESIAN_POINT('Ctrl Pts',(9.32687436559188,12.7264304748913,0.));
#4864=CARTESIAN_POINT('Ctrl Pts',(9.32687436559188,12.7264304748913,5.));
#4865=CARTESIAN_POINT('Ctrl Pts',(9.33569090418322,12.7802264403626,0.));
#4866=CARTESIAN_POINT('Ctrl Pts',(9.33569090418322,12.7802264403626,5.));
#4867=CARTESIAN_POINT('Ctrl Pts',(9.34411953665893,12.8341991075078,0.));
#4868=CARTESIAN_POINT('Ctrl Pts',(9.34411953665893,12.8341991075078,5.));
#4869=CARTESIAN_POINT('Ctrl Pts',(9.3521631770473,12.8883445910727,0.));
#4870=CARTESIAN_POINT('Ctrl Pts',(9.3521631770473,12.8883445910727,5.));
#4871=CARTESIAN_POINT('Ctrl Pts',(9.35982382918392,12.9426596192372,0.));
#4872=CARTESIAN_POINT('Ctrl Pts',(9.35982382918392,12.9426596192372,5.));
#4873=CARTESIAN_POINT('Ctrl Pts',(9.36710297011343,12.9971412828281,0.));
#4874=CARTESIAN_POINT('Ctrl Pts',(9.36710297011343,12.9971412828281,5.));
#4875=CARTESIAN_POINT('Ctrl Pts',(9.3740019783545,13.0517867562965,0.));
#4876=CARTESIAN_POINT('Ctrl Pts',(9.3740019783545,13.0517867562965,5.));
#4877=CARTESIAN_POINT('Ctrl Pts',(9.38052263561145,13.1065929707669,0.));
#4878=CARTESIAN_POINT('Ctrl Pts',(9.38052263561145,13.1065929707669,5.));
#4879=CARTESIAN_POINT('Ctrl Pts',(9.38666719715584,13.1615565699689,0.));
#4880=CARTESIAN_POINT('Ctrl Pts',(9.38666719715584,13.1615565699689,5.));
#4881=CARTESIAN_POINT('Ctrl Pts',(9.39243814965751,13.2166740708212,0.));
#4882=CARTESIAN_POINT('Ctrl Pts',(9.39243814965751,13.2166740708212,5.));
#4883=CARTESIAN_POINT('Ctrl Pts',(9.39783805871351,13.2719419664259,0.));
#4884=CARTESIAN_POINT('Ctrl Pts',(9.39783805871351,13.2719419664259,5.));
#4885=CARTESIAN_POINT('Ctrl Pts',(9.40286939668954,13.3273568410651,0.));
#4886=CARTESIAN_POINT('Ctrl Pts',(9.40286939668954,13.3273568410651,5.));
#4887=CARTESIAN_POINT('Ctrl Pts',(9.40753434609704,13.3829155050772,0.));
#4888=CARTESIAN_POINT('Ctrl Pts',(9.40753434609704,13.3829155050772,5.));
#4889=CARTESIAN_POINT('Ctrl Pts',(9.41183476590384,13.4386150106551,0.));
#4890=CARTESIAN_POINT('Ctrl Pts',(9.41183476590384,13.4386150106551,5.));
#4891=CARTESIAN_POINT('Ctrl Pts',(9.41577229786528,13.4944525666723,0.));
#4892=CARTESIAN_POINT('Ctrl Pts',(9.41577229786528,13.4944525666723,5.));
#4893=CARTESIAN_POINT('Ctrl Pts',(9.41934843770668,13.5504254787902,0.));
#4894=CARTESIAN_POINT('Ctrl Pts',(9.41934843770668,13.5504254787902,5.));
#4895=CARTESIAN_POINT('Ctrl Pts',(9.42256461635325,13.6065310851117,0.));
#4896=CARTESIAN_POINT('Ctrl Pts',(9.42256461635325,13.6065310851117,5.));
#4897=CARTESIAN_POINT('Ctrl Pts',(9.42542229617396,13.6627666761667,0.));
#4898=CARTESIAN_POINT('Ctrl Pts',(9.42542229617396,13.6627666761667,5.));
#4899=CARTESIAN_POINT('Ctrl Pts',(9.42792299843101,13.719129484938,0.));
#4900=CARTESIAN_POINT('Ctrl Pts',(9.42792299843101,13.719129484938,5.));
#4901=CARTESIAN_POINT('Ctrl Pts',(9.43006825402712,13.7756167521516,0.));
#4902=CARTESIAN_POINT('Ctrl Pts',(9.43006825402712,13.7756167521516,5.));
#4903=CARTESIAN_POINT('Ctrl Pts',(9.43185957633994,13.8322257735297,0.));
#4904=CARTESIAN_POINT('Ctrl Pts',(9.43185957633994,13.8322257735297,5.));
#4905=CARTESIAN_POINT('Ctrl Pts',(9.43329842974696,13.8889539469221,0.));
#4906=CARTESIAN_POINT('Ctrl Pts',(9.43329842974696,13.8889539469221,5.));
#4907=CARTESIAN_POINT('Ctrl Pts',(9.43438619745643,13.9457988347051,0.));
#4908=CARTESIAN_POINT('Ctrl Pts',(9.43438619745643,13.9457988347051,5.));
#4909=CARTESIAN_POINT('Ctrl Pts',(9.4351241702233,14.0027581626584,0.));
#4910=CARTESIAN_POINT('Ctrl Pts',(9.4351241702233,14.0027581626584,5.));
#4911=CARTESIAN_POINT('Ctrl Pts',(9.43551356856401,14.0598297226082,0.));
#4912=CARTESIAN_POINT('Ctrl Pts',(9.43551356856401,14.0598297226082,5.));
#4913=CARTESIAN_POINT('Ctrl Pts',(9.43555555974461,14.1170112930516,0.));
#4914=CARTESIAN_POINT('Ctrl Pts',(9.43555555974461,14.1170112930516,5.));
#4915=CARTESIAN_POINT('Ctrl Pts',(9.43525127788411,14.1743005609907,0.));
#4916=CARTESIAN_POINT('Ctrl Pts',(9.43525127788411,14.1743005609907,5.));
#4917=CARTESIAN_POINT('Ctrl Pts',(9.43460184876214,14.2316950201965,0.));
#4918=CARTESIAN_POINT('Ctrl Pts',(9.43460184876214,14.2316950201965,5.));
#4919=CARTESIAN_POINT('Ctrl Pts',(9.43360840380851,14.2891919498472,0.));
#4920=CARTESIAN_POINT('Ctrl Pts',(9.43360840380851,14.2891919498472,5.));
#4921=CARTESIAN_POINT('Ctrl Pts',(9.43227206161925,14.3467886013451,0.));
#4922=CARTESIAN_POINT('Ctrl Pts',(9.43227206161925,14.3467886013451,5.));
#4923=CARTESIAN_POINT('Ctrl Pts',(9.43059391837368,14.4044823469319,0.));
#4924=CARTESIAN_POINT('Ctrl Pts',(9.43059391837368,14.4044823469319,5.));
#4925=CARTESIAN_POINT('Ctrl Pts',(9.42857503608771,14.4622708377713,0.));
#4926=CARTESIAN_POINT('Ctrl Pts',(9.42857503608771,14.4622708377713,5.));
#4927=CARTESIAN_POINT('Ctrl Pts',(9.42621643687007,14.5201521695336,0.));
#4928=CARTESIAN_POINT('Ctrl Pts',(9.42621643687007,14.5201521695336,5.));
#4929=CARTESIAN_POINT('Ctrl Pts',(9.42351908942182,14.5781250091583,0.));
#4930=CARTESIAN_POINT('Ctrl Pts',(9.42351908942182,14.5781250091583,5.));
#4931=CARTESIAN_POINT('Ctrl Pts',(9.4204838456663,14.6361884807726,0.));
#4932=CARTESIAN_POINT('Ctrl Pts',(9.4204838456663,14.6361884807726,5.));
#4933=CARTESIAN_POINT('Ctrl Pts',(9.41778587719791,14.6827113605944,0.));
#4934=CARTESIAN_POINT('Ctrl Pts',(9.41778587719791,14.6827113605944,5.));
#4935=CARTESIAN_POINT('Ctrl Pts',(9.41561085603747,14.7176439753793,0.));
#4936=CARTESIAN_POINT('Ctrl Pts',(9.41561085603747,14.7176439753793,5.));
#4937=CARTESIAN_POINT('Ctrl Pts',(9.41409351106219,14.7409503592586,0.));
#4938=CARTESIAN_POINT('Ctrl Pts',(9.41409351106219,14.7409503592586,5.));
#4939=CARTESIAN_POINT('Ctrl Pts',(9.41331800585689,14.7526080447022,0.));
#4940=CARTESIAN_POINT('Ctrl Pts',(9.41331800585689,14.7526080447022,5.));
#4941=CARTESIAN_POINT('Ctrl Pts',(14.7526080447022,9.41331800585689,0.));
#4942=CARTESIAN_POINT('Ctrl Pts',(14.7526080447022,9.41331800585689,5.));
#4943=CARTESIAN_POINT('Ctrl Pts',(14.7409503592586,9.4140935110622,0.));
#4944=CARTESIAN_POINT('Ctrl Pts',(14.7409503592586,9.4140935110622,5.));
#4945=CARTESIAN_POINT('Ctrl Pts',(14.7176439753793,9.41561085603747,0.));
#4946=CARTESIAN_POINT('Ctrl Pts',(14.7176439753793,9.41561085603747,5.));
#4947=CARTESIAN_POINT('Ctrl Pts',(14.6827113605944,9.41778587719791,0.));
#4948=CARTESIAN_POINT('Ctrl Pts',(14.6827113605944,9.41778587719791,5.));
#4949=CARTESIAN_POINT('Ctrl Pts',(14.6361884807726,9.4204838456663,0.));
#4950=CARTESIAN_POINT('Ctrl Pts',(14.6361884807726,9.4204838456663,5.));
#4951=CARTESIAN_POINT('Ctrl Pts',(14.5781250091583,9.42351908942183,0.));
#4952=CARTESIAN_POINT('Ctrl Pts',(14.5781250091583,9.42351908942183,5.));
#4953=CARTESIAN_POINT('Ctrl Pts',(14.5201521695336,9.42621643687007,0.));
#4954=CARTESIAN_POINT('Ctrl Pts',(14.5201521695336,9.42621643687007,5.));
#4955=CARTESIAN_POINT('Ctrl Pts',(14.4622708377713,9.42857503608771,0.));
#4956=CARTESIAN_POINT('Ctrl Pts',(14.4622708377713,9.42857503608771,5.));
#4957=CARTESIAN_POINT('Ctrl Pts',(14.4044823469319,9.43059391837369,0.));
#4958=CARTESIAN_POINT('Ctrl Pts',(14.4044823469319,9.43059391837369,5.));
#4959=CARTESIAN_POINT('Ctrl Pts',(14.3467886013451,9.43227206161925,0.));
#4960=CARTESIAN_POINT('Ctrl Pts',(14.3467886013451,9.43227206161925,5.));
#4961=CARTESIAN_POINT('Ctrl Pts',(14.2891919498472,9.43360840380851,0.));
#4962=CARTESIAN_POINT('Ctrl Pts',(14.2891919498472,9.43360840380851,5.));
#4963=CARTESIAN_POINT('Ctrl Pts',(14.2316950201965,9.43460184876214,0.));
#4964=CARTESIAN_POINT('Ctrl Pts',(14.2316950201965,9.43460184876214,5.));
#4965=CARTESIAN_POINT('Ctrl Pts',(14.1743005609907,9.43525127788411,0.));
#4966=CARTESIAN_POINT('Ctrl Pts',(14.1743005609907,9.43525127788411,5.));
#4967=CARTESIAN_POINT('Ctrl Pts',(14.1170112930516,9.43555555974461,0.));
#4968=CARTESIAN_POINT('Ctrl Pts',(14.1170112930516,9.43555555974461,5.));
#4969=CARTESIAN_POINT('Ctrl Pts',(14.0598297226082,9.43551356856401,0.));
#4970=CARTESIAN_POINT('Ctrl Pts',(14.0598297226082,9.43551356856401,5.));
#4971=CARTESIAN_POINT('Ctrl Pts',(14.0027581626583,9.43512417022331,0.));
#4972=CARTESIAN_POINT('Ctrl Pts',(14.0027581626583,9.43512417022331,5.));
#4973=CARTESIAN_POINT('Ctrl Pts',(13.9457988347051,9.43438619745643,0.));
#4974=CARTESIAN_POINT('Ctrl Pts',(13.9457988347051,9.43438619745643,5.));
#4975=CARTESIAN_POINT('Ctrl Pts',(13.8889539469221,9.43329842974696,0.));
#4976=CARTESIAN_POINT('Ctrl Pts',(13.8889539469221,9.43329842974696,5.));
#4977=CARTESIAN_POINT('Ctrl Pts',(13.8322257735297,9.43185957633994,0.));
#4978=CARTESIAN_POINT('Ctrl Pts',(13.8322257735297,9.43185957633994,5.));
#4979=CARTESIAN_POINT('Ctrl Pts',(13.7756167521516,9.43006825402713,0.));
#4980=CARTESIAN_POINT('Ctrl Pts',(13.7756167521516,9.43006825402713,5.));
#4981=CARTESIAN_POINT('Ctrl Pts',(13.719129484938,9.42792299843101,0.));
#4982=CARTESIAN_POINT('Ctrl Pts',(13.719129484938,9.42792299843101,5.));
#4983=CARTESIAN_POINT('Ctrl Pts',(13.6627666761667,9.42542229617396,0.));
#4984=CARTESIAN_POINT('Ctrl Pts',(13.6627666761667,9.42542229617396,5.));
#4985=CARTESIAN_POINT('Ctrl Pts',(13.6065310851117,9.42256461635326,0.));
#4986=CARTESIAN_POINT('Ctrl Pts',(13.6065310851117,9.42256461635326,5.));
#4987=CARTESIAN_POINT('Ctrl Pts',(13.5504254787902,9.41934843770669,0.));
#4988=CARTESIAN_POINT('Ctrl Pts',(13.5504254787902,9.41934843770669,5.));
#4989=CARTESIAN_POINT('Ctrl Pts',(13.4944525666723,9.41577229786528,0.));
#4990=CARTESIAN_POINT('Ctrl Pts',(13.4944525666723,9.41577229786528,5.));
#4991=CARTESIAN_POINT('Ctrl Pts',(13.4386150106551,9.41183476590384,0.));
#4992=CARTESIAN_POINT('Ctrl Pts',(13.4386150106551,9.41183476590384,5.));
#4993=CARTESIAN_POINT('Ctrl Pts',(13.3829155050772,9.40753434609704,0.));
#4994=CARTESIAN_POINT('Ctrl Pts',(13.3829155050772,9.40753434609704,5.));
#4995=CARTESIAN_POINT('Ctrl Pts',(13.3273568410651,9.40286939668955,0.));
#4996=CARTESIAN_POINT('Ctrl Pts',(13.3273568410651,9.40286939668955,5.));
#4997=CARTESIAN_POINT('Ctrl Pts',(13.2719419664259,9.39783805871351,0.));
#4998=CARTESIAN_POINT('Ctrl Pts',(13.2719419664259,9.39783805871351,5.));
#4999=CARTESIAN_POINT('Ctrl Pts',(13.2166740708212,9.39243814965751,0.));
#5000=CARTESIAN_POINT('Ctrl Pts',(13.2166740708212,9.39243814965751,5.));
#5001=CARTESIAN_POINT('Ctrl Pts',(13.1615565699689,9.38666719715584,0.));
#5002=CARTESIAN_POINT('Ctrl Pts',(13.1615565699689,9.38666719715584,5.));
#5003=CARTESIAN_POINT('Ctrl Pts',(13.1065929707669,9.38052263561145,0.));
#5004=CARTESIAN_POINT('Ctrl Pts',(13.1065929707669,9.38052263561145,5.));
#5005=CARTESIAN_POINT('Ctrl Pts',(13.0517867562965,9.3740019783545,0.));
#5006=CARTESIAN_POINT('Ctrl Pts',(13.0517867562965,9.3740019783545,5.));
#5007=CARTESIAN_POINT('Ctrl Pts',(12.997141282828,9.36710297011343,0.));
#5008=CARTESIAN_POINT('Ctrl Pts',(12.997141282828,9.36710297011343,5.));
#5009=CARTESIAN_POINT('Ctrl Pts',(12.9426596192372,9.35982382918392,0.));
#5010=CARTESIAN_POINT('Ctrl Pts',(12.9426596192372,9.35982382918392,5.));
#5011=CARTESIAN_POINT('Ctrl Pts',(12.8883445910727,9.3521631770473,0.));
#5012=CARTESIAN_POINT('Ctrl Pts',(12.8883445910727,9.3521631770473,5.));
#5013=CARTESIAN_POINT('Ctrl Pts',(12.8341991075077,9.34411953665894,0.));
#5014=CARTESIAN_POINT('Ctrl Pts',(12.8341991075077,9.34411953665894,5.));
#5015=CARTESIAN_POINT('Ctrl Pts',(12.7802264403625,9.33569090418322,0.));
#5016=CARTESIAN_POINT('Ctrl Pts',(12.7802264403625,9.33569090418322,5.));
#5017=CARTESIAN_POINT('Ctrl Pts',(12.7264304748913,9.32687436559188,0.));
#5018=CARTESIAN_POINT('Ctrl Pts',(12.7264304748913,9.32687436559188,5.));
#5019=CARTESIAN_POINT('Ctrl Pts',(12.6728160847753,9.317665521637,0.));
#5020=CARTESIAN_POINT('Ctrl Pts',(12.6728160847753,9.317665521637,5.));
#5021=CARTESIAN_POINT('Ctrl Pts',(12.6193890597342,9.30805860526174,0.));
#5022=CARTESIAN_POINT('Ctrl Pts',(12.6193890597342,9.30805860526174,5.));
#5023=CARTESIAN_POINT('Ctrl Pts',(12.5661553818136,9.29804760632805,0.));
#5024=CARTESIAN_POINT('Ctrl Pts',(12.5661553818136,9.29804760632805,5.));
#5025=CARTESIAN_POINT('Ctrl Pts',(12.5131206026383,9.2876272413034,0.));
#5026=CARTESIAN_POINT('Ctrl Pts',(12.5131206026383,9.2876272413034,5.));
#5027=CARTESIAN_POINT('Ctrl Pts',(12.4602892920259,9.27679381227511,0.));
#5028=CARTESIAN_POINT('Ctrl Pts',(12.4602892920259,9.27679381227511,5.));
#5029=CARTESIAN_POINT('Ctrl Pts',(12.4076641790295,9.26554654435996,0.));
#5030=CARTESIAN_POINT('Ctrl Pts',(12.4076641790295,9.26554654435996,5.));
#5031=CARTESIAN_POINT('Ctrl Pts',(12.3552463913181,9.25388721805434,0.));
#5032=CARTESIAN_POINT('Ctrl Pts',(12.3552463913181,9.25388721805434,5.));
#5033=CARTESIAN_POINT('Ctrl Pts',(12.3030372144381,9.24181744221678,0.));
#5034=CARTESIAN_POINT('Ctrl Pts',(12.3030372144381,9.24181744221678,5.));
#5035=CARTESIAN_POINT('Ctrl Pts',(12.2510396120404,9.22933629849424,0.));
#5036=CARTESIAN_POINT('Ctrl Pts',(12.2510396120404,9.22933629849424,5.));
#5037=CARTESIAN_POINT('Ctrl Pts',(12.1992595632743,9.21643827078509,0.));
#5038=CARTESIAN_POINT('Ctrl Pts',(12.1992595632743,9.21643827078509,5.));
#5039=CARTESIAN_POINT('Ctrl Pts',(12.1477081575214,9.2031099977595,0.));
#5040=CARTESIAN_POINT('Ctrl Pts',(12.1477081575214,9.2031099977595,5.));
#5041=CARTESIAN_POINT('Ctrl Pts',(12.0964008877434,9.18933138097091,0.));
#5042=CARTESIAN_POINT('Ctrl Pts',(12.0964008877434,9.18933138097091,5.));
#5043=CARTESIAN_POINT('Ctrl Pts',(12.045353640487,9.17508182929893,0.));
#5044=CARTESIAN_POINT('Ctrl Pts',(12.045353640487,9.17508182929893,5.));
#5045=CARTESIAN_POINT('Ctrl Pts',(11.9945791996098,9.16034570448301,0.));
#5046=CARTESIAN_POINT('Ctrl Pts',(11.9945791996098,9.16034570448301,5.));
#5047=CARTESIAN_POINT('Ctrl Pts',(11.9440842440071,9.14511700088791,0.));
#5048=CARTESIAN_POINT('Ctrl Pts',(11.9440842440071,9.14511700088791,5.));
#5049=CARTESIAN_POINT('Ctrl Pts',(11.8938643971115,9.12940705023471,0.));
#5050=CARTESIAN_POINT('Ctrl Pts',(11.8938643971115,9.12940705023471,5.));
#5051=CARTESIAN_POINT('Ctrl Pts',(11.8439068978606,9.11324039414459,0.));
#5052=CARTESIAN_POINT('Ctrl Pts',(11.8439068978606,9.11324039414459,5.));
#5053=CARTESIAN_POINT('Ctrl Pts',(11.7942002091973,9.09663988729252,0.));
#5054=CARTESIAN_POINT('Ctrl Pts',(11.7942002091973,9.09663988729252,5.));
#5055=CARTESIAN_POINT('Ctrl Pts',(11.7447424941944,9.07961355717006,0.));
#5056=CARTESIAN_POINT('Ctrl Pts',(11.7447424941944,9.07961355717006,5.));
#5057=CARTESIAN_POINT('Ctrl Pts',(11.6955488778949,9.06214335398528,0.));
#5058=CARTESIAN_POINT('Ctrl Pts',(11.6955488778949,9.06214335398528,5.));
#5059=CARTESIAN_POINT('Ctrl Pts',(11.6466634226977,9.04416657190271,0.));
#5060=CARTESIAN_POINT('Ctrl Pts',(11.6466634226977,9.04416657190271,5.));
#5061=CARTESIAN_POINT('Ctrl Pts',(11.5981504760255,9.02558934700972,0.));
#5062=CARTESIAN_POINT('Ctrl Pts',(11.5981504760255,9.02558934700972,5.));
#5063=CARTESIAN_POINT('Ctrl Pts',(11.550073040208,9.00632035490116,0.));
#5064=CARTESIAN_POINT('Ctrl Pts',(11.550073040208,9.00632035490116,5.));
#5065=CARTESIAN_POINT('Ctrl Pts',(11.5024733064665,8.98630110830926,0.));
#5066=CARTESIAN_POINT('Ctrl Pts',(11.5024733064665,8.98630110830926,5.));
#5067=CARTESIAN_POINT('Ctrl Pts',(11.4553560463027,8.96553189252468,0.));
#5068=CARTESIAN_POINT('Ctrl Pts',(11.4553560463027,8.96553189252468,5.));
#5069=CARTESIAN_POINT('Ctrl Pts',(11.4086611707649,8.94411434444758,0.));
#5070=CARTESIAN_POINT('Ctrl Pts',(11.4086611707649,8.94411434444758,5.));
#5071=CARTESIAN_POINT('Ctrl Pts',(11.3622948295959,8.92220401336789,0.));
#5072=CARTESIAN_POINT('Ctrl Pts',(11.3622948295959,8.92220401336789,5.));
#5073=CARTESIAN_POINT('Ctrl Pts',(11.3161831361286,8.89992809081003,0.));
#5074=CARTESIAN_POINT('Ctrl Pts',(11.3161831361286,8.89992809081003,5.));
#5075=CARTESIAN_POINT('Ctrl Pts',(11.2703208700051,8.87731093921144,0.));
#5076=CARTESIAN_POINT('Ctrl Pts',(11.2703208700051,8.87731093921144,5.));
#5077=CARTESIAN_POINT('Ctrl Pts',(11.2248171864078,8.85420405999663,0.));
#5078=CARTESIAN_POINT('Ctrl Pts',(11.2248171864078,8.85420405999663,5.));
#5079=CARTESIAN_POINT('Ctrl Pts',(11.1799562791629,8.83019349629008,0.));
#5080=CARTESIAN_POINT('Ctrl Pts',(11.1799562791629,8.83019349629008,5.));
#5081=CARTESIAN_POINT('Ctrl Pts',(11.1361246435795,8.80470884691701,0.));
#5082=CARTESIAN_POINT('Ctrl Pts',(11.1361246435795,8.80470884691701,5.));
#5083=CARTESIAN_POINT('Ctrl Pts',(11.1021961495688,8.78267699610031,0.));
#5084=CARTESIAN_POINT('Ctrl Pts',(11.1021961495688,8.78267699610031,5.));
#5085=CARTESIAN_POINT('Ctrl Pts',(11.0775280853779,8.76502173409619,0.));
#5086=CARTESIAN_POINT('Ctrl Pts',(11.0775280853779,8.76502173409619,5.));
#5087=CARTESIAN_POINT('Ctrl Pts',(11.0614463588623,8.75272228862367,0.));
#5088=CARTESIAN_POINT('Ctrl Pts',(11.0614463588623,8.75272228862367,5.));
#5089=CARTESIAN_POINT('Ctrl Pts',(11.0534964094047,8.7464402460751,0.));
#5090=CARTESIAN_POINT('Ctrl Pts',(11.0534964094047,8.7464402460751,5.));
#5091=CARTESIAN_POINT('',(14.7526080447021,9.41331800585689,0.));
#5092=CARTESIAN_POINT('Origin',(1.55759977597069E-13,8.99280649946377E-14,
0.));
#5093=CARTESIAN_POINT('',(15.5284765493246,8.0694743358583,0.));
#5094=CARTESIAN_POINT('Ctrl Pts',(13.101387650486,5.19938856814701,0.));
#5095=CARTESIAN_POINT('Ctrl Pts',(13.101387650486,5.19938856814701,5.));
#5096=CARTESIAN_POINT('Ctrl Pts',(13.1108030336495,5.20313240506179,0.));
#5097=CARTESIAN_POINT('Ctrl Pts',(13.1108030336495,5.20313240506179,5.));
#5098=CARTESIAN_POINT('Ctrl Pts',(13.129495529139,5.21090986602477,0.));
#5099=CARTESIAN_POINT('Ctrl Pts',(13.129495529139,5.21090986602477,5.));
#5100=CARTESIAN_POINT('Ctrl Pts',(13.1571194666405,5.22344540527423,0.));
#5101=CARTESIAN_POINT('Ctrl Pts',(13.1571194666405,5.22344540527423,5.));
#5102=CARTESIAN_POINT('Ctrl Pts',(13.1931638561455,5.24181241759123,0.));
#5103=CARTESIAN_POINT('Ctrl Pts',(13.1931638561455,5.24181241759123,5.));
#5104=CARTESIAN_POINT('Ctrl Pts',(13.2371500277008,5.26702940280938,0.));
#5105=CARTESIAN_POINT('Ctrl Pts',(13.2371500277008,5.26702940280938,5.));
#5106=CARTESIAN_POINT('Ctrl Pts',(13.2803742394523,5.293874806267,0.));
#5107=CARTESIAN_POINT('Ctrl Pts',(13.2803742394523,5.293874806267,5.));
#5108=CARTESIAN_POINT('Ctrl Pts',(13.3231372256531,5.32172871262061,0.));
#5109=CARTESIAN_POINT('Ctrl Pts',(13.3231372256531,5.32172871262061,5.));
#5110=CARTESIAN_POINT('Ctrl Pts',(13.3656553865605,5.35013802435942,0.));
#5111=CARTESIAN_POINT('Ctrl Pts',(13.3656553865605,5.35013802435942,5.));
#5112=CARTESIAN_POINT('Ctrl Pts',(13.408002748122,5.37893396103472,0.));
#5113=CARTESIAN_POINT('Ctrl Pts',(13.408002748122,5.37893396103472,5.));
#5114=CARTESIAN_POINT('Ctrl Pts',(13.4501608220269,5.40813322482774,0.));
#5115=CARTESIAN_POINT('Ctrl Pts',(13.4501608220269,5.40813322482774,5.));
#5116=CARTESIAN_POINT('Ctrl Pts',(13.4920564005173,5.43786339923144,0.));
#5117=CARTESIAN_POINT('Ctrl Pts',(13.4920564005173,5.43786339923144,5.));
#5118=CARTESIAN_POINT('Ctrl Pts',(13.5336016990853,5.46828353559777,0.));
#5119=CARTESIAN_POINT('Ctrl Pts',(13.5336016990853,5.46828353559777,5.));
#5120=CARTESIAN_POINT('Ctrl Pts',(13.5747387420693,5.49949649093528,0.));
#5121=CARTESIAN_POINT('Ctrl Pts',(13.5747387420693,5.49949649093528,5.));
#5122=CARTESIAN_POINT('Ctrl Pts',(13.6154648966494,5.53149827564783,0.));
#5123=CARTESIAN_POINT('Ctrl Pts',(13.6154648966494,5.53149827564783,5.));
#5124=CARTESIAN_POINT('Ctrl Pts',(13.6558097186746,5.56422310743184,0.));
#5125=CARTESIAN_POINT('Ctrl Pts',(13.6558097186746,5.56422310743184,5.));
#5126=CARTESIAN_POINT('Ctrl Pts',(13.695820796235,5.59757076246697,0.));
#5127=CARTESIAN_POINT('Ctrl Pts',(13.695820796235,5.59757076246697,5.));
#5128=CARTESIAN_POINT('Ctrl Pts',(13.7355472441521,5.63143858229395,0.));
#5129=CARTESIAN_POINT('Ctrl Pts',(13.7355472441521,5.63143858229395,5.));
#5130=CARTESIAN_POINT('Ctrl Pts',(13.7750213360728,5.66575705483834,0.));
#5131=CARTESIAN_POINT('Ctrl Pts',(13.7750213360728,5.66575705483834,5.));
#5132=CARTESIAN_POINT('Ctrl Pts',(13.814251141054,5.70050405653275,0.));
#5133=CARTESIAN_POINT('Ctrl Pts',(13.814251141054,5.70050405653275,5.));
#5134=CARTESIAN_POINT('Ctrl Pts',(13.8532306255478,5.73568519194851,0.));
#5135=CARTESIAN_POINT('Ctrl Pts',(13.8532306255478,5.73568519194851,5.));
#5136=CARTESIAN_POINT('Ctrl Pts',(13.8919457653534,5.77132187980766,0.));
#5137=CARTESIAN_POINT('Ctrl Pts',(13.8919457653534,5.77132187980766,5.));
#5138=CARTESIAN_POINT('Ctrl Pts',(13.9303816873349,5.80743744232501,0.));
#5139=CARTESIAN_POINT('Ctrl Pts',(13.9303816873349,5.80743744232501,5.));
#5140=CARTESIAN_POINT('Ctrl Pts',(13.9685307662174,5.84404133557969,0.));
#5141=CARTESIAN_POINT('Ctrl Pts',(13.9685307662174,5.84404133557969,5.));
#5142=CARTESIAN_POINT('Ctrl Pts',(14.006394863586,5.88112477266093,0.));
#5143=CARTESIAN_POINT('Ctrl Pts',(14.006394863586,5.88112477266093,5.));
#5144=CARTESIAN_POINT('Ctrl Pts',(14.043981130643,5.91866886329326,0.));
#5145=CARTESIAN_POINT('Ctrl Pts',(14.043981130643,5.91866886329326,5.));
#5146=CARTESIAN_POINT('Ctrl Pts',(14.0812994565481,5.95664955376322,0.));
#5147=CARTESIAN_POINT('Ctrl Pts',(14.0812994565481,5.95664955376322,5.));
#5148=CARTESIAN_POINT('Ctrl Pts',(14.118359500586,5.99504337754933,0.));
#5149=CARTESIAN_POINT('Ctrl Pts',(14.118359500586,5.99504337754933,5.));
#5150=CARTESIAN_POINT('Ctrl Pts',(14.1551672893169,6.03383405030034,0.));
#5151=CARTESIAN_POINT('Ctrl Pts',(14.1551672893169,6.03383405030034,5.));
#5152=CARTESIAN_POINT('Ctrl Pts',(14.1917246102502,6.07301363587029,0.));
#5153=CARTESIAN_POINT('Ctrl Pts',(14.1917246102502,6.07301363587029,5.));
#5154=CARTESIAN_POINT('Ctrl Pts',(14.2280307768776,6.11257910848578,0.));
#5155=CARTESIAN_POINT('Ctrl Pts',(14.2280307768776,6.11257910848578,5.));
#5156=CARTESIAN_POINT('Ctrl Pts',(14.2640837531135,6.15253015926011,0.));
#5157=CARTESIAN_POINT('Ctrl Pts',(14.2640837531135,6.15253015926011,5.));
#5158=CARTESIAN_POINT('Ctrl Pts',(14.2998814331683,6.19286670185148,0.));
#5159=CARTESIAN_POINT('Ctrl Pts',(14.2998814331683,6.19286670185148,5.));
#5160=CARTESIAN_POINT('Ctrl Pts',(14.335423123584,6.23358598538912,0.));
#5161=CARTESIAN_POINT('Ctrl Pts',(14.335423123584,6.23358598538912,5.));
#5162=CARTESIAN_POINT('Ctrl Pts',(14.3707097419381,6.27468220333837,0.));
#5163=CARTESIAN_POINT('Ctrl Pts',(14.3707097419381,6.27468220333837,5.));
#5164=CARTESIAN_POINT('Ctrl Pts',(14.4057430880917,6.31614790608495,0.));
#5165=CARTESIAN_POINT('Ctrl Pts',(14.4057430880917,6.31614790608495,5.));
#5166=CARTESIAN_POINT('Ctrl Pts',(14.4405253759541,6.35797490795641,0.));
#5167=CARTESIAN_POINT('Ctrl Pts',(14.4405253759541,6.35797490795641,5.));
#5168=CARTESIAN_POINT('Ctrl Pts',(14.4750587050833,6.40015531137993,0.));
#5169=CARTESIAN_POINT('Ctrl Pts',(14.4750587050833,6.40015531137993,5.));
#5170=CARTESIAN_POINT('Ctrl Pts',(14.509344448499,6.44268269599982,0.));
#5171=CARTESIAN_POINT('Ctrl Pts',(14.509344448499,6.44268269599982,5.));
#5172=CARTESIAN_POINT('Ctrl Pts',(14.5433831871967,6.48555224007311,0.));
#5173=CARTESIAN_POINT('Ctrl Pts',(14.5433831871967,6.48555224007311,5.));
#5174=CARTESIAN_POINT('Ctrl Pts',(14.5771750206388,6.52876010820249,0.));
#5175=CARTESIAN_POINT('Ctrl Pts',(14.5771750206388,6.52876010820249,5.));
#5176=CARTESIAN_POINT('Ctrl Pts',(14.6107197733969,6.57230304244785,0.));
#5177=CARTESIAN_POINT('Ctrl Pts',(14.6107197733969,6.57230304244785,5.));
#5178=CARTESIAN_POINT('Ctrl Pts',(14.6440172265288,6.6161779065528,0.));
#5179=CARTESIAN_POINT('Ctrl Pts',(14.6440172265288,6.6161779065528,5.));
#5180=CARTESIAN_POINT('Ctrl Pts',(14.6770673885979,6.66038115194095,0.));
#5181=CARTESIAN_POINT('Ctrl Pts',(14.6770673885979,6.66038115194095,5.));
#5182=CARTESIAN_POINT('Ctrl Pts',(14.7098705345915,6.70490874436112,0.));
#5183=CARTESIAN_POINT('Ctrl Pts',(14.7098705345915,6.70490874436112,5.));
#5184=CARTESIAN_POINT('Ctrl Pts',(14.7424270764881,6.74975642404153,0.));
#5185=CARTESIAN_POINT('Ctrl Pts',(14.7424270764881,6.74975642404153,5.));
#5186=CARTESIAN_POINT('Ctrl Pts',(14.7747374827111,6.79491987112085,0.));
#5187=CARTESIAN_POINT('Ctrl Pts',(14.7747374827111,6.79491987112085,5.));
#5188=CARTESIAN_POINT('Ctrl Pts',(14.806802186533,6.84039489131794,0.));
#5189=CARTESIAN_POINT('Ctrl Pts',(14.806802186533,6.84039489131794,5.));
#5190=CARTESIAN_POINT('Ctrl Pts',(14.8386214832332,6.88617763104895,0.));
#5191=CARTESIAN_POINT('Ctrl Pts',(14.8386214832332,6.88617763104895,5.));
#5192=CARTESIAN_POINT('Ctrl Pts',(14.8701955088218,6.93226460795425,0.));
#5193=CARTESIAN_POINT('Ctrl Pts',(14.8701955088218,6.93226460795425,5.));
#5194=CARTESIAN_POINT('Ctrl Pts',(14.9015242895373,6.97865258396972,0.));
#5195=CARTESIAN_POINT('Ctrl Pts',(14.9015242895373,6.97865258396972,5.));
#5196=CARTESIAN_POINT('Ctrl Pts',(14.9326077735464,7.02533847786691,0.));
#5197=CARTESIAN_POINT('Ctrl Pts',(14.9326077735464,7.02533847786691,5.));
#5198=CARTESIAN_POINT('Ctrl Pts',(14.9634458691181,7.07231926891271,0.));
#5199=CARTESIAN_POINT('Ctrl Pts',(14.9634458691181,7.07231926891271,5.));
#5200=CARTESIAN_POINT('Ctrl Pts',(14.9940384879663,7.11959187945289,0.));
#5201=CARTESIAN_POINT('Ctrl Pts',(14.9940384879663,7.11959187945289,5.));
#5202=CARTESIAN_POINT('Ctrl Pts',(15.0243855640338,7.16715315254888,0.));
#5203=CARTESIAN_POINT('Ctrl Pts',(15.0243855640338,7.16715315254888,5.));
#5204=CARTESIAN_POINT('Ctrl Pts',(15.0544870434844,7.21499993314817,0.));
#5205=CARTESIAN_POINT('Ctrl Pts',(15.0544870434844,7.21499993314817,5.));
#5206=CARTESIAN_POINT('Ctrl Pts',(15.0843428848028,7.26312912258864,0.));
#5207=CARTESIAN_POINT('Ctrl Pts',(15.0843428848028,7.26312912258864,5.));
#5208=CARTESIAN_POINT('Ctrl Pts',(15.1139530551018,7.3115377351532,0.));
#5209=CARTESIAN_POINT('Ctrl Pts',(15.1139530551018,7.3115377351532,5.));
#5210=CARTESIAN_POINT('Ctrl Pts',(15.1433175334631,7.36022296819386,0.));
#5211=CARTESIAN_POINT('Ctrl Pts',(15.1433175334631,7.36022296819386,5.));
#5212=CARTESIAN_POINT('Ctrl Pts',(15.1724363006031,7.40918220680039,0.));
#5213=CARTESIAN_POINT('Ctrl Pts',(15.1724363006031,7.40918220680039,5.));
#5214=CARTESIAN_POINT('Ctrl Pts',(15.2013093094333,7.45841292838025,0.));
#5215=CARTESIAN_POINT('Ctrl Pts',(15.2013093094333,7.45841292838025,5.));
#5216=CARTESIAN_POINT('Ctrl Pts',(15.2299364600841,7.50791262542215,0.));
#5217=CARTESIAN_POINT('Ctrl Pts',(15.2299364600841,7.50791262542215,5.));
#5218=CARTESIAN_POINT('Ctrl Pts',(15.2583175782326,7.55767872775187,0.));
#5219=CARTESIAN_POINT('Ctrl Pts',(15.2583175782326,7.55767872775187,5.));
#5220=CARTESIAN_POINT('Ctrl Pts',(15.2864523857179,7.60770850202161,0.));
#5221=CARTESIAN_POINT('Ctrl Pts',(15.2864523857179,7.60770850202161,5.));
#5222=CARTESIAN_POINT('Ctrl Pts',(15.3143405019761,7.65799902621549,0.));
#5223=CARTESIAN_POINT('Ctrl Pts',(15.3143405019761,7.65799902621549,5.));
#5224=CARTESIAN_POINT('Ctrl Pts',(15.341981521441,7.70854736068021,0.));
#5225=CARTESIAN_POINT('Ctrl Pts',(15.341981521441,7.70854736068021,5.));
#5226=CARTESIAN_POINT('Ctrl Pts',(15.3693750795526,7.75935068162071,0.));
#5227=CARTESIAN_POINT('Ctrl Pts',(15.3693750795526,7.75935068162071,5.));
#5228=CARTESIAN_POINT('Ctrl Pts',(15.3965209216254,7.81040642387693,0.));
#5229=CARTESIAN_POINT('Ctrl Pts',(15.3965209216254,7.81040642387693,5.));
#5230=CARTESIAN_POINT('Ctrl Pts',(15.4234189806667,7.86171242719677,0.));
#5231=CARTESIAN_POINT('Ctrl Pts',(15.4234189806667,7.86171242719677,5.));
#5232=CARTESIAN_POINT('Ctrl Pts',(15.450069429066,7.9132670527654,0.));
#5233=CARTESIAN_POINT('Ctrl Pts',(15.450069429066,7.9132670527654,5.));
#5234=CARTESIAN_POINT('Ctrl Pts',(15.4764725666743,7.96506911609313,0.));
#5235=CARTESIAN_POINT('Ctrl Pts',(15.4764725666743,7.96506911609313,5.));
#5236=CARTESIAN_POINT('Ctrl Pts',(15.4973974973529,8.00670809611014,0.));
#5237=CARTESIAN_POINT('Ctrl Pts',(15.4973974973529,8.00670809611014,5.));
#5238=CARTESIAN_POINT('Ctrl Pts',(15.5129801811666,8.03804813851471,0.));
#5239=CARTESIAN_POINT('Ctrl Pts',(15.5129801811666,8.03804813851471,5.));
#5240=CARTESIAN_POINT('Ctrl Pts',(15.5233193138114,8.05899073151217,0.));
#5241=CARTESIAN_POINT('Ctrl Pts',(15.5233193138114,8.05899073151217,5.));
#5242=CARTESIAN_POINT('Ctrl Pts',(15.5284765493246,8.0694743358583,0.));
#5243=CARTESIAN_POINT('Ctrl Pts',(15.5284765493246,8.0694743358583,5.));
#5244=CARTESIAN_POINT('Origin',(0.,0.,0.));
#5245=CARTESIAN_POINT('',(11.6528765829279,2.64458843358489,0.));
#5246=CARTESIAN_POINT('Origin',(0.,0.,0.));
#5247=CARTESIAN_POINT('Origin',(0.,0.,0.));
#5248=CARTESIAN_POINT('Origin',(0.,0.,0.));
#5249=CARTESIAN_POINT('Origin',(0.,0.,0.));
#5250=CARTESIAN_POINT('Origin',(12.6280779841035,2.86590772136858,0.));
#5251=CARTESIAN_POINT('',(12.7727063148734,1.87642166995668,0.));
#5252=CARTESIAN_POINT('Origin',(13.9458288142221,2.0478912410813,0.));
#5253=CARTESIAN_POINT('',(13.9458288142221,2.0478912410813,0.));
#5254=CARTESIAN_POINT('Ctrl Pts',(17.4827923417152,0.77586850462246,0.));
#5255=CARTESIAN_POINT('Ctrl Pts',(17.4827923417152,0.77586850462246,5.));
#5256=CARTESIAN_POINT('Ctrl Pts',(17.4730842425744,0.782368954552816,0.));
#5257=CARTESIAN_POINT('Ctrl Pts',(17.4730842425744,0.782368954552816,5.));
#5258=CARTESIAN_POINT('Ctrl Pts',(17.4536589945522,0.795336205787362,0.));
#5259=CARTESIAN_POINT('Ctrl Pts',(17.4536589945522,0.795336205787362,5.));
#5260=CARTESIAN_POINT('Ctrl Pts',(17.424493973308,0.814686136758527,0.));
#5261=CARTESIAN_POINT('Ctrl Pts',(17.424493973308,0.814686136758527,5.));
#5262=CARTESIAN_POINT('Ctrl Pts',(17.3855529617594,0.840284085901618,0.));
#5263=CARTESIAN_POINT('Ctrl Pts',(17.3855529617594,0.840284085901618,5.));
#5264=CARTESIAN_POINT('Ctrl Pts',(17.3367861421872,0.871944419907771,0.));
#5265=CARTESIAN_POINT('Ctrl Pts',(17.3367861421872,0.871944419907771,5.));
#5266=CARTESIAN_POINT('Ctrl Pts',(17.2879288640668,0.903266811133132,0.));
#5267=CARTESIAN_POINT('Ctrl Pts',(17.2879288640668,0.903266811133132,5.));
#5268=CARTESIAN_POINT('Ctrl Pts',(17.2389814599646,0.934250083854097,0.));
#5269=CARTESIAN_POINT('Ctrl Pts',(17.2389814599646,0.934250083854097,5.));
#5270=CARTESIAN_POINT('Ctrl Pts',(17.1899445999944,0.964892732620673,0.));
#5271=CARTESIAN_POINT('Ctrl Pts',(17.1899445999944,0.964892732620673,5.));
#5272=CARTESIAN_POINT('Ctrl Pts',(17.1408194222995,0.995192920095965,0.));
#5273=CARTESIAN_POINT('Ctrl Pts',(17.1408194222995,0.995192920095965,5.));
#5274=CARTESIAN_POINT('Ctrl Pts',(17.091607430024,1.02514855212895,0.));
#5275=CARTESIAN_POINT('Ctrl Pts',(17.091607430024,1.02514855212895,5.));
#5276=CARTESIAN_POINT('Ctrl Pts',(17.0423103507837,1.05475736552138,0.));
#5277=CARTESIAN_POINT('Ctrl Pts',(17.0423103507837,1.05475736552138,5.));
#5278=CARTESIAN_POINT('Ctrl Pts',(16.992930005636,1.0840170172419,0.));
#5279=CARTESIAN_POINT('Ctrl Pts',(16.992930005636,1.0840170172419,5.));
#5280=CARTESIAN_POINT('Ctrl Pts',(16.9434681851668,1.11292516703255,0.));
#5281=CARTESIAN_POINT('Ctrl Pts',(16.9434681851668,1.11292516703255,5.));
#5282=CARTESIAN_POINT('Ctrl Pts',(16.8939264969443,1.14147958682507,0.));
#5283=CARTESIAN_POINT('Ctrl Pts',(16.8939264969443,1.14147958682507,5.));
#5284=CARTESIAN_POINT('Ctrl Pts',(16.8443063770237,1.16967813794478,0.));
#5285=CARTESIAN_POINT('Ctrl Pts',(16.8443063770237,1.16967813794478,5.));
#5286=CARTESIAN_POINT('Ctrl Pts',(16.7946091656503,1.19751869875797,0.));
#5287=CARTESIAN_POINT('Ctrl Pts',(16.7946091656503,1.19751869875797,5.));
#5288=CARTESIAN_POINT('Ctrl Pts',(16.7448361649002,1.22499910817967,0.));
#5289=CARTESIAN_POINT('Ctrl Pts',(16.7448361649002,1.22499910817967,5.));
#5290=CARTESIAN_POINT('Ctrl Pts',(16.6949886989286,1.25211711127305,0.));
#5291=CARTESIAN_POINT('Ctrl Pts',(16.6949886989286,1.25211711127305,5.));
#5292=CARTESIAN_POINT('Ctrl Pts',(16.6450681871753,1.27887029133288,0.));
#5293=CARTESIAN_POINT('Ctrl Pts',(16.6450681871753,1.27887029133288,5.));
#5294=CARTESIAN_POINT('Ctrl Pts',(16.5950761509799,1.30525607909584,0.));
#5295=CARTESIAN_POINT('Ctrl Pts',(16.5950761509799,1.30525607909584,5.));
#5296=CARTESIAN_POINT('Ctrl Pts',(16.5450141756268,1.33127181179954,0.));
#5297=CARTESIAN_POINT('Ctrl Pts',(16.5450141756268,1.33127181179954,5.));
#5298=CARTESIAN_POINT('Ctrl Pts',(16.494883885266,1.35691478400646,0.));
#5299=CARTESIAN_POINT('Ctrl Pts',(16.494883885266,1.35691478400646,5.));
#5300=CARTESIAN_POINT('Ctrl Pts',(16.4446869155736,1.38218229475614,0.));
#5301=CARTESIAN_POINT('Ctrl Pts',(16.4446869155736,1.38218229475614,5.));
#5302=CARTESIAN_POINT('Ctrl Pts',(16.394424881835,1.40707172286495,0.));
#5303=CARTESIAN_POINT('Ctrl Pts',(16.394424881835,1.40707172286495,5.));
#5304=CARTESIAN_POINT('Ctrl Pts',(16.3440993738581,1.43158049816676,0.));
#5305=CARTESIAN_POINT('Ctrl Pts',(16.3440993738581,1.43158049816676,5.));
#5306=CARTESIAN_POINT('Ctrl Pts',(16.293711977146,1.45570597815609,0.));
#5307=CARTESIAN_POINT('Ctrl Pts',(16.293711977146,1.45570597815609,5.));
#5308=CARTESIAN_POINT('Ctrl Pts',(16.2432642880075,1.47944534546785,0.));
#5309=CARTESIAN_POINT('Ctrl Pts',(16.2432642880075,1.47944534546785,5.));
#5310=CARTESIAN_POINT('Ctrl Pts',(16.1927579298344,1.50279551628519,0.));
#5311=CARTESIAN_POINT('Ctrl Pts',(16.1927579298344,1.50279551628519,5.));
#5312=CARTESIAN_POINT('Ctrl Pts',(16.142194573699,1.52575300566689,0.));
#5313=CARTESIAN_POINT('Ctrl Pts',(16.142194573699,1.52575300566689,5.));
#5314=CARTESIAN_POINT('Ctrl Pts',(16.091575941517,1.54831396462259,0.));
#5315=CARTESIAN_POINT('Ctrl Pts',(16.091575941517,1.54831396462259,5.));
#5316=CARTESIAN_POINT('Ctrl Pts',(16.0409037875524,1.57047441783103,0.));
#5317=CARTESIAN_POINT('Ctrl Pts',(16.0409037875524,1.57047441783103,5.));
#5318=CARTESIAN_POINT('Ctrl Pts',(15.9901798849073,1.59223047023234,0.));
#5319=CARTESIAN_POINT('Ctrl Pts',(15.9901798849073,1.59223047023234,5.));
#5320=CARTESIAN_POINT('Ctrl Pts',(15.9394060125613,1.61357849056887,0.));
#5321=CARTESIAN_POINT('Ctrl Pts',(15.9394060125613,1.61357849056887,5.));
#5322=CARTESIAN_POINT('Ctrl Pts',(15.8885839373864,1.63451540140161,0.));
#5323=CARTESIAN_POINT('Ctrl Pts',(15.8885839373864,1.63451540140161,5.));
#5324=CARTESIAN_POINT('Ctrl Pts',(15.8377154171204,1.65503859612397,0.));
#5325=CARTESIAN_POINT('Ctrl Pts',(15.8377154171204,1.65503859612397,5.));
#5326=CARTESIAN_POINT('Ctrl Pts',(15.7868022326587,1.67514534099124,0.));
#5327=CARTESIAN_POINT('Ctrl Pts',(15.7868022326587,1.67514534099124,5.));
#5328=CARTESIAN_POINT('Ctrl Pts',(15.7358462155631,1.69483226472071,0.));
#5329=CARTESIAN_POINT('Ctrl Pts',(15.7358462155631,1.69483226472071,5.));
#5330=CARTESIAN_POINT('Ctrl Pts',(15.6848492735483,1.71409490106277,0.));
#5331=CARTESIAN_POINT('Ctrl Pts',(15.6848492735483,1.71409490106277,5.));
#5332=CARTESIAN_POINT('Ctrl Pts',(15.6338134277219,1.73292700331638,0.));
#5333=CARTESIAN_POINT('Ctrl Pts',(15.6338134277219,1.73292700331638,5.));
#5334=CARTESIAN_POINT('Ctrl Pts',(15.5827408086001,1.75132068220392,0.));
#5335=CARTESIAN_POINT('Ctrl Pts',(15.5827408086001,1.75132068220392,5.));
#5336=CARTESIAN_POINT('Ctrl Pts',(15.5316335917172,1.76926774177037,0.));
#5337=CARTESIAN_POINT('Ctrl Pts',(15.5316335917172,1.76926774177037,5.));
#5338=CARTESIAN_POINT('Ctrl Pts',(15.4804939431549,1.78676083053,0.));
#5339=CARTESIAN_POINT('Ctrl Pts',(15.4804939431549,1.78676083053,5.));
#5340=CARTESIAN_POINT('Ctrl Pts',(15.4293239715352,1.80379446108758,0.));
#5341=CARTESIAN_POINT('Ctrl Pts',(15.4293239715352,1.80379446108758,5.));
#5342=CARTESIAN_POINT('Ctrl Pts',(15.3781256528457,1.82036659784808,0.));
#5343=CARTESIAN_POINT('Ctrl Pts',(15.3781256528457,1.82036659784808,5.));
#5344=CARTESIAN_POINT('Ctrl Pts',(15.3269008539246,1.83647821893213,0.));
#5345=CARTESIAN_POINT('Ctrl Pts',(15.3269008539246,1.83647821893213,5.));
#5346=CARTESIAN_POINT('Ctrl Pts',(15.2756514925171,1.8521300748788,0.));
#5347=CARTESIAN_POINT('Ctrl Pts',(15.2756514925171,1.8521300748788,5.));
#5348=CARTESIAN_POINT('Ctrl Pts',(15.2243796760436,1.86731988854564,0.));
#5349=CARTESIAN_POINT('Ctrl Pts',(15.2243796760436,1.86731988854564,5.));
#5350=CARTESIAN_POINT('Ctrl Pts',(15.1730878245483,1.88203989327388,0.));
#5351=CARTESIAN_POINT('Ctrl Pts',(15.1730878245483,1.88203989327388,5.));
#5352=CARTESIAN_POINT('Ctrl Pts',(15.1217788610528,1.89627297312156,0.));
#5353=CARTESIAN_POINT('Ctrl Pts',(15.1217788610528,1.89627297312156,5.));
#5354=CARTESIAN_POINT('Ctrl Pts',(15.0704561536318,1.90999397584266,0.));
#5355=CARTESIAN_POINT('Ctrl Pts',(15.0704561536318,1.90999397584266,5.));
#5356=CARTESIAN_POINT('Ctrl Pts',(15.0191231648786,1.92317712573035,0.));
#5357=CARTESIAN_POINT('Ctrl Pts',(15.0191231648786,1.92317712573035,5.));
#5358=CARTESIAN_POINT('Ctrl Pts',(14.967783146808,1.93580248772505,0.));
#5359=CARTESIAN_POINT('Ctrl Pts',(14.967783146808,1.93580248772505,5.));
#5360=CARTESIAN_POINT('Ctrl Pts',(14.9164388806956,1.94786152134633,0.));
#5361=CARTESIAN_POINT('Ctrl Pts',(14.9164388806956,1.94786152134633,5.));
#5362=CARTESIAN_POINT('Ctrl Pts',(14.8650922421832,1.95936622843625,0.));
#5363=CARTESIAN_POINT('Ctrl Pts',(14.8650922421832,1.95936622843625,5.));
#5364=CARTESIAN_POINT('Ctrl Pts',(14.8137444506773,1.97034424319341,0.));
#5365=CARTESIAN_POINT('Ctrl Pts',(14.8137444506773,1.97034424319341,5.));
#5366=CARTESIAN_POINT('Ctrl Pts',(14.7623969421309,1.98082112687549,0.));
#5367=CARTESIAN_POINT('Ctrl Pts',(14.7623969421309,1.98082112687549,5.));
#5368=CARTESIAN_POINT('Ctrl Pts',(14.711052139464,1.99080474995765,0.));
#5369=CARTESIAN_POINT('Ctrl Pts',(14.711052139464,1.99080474995765,5.));
#5370=CARTESIAN_POINT('Ctrl Pts',(14.6597141164522,2.0002719183401,0.));
#5371=CARTESIAN_POINT('Ctrl Pts',(14.6597141164522,2.0002719183401,5.));
#5372=CARTESIAN_POINT('Ctrl Pts',(14.6083896793345,2.00914629597693,0.));
#5373=CARTESIAN_POINT('Ctrl Pts',(14.6083896793345,2.00914629597693,5.));
#5374=CARTESIAN_POINT('Ctrl Pts',(14.5570876226576,2.01731442062386,0.));
#5375=CARTESIAN_POINT('Ctrl Pts',(14.5570876226576,2.01731442062386,5.));
#5376=CARTESIAN_POINT('Ctrl Pts',(14.5058168458364,2.0246657018613,0.));
#5377=CARTESIAN_POINT('Ctrl Pts',(14.5058168458364,2.0246657018613,5.));
#5378=CARTESIAN_POINT('Ctrl Pts',(14.454584643907,2.03112839261881,0.));
#5379=CARTESIAN_POINT('Ctrl Pts',(14.454584643907,2.03112839261881,5.));
#5380=CARTESIAN_POINT('Ctrl Pts',(14.4033952917561,2.03670035421461,0.));
#5381=CARTESIAN_POINT('Ctrl Pts',(14.4033952917561,2.03670035421461,5.));
#5382=CARTESIAN_POINT('Ctrl Pts',(14.3522475692753,2.04149965126194,0.));
#5383=CARTESIAN_POINT('Ctrl Pts',(14.3522475692753,2.04149965126194,5.));
#5384=CARTESIAN_POINT('Ctrl Pts',(14.3011379744026,2.0457079185261,0.));
#5385=CARTESIAN_POINT('Ctrl Pts',(14.3011379744026,2.0457079185261,5.));
#5386=CARTESIAN_POINT('Ctrl Pts',(14.2500661151694,2.04947225043192,0.));
#5387=CARTESIAN_POINT('Ctrl Pts',(14.2500661151694,2.04947225043192,5.));
#5388=CARTESIAN_POINT('Ctrl Pts',(14.199039651832,2.05281635564806,0.));
#5389=CARTESIAN_POINT('Ctrl Pts',(14.199039651832,2.05281635564806,5.));
#5390=CARTESIAN_POINT('Ctrl Pts',(14.1480788662636,2.0555570530445,0.));
#5391=CARTESIAN_POINT('Ctrl Pts',(14.1480788662636,2.0555570530445,5.));
#5392=CARTESIAN_POINT('Ctrl Pts',(14.0972228990995,2.05719374853789,0.));
#5393=CARTESIAN_POINT('Ctrl Pts',(14.0972228990995,2.05719374853789,5.));
#5394=CARTESIAN_POINT('Ctrl Pts',(14.0465212645082,2.057039212566,0.));
#5395=CARTESIAN_POINT('Ctrl Pts',(14.0465212645082,2.057039212566,5.));
#5396=CARTESIAN_POINT('Ctrl Pts',(14.0061224013745,2.05492331707166,0.));
#5397=CARTESIAN_POINT('Ctrl Pts',(14.0061224013745,2.05492331707166,5.));
#5398=CARTESIAN_POINT('Ctrl Pts',(13.975931600121,2.05196744376108,0.));
#5399=CARTESIAN_POINT('Ctrl Pts',(13.975931600121,2.05196744376108,5.));
#5400=CARTESIAN_POINT('Ctrl Pts',(13.9558546936855,2.04935667478723,0.));
#5401=CARTESIAN_POINT('Ctrl Pts',(13.9558546936855,2.04935667478723,5.));
#5402=CARTESIAN_POINT('Ctrl Pts',(13.9458288142221,2.0478912410813,0.));
#5403=CARTESIAN_POINT('Ctrl Pts',(13.9458288142221,2.0478912410813,5.));
#5404=CARTESIAN_POINT('Origin',(0.,0.,0.));
#5405=CARTESIAN_POINT('',(-2.5,-3.06161699786838E-16,0.));
#5406=CARTESIAN_POINT('Origin',(0.,0.,0.));
#5407=CARTESIAN_POINT('',(0.,0.,0.));
#5408=CARTESIAN_POINT('',(0.,0.,0.));
#5409=UNCERTAINTY_MEASURE_WITH_UNIT(LENGTH_MEASURE(0.01),#5417,
'DISTANCE_ACCURACY_VALUE',
'Maximum model space distance between geometric entities at asserted c
onnectivities');
#5410=UNCERTAINTY_MEASURE_WITH_UNIT(LENGTH_MEASURE(0.01),#5417,
'DISTANCE_ACCURACY_VALUE',
'Maximum model space distance between geometric entities at asserted c
onnectivities');
#5411=UNCERTAINTY_MEASURE_WITH_UNIT(LENGTH_MEASURE(0.01),#5417,
'DISTANCE_ACCURACY_VALUE',
'Maximum model space distance between geometric entities at asserted c
onnectivities');
#5412=UNCERTAINTY_MEASURE_WITH_UNIT(LENGTH_MEASURE(0.01),#5417,
'DISTANCE_ACCURACY_VALUE',
'Maximum model space distance between geometric entities at asserted c
onnectivities');
#5413=(
GEOMETRIC_REPRESENTATION_CONTEXT(3)
GLOBAL_UNCERTAINTY_ASSIGNED_CONTEXT((#5409))
GLOBAL_UNIT_ASSIGNED_CONTEXT((#5417,#5419,#5420))
REPRESENTATION_CONTEXT('','3D')
);
#5414=(
GEOMETRIC_REPRESENTATION_CONTEXT(3)
GLOBAL_UNCERTAINTY_ASSIGNED_CONTEXT((#5410))
GLOBAL_UNIT_ASSIGNED_CONTEXT((#5417,#5419,#5420))
REPRESENTATION_CONTEXT('','3D')
);
#5415=(
GEOMETRIC_REPRESENTATION_CONTEXT(3)
GLOBAL_UNCERTAINTY_ASSIGNED_CONTEXT((#5411))
GLOBAL_UNIT_ASSIGNED_CONTEXT((#5417,#5419,#5420))
REPRESENTATION_CONTEXT('','3D')
);
#5416=(
GEOMETRIC_REPRESENTATION_CONTEXT(3)
GLOBAL_UNCERTAINTY_ASSIGNED_CONTEXT((#5412))
GLOBAL_UNIT_ASSIGNED_CONTEXT((#5417,#5419,#5420))
REPRESENTATION_CONTEXT('','3D')
);
#5417=(
LENGTH_UNIT()
NAMED_UNIT(*)
SI_UNIT(.MILLI.,.METRE.)
);
#5418=(
LENGTH_UNIT()
NAMED_UNIT(*)
SI_UNIT($,.METRE.)
);
#5419=(
NAMED_UNIT(*)
PLANE_ANGLE_UNIT()
SI_UNIT($,.RADIAN.)
);
#5420=(
NAMED_UNIT(*)
SI_UNIT($,.STERADIAN.)
SOLID_ANGLE_UNIT()
);
#5421=SHAPE_DEFINITION_REPRESENTATION(#5424,#5429);
#5422=SHAPE_DEFINITION_REPRESENTATION(#5425,#5430);
#5423=SHAPE_DEFINITION_REPRESENTATION(#5426,#5431);
#5424=PRODUCT_DEFINITION_SHAPE('',$,#5433);
#5425=PRODUCT_DEFINITION_SHAPE('',$,#5434);
#5426=PRODUCT_DEFINITION_SHAPE('',$,#5435);
#5427=PRODUCT_DEFINITION_SHAPE($,$,#17);
#5428=PRODUCT_DEFINITION_SHAPE($,$,#18);
#5429=SHAPE_REPRESENTATION('',(#1293,#1412,#1413),#5413);
#5430=SHAPE_REPRESENTATION('',(#1294),#5414);
#5431=SHAPE_REPRESENTATION('',(#1295),#5415);
#5432=PRODUCT_DEFINITION_CONTEXT('part definition',#5443,'design');
#5433=PRODUCT_DEFINITION('(\X2\C800C7A5B418C9C0\X0\ \X2\C54AC74C\X0\)',
'(\X2\C800C7A5B418C9C0\X0\ \X2\C54AC74C\X0\)',#5436,#5432);
#5434=PRODUCT_DEFINITION('Spur Gear (12 teeth)','Spur Gear (12 teeth)',
#5437,#5432);
#5435=PRODUCT_DEFINITION('Spur Gear (12 teeth) (1)',
'Spur Gear (12 teeth) (1)',#5438,#5432);
#5436=PRODUCT_DEFINITION_FORMATION('',$,#5445);
#5437=PRODUCT_DEFINITION_FORMATION('',$,#5446);
#5438=PRODUCT_DEFINITION_FORMATION('',$,#5447);
#5439=PRODUCT_RELATED_PRODUCT_CATEGORY('(\X2\C800C7A5B418C9C0\X0\ \X2\C54AC74C\X0\)',
'(\X2\C800C7A5B418C9C0\X0\ \X2\C54AC74C\X0\)',(#5445));
#5440=PRODUCT_RELATED_PRODUCT_CATEGORY('Spur Gear (12 teeth)',
'Spur Gear (12 teeth)',(#5446));
#5441=PRODUCT_RELATED_PRODUCT_CATEGORY('Spur Gear (12 teeth) (1)',
'Spur Gear (12 teeth) (1)',(#5447));
#5442=APPLICATION_PROTOCOL_DEFINITION('international standard',
'automotive_design',2009,#5443);
#5443=APPLICATION_CONTEXT(
'Core Data for Automotive Mechanical Design Process');
#5444=PRODUCT_CONTEXT('part definition',#5443,'mechanical');
#5445=PRODUCT('(\X2\C800C7A5B418C9C0\X0\ \X2\C54AC74C\X0\)',
'(\X2\C800C7A5B418C9C0\X0\ \X2\C54AC74C\X0\)',$,(#5444));
#5446=PRODUCT('Spur Gear (12 teeth)','Spur Gear (12 teeth)',
'Spur Gear; Module: 2.5; Num Teeth: 12; Pressure Angle: 20.0; Backlash
: 0.00 mm',(#5444));
#5447=PRODUCT('Spur Gear (12 teeth) (1)','Spur Gear (12 teeth) (1)',
'Spur Gear; Module: 2.5; Num Teeth: 12; Pressure Angle: 20.0; Backlash
: 0.00 mm',(#5444));
#5448=PRESENTATION_STYLE_ASSIGNMENT((#5449));
#5449=SURFACE_STYLE_USAGE(.BOTH.,#5450);
#5450=SURFACE_SIDE_STYLE('',(#5451));
#5451=SURFACE_STYLE_FILL_AREA(#5452);
#5452=FILL_AREA_STYLE('\X2\AC15CCA0\X0\ - \X2\C0C8D2F4\X0\',(#5453));
#5453=FILL_AREA_STYLE_COLOUR('\X2\AC15CCA0\X0\ - \X2\C0C8D2F4\X0\',#5454);
#5454=COLOUR_RGB('\X2\AC15CCA0\X0\ - \X2\C0C8D2F4\X0\',0.627450980392157,
0.627450980392157,0.627450980392157);
ENDSEC;
END-ISO-10303-21;
